condition,document_id,source_sha256,status,narrative_longest_match,narrative_classification,narrative_coverage_6plus,narrative_coverage_7plus,evidence_longest_match,evidence_classification,evidence_coverage_6plus,evidence_coverage_7plus,metadata_longest_match,metadata_classification,metadata_coverage_6plus,metadata_coverage_7plus
original,no_thinking_fp8__arxiv-121,d3a694eff94f3b4b16cb0b402152cc9c29d7beea9452d1d41f2e94d279cf97fc,generated,13,violation_7plus,0.1814497973885637,0.12742008104457453,12,violation_7plus,0.5853658536585366,0.4523281596452328,13,violation_7plus,0.125,0.125
raw_backtranslation,no_thinking_fp8__arxiv-121,d3a694eff94f3b4b16cb0b402152cc9c29d7beea9452d1d41f2e94d279cf97fc,generated,10,violation_7plus,0.07394366197183098,0.03169014084507042,12,violation_7plus,0.5853658536585366,0.4523281596452328,13,violation_7plus,0.125,0.125
guarded_backtranslation,no_thinking_fp8__arxiv-121,d3a694eff94f3b4b16cb0b402152cc9c29d7beea9452d1d41f2e94d279cf97fc,generated,13,violation_7plus,0.1310375670840787,0.09615384615384616,12,violation_7plus,0.5853658536585366,0.4523281596452328,13,violation_7plus,0.125,0.125
original,no_thinking_fp8__arxiv-126,1930d76ba55aeb0001455f2343b31339a7ebd4c1eaa1881c3cc97bef9f4572d8,generated,32,violation_7plus,0.22130013831258644,0.1991701244813278,9,violation_7plus,0.2802197802197802,0.13186813186813187,11,violation_7plus,0.22,0.22
raw_backtranslation,no_thinking_fp8__arxiv-126,1930d76ba55aeb0001455f2343b31339a7ebd4c1eaa1881c3cc97bef9f4572d8,generated,12,violation_7plus,0.11152589827344844,0.08912739150723285,9,violation_7plus,0.2802197802197802,0.13186813186813187,11,violation_7plus,0.22,0.22
guarded_backtranslation,no_thinking_fp8__arxiv-126,1930d76ba55aeb0001455f2343b31339a7ebd4c1eaa1881c3cc97bef9f4572d8,generated,32,violation_7plus,0.17972350230414746,0.16036866359447005,9,violation_7plus,0.2802197802197802,0.13186813186813187,11,violation_7plus,0.22,0.22
original,no_thinking_fp8__arxiv-107,0cd232f1e6f19c1c792956fba6b6706d8bea94915ea3ed46590d6db698f415ec,generated,28,violation_7plus,0.2423146473779385,0.20253164556962025,4,within_5,0.0,0.0,12,violation_7plus,0.6551724137931034,0.6551724137931034
raw_backtranslation,no_thinking_fp8__arxiv-107,0cd232f1e6f19c1c792956fba6b6706d8bea94915ea3ed46590d6db698f415ec,generated,14,violation_7plus,0.1034688995215311,0.05921052631578947,4,within_5,0.0,0.0,12,violation_7plus,0.6551724137931034,0.6551724137931034
guarded_backtranslation,no_thinking_fp8__arxiv-107,0cd232f1e6f19c1c792956fba6b6706d8bea94915ea3ed46590d6db698f415ec,generated,28,violation_7plus,0.1871625674865027,0.15836832633473305,4,within_5,0.0,0.0,12,violation_7plus,0.6551724137931034,0.6551724137931034
original,no_thinking_fp8__arxiv-102,0c59df13d1c8367c898c64adf0337dbe33ef3a348ba4acfd31151d353d722102,generated,9,violation_7plus,0.037296037296037296,0.018648018648018648,9,violation_7plus,0.35714285714285715,0.12337662337662338,10,violation_7plus,0.45454545454545453,0.45454545454545453
raw_backtranslation,no_thinking_fp8__arxiv-102,0c59df13d1c8367c898c64adf0337dbe33ef3a348ba4acfd31151d353d722102,generated,8,violation_7plus,0.030303030303030304,0.011655011655011656,9,violation_7plus,0.35714285714285715,0.12337662337662338,10,violation_7plus,0.45454545454545453,0.45454545454545453
guarded_backtranslation,no_thinking_fp8__arxiv-102,0c59df13d1c8367c898c64adf0337dbe33ef3a348ba4acfd31151d353d722102,generated,8,violation_7plus,0.030326594090202177,0.01166407465007776,9,violation_7plus,0.35714285714285715,0.12337662337662338,10,violation_7plus,0.45454545454545453,0.45454545454545453
original,no_thinking_fp8__arxiv-136,675c74bc3e304a4e6d1d06fd23fa795e5096b7bc80ba498817dfc0d663e7a07e,generated,13,violation_7plus,0.16777308388654194,0.1351840675920338,4,within_5,0.0,0.0,8,violation_7plus,0.13114754098360656,0.13114754098360656
raw_backtranslation,no_thinking_fp8__arxiv-136,675c74bc3e304a4e6d1d06fd23fa795e5096b7bc80ba498817dfc0d663e7a07e,generated,9,violation_7plus,0.07283582089552239,0.051343283582089554,4,within_5,0.0,0.0,8,violation_7plus,0.13114754098360656,0.13114754098360656
guarded_backtranslation,no_thinking_fp8__arxiv-136,675c74bc3e304a4e6d1d06fd23fa795e5096b7bc80ba498817dfc0d663e7a07e,generated,13,violation_7plus,0.1322561340514662,0.10353081986834231,4,within_5,0.0,0.0,8,violation_7plus,0.13114754098360656,0.13114754098360656
original,no_thinking_fp8__arxiv-149,f45fbb1a667f04eaf047241d43a42805720ec0b274912115cad01d051ceff4d0,generated,26,violation_7plus,0.07622298065984073,0.055745164960182024,5,within_5,0.0,0.0,6,borderline_6,0.24,0.0
raw_backtranslation,no_thinking_fp8__arxiv-149,f45fbb1a667f04eaf047241d43a42805720ec0b274912115cad01d051ceff4d0,generated,8,violation_7plus,0.023576768257619323,0.013225991949396205,5,within_5,0.0,0.0,6,borderline_6,0.24,0.0
guarded_backtranslation,no_thinking_fp8__arxiv-149,f45fbb1a667f04eaf047241d43a42805720ec0b274912115cad01d051ceff4d0,generated,13,violation_7plus,0.045532157085941945,0.035287421741605006,5,within_5,0.0,0.0,6,borderline_6,0.24,0.0
original,no_thinking_fp8__arxiv-105,a5125841febadab67901bd0b1697be29074d729a764def41ec6ee04627b65c60,generated,19,violation_7plus,0.24816176470588236,0.21507352941176472,4,within_5,0.0,0.0,11,violation_7plus,0.3793103448275862,0.3793103448275862
raw_backtranslation,no_thinking_fp8__arxiv-105,a5125841febadab67901bd0b1697be29074d729a764def41ec6ee04627b65c60,generated,15,violation_7plus,0.09799147900182593,0.07973219720024345,4,within_5,0.0,0.0,11,violation_7plus,0.3793103448275862,0.3793103448275862
guarded_backtranslation,no_thinking_fp8__arxiv-105,a5125841febadab67901bd0b1697be29074d729a764def41ec6ee04627b65c60,generated,19,violation_7plus,0.20599022004889975,0.1876528117359413,4,within_5,0.0,0.0,11,violation_7plus,0.3793103448275862,0.3793103448275862
original,no_thinking_fp8__arxiv-115,42a1ca2ea10daa973bd16846721085d97a9ffe654e95422012ca5159ba4e4b5d,generated,15,violation_7plus,0.07130044843049327,0.04170403587443946,6,borderline_6,0.04460966542750929,0.0,24,violation_7plus,0.82,0.82
raw_backtranslation,no_thinking_fp8__arxiv-115,42a1ca2ea10daa973bd16846721085d97a9ffe654e95422012ca5159ba4e4b5d,generated,11,violation_7plus,0.034050179211469536,0.02060931899641577,6,borderline_6,0.04460966542750929,0.0,24,violation_7plus,0.82,0.82
guarded_backtranslation,no_thinking_fp8__arxiv-115,42a1ca2ea10daa973bd16846721085d97a9ffe654e95422012ca5159ba4e4b5d,generated,15,violation_7plus,0.06597845601436265,0.041741472172351884,6,borderline_6,0.04460966542750929,0.0,24,violation_7plus,0.82,0.82
original,no_thinking_fp8__arxiv-109,efc50660ddd10578ac93db24ab78998d80637d2a0e59f77a07d910d3fc627bd3,generated,23,violation_7plus,0.18594436310395315,0.14202049780380674,8,violation_7plus,0.17261904761904762,0.13690476190476192,16,violation_7plus,0.4489795918367347,0.32653061224489793
raw_backtranslation,no_thinking_fp8__arxiv-109,efc50660ddd10578ac93db24ab78998d80637d2a0e59f77a07d910d3fc627bd3,generated,14,violation_7plus,0.08501440922190202,0.056195965417867436,8,violation_7plus,0.17261904761904762,0.13690476190476192,16,violation_7plus,0.4489795918367347,0.32653061224489793
guarded_backtranslation,no_thinking_fp8__arxiv-109,efc50660ddd10578ac93db24ab78998d80637d2a0e59f77a07d910d3fc627bd3,generated,23,violation_7plus,0.1518987341772152,0.11684518013631938,8,violation_7plus,0.17261904761904762,0.13690476190476192,16,violation_7plus,0.4489795918367347,0.32653061224489793
original,no_thinking_fp8__arxiv-140,60d9760b31c6d22c99e9bd030affca4a6c991004c5b68c4be05b0afcb39308d4,generated,12,violation_7plus,0.13428766189502386,0.0790729379686435,15,violation_7plus,0.437125748502994,0.3652694610778443,6,borderline_6,0.2222222222222222,0.0
raw_backtranslation,no_thinking_fp8__arxiv-140,60d9760b31c6d22c99e9bd030affca4a6c991004c5b68c4be05b0afcb39308d4,generated,9,violation_7plus,0.03678474114441417,0.01634877384196185,15,violation_7plus,0.437125748502994,0.3652694610778443,6,borderline_6,0.2222222222222222,0.0
guarded_backtranslation,no_thinking_fp8__arxiv-140,60d9760b31c6d22c99e9bd030affca4a6c991004c5b68c4be05b0afcb39308d4,generated,9,violation_7plus,0.08565601631543168,0.05098572399728076,15,violation_7plus,0.437125748502994,0.3652694610778443,6,borderline_6,0.2222222222222222,0.0
original,no_thinking_fp8__arxiv-10033,0ab4201a9ac28ed2854d07b9664a6dbb22ed10afdbb21ce3e4e96927a50d1667,generated,17,violation_7plus,0.12915407854984895,0.09516616314199396,6,borderline_6,0.07086614173228346,0.0,53,violation_7plus,0.823076923076923,0.823076923076923
raw_backtranslation,no_thinking_fp8__arxiv-10033,0ab4201a9ac28ed2854d07b9664a6dbb22ed10afdbb21ce3e4e96927a50d1667,generated,9,violation_7plus,0.04044943820224719,0.029213483146067417,6,borderline_6,0.07086614173228346,0.0,53,violation_7plus,0.823076923076923,0.823076923076923
guarded_backtranslation,no_thinking_fp8__arxiv-10033,0ab4201a9ac28ed2854d07b9664a6dbb22ed10afdbb21ce3e4e96927a50d1667,generated,17,violation_7plus,0.10700828937452901,0.08214016578749057,6,borderline_6,0.07086614173228346,0.0,53,violation_7plus,0.823076923076923,0.823076923076923
original,no_thinking_fp8__arxiv-10019,e417f9d8113e4f9e3d4d71d407c61db9b570026bd9f7b6668fc1e8c16d596cf1,generated,15,violation_7plus,0.12474603819585535,0.1003657049979683,7,violation_7plus,0.028455284552845527,0.028455284552845527,10,violation_7plus,0.38461538461538464,0.38461538461538464
raw_backtranslation,no_thinking_fp8__arxiv-10019,e417f9d8113e4f9e3d4d71d407c61db9b570026bd9f7b6668fc1e8c16d596cf1,generated,10,violation_7plus,0.05616161616161616,0.03434343434343434,7,violation_7plus,0.028455284552845527,0.028455284552845527,10,violation_7plus,0.38461538461538464,0.38461538461538464
guarded_backtranslation,no_thinking_fp8__arxiv-10019,e417f9d8113e4f9e3d4d71d407c61db9b570026bd9f7b6668fc1e8c16d596cf1,generated,15,violation_7plus,0.08995137763371151,0.0753646677471637,7,violation_7plus,0.028455284552845527,0.028455284552845527,10,violation_7plus,0.38461538461538464,0.38461538461538464
original,no_thinking_fp8__arxiv-10021,45486df054ce4e8cb8f4e3990eef1766b9bdc7b2e85e15db69e9ddb8f396c118,generated,23,violation_7plus,0.33777185974256546,0.2893919218819352,7,violation_7plus,0.05019305019305019,0.02702702702702703,11,violation_7plus,0.5,0.5
raw_backtranslation,no_thinking_fp8__arxiv-10021,45486df054ce4e8cb8f4e3990eef1766b9bdc7b2e85e15db69e9ddb8f396c118,generated,15,violation_7plus,0.1351586266840504,0.10647544545849631,7,violation_7plus,0.05019305019305019,0.02702702702702703,11,violation_7plus,0.5,0.5
guarded_backtranslation,no_thinking_fp8__arxiv-10021,45486df054ce4e8cb8f4e3990eef1766b9bdc7b2e85e15db69e9ddb8f396c118,generated,23,violation_7plus,0.26413427561837455,0.2398409893992933,7,violation_7plus,0.05019305019305019,0.02702702702702703,11,violation_7plus,0.5,0.5
original,no_thinking_fp8__arxiv-10024,53e0b1725cb5a75993acc2d9a053ebfbccabab6198d7da1c710d31441855428c,generated,22,violation_7plus,0.20991815117958595,0.16177178623013963,5,within_5,0.0,0.0,9,violation_7plus,0.2571428571428571,0.2571428571428571
raw_backtranslation,no_thinking_fp8__arxiv-10024,53e0b1725cb5a75993acc2d9a053ebfbccabab6198d7da1c710d31441855428c,generated,10,violation_7plus,0.07268408551068883,0.047980997624703085,5,within_5,0.0,0.0,9,violation_7plus,0.2571428571428571,0.2571428571428571
guarded_backtranslation,no_thinking_fp8__arxiv-10024,53e0b1725cb5a75993acc2d9a053ebfbccabab6198d7da1c710d31441855428c,generated,22,violation_7plus,0.12751677852348994,0.10834132310642378,5,within_5,0.0,0.0,9,violation_7plus,0.2571428571428571,0.2571428571428571
original,no_thinking_fp8__arxiv-10047,d9ebb43f108cf77cf2a314ef4344f7dc8ec16aed525065dc3c64ebe64506ee96,generated,18,violation_7plus,0.20742753623188406,0.17753623188405798,5,within_5,0.0,0.0,4,within_5,0.0,0.0
raw_backtranslation,no_thinking_fp8__arxiv-10047,d9ebb43f108cf77cf2a314ef4344f7dc8ec16aed525065dc3c64ebe64506ee96,generated,11,violation_7plus,0.10701275045537341,0.07969034608378871,5,within_5,0.0,0.0,4,within_5,0.0,0.0
guarded_backtranslation,no_thinking_fp8__arxiv-10047,d9ebb43f108cf77cf2a314ef4344f7dc8ec16aed525065dc3c64ebe64506ee96,generated,18,violation_7plus,0.18300948938093087,0.15860822413014009,5,within_5,0.0,0.0,4,within_5,0.0,0.0
original,no_thinking_fp8__arxiv-10038,24a37c6b6db0ee62ff090f572c9194655408da9a292e549fdc74619fc8b81100,generated,11,violation_7plus,0.10724431818181818,0.06463068181818182,5,within_5,0.0,0.0,6,borderline_6,0.2,0.0
raw_backtranslation,no_thinking_fp8__arxiv-10038,24a37c6b6db0ee62ff090f572c9194655408da9a292e549fdc74619fc8b81100,generated,10,violation_7plus,0.05414908579465542,0.028832630098452883,5,within_5,0.0,0.0,6,borderline_6,0.2,0.0
guarded_backtranslation,no_thinking_fp8__arxiv-10038,24a37c6b6db0ee62ff090f572c9194655408da9a292e549fdc74619fc8b81100,generated,10,violation_7plus,0.07583274273564848,0.04606661941885188,5,within_5,0.0,0.0,6,borderline_6,0.2,0.0
original,no_thinking_fp8__arxiv-10037,4742c32509e14797f67241eafe278edcd5977dac8bc1a7f17e82b40cfc01c37c,generated,14,violation_7plus,0.12461538461538461,0.09692307692307692,6,borderline_6,0.08791208791208792,0.0,12,violation_7plus,0.17391304347826086,0.17391304347826086
raw_backtranslation,no_thinking_fp8__arxiv-10037,4742c32509e14797f67241eafe278edcd5977dac8bc1a7f17e82b40cfc01c37c,generated,10,violation_7plus,0.05234021137393055,0.04026170105686965,6,borderline_6,0.08791208791208792,0.0,12,violation_7plus,0.17391304347826086,0.17391304347826086
guarded_backtranslation,no_thinking_fp8__arxiv-10037,4742c32509e14797f67241eafe278edcd5977dac8bc1a7f17e82b40cfc01c37c,generated,14,violation_7plus,0.0764525993883792,0.06116207951070336,6,borderline_6,0.08791208791208792,0.0,12,violation_7plus,0.17391304347826086,0.17391304347826086
original,no_thinking_fp8__arxiv-10035,576e1d1a7a5d04977a3ea5472092f893edc8b9cd3f962da42c568548c54287e9,generated,22,violation_7plus,0.20639269406392693,0.1730593607305936,7,violation_7plus,0.3004115226337449,0.02880658436213992,17,violation_7plus,0.4358974358974359,0.4358974358974359
raw_backtranslation,no_thinking_fp8__arxiv-10035,576e1d1a7a5d04977a3ea5472092f893edc8b9cd3f962da42c568548c54287e9,generated,22,violation_7plus,0.10818059901654001,0.09342869915064819,7,violation_7plus,0.3004115226337449,0.02880658436213992,17,violation_7plus,0.4358974358974359,0.4358974358974359
guarded_backtranslation,no_thinking_fp8__arxiv-10035,576e1d1a7a5d04977a3ea5472092f893edc8b9cd3f962da42c568548c54287e9,generated,22,violation_7plus,0.14195583596214512,0.11987381703470032,7,violation_7plus,0.3004115226337449,0.02880658436213992,17,violation_7plus,0.4358974358974359,0.4358974358974359
original,no_thinking_fp8__arxiv-10023,2e0938c2a41926f92e2466e0544b029849f927591ee0d8767ffd9ecbc103db18,generated,25,violation_7plus,0.06804572672836146,0.051714752313554706,8,violation_7plus,0.1306122448979592,0.0326530612244898,5,within_5,0.0,0.0
raw_backtranslation,no_thinking_fp8__arxiv-10023,2e0938c2a41926f92e2466e0544b029849f927591ee0d8767ffd9ecbc103db18,generated,14,violation_7plus,0.0445996775926921,0.03815153143471252,8,violation_7plus,0.1306122448979592,0.0326530612244898,5,within_5,0.0,0.0
guarded_backtranslation,no_thinking_fp8__arxiv-10023,2e0938c2a41926f92e2466e0544b029849f927591ee0d8767ffd9ecbc103db18,generated,25,violation_7plus,0.05408328826392644,0.047593293672255274,8,violation_7plus,0.1306122448979592,0.0326530612244898,5,within_5,0.0,0.0
original,no_thinking_fp8__arxiv-10040,82667fc126300ebcdfcd41e1d482add7d0306db9ccf1f24ee5893398882f0f5d,generated,14,violation_7plus,0.14761684405367886,0.11985192040721888,10,violation_7plus,0.34146341463414637,0.1951219512195122,6,borderline_6,0.3076923076923077,0.0
raw_backtranslation,no_thinking_fp8__arxiv-10040,82667fc126300ebcdfcd41e1d482add7d0306db9ccf1f24ee5893398882f0f5d,generated,14,violation_7plus,0.08958617553433379,0.07048658481127786,10,violation_7plus,0.34146341463414637,0.1951219512195122,6,borderline_6,0.3076923076923077,0.0
guarded_backtranslation,no_thinking_fp8__arxiv-10040,82667fc126300ebcdfcd41e1d482add7d0306db9ccf1f24ee5893398882f0f5d,generated,13,violation_7plus,0.11572153065929,0.09359151682803135,10,violation_7plus,0.34146341463414637,0.1951219512195122,6,borderline_6,0.3076923076923077,0.0
original,no_thinking_fp8__arxiv-100022,849f8fb357f0e0f5725b4fadd1192d05ee4562e6f85d70db7fe0c514b144989b,generated,13,violation_7plus,0.1331168831168831,0.11038961038961038,9,violation_7plus,0.45390070921985815,0.2978723404255319,12,violation_7plus,0.6571428571428571,0.6571428571428571
raw_backtranslation,no_thinking_fp8__arxiv-100022,849f8fb357f0e0f5725b4fadd1192d05ee4562e6f85d70db7fe0c514b144989b,generated,13,violation_7plus,0.05680600214362272,0.05037513397642015,9,violation_7plus,0.45390070921985815,0.2978723404255319,12,violation_7plus,0.6571428571428571,0.6571428571428571
guarded_backtranslation,no_thinking_fp8__arxiv-100022,849f8fb357f0e0f5725b4fadd1192d05ee4562e6f85d70db7fe0c514b144989b,generated,13,violation_7plus,0.08081896551724138,0.06788793103448276,9,violation_7plus,0.45390070921985815,0.2978723404255319,12,violation_7plus,0.6571428571428571,0.6571428571428571
original,no_thinking_fp8__arxiv-100005,c99c8ef8d540f2442ee1cc38b65eb306ffc9147b2f33ae5af536c20bbfcef5df,generated,9,violation_7plus,0.06107341147439852,0.024059222702035782,5,within_5,0.0,0.0,19,violation_7plus,0.5588235294117647,0.5588235294117647
raw_backtranslation,no_thinking_fp8__arxiv-100005,c99c8ef8d540f2442ee1cc38b65eb306ffc9147b2f33ae5af536c20bbfcef5df,generated,9,violation_7plus,0.013480392156862746,0.00980392156862745,5,within_5,0.0,0.0,19,violation_7plus,0.5588235294117647,0.5588235294117647
guarded_backtranslation,no_thinking_fp8__arxiv-100005,c99c8ef8d540f2442ee1cc38b65eb306ffc9147b2f33ae5af536c20bbfcef5df,generated,9,violation_7plus,0.03820086260012323,0.019716574245224893,5,within_5,0.0,0.0,19,violation_7plus,0.5588235294117647,0.5588235294117647
original,no_thinking_fp8__arxiv-100002,48161c34c18da95667d55f6acd365bca2bfb5ca5f2e07486f24e2b5e80788de4,generated,10,violation_7plus,0.05099337748344371,0.0390728476821192,7,violation_7plus,0.06770833333333333,0.036458333333333336,14,violation_7plus,0.42424242424242425,0.42424242424242425
raw_backtranslation,no_thinking_fp8__arxiv-100002,48161c34c18da95667d55f6acd365bca2bfb5ca5f2e07486f24e2b5e80788de4,generated,10,violation_7plus,0.02509907529722589,0.016512549537648614,7,violation_7plus,0.06770833333333333,0.036458333333333336,14,violation_7plus,0.42424242424242425,0.42424242424242425
guarded_backtranslation,no_thinking_fp8__arxiv-100002,48161c34c18da95667d55f6acd365bca2bfb5ca5f2e07486f24e2b5e80788de4,generated,10,violation_7plus,0.036375661375661374,0.028439153439153438,7,violation_7plus,0.06770833333333333,0.036458333333333336,14,violation_7plus,0.42424242424242425,0.42424242424242425
original,no_thinking_fp8__arxiv-100013,a09d3a64f663c1d4bba2d15747baec32ba117644925ac104850214037c68ac77,generated,20,violation_7plus,0.19518190757128812,0.147984267453294,5,within_5,0.0,0.0,11,violation_7plus,0.25,0.25
raw_backtranslation,no_thinking_fp8__arxiv-100013,a09d3a64f663c1d4bba2d15747baec32ba117644925ac104850214037c68ac77,generated,12,violation_7plus,0.08919961427193829,0.05110896817743491,5,within_5,0.0,0.0,11,violation_7plus,0.25,0.25
guarded_backtranslation,no_thinking_fp8__arxiv-100013,a09d3a64f663c1d4bba2d15747baec32ba117644925ac104850214037c68ac77,generated,20,violation_7plus,0.16740088105726872,0.12334801762114538,5,within_5,0.0,0.0,11,violation_7plus,0.25,0.25
original,no_thinking_fp8__arxiv-100003,98ecac623691281924734347b65ae77ea7b06a53e2f3e0ef1c2288b0401412d2,generated,15,violation_7plus,0.06917293233082707,0.05112781954887218,10,violation_7plus,0.43,0.31,11,violation_7plus,0.36666666666666664,0.36666666666666664
raw_backtranslation,no_thinking_fp8__arxiv-100003,98ecac623691281924734347b65ae77ea7b06a53e2f3e0ef1c2288b0401412d2,generated,10,violation_7plus,0.04143784323514728,0.026460309535696454,10,violation_7plus,0.43,0.31,11,violation_7plus,0.36666666666666664,0.36666666666666664
guarded_backtranslation,no_thinking_fp8__arxiv-100003,98ecac623691281924734347b65ae77ea7b06a53e2f3e0ef1c2288b0401412d2,generated,15,violation_7plus,0.06315789473684211,0.05112781954887218,10,violation_7plus,0.43,0.31,11,violation_7plus,0.36666666666666664,0.36666666666666664
original,no_thinking_fp8__arxiv-100028,df0eed742fa165138e0bd4fa631c1a11933277b0bf57cf1ae9e4f5e3128c0688,generated,18,violation_7plus,0.18403990024937655,0.13615960099750624,6,borderline_6,0.02575107296137339,0.0,13,violation_7plus,0.7349397590361446,0.7349397590361446
raw_backtranslation,no_thinking_fp8__arxiv-100028,df0eed742fa165138e0bd4fa631c1a11933277b0bf57cf1ae9e4f5e3128c0688,generated,10,violation_7plus,0.07575012297097884,0.05213969503197245,6,borderline_6,0.02575107296137339,0.0,13,violation_7plus,0.7349397590361446,0.7349397590361446
guarded_backtranslation,no_thinking_fp8__arxiv-100028,df0eed742fa165138e0bd4fa631c1a11933277b0bf57cf1ae9e4f5e3128c0688,generated,18,violation_7plus,0.1355764473033152,0.09698169223156854,6,borderline_6,0.02575107296137339,0.0,13,violation_7plus,0.7349397590361446,0.7349397590361446
original,no_thinking_fp8__arxiv-100047,5008943785a879dff3b825b0b1f76d681e559f718a5a5cf88b79d1fdc8ef85a9,generated,17,violation_7plus,0.1360759493670886,0.07515822784810126,8,violation_7plus,0.2073732718894009,0.06912442396313365,14,violation_7plus,0.5,0.5
raw_backtranslation,no_thinking_fp8__arxiv-100047,5008943785a879dff3b825b0b1f76d681e559f718a5a5cf88b79d1fdc8ef85a9,generated,11,violation_7plus,0.10714285714285714,0.06521739130434782,8,violation_7plus,0.2073732718894009,0.06912442396313365,14,violation_7plus,0.5,0.5
guarded_backtranslation,no_thinking_fp8__arxiv-100047,5008943785a879dff3b825b0b1f76d681e559f718a5a5cf88b79d1fdc8ef85a9,generated,17,violation_7plus,0.11462450592885376,0.06324110671936758,8,violation_7plus,0.2073732718894009,0.06912442396313365,14,violation_7plus,0.5,0.5
original,no_thinking_fp8__arxiv-100029,805aff9ab8daa1e0ba72c8611b3a1cf73e83cdcc2507cb1cf9b8cceb3ca4bc50,generated,16,violation_7plus,0.23222748815165878,0.1814488828706838,5,within_5,0.0,0.0,12,violation_7plus,0.2111111111111111,0.2111111111111111
raw_backtranslation,no_thinking_fp8__arxiv-100029,805aff9ab8daa1e0ba72c8611b3a1cf73e83cdcc2507cb1cf9b8cceb3ca4bc50,generated,13,violation_7plus,0.09465855307640297,0.06152805949966193,5,within_5,0.0,0.0,12,violation_7plus,0.2111111111111111,0.2111111111111111
guarded_backtranslation,no_thinking_fp8__arxiv-100029,805aff9ab8daa1e0ba72c8611b3a1cf73e83cdcc2507cb1cf9b8cceb3ca4bc50,generated,16,violation_7plus,0.16677920324105333,0.12964213369345037,5,within_5,0.0,0.0,12,violation_7plus,0.2111111111111111,0.2111111111111111
original,no_thinking_fp8__arxiv-100009,50c1e8ac081aeeac1db401611a6a7ad2dd62bb1a91d0f5826fc0e5a99c9806f5,generated,20,violation_7plus,0.3030674846625767,0.2294478527607362,7,violation_7plus,0.1016260162601626,0.028455284552845527,12,violation_7plus,0.5714285714285714,0.5714285714285714
raw_backtranslation,no_thinking_fp8__arxiv-100009,50c1e8ac081aeeac1db401611a6a7ad2dd62bb1a91d0f5826fc0e5a99c9806f5,generated,13,violation_7plus,0.15379939209726443,0.10212765957446808,7,violation_7plus,0.1016260162601626,0.028455284552845527,12,violation_7plus,0.5714285714285714,0.5714285714285714
guarded_backtranslation,no_thinking_fp8__arxiv-100009,50c1e8ac081aeeac1db401611a6a7ad2dd62bb1a91d0f5826fc0e5a99c9806f5,generated,20,violation_7plus,0.2693952351863164,0.19975565058032987,7,violation_7plus,0.1016260162601626,0.028455284552845527,12,violation_7plus,0.5714285714285714,0.5714285714285714
original,no_thinking_fp8__arxiv-100036,92aae2b55db58f528280e5898ac540696eb179c2f5db27eed035ef6775edb4e4,generated,13,violation_7plus,0.09048257372654156,0.03820375335120643,6,borderline_6,0.09045226130653267,0.0,13,violation_7plus,0.3333333333333333,0.3333333333333333
raw_backtranslation,no_thinking_fp8__arxiv-100036,92aae2b55db58f528280e5898ac540696eb179c2f5db27eed035ef6775edb4e4,generated,13,violation_7plus,0.02996005326231691,0.021970705725699067,6,borderline_6,0.09045226130653267,0.0,13,violation_7plus,0.3333333333333333,0.3333333333333333
guarded_backtranslation,no_thinking_fp8__arxiv-100036,92aae2b55db58f528280e5898ac540696eb179c2f5db27eed035ef6775edb4e4,generated,13,violation_7plus,0.07625418060200669,0.032107023411371234,6,borderline_6,0.09045226130653267,0.0,13,violation_7plus,0.3333333333333333,0.3333333333333333
original,no_thinking_fp8__arxiv-500031,26128d1d0622a6266f5a2de1b96b53a1f15de0e79b2ece9f0dbb18fa2e1aecaa,generated,17,violation_7plus,0.10454115421002838,0.07332071901608325,10,violation_7plus,0.2674772036474164,0.23100303951367782,6,borderline_6,0.3157894736842105,0.0
raw_backtranslation,no_thinking_fp8__arxiv-500031,26128d1d0622a6266f5a2de1b96b53a1f15de0e79b2ece9f0dbb18fa2e1aecaa,generated,12,violation_7plus,0.06060606060606061,0.015850815850815853,10,violation_7plus,0.2674772036474164,0.23100303951367782,6,borderline_6,0.3157894736842105,0.0
guarded_backtranslation,no_thinking_fp8__arxiv-500031,26128d1d0622a6266f5a2de1b96b53a1f15de0e79b2ece9f0dbb18fa2e1aecaa,generated,12,violation_7plus,0.0851063829787234,0.05673758865248227,10,violation_7plus,0.2674772036474164,0.23100303951367782,6,borderline_6,0.3157894736842105,0.0
original,no_thinking_fp8__arxiv-500027,b665fc66e1cb91a50fcc5a4ed005b97e5e1f1e8b98558ac2502d4cfc41ac193f,generated,14,violation_7plus,0.09338786639400136,0.06884798909338787,4,within_5,0.0,0.0,11,violation_7plus,0.5806451612903226,0.5806451612903226
raw_backtranslation,no_thinking_fp8__arxiv-500027,b665fc66e1cb91a50fcc5a4ed005b97e5e1f1e8b98558ac2502d4cfc41ac193f,generated,14,violation_7plus,0.05692729766803841,0.04458161865569273,4,within_5,0.0,0.0,11,violation_7plus,0.5806451612903226,0.5806451612903226
guarded_backtranslation,no_thinking_fp8__arxiv-500027,b665fc66e1cb91a50fcc5a4ed005b97e5e1f1e8b98558ac2502d4cfc41ac193f,generated,14,violation_7plus,0.06680440771349862,0.05853994490358127,4,within_5,0.0,0.0,11,violation_7plus,0.5806451612903226,0.5806451612903226
original,no_thinking_fp8__arxiv-500010,a3e79e376c3caf7997a3ef0aec9fc03cc1cdcf5886a5fa5887fc80a022b0b1ef,generated,21,violation_7plus,0.17699115044247787,0.1415929203539823,11,violation_7plus,0.41106719367588934,0.17391304347826086,8,violation_7plus,0.5384615384615384,0.3076923076923077
raw_backtranslation,no_thinking_fp8__arxiv-500010,a3e79e376c3caf7997a3ef0aec9fc03cc1cdcf5886a5fa5887fc80a022b0b1ef,generated,12,violation_7plus,0.04706734250543085,0.029688631426502535,11,violation_7plus,0.41106719367588934,0.17391304347826086,8,violation_7plus,0.5384615384615384,0.3076923076923077
guarded_backtranslation,no_thinking_fp8__arxiv-500010,a3e79e376c3caf7997a3ef0aec9fc03cc1cdcf5886a5fa5887fc80a022b0b1ef,generated,16,violation_7plus,0.09970674486803519,0.07771260997067449,11,violation_7plus,0.41106719367588934,0.17391304347826086,8,violation_7plus,0.5384615384615384,0.3076923076923077
original,no_thinking_fp8__arxiv-500028,081560f8dd75126479ea817a0aad4ef1f7c90b9becafc12485cc1ef16eb40dc7,generated,23,violation_7plus,0.1254390366281987,0.10135474159558455,6,borderline_6,0.04395604395604396,0.0,12,violation_7plus,0.27906976744186046,0.27906976744186046
raw_backtranslation,no_thinking_fp8__arxiv-500028,081560f8dd75126479ea817a0aad4ef1f7c90b9becafc12485cc1ef16eb40dc7,generated,10,violation_7plus,0.04597701149425287,0.02798600699650175,6,borderline_6,0.04395604395604396,0.0,12,violation_7plus,0.27906976744186046,0.27906976744186046
guarded_backtranslation,no_thinking_fp8__arxiv-500028,081560f8dd75126479ea817a0aad4ef1f7c90b9becafc12485cc1ef16eb40dc7,generated,23,violation_7plus,0.09468937875751503,0.07665330661322645,6,borderline_6,0.04395604395604396,0.0,12,violation_7plus,0.27906976744186046,0.27906976744186046
original,no_thinking_fp8__arxiv-500009,21535e0a8bab103ef820a0175907f93de3d4252149ec393b8005af9d8050e457,generated,16,violation_7plus,0.13317043372021992,0.09651802076970067,5,within_5,0.0,0.0,11,violation_7plus,0.33695652173913043,0.20652173913043478
raw_backtranslation,no_thinking_fp8__arxiv-500009,21535e0a8bab103ef820a0175907f93de3d4252149ec393b8005af9d8050e457,generated,10,violation_7plus,0.04363419007770472,0.029288702928870293,5,within_5,0.0,0.0,11,violation_7plus,0.33695652173913043,0.20652173913043478
guarded_backtranslation,no_thinking_fp8__arxiv-500009,21535e0a8bab103ef820a0175907f93de3d4252149ec393b8005af9d8050e457,generated,16,violation_7plus,0.09466019417475728,0.07281553398058252,5,within_5,0.0,0.0,11,violation_7plus,0.33695652173913043,0.20652173913043478
original,no_thinking_fp8__arxiv-500000,6912cbedf8f04208025ba08266b821d48303208ffaece7c2b95c447a34e58896,generated,15,violation_7plus,0.12340619307832422,0.07604735883424409,9,violation_7plus,0.08433734939759036,0.03614457831325301,9,violation_7plus,0.6428571428571429,0.6428571428571429
raw_backtranslation,no_thinking_fp8__arxiv-500000,6912cbedf8f04208025ba08266b821d48303208ffaece7c2b95c447a34e58896,generated,9,violation_7plus,0.05334538878842676,0.026220614828209764,9,violation_7plus,0.08433734939759036,0.03614457831325301,9,violation_7plus,0.6428571428571429,0.6428571428571429
guarded_backtranslation,no_thinking_fp8__arxiv-500000,6912cbedf8f04208025ba08266b821d48303208ffaece7c2b95c447a34e58896,generated,15,violation_7plus,0.10411951109099139,0.06790402897238569,9,violation_7plus,0.08433734939759036,0.03614457831325301,9,violation_7plus,0.6428571428571429,0.6428571428571429
original,no_thinking_fp8__arxiv-500043,5395e7bceb485d4a9d02119c58850809aa9a6b719e5777744ca5bd0dcbacbc79,generated,15,violation_7plus,0.1295754026354319,0.09443631039531479,6,borderline_6,0.031088082901554404,0.0,10,violation_7plus,0.38461538461538464,0.38461538461538464
raw_backtranslation,no_thinking_fp8__arxiv-500043,5395e7bceb485d4a9d02119c58850809aa9a6b719e5777744ca5bd0dcbacbc79,generated,8,violation_7plus,0.029784065524944156,0.016381236038719285,6,borderline_6,0.031088082901554404,0.0,10,violation_7plus,0.38461538461538464,0.38461538461538464
guarded_backtranslation,no_thinking_fp8__arxiv-500043,5395e7bceb485d4a9d02119c58850809aa9a6b719e5777744ca5bd0dcbacbc79,generated,15,violation_7plus,0.09349890430971512,0.07596785975164354,6,borderline_6,0.031088082901554404,0.0,10,violation_7plus,0.38461538461538464,0.38461538461538464
original,no_thinking_fp8__arxiv-500047,fcff490a64b2456f6c33424fb8d3c475d4f6fb19c9718bdd608d8cb06844c31b,generated,19,violation_7plus,0.0600627521290901,0.03585835948005379,6,borderline_6,0.10495626822157435,0.0,9,violation_7plus,0.3103448275862069,0.3103448275862069
raw_backtranslation,no_thinking_fp8__arxiv-500047,fcff490a64b2456f6c33424fb8d3c475d4f6fb19c9718bdd608d8cb06844c31b,generated,19,violation_7plus,0.01875,0.01607142857142857,6,borderline_6,0.10495626822157435,0.0,9,violation_7plus,0.3103448275862069,0.3103448275862069
guarded_backtranslation,no_thinking_fp8__arxiv-500047,fcff490a64b2456f6c33424fb8d3c475d4f6fb19c9718bdd608d8cb06844c31b,generated,19,violation_7plus,0.020972780008924587,0.018295403837572513,6,borderline_6,0.10495626822157435,0.0,9,violation_7plus,0.3103448275862069,0.3103448275862069
original,no_thinking_fp8__arxiv-500036,29d9c187ebc8397560f4d9b30bccb3efe0ad2e824bcda7cc6ea9d1dde565d8a6,generated,9,violation_7plus,0.04640633842671194,0.022637238256932653,6,borderline_6,0.0861244019138756,0.0,9,violation_7plus,0.3,0.3
raw_backtranslation,no_thinking_fp8__arxiv-500036,29d9c187ebc8397560f4d9b30bccb3efe0ad2e824bcda7cc6ea9d1dde565d8a6,generated,6,borderline_6,0.01694915254237288,0.0,6,borderline_6,0.0861244019138756,0.0,9,violation_7plus,0.3,0.3
guarded_backtranslation,no_thinking_fp8__arxiv-500036,29d9c187ebc8397560f4d9b30bccb3efe0ad2e824bcda7cc6ea9d1dde565d8a6,generated,9,violation_7plus,0.04640633842671194,0.022637238256932653,6,borderline_6,0.0861244019138756,0.0,9,violation_7plus,0.3,0.3
original,no_thinking_fp8__arxiv-500030,b5889e3e8fb1883fb09a26e1e0a3c1857839a889bd31c95b9c3e95a930a8c804,generated,17,violation_7plus,0.1273100616016427,0.10677618069815195,4,within_5,0.0,0.0,7,violation_7plus,0.2413793103448276,0.2413793103448276
raw_backtranslation,no_thinking_fp8__arxiv-500030,b5889e3e8fb1883fb09a26e1e0a3c1857839a889bd31c95b9c3e95a930a8c804,generated,11,violation_7plus,0.05202702702702703,0.03581081081081081,4,within_5,0.0,0.0,7,violation_7plus,0.2413793103448276,0.2413793103448276
guarded_backtranslation,no_thinking_fp8__arxiv-500030,b5889e3e8fb1883fb09a26e1e0a3c1857839a889bd31c95b9c3e95a930a8c804,generated,17,violation_7plus,0.0878972278566599,0.07572684246112238,4,within_5,0.0,0.0,7,violation_7plus,0.2413793103448276,0.2413793103448276
original,no_thinking_fp8__arxiv-1000004,17d72cf5012a446db91cee13599eb989610d1f655e1baf57d7fb98691bd0f20f,generated,32,violation_7plus,0.22864889290555807,0.1798463624039765,9,violation_7plus,0.26480836236933797,0.05574912891986063,12,violation_7plus,0.3333333333333333,0.3333333333333333
raw_backtranslation,no_thinking_fp8__arxiv-1000004,17d72cf5012a446db91cee13599eb989610d1f655e1baf57d7fb98691bd0f20f,generated,11,violation_7plus,0.0973568281938326,0.057709251101321586,9,violation_7plus,0.26480836236933797,0.05574912891986063,12,violation_7plus,0.3333333333333333,0.3333333333333333
guarded_backtranslation,no_thinking_fp8__arxiv-1000004,17d72cf5012a446db91cee13599eb989610d1f655e1baf57d7fb98691bd0f20f,generated,27,violation_7plus,0.15892857142857142,0.12142857142857143,9,violation_7plus,0.26480836236933797,0.05574912891986063,12,violation_7plus,0.3333333333333333,0.3333333333333333
original,no_thinking_fp8__arxiv-1000037,755fec684fcd75ff65b30b7913aa52f89c97f586ad8268ada81e9061329c82ad,generated,23,violation_7plus,0.2576396206533193,0.22286617492096944,8,violation_7plus,0.050724637681159424,0.028985507246376812,9,violation_7plus,0.25,0.25
raw_backtranslation,no_thinking_fp8__arxiv-1000037,755fec684fcd75ff65b30b7913aa52f89c97f586ad8268ada81e9061329c82ad,generated,21,violation_7plus,0.09642301710730948,0.06220839813374806,8,violation_7plus,0.050724637681159424,0.028985507246376812,9,violation_7plus,0.25,0.25
guarded_backtranslation,no_thinking_fp8__arxiv-1000037,755fec684fcd75ff65b30b7913aa52f89c97f586ad8268ada81e9061329c82ad,generated,23,violation_7plus,0.2161594963273872,0.19412381951731375,8,violation_7plus,0.050724637681159424,0.028985507246376812,9,violation_7plus,0.25,0.25
original,no_thinking_fp8__arxiv-1000013,5883b007b76782e8c6cf78987394168c6022487c81122a403f4a2b4ca8940ca7,generated,13,violation_7plus,0.1537313432835821,0.11990049751243781,5,within_5,0.0,0.0,7,violation_7plus,0.2413793103448276,0.2413793103448276
raw_backtranslation,no_thinking_fp8__arxiv-1000013,5883b007b76782e8c6cf78987394168c6022487c81122a403f4a2b4ca8940ca7,generated,9,violation_7plus,0.07360157016683022,0.04416094210009813,5,within_5,0.0,0.0,7,violation_7plus,0.2413793103448276,0.2413793103448276
guarded_backtranslation,no_thinking_fp8__arxiv-1000013,5883b007b76782e8c6cf78987394168c6022487c81122a403f4a2b4ca8940ca7,generated,13,violation_7plus,0.11534653465346535,0.08861386138613861,5,within_5,0.0,0.0,7,violation_7plus,0.2413793103448276,0.2413793103448276
original,no_thinking_fp8__arxiv-1000041,83257df2ae2813b5e8b11ee8aafef662ef858be938ea333bae7f7e44fcd56b78,generated,13,violation_7plus,0.18485237483953787,0.12708600770218229,3,within_5,0.0,0.0,7,violation_7plus,0.1891891891891892,0.1891891891891892
raw_backtranslation,no_thinking_fp8__arxiv-1000041,83257df2ae2813b5e8b11ee8aafef662ef858be938ea333bae7f7e44fcd56b78,generated,13,violation_7plus,0.08806995627732667,0.05059337913803873,3,within_5,0.0,0.0,7,violation_7plus,0.1891891891891892,0.1891891891891892
guarded_backtranslation,no_thinking_fp8__arxiv-1000041,83257df2ae2813b5e8b11ee8aafef662ef858be938ea333bae7f7e44fcd56b78,generated,13,violation_7plus,0.10857142857142857,0.07809523809523809,3,within_5,0.0,0.0,7,violation_7plus,0.1891891891891892,0.1891891891891892
original,no_thinking_fp8__arxiv-1000016,895157f678d1f98628533078c0ff15f6dfccc12ebb1d01affd68efeb091022b8,generated,13,violation_7plus,0.13099808061420345,0.09261036468330135,6,borderline_6,0.12552301255230125,0.0,6,borderline_6,0.2,0.0
raw_backtranslation,no_thinking_fp8__arxiv-1000016,895157f678d1f98628533078c0ff15f6dfccc12ebb1d01affd68efeb091022b8,generated,14,violation_7plus,0.08132387706855793,0.05768321513002364,6,borderline_6,0.12552301255230125,0.0,6,borderline_6,0.2,0.0
guarded_backtranslation,no_thinking_fp8__arxiv-1000016,895157f678d1f98628533078c0ff15f6dfccc12ebb1d01affd68efeb091022b8,generated,13,violation_7plus,0.1068007662835249,0.07710727969348659,6,borderline_6,0.12552301255230125,0.0,6,borderline_6,0.2,0.0
original,no_thinking_fp8__arxiv-1000035,1f0cd82fa179996cf6211f5cafa614d12406a9b9ad999aea9e5c982c6e9ebd7a,generated,15,violation_7plus,0.20599250936329588,0.16639914392723382,6,borderline_6,0.1038961038961039,0.0,4,within_5,0.0,0.0
raw_backtranslation,no_thinking_fp8__arxiv-1000035,1f0cd82fa179996cf6211f5cafa614d12406a9b9ad999aea9e5c982c6e9ebd7a,generated,15,violation_7plus,0.12044967880085652,0.0974304068522484,6,borderline_6,0.1038961038961039,0.0,4,within_5,0.0,0.0
guarded_backtranslation,no_thinking_fp8__arxiv-1000035,1f0cd82fa179996cf6211f5cafa614d12406a9b9ad999aea9e5c982c6e9ebd7a,generated,15,violation_7plus,0.1692389568919638,0.13943587014369346,6,borderline_6,0.1038961038961039,0.0,4,within_5,0.0,0.0
original,no_thinking_fp8__arxiv-1000024,599bf9c0cb59667f6e1d97602cff49892b150a1a768b407d89b5a4a15d83b103,generated,18,violation_7plus,0.1360332294911734,0.09241952232606439,6,borderline_6,0.07086614173228346,0.0,11,violation_7plus,0.28205128205128205,0.28205128205128205
raw_backtranslation,no_thinking_fp8__arxiv-1000024,599bf9c0cb59667f6e1d97602cff49892b150a1a768b407d89b5a4a15d83b103,generated,9,violation_7plus,0.047691527143581935,0.026382546930492135,6,borderline_6,0.07086614173228346,0.0,11,violation_7plus,0.28205128205128205,0.28205128205128205
guarded_backtranslation,no_thinking_fp8__arxiv-1000024,599bf9c0cb59667f6e1d97602cff49892b150a1a768b407d89b5a4a15d83b103,generated,18,violation_7plus,0.07719836400817996,0.061860940695296525,6,borderline_6,0.07086614173228346,0.0,11,violation_7plus,0.28205128205128205,0.28205128205128205
original,no_thinking_fp8__arxiv-1000038,1d94ea2f41736241eee87a5cf9912c731985b0db95c2bd110a04f9caee97a949,generated,13,violation_7plus,0.08096013018714401,0.05655004068348251,6,borderline_6,0.061016949152542375,0.0,10,violation_7plus,0.32,0.2
raw_backtranslation,no_thinking_fp8__arxiv-1000038,1d94ea2f41736241eee87a5cf9912c731985b0db95c2bd110a04f9caee97a949,generated,14,violation_7plus,0.03306451612903226,0.018548387096774192,6,borderline_6,0.061016949152542375,0.0,10,violation_7plus,0.32,0.2
guarded_backtranslation,no_thinking_fp8__arxiv-1000038,1d94ea2f41736241eee87a5cf9912c731985b0db95c2bd110a04f9caee97a949,generated,13,violation_7plus,0.054207119741100325,0.0372168284789644,6,borderline_6,0.061016949152542375,0.0,10,violation_7plus,0.32,0.2
original,no_thinking_fp8__arxiv-1000040,a673a3a82861713ab0ba826f13508772952a2099f33c04c2a149062ac687db61,generated,13,violation_7plus,0.11940298507462686,0.09529276693455797,6,borderline_6,0.03333333333333333,0.0,9,violation_7plus,0.36,0.36
raw_backtranslation,no_thinking_fp8__arxiv-1000040,a673a3a82861713ab0ba826f13508772952a2099f33c04c2a149062ac687db61,generated,9,violation_7plus,0.06460834762721555,0.0440251572327044,6,borderline_6,0.03333333333333333,0.0,9,violation_7plus,0.36,0.36
guarded_backtranslation,no_thinking_fp8__arxiv-1000040,a673a3a82861713ab0ba826f13508772952a2099f33c04c2a149062ac687db61,generated,13,violation_7plus,0.0930365296803653,0.07591324200913242,6,borderline_6,0.03333333333333333,0.0,9,violation_7plus,0.36,0.36
original,no_thinking_fp8__arxiv-1000021,bbd7b9c7bf14b8204fd51f7d0ec0ffb2c6fd246c6f7e3fb9721251f0aec47019,generated,20,violation_7plus,0.15467625899280577,0.11151079136690648,5,within_5,0.0,0.0,7,violation_7plus,0.23333333333333334,0.23333333333333334
raw_backtranslation,no_thinking_fp8__arxiv-1000021,bbd7b9c7bf14b8204fd51f7d0ec0ffb2c6fd246c6f7e3fb9721251f0aec47019,generated,13,violation_7plus,0.0694231750893313,0.03471158754466565,5,within_5,0.0,0.0,7,violation_7plus,0.23333333333333334,0.23333333333333334
guarded_backtranslation,no_thinking_fp8__arxiv-1000021,bbd7b9c7bf14b8204fd51f7d0ec0ffb2c6fd246c6f7e3fb9721251f0aec47019,generated,20,violation_7plus,0.11526639344262295,0.08452868852459017,5,within_5,0.0,0.0,7,violation_7plus,0.23333333333333334,0.23333333333333334
original,no_thinking_fp8__bethgelab-125,a313ac394757590d277b3d77643cb08a1e94d16cda563a2bc487e49d750aa0d1,generated,9,violation_7plus,0.09365889212827988,0.061224489795918366,4,within_5,0.0,0.0,8,violation_7plus,0.32558139534883723,0.18604651162790697
raw_backtranslation,no_thinking_fp8__bethgelab-125,a313ac394757590d277b3d77643cb08a1e94d16cda563a2bc487e49d750aa0d1,generated,10,violation_7plus,0.05346820809248555,0.036127167630057806,4,within_5,0.0,0.0,8,violation_7plus,0.32558139534883723,0.18604651162790697
guarded_backtranslation,no_thinking_fp8__bethgelab-125,a313ac394757590d277b3d77643cb08a1e94d16cda563a2bc487e49d750aa0d1,generated,9,violation_7plus,0.0803928701345944,0.050200072753728626,4,within_5,0.0,0.0,8,violation_7plus,0.32558139534883723,0.18604651162790697
original,no_thinking_fp8__bethgelab-102,1b3d72a8d054071cfc4bad937f01f5f0897ced27d1c4395ad1998a289462c389,generated,10,violation_7plus,0.09200209095661264,0.06377417668583377,7,violation_7plus,0.07063197026022305,0.026022304832713755,11,violation_7plus,0.5428571428571428,0.5428571428571428
raw_backtranslation,no_thinking_fp8__bethgelab-102,1b3d72a8d054071cfc4bad937f01f5f0897ced27d1c4395ad1998a289462c389,generated,9,violation_7plus,0.022314478463933574,0.012973533990659055,7,violation_7plus,0.07063197026022305,0.026022304832713755,11,violation_7plus,0.5428571428571428,0.5428571428571428
guarded_backtranslation,no_thinking_fp8__bethgelab-102,1b3d72a8d054071cfc4bad937f01f5f0897ced27d1c4395ad1998a289462c389,generated,10,violation_7plus,0.06298802706923477,0.04737116085372202,7,violation_7plus,0.07063197026022305,0.026022304832713755,11,violation_7plus,0.5428571428571428,0.5428571428571428
original,no_thinking_fp8__bethgelab-108,8382aaa516e833b298550d2e4d635f2b9fe7fb3e7ef6f38443f47fa7701ecb8f,generated,15,violation_7plus,0.10798362333674513,0.05885363357215967,5,within_5,0.0,0.0,11,violation_7plus,0.6666666666666666,0.6666666666666666
raw_backtranslation,no_thinking_fp8__bethgelab-108,8382aaa516e833b298550d2e4d635f2b9fe7fb3e7ef6f38443f47fa7701ecb8f,generated,10,violation_7plus,0.04653515427415276,0.01618614061709661,5,within_5,0.0,0.0,11,violation_7plus,0.6666666666666666,0.6666666666666666
guarded_backtranslation,no_thinking_fp8__bethgelab-108,8382aaa516e833b298550d2e4d635f2b9fe7fb3e7ef6f38443f47fa7701ecb8f,generated,15,violation_7plus,0.06822810590631365,0.031568228105906315,5,within_5,0.0,0.0,11,violation_7plus,0.6666666666666666,0.6666666666666666
original,no_thinking_fp8__bethgelab-116,3d4b94daaf8192a969e7bcbe5118f4693b483bd98733e657e1665b619f32809f,generated,18,violation_7plus,0.2075368651010377,0.15510649918077554,6,borderline_6,0.02702702702702703,0.0,13,violation_7plus,0.41304347826086957,0.2826086956521739
raw_backtranslation,no_thinking_fp8__bethgelab-116,3d4b94daaf8192a969e7bcbe5118f4693b483bd98733e657e1665b619f32809f,generated,16,violation_7plus,0.07481162540365985,0.05543595263724435,6,borderline_6,0.02702702702702703,0.0,13,violation_7plus,0.41304347826086957,0.2826086956521739
guarded_backtranslation,no_thinking_fp8__bethgelab-116,3d4b94daaf8192a969e7bcbe5118f4693b483bd98733e657e1665b619f32809f,generated,16,violation_7plus,0.11219512195121951,0.08292682926829269,6,borderline_6,0.02702702702702703,0.0,13,violation_7plus,0.41304347826086957,0.2826086956521739
original,no_thinking_fp8__bethgelab-128,1a480e5fcb0ae03c15bc9631db3dd30b1acc16364655c063171f180297692852,generated,24,violation_7plus,0.19104609929078015,0.1671099290780142,5,within_5,0.0,0.0,11,violation_7plus,0.5862068965517241,0.3793103448275862
raw_backtranslation,no_thinking_fp8__bethgelab-128,1a480e5fcb0ae03c15bc9631db3dd30b1acc16364655c063171f180297692852,generated,11,violation_7plus,0.049825174825174824,0.03671328671328671,5,within_5,0.0,0.0,11,violation_7plus,0.5862068965517241,0.3793103448275862
guarded_backtranslation,no_thinking_fp8__bethgelab-128,1a480e5fcb0ae03c15bc9631db3dd30b1acc16364655c063171f180297692852,generated,24,violation_7plus,0.10706450197455024,0.09126810004387889,5,within_5,0.0,0.0,11,violation_7plus,0.5862068965517241,0.3793103448275862
original,no_thinking_fp8__bethgelab-146,652ad4ed5affc62698e2c395d4c32c9181dc6c617e96278277aef11508225f9a,generated,15,violation_7plus,0.12180320762895536,0.1035977459904638,15,violation_7plus,0.4357298474945534,0.2788671023965142,21,violation_7plus,0.7021276595744681,0.7021276595744681
raw_backtranslation,no_thinking_fp8__bethgelab-146,652ad4ed5affc62698e2c395d4c32c9181dc6c617e96278277aef11508225f9a,generated,9,violation_7plus,0.05560344827586207,0.029741379310344828,15,violation_7plus,0.4357298474945534,0.2788671023965142,21,violation_7plus,0.7021276595744681,0.7021276595744681
guarded_backtranslation,no_thinking_fp8__bethgelab-146,652ad4ed5affc62698e2c395d4c32c9181dc6c617e96278277aef11508225f9a,generated,15,violation_7plus,0.09765625,0.07942708333333333,15,violation_7plus,0.4357298474945534,0.2788671023965142,21,violation_7plus,0.7021276595744681,0.7021276595744681
original,no_thinking_fp8__bethgelab-112,fd503644a165f9bc44ed1d8e0b01741c9a7a31567f0ed9ff46878c83c3d718d7,generated,10,violation_7plus,0.1111111111111111,0.06606606606606606,5,within_5,0.0,0.0,28,violation_7plus,0.7735849056603774,0.7735849056603774
raw_backtranslation,no_thinking_fp8__bethgelab-112,fd503644a165f9bc44ed1d8e0b01741c9a7a31567f0ed9ff46878c83c3d718d7,generated,8,violation_7plus,0.04736063147508633,0.011346817957572768,5,within_5,0.0,0.0,28,violation_7plus,0.7735849056603774,0.7735849056603774
guarded_backtranslation,no_thinking_fp8__bethgelab-112,fd503644a165f9bc44ed1d8e0b01741c9a7a31567f0ed9ff46878c83c3d718d7,generated,10,violation_7plus,0.08129675810473816,0.04837905236907731,5,within_5,0.0,0.0,28,violation_7plus,0.7735849056603774,0.7735849056603774
original,no_thinking_fp8__bethgelab-142,830533425e592db6ae69cda4bfdb7398a3102bbfa4953317c0543f0bf6970206,generated,20,violation_7plus,0.095260663507109,0.07819905213270142,6,borderline_6,0.07453416149068323,0.0,15,violation_7plus,0.43103448275862066,0.43103448275862066
raw_backtranslation,no_thinking_fp8__bethgelab-142,830533425e592db6ae69cda4bfdb7398a3102bbfa4953317c0543f0bf6970206,generated,20,violation_7plus,0.039132484677039135,0.02498821310702499,6,borderline_6,0.07453416149068323,0.0,15,violation_7plus,0.43103448275862066,0.43103448275862066
guarded_backtranslation,no_thinking_fp8__bethgelab-142,830533425e592db6ae69cda4bfdb7398a3102bbfa4953317c0543f0bf6970206,generated,20,violation_7plus,0.05868433506862281,0.04448651206814955,6,borderline_6,0.07453416149068323,0.0,15,violation_7plus,0.43103448275862066,0.43103448275862066
original,no_thinking_fp8__bethgelab-122,bd6e5c628a12f9f4d83f4e3b0b6cb632a31e625a05a4d8ed7cd768b4fc24bd0e,generated,23,violation_7plus,0.11464723926380369,0.09087423312883436,7,violation_7plus,0.06775067750677506,0.018970189701897018,25,violation_7plus,0.6428571428571429,0.6428571428571429
raw_backtranslation,no_thinking_fp8__bethgelab-122,bd6e5c628a12f9f4d83f4e3b0b6cb632a31e625a05a4d8ed7cd768b4fc24bd0e,generated,14,violation_7plus,0.07080319756376094,0.05405405405405406,7,violation_7plus,0.06775067750677506,0.018970189701897018,25,violation_7plus,0.6428571428571429,0.6428571428571429
guarded_backtranslation,no_thinking_fp8__bethgelab-122,bd6e5c628a12f9f4d83f4e3b0b6cb632a31e625a05a4d8ed7cd768b4fc24bd0e,generated,23,violation_7plus,0.0945635528330781,0.07771822358346095,7,violation_7plus,0.06775067750677506,0.018970189701897018,25,violation_7plus,0.6428571428571429,0.6428571428571429
original,no_thinking_fp8__bethgelab-105,d1ec0b551238dc7b332ba8c3fe0cb88f73a421e70e4d348a65a49b63bf7de3bb,generated,13,violation_7plus,0.08630527817403709,0.05848787446504993,11,violation_7plus,0.28442028985507245,0.21920289855072464,15,violation_7plus,0.22058823529411764,0.22058823529411764
raw_backtranslation,no_thinking_fp8__bethgelab-105,d1ec0b551238dc7b332ba8c3fe0cb88f73a421e70e4d348a65a49b63bf7de3bb,generated,10,violation_7plus,0.048884165781083955,0.03825717321997875,11,violation_7plus,0.28442028985507245,0.21920289855072464,15,violation_7plus,0.22058823529411764,0.22058823529411764
guarded_backtranslation,no_thinking_fp8__bethgelab-105,d1ec0b551238dc7b332ba8c3fe0cb88f73a421e70e4d348a65a49b63bf7de3bb,generated,13,violation_7plus,0.0681169757489301,0.04457917261055635,11,violation_7plus,0.28442028985507245,0.21920289855072464,15,violation_7plus,0.22058823529411764,0.22058823529411764
original,no_thinking_fp8__bethgelab-10033,a58b679a718676aea497bc154517ef17871f3042d404c64fabe61cd28da57afc,generated,13,violation_7plus,0.11383928571428571,0.08705357142857142,5,within_5,0.0,0.0,18,violation_7plus,0.7368421052631579,0.7368421052631579
raw_backtranslation,no_thinking_fp8__bethgelab-10033,a58b679a718676aea497bc154517ef17871f3042d404c64fabe61cd28da57afc,generated,13,violation_7plus,0.07688053097345132,0.056969026548672565,5,within_5,0.0,0.0,18,violation_7plus,0.7368421052631579,0.7368421052631579
guarded_backtranslation,no_thinking_fp8__bethgelab-10033,a58b679a718676aea497bc154517ef17871f3042d404c64fabe61cd28da57afc,generated,13,violation_7plus,0.09187082405345212,0.07516703786191536,5,within_5,0.0,0.0,18,violation_7plus,0.7368421052631579,0.7368421052631579
original,no_thinking_fp8__bethgelab-10019,3fab7067baa7f63946ebe47561ff1d1ce3e60d0971119fc5f58ab5c877f3b5c9,generated,17,violation_7plus,0.13035921205098494,0.09501738122827347,5,within_5,0.0,0.0,20,violation_7plus,0.4878048780487805,0.4878048780487805
raw_backtranslation,no_thinking_fp8__bethgelab-10019,3fab7067baa7f63946ebe47561ff1d1ce3e60d0971119fc5f58ab5c877f3b5c9,generated,10,violation_7plus,0.07171314741035857,0.0466704610130905,5,within_5,0.0,0.0,20,violation_7plus,0.4878048780487805,0.4878048780487805
guarded_backtranslation,no_thinking_fp8__bethgelab-10019,3fab7067baa7f63946ebe47561ff1d1ce3e60d0971119fc5f58ab5c877f3b5c9,generated,17,violation_7plus,0.10046189376443418,0.075635103926097,5,within_5,0.0,0.0,20,violation_7plus,0.4878048780487805,0.4878048780487805
original,no_thinking_fp8__bethgelab-10028,9ddc1a36ea8172f808bf6608f3c41614f8c1a4ec2635523217fd26b9377a546a,generated,13,violation_7plus,0.056070826306914,0.040893760539629,11,violation_7plus,0.07112970711297072,0.04602510460251046,19,violation_7plus,0.3877551020408163,0.3877551020408163
raw_backtranslation,no_thinking_fp8__bethgelab-10028,9ddc1a36ea8172f808bf6608f3c41614f8c1a4ec2635523217fd26b9377a546a,generated,10,violation_7plus,0.013755731554814505,0.011254689453939141,11,violation_7plus,0.07112970711297072,0.04602510460251046,19,violation_7plus,0.3877551020408163,0.3877551020408163
guarded_backtranslation,no_thinking_fp8__bethgelab-10028,9ddc1a36ea8172f808bf6608f3c41614f8c1a4ec2635523217fd26b9377a546a,generated,13,violation_7plus,0.02762662201758058,0.022603599832565928,11,violation_7plus,0.07112970711297072,0.04602510460251046,19,violation_7plus,0.3877551020408163,0.3877551020408163
original,no_thinking_fp8__bethgelab-10021,2446e0dd5be16da1204fedf141879b6bdebf78065b128fc9678b60c6503d9536,generated,13,violation_7plus,0.13106796116504854,0.10194174757281553,6,borderline_6,0.023076923076923078,0.0,24,violation_7plus,0.6545454545454545,0.6545454545454545
raw_backtranslation,no_thinking_fp8__bethgelab-10021,2446e0dd5be16da1204fedf141879b6bdebf78065b128fc9678b60c6503d9536,generated,12,violation_7plus,0.0707823310271421,0.04843001596593933,6,borderline_6,0.023076923076923078,0.0,24,violation_7plus,0.6545454545454545,0.6545454545454545
guarded_backtranslation,no_thinking_fp8__bethgelab-10021,2446e0dd5be16da1204fedf141879b6bdebf78065b128fc9678b60c6503d9536,generated,13,violation_7plus,0.09256286784376672,0.07330123060460139,6,borderline_6,0.023076923076923078,0.0,24,violation_7plus,0.6545454545454545,0.6545454545454545
original,no_thinking_fp8__bethgelab-10004,532e636d9c400b73e899230f07b83f2e3d63e833cdff05dfcaf20da104624d78,generated,20,violation_7plus,0.11182108626198083,0.08626198083067092,5,within_5,0.0,0.0,16,violation_7plus,0.6857142857142857,0.6857142857142857
raw_backtranslation,no_thinking_fp8__bethgelab-10004,532e636d9c400b73e899230f07b83f2e3d63e833cdff05dfcaf20da104624d78,generated,9,violation_7plus,0.04471330878485008,0.028932140978432403,5,within_5,0.0,0.0,16,violation_7plus,0.6857142857142857,0.6857142857142857
guarded_backtranslation,no_thinking_fp8__bethgelab-10004,532e636d9c400b73e899230f07b83f2e3d63e833cdff05dfcaf20da104624d78,generated,14,violation_7plus,0.06019007391763464,0.044350580781414996,5,within_5,0.0,0.0,16,violation_7plus,0.6857142857142857,0.6857142857142857
original,no_thinking_fp8__bethgelab-10047,f0be139b8205277b5f62dc4345c48427d0280afe402b478627635231c0a90071,generated,14,violation_7plus,0.1406025824964132,0.10616929698708752,7,violation_7plus,0.03365384615384615,0.03365384615384615,12,violation_7plus,0.47619047619047616,0.47619047619047616
raw_backtranslation,no_thinking_fp8__bethgelab-10047,f0be139b8205277b5f62dc4345c48427d0280afe402b478627635231c0a90071,generated,11,violation_7plus,0.07889125799573561,0.06609808102345416,7,violation_7plus,0.03365384615384615,0.03365384615384615,12,violation_7plus,0.47619047619047616,0.47619047619047616
guarded_backtranslation,no_thinking_fp8__bethgelab-10047,f0be139b8205277b5f62dc4345c48427d0280afe402b478627635231c0a90071,generated,14,violation_7plus,0.09864188706218728,0.07719799857040743,7,violation_7plus,0.03365384615384615,0.03365384615384615,12,violation_7plus,0.47619047619047616,0.47619047619047616
original,no_thinking_fp8__bethgelab-10013,e463ec5d1757c1fef5033ed44eafb650345ebd9f4b11f8f485ea18b3146d9bc9,generated,16,violation_7plus,0.1266607617360496,0.09477413640389726,6,borderline_6,0.07142857142857142,0.0,47,violation_7plus,0.8181818181818182,0.8181818181818182
raw_backtranslation,no_thinking_fp8__bethgelab-10013,e463ec5d1757c1fef5033ed44eafb650345ebd9f4b11f8f485ea18b3146d9bc9,generated,11,violation_7plus,0.05205599300087489,0.0336832895888014,6,borderline_6,0.07142857142857142,0.0,47,violation_7plus,0.8181818181818182,0.8181818181818182
guarded_backtranslation,no_thinking_fp8__bethgelab-10013,e463ec5d1757c1fef5033ed44eafb650345ebd9f4b11f8f485ea18b3146d9bc9,generated,16,violation_7plus,0.0818301803783546,0.07127144742630884,6,borderline_6,0.07142857142857142,0.0,47,violation_7plus,0.8181818181818182,0.8181818181818182
original,no_thinking_fp8__bethgelab-10038,239b0964b4ee281617cec4a7344b292c5dd05cdc1e07db933a2e9df7fecd52fb,generated,19,violation_7plus,0.2967445742904841,0.24624373956594323,6,borderline_6,0.041237113402061855,0.0,10,violation_7plus,0.2631578947368421,0.2631578947368421
raw_backtranslation,no_thinking_fp8__bethgelab-10038,239b0964b4ee281617cec4a7344b292c5dd05cdc1e07db933a2e9df7fecd52fb,generated,14,violation_7plus,0.10963455149501661,0.06935215946843853,6,borderline_6,0.041237113402061855,0.0,10,violation_7plus,0.2631578947368421,0.2631578947368421
guarded_backtranslation,no_thinking_fp8__bethgelab-10038,239b0964b4ee281617cec4a7344b292c5dd05cdc1e07db933a2e9df7fecd52fb,generated,19,violation_7plus,0.20347394540942929,0.1708023159636063,6,borderline_6,0.041237113402061855,0.0,10,violation_7plus,0.2631578947368421,0.2631578947368421
original,no_thinking_fp8__bethgelab-10000,7fcd8ad1ec13aa789ceccd25ade8944690a8825a63727038dada658417498a13,generated,16,violation_7plus,0.1734982332155477,0.13109540636042402,6,borderline_6,0.036923076923076927,0.0,12,violation_7plus,0.42857142857142855,0.2857142857142857
raw_backtranslation,no_thinking_fp8__bethgelab-10000,7fcd8ad1ec13aa789ceccd25ade8944690a8825a63727038dada658417498a13,generated,12,violation_7plus,0.0831889081455806,0.056152512998266894,6,borderline_6,0.036923076923076927,0.0,12,violation_7plus,0.42857142857142855,0.2857142857142857
guarded_backtranslation,no_thinking_fp8__bethgelab-10000,7fcd8ad1ec13aa789ceccd25ade8944690a8825a63727038dada658417498a13,generated,16,violation_7plus,0.1431578947368421,0.11368421052631579,6,borderline_6,0.036923076923076927,0.0,12,violation_7plus,0.42857142857142855,0.2857142857142857
original,no_thinking_fp8__bethgelab-10003,e7cd528ba416b11b6aab2a6fd81b6328a5833daeb921827420f580cb236ca865,generated,20,violation_7plus,0.195697796432319,0.12959076600209862,5,within_5,0.0,0.0,14,violation_7plus,0.6666666666666666,0.6666666666666666
raw_backtranslation,no_thinking_fp8__bethgelab-10003,e7cd528ba416b11b6aab2a6fd81b6328a5833daeb921827420f580cb236ca865,generated,20,violation_7plus,0.11584415584415585,0.06285714285714286,5,within_5,0.0,0.0,14,violation_7plus,0.6666666666666666,0.6666666666666666
guarded_backtranslation,no_thinking_fp8__bethgelab-10003,e7cd528ba416b11b6aab2a6fd81b6328a5833daeb921827420f580cb236ca865,generated,20,violation_7plus,0.16199376947040497,0.11214953271028037,5,within_5,0.0,0.0,14,violation_7plus,0.6666666666666666,0.6666666666666666
original,no_thinking_fp8__bethgelab-50039,de19c655db485aa34b7e3387b03aa09cf54da16447b5294399730fc5c45d9003,generated,19,violation_7plus,0.215929203539823,0.17168141592920355,6,borderline_6,0.019672131147540985,0.0,16,violation_7plus,0.44666666666666666,0.4066666666666667
raw_backtranslation,no_thinking_fp8__bethgelab-50039,de19c655db485aa34b7e3387b03aa09cf54da16447b5294399730fc5c45d9003,generated,14,violation_7plus,0.09609477841158402,0.0776656428258008,6,borderline_6,0.019672131147540985,0.0,16,violation_7plus,0.44666666666666666,0.4066666666666667
guarded_backtranslation,no_thinking_fp8__bethgelab-50039,de19c655db485aa34b7e3387b03aa09cf54da16447b5294399730fc5c45d9003,generated,19,violation_7plus,0.1468777484608619,0.11873350923482849,6,borderline_6,0.019672131147540985,0.0,16,violation_7plus,0.44666666666666666,0.4066666666666667
original,no_thinking_fp8__bethgelab-50043,1e2798147c40faee951910206bf47fa2d91c8860b90000f30454b227d6994df2,generated,25,violation_7plus,0.1883219358232509,0.15675960021041557,6,borderline_6,0.05787781350482315,0.0,12,violation_7plus,0.41379310344827586,0.41379310344827586
raw_backtranslation,no_thinking_fp8__bethgelab-50043,1e2798147c40faee951910206bf47fa2d91c8860b90000f30454b227d6994df2,generated,14,violation_7plus,0.09133858267716535,0.06614173228346457,6,borderline_6,0.05787781350482315,0.0,12,violation_7plus,0.41379310344827586,0.41379310344827586
guarded_backtranslation,no_thinking_fp8__bethgelab-50043,1e2798147c40faee951910206bf47fa2d91c8860b90000f30454b227d6994df2,generated,25,violation_7plus,0.15833771699105734,0.12993161493950553,6,borderline_6,0.05787781350482315,0.0,12,violation_7plus,0.41379310344827586,0.41379310344827586
original,no_thinking_fp8__bethgelab-50033,bf799d730709e4d61998cf1d6c35cf9885ada8045ad414d9e196fb4bf044922a,generated,13,violation_7plus,0.18345323741007194,0.15422661870503598,6,borderline_6,0.014184397163120567,0.0,15,violation_7plus,0.16853932584269662,0.16853932584269662
raw_backtranslation,no_thinking_fp8__bethgelab-50033,bf799d730709e4d61998cf1d6c35cf9885ada8045ad414d9e196fb4bf044922a,generated,10,violation_7plus,0.08200354609929078,0.06604609929078015,6,borderline_6,0.014184397163120567,0.0,15,violation_7plus,0.16853932584269662,0.16853932584269662
guarded_backtranslation,no_thinking_fp8__bethgelab-50033,bf799d730709e4d61998cf1d6c35cf9885ada8045ad414d9e196fb4bf044922a,generated,13,violation_7plus,0.128686327077748,0.12109025915996426,6,borderline_6,0.014184397163120567,0.0,15,violation_7plus,0.16853932584269662,0.16853932584269662
original,no_thinking_fp8__bethgelab-50037,56b77fff220a3b085f018b829126cd45b79cd9032f37052faf9f086717e16629,generated,18,violation_7plus,0.12089481199428843,0.08043788672060924,5,within_5,0.0,0.0,6,borderline_6,0.5217391304347826,0.0
raw_backtranslation,no_thinking_fp8__bethgelab-50037,56b77fff220a3b085f018b829126cd45b79cd9032f37052faf9f086717e16629,generated,18,violation_7plus,0.06202651515151515,0.039299242424242424,5,within_5,0.0,0.0,6,borderline_6,0.5217391304347826,0.0
guarded_backtranslation,no_thinking_fp8__bethgelab-50037,56b77fff220a3b085f018b829126cd45b79cd9032f37052faf9f086717e16629,generated,18,violation_7plus,0.07794048181388757,0.052432687765706185,5,within_5,0.0,0.0,6,borderline_6,0.5217391304347826,0.0
original,no_thinking_fp8__bethgelab-50047,9d6e795b20211d71799050c9282d0c0b9c3838aa8232d78b803accb410b2d33d,generated,16,violation_7plus,0.15436565364206464,0.12445730824891461,8,violation_7plus,0.05,0.05,17,violation_7plus,0.37777777777777777,0.37777777777777777
raw_backtranslation,no_thinking_fp8__bethgelab-50047,9d6e795b20211d71799050c9282d0c0b9c3838aa8232d78b803accb410b2d33d,generated,16,violation_7plus,0.06169296987087518,0.04351984696317551,8,violation_7plus,0.05,0.05,17,violation_7plus,0.37777777777777777,0.37777777777777777
guarded_backtranslation,no_thinking_fp8__bethgelab-50047,9d6e795b20211d71799050c9282d0c0b9c3838aa8232d78b803accb410b2d33d,generated,16,violation_7plus,0.11169702780441035,0.10210930009587728,8,violation_7plus,0.05,0.05,17,violation_7plus,0.37777777777777777,0.37777777777777777
original,no_thinking_fp8__bethgelab-50013,5873692a5abcd2765669d5fab7979f848ab9682d042126b679e3e670e9745efa,generated,17,violation_7plus,0.1175115207373272,0.0967741935483871,6,borderline_6,0.029850746268656716,0.0,9,violation_7plus,0.4146341463414634,0.4146341463414634
raw_backtranslation,no_thinking_fp8__bethgelab-50013,5873692a5abcd2765669d5fab7979f848ab9682d042126b679e3e670e9745efa,generated,20,violation_7plus,0.06271379703534778,0.04561003420752566,6,borderline_6,0.029850746268656716,0.0,9,violation_7plus,0.4146341463414634,0.4146341463414634
guarded_backtranslation,no_thinking_fp8__bethgelab-50013,5873692a5abcd2765669d5fab7979f848ab9682d042126b679e3e670e9745efa,generated,17,violation_7plus,0.09210526315789473,0.07494279176201372,6,borderline_6,0.029850746268656716,0.0,9,violation_7plus,0.4146341463414634,0.4146341463414634
original,no_thinking_fp8__bethgelab-50009,fdf2c95a141e744682aad8f94ea8783a5514e7033960d29fa2961bf8be3a3068,generated,22,violation_7plus,0.20433751270755676,0.15825144018976617,7,violation_7plus,0.014736842105263158,0.014736842105263158,16,violation_7plus,0.5652173913043478,0.5652173913043478
raw_backtranslation,no_thinking_fp8__bethgelab-50009,fdf2c95a141e744682aad8f94ea8783a5514e7033960d29fa2961bf8be3a3068,generated,14,violation_7plus,0.06438631790744467,0.03621730382293763,7,violation_7plus,0.014736842105263158,0.014736842105263158,16,violation_7plus,0.5652173913043478,0.5652173913043478
guarded_backtranslation,no_thinking_fp8__bethgelab-50009,fdf2c95a141e744682aad8f94ea8783a5514e7033960d29fa2961bf8be3a3068,generated,22,violation_7plus,0.12445193929173694,0.09612141652613827,7,violation_7plus,0.014736842105263158,0.014736842105263158,16,violation_7plus,0.5652173913043478,0.5652173913043478
original,no_thinking_fp8__bethgelab-50015,0bf9b205e3a6d1c88f5d9b2acfe868ac55f05e758fba034533eae6c292c1adee,generated,24,violation_7plus,0.22087132725430597,0.1661600810536981,4,within_5,0.0,0.0,14,violation_7plus,0.7419354838709677,0.7419354838709677
raw_backtranslation,no_thinking_fp8__bethgelab-50015,0bf9b205e3a6d1c88f5d9b2acfe868ac55f05e758fba034533eae6c292c1adee,generated,19,violation_7plus,0.09514271407110667,0.05608412618928393,4,within_5,0.0,0.0,14,violation_7plus,0.7419354838709677,0.7419354838709677
guarded_backtranslation,no_thinking_fp8__bethgelab-50015,0bf9b205e3a6d1c88f5d9b2acfe868ac55f05e758fba034533eae6c292c1adee,generated,24,violation_7plus,0.16834677419354838,0.1350806451612903,4,within_5,0.0,0.0,14,violation_7plus,0.7419354838709677,0.7419354838709677
original,no_thinking_fp8__bethgelab-50024,74ce4c9a8bb66ed76aa0bcf2719b37c2f45118dfc537ed9a1a7429457fac9b78,generated,14,violation_7plus,0.15411106328024107,0.11838140335772708,5,within_5,0.0,0.0,15,violation_7plus,0.2631578947368421,0.2631578947368421
raw_backtranslation,no_thinking_fp8__bethgelab-50024,74ce4c9a8bb66ed76aa0bcf2719b37c2f45118dfc537ed9a1a7429457fac9b78,generated,13,violation_7plus,0.0848536274925753,0.06957997454391175,5,within_5,0.0,0.0,15,violation_7plus,0.2631578947368421,0.2631578947368421
guarded_backtranslation,no_thinking_fp8__bethgelab-50024,74ce4c9a8bb66ed76aa0bcf2719b37c2f45118dfc537ed9a1a7429457fac9b78,generated,14,violation_7plus,0.13648068669527896,0.10600858369098712,5,within_5,0.0,0.0,15,violation_7plus,0.2631578947368421,0.2631578947368421
original,no_thinking_fp8__bethgelab-50028,67b0f14459545eb0cb90ba33ad7dd4e3e7288a9289fa58f9000ee9ffb9d945e1,generated,13,violation_7plus,0.1390154968094804,0.10209662716499544,9,violation_7plus,0.3,0.07894736842105263,12,violation_7plus,0.42857142857142855,0.42857142857142855
raw_backtranslation,no_thinking_fp8__bethgelab-50028,67b0f14459545eb0cb90ba33ad7dd4e3e7288a9289fa58f9000ee9ffb9d945e1,generated,9,violation_7plus,0.06992380098610489,0.039444195428059166,9,violation_7plus,0.3,0.07894736842105263,12,violation_7plus,0.42857142857142855,0.42857142857142855
guarded_backtranslation,no_thinking_fp8__bethgelab-50028,67b0f14459545eb0cb90ba33ad7dd4e3e7288a9289fa58f9000ee9ffb9d945e1,generated,13,violation_7plus,0.11292517006802721,0.08752834467120181,9,violation_7plus,0.3,0.07894736842105263,12,violation_7plus,0.42857142857142855,0.42857142857142855
original,no_thinking_fp8__bethgelab-100037,475da814ff8aee7689b47bcfab425741f38e34a74e4e6dbfca2d6ed825526487,generated,19,violation_7plus,0.12646484375,0.09130859375,6,borderline_6,0.02531645569620253,0.0,29,violation_7plus,0.5178571428571429,0.5178571428571429
raw_backtranslation,no_thinking_fp8__bethgelab-100037,475da814ff8aee7689b47bcfab425741f38e34a74e4e6dbfca2d6ed825526487,generated,10,violation_7plus,0.052732502396931925,0.04122722914669223,6,borderline_6,0.02531645569620253,0.0,29,violation_7plus,0.5178571428571429,0.5178571428571429
guarded_backtranslation,no_thinking_fp8__bethgelab-100037,475da814ff8aee7689b47bcfab425741f38e34a74e4e6dbfca2d6ed825526487,generated,13,violation_7plus,0.08054342552159147,0.06307617661329452,6,borderline_6,0.02531645569620253,0.0,29,violation_7plus,0.5178571428571429,0.5178571428571429
original,no_thinking_fp8__bethgelab-100048,894ece07744c3dff9486aad1b6536dbe0bef2872acbdf6fa5c7a027af65b2b72,generated,12,violation_7plus,0.07673267326732673,0.043316831683168314,11,violation_7plus,0.3910761154855643,0.28083989501312334,18,violation_7plus,0.45588235294117646,0.45588235294117646
raw_backtranslation,no_thinking_fp8__bethgelab-100048,894ece07744c3dff9486aad1b6536dbe0bef2872acbdf6fa5c7a027af65b2b72,generated,9,violation_7plus,0.03310852237890864,0.014714898835070508,11,violation_7plus,0.3910761154855643,0.28083989501312334,18,violation_7plus,0.45588235294117646,0.45588235294117646
guarded_backtranslation,no_thinking_fp8__bethgelab-100048,894ece07744c3dff9486aad1b6536dbe0bef2872acbdf6fa5c7a027af65b2b72,generated,12,violation_7plus,0.04366543665436654,0.025215252152521524,11,violation_7plus,0.3910761154855643,0.28083989501312334,18,violation_7plus,0.45588235294117646,0.45588235294117646
original,no_thinking_fp8__bethgelab-100002,9cfd749620877169e7af30ce0e929738eab4d6b0c917acbbc6b9983017bb5044,generated,16,violation_7plus,0.21544209215442092,0.1780821917808219,5,within_5,0.0,0.0,11,violation_7plus,0.22,0.22
raw_backtranslation,no_thinking_fp8__bethgelab-100002,9cfd749620877169e7af30ce0e929738eab4d6b0c917acbbc6b9983017bb5044,generated,16,violation_7plus,0.13221601489757914,0.09497206703910614,5,within_5,0.0,0.0,11,violation_7plus,0.22,0.22
guarded_backtranslation,no_thinking_fp8__bethgelab-100002,9cfd749620877169e7af30ce0e929738eab4d6b0c917acbbc6b9983017bb5044,generated,16,violation_7plus,0.17791411042944785,0.1521472392638037,5,within_5,0.0,0.0,11,violation_7plus,0.22,0.22
original,no_thinking_fp8__bethgelab-100001,1dad06f32bca0d6bab2e043a9a5f11a944b26effd7412130afeace3d9f30574c,generated,17,violation_7plus,0.17803660565723795,0.14254021075984472,5,within_5,0.0,0.0,18,violation_7plus,0.42857142857142855,0.42857142857142855
raw_backtranslation,no_thinking_fp8__bethgelab-100001,1dad06f32bca0d6bab2e043a9a5f11a944b26effd7412130afeace3d9f30574c,generated,14,violation_7plus,0.08712328767123288,0.05095890410958904,5,within_5,0.0,0.0,18,violation_7plus,0.42857142857142855,0.42857142857142855
guarded_backtranslation,no_thinking_fp8__bethgelab-100001,1dad06f32bca0d6bab2e043a9a5f11a944b26effd7412130afeace3d9f30574c,generated,17,violation_7plus,0.12129527991218442,0.08946212952799122,5,within_5,0.0,0.0,18,violation_7plus,0.42857142857142855,0.42857142857142855
original,no_thinking_fp8__bethgelab-100003,191f8cffbe90985061b6946db049ff8f556f014bb0268187a365732f60fc01eb,generated,16,violation_7plus,0.15687276443536025,0.10781808891159939,3,within_5,0.0,0.0,18,violation_7plus,0.375,0.375
raw_backtranslation,no_thinking_fp8__bethgelab-100003,191f8cffbe90985061b6946db049ff8f556f014bb0268187a365732f60fc01eb,generated,9,violation_7plus,0.050100200400801605,0.02004008016032064,3,within_5,0.0,0.0,18,violation_7plus,0.375,0.375
guarded_backtranslation,no_thinking_fp8__bethgelab-100003,191f8cffbe90985061b6946db049ff8f556f014bb0268187a365732f60fc01eb,generated,16,violation_7plus,0.09627016129032258,0.078125,3,within_5,0.0,0.0,18,violation_7plus,0.375,0.375
original,no_thinking_fp8__bethgelab-100040,baacd8ccf76122818d147f4282a2a0720bbbbe1b1352bdfd10d8d2a97abbf7f0,generated,20,violation_7plus,0.17297297297297298,0.12756756756756757,6,borderline_6,0.025,0.0,38,violation_7plus,0.8135593220338984,0.8135593220338984
raw_backtranslation,no_thinking_fp8__bethgelab-100040,baacd8ccf76122818d147f4282a2a0720bbbbe1b1352bdfd10d8d2a97abbf7f0,generated,11,violation_7plus,0.07855626326963906,0.0435244161358811,6,borderline_6,0.025,0.0,38,violation_7plus,0.8135593220338984,0.8135593220338984
guarded_backtranslation,no_thinking_fp8__bethgelab-100040,baacd8ccf76122818d147f4282a2a0720bbbbe1b1352bdfd10d8d2a97abbf7f0,generated,20,violation_7plus,0.13090128755364808,0.09871244635193133,6,borderline_6,0.025,0.0,38,violation_7plus,0.8135593220338984,0.8135593220338984
original,no_thinking_fp8__bethgelab-100027,d0a94ffc1733d8e398e0d039e28cff7e4b6cb5d0c12246b1bea4712d3ea0c6ac,generated,14,violation_7plus,0.1211671612265084,0.08852621167161226,6,borderline_6,0.02608695652173913,0.0,24,violation_7plus,0.35514018691588783,0.35514018691588783
raw_backtranslation,no_thinking_fp8__bethgelab-100027,d0a94ffc1733d8e398e0d039e28cff7e4b6cb5d0c12246b1bea4712d3ea0c6ac,generated,11,violation_7plus,0.06777181862506095,0.0560702096538274,6,borderline_6,0.02608695652173913,0.0,24,violation_7plus,0.35514018691588783,0.35514018691588783
guarded_backtranslation,no_thinking_fp8__bethgelab-100027,d0a94ffc1733d8e398e0d039e28cff7e4b6cb5d0c12246b1bea4712d3ea0c6ac,generated,14,violation_7plus,0.09041769041769042,0.07272727272727272,6,borderline_6,0.02608695652173913,0.0,24,violation_7plus,0.35514018691588783,0.35514018691588783
original,no_thinking_fp8__bethgelab-100026,76809edc3a81a1b01bf93be36eb56d891fdab656023bbf75ddf1a39e60d592f2,generated,13,violation_7plus,0.11745334796926454,0.0845225027442371,6,borderline_6,0.023255813953488372,0.0,15,violation_7plus,0.5,0.5
raw_backtranslation,no_thinking_fp8__bethgelab-100026,76809edc3a81a1b01bf93be36eb56d891fdab656023bbf75ddf1a39e60d592f2,generated,10,violation_7plus,0.065323897659227,0.04246053347849755,6,borderline_6,0.023255813953488372,0.0,15,violation_7plus,0.5,0.5
guarded_backtranslation,no_thinking_fp8__bethgelab-100026,76809edc3a81a1b01bf93be36eb56d891fdab656023bbf75ddf1a39e60d592f2,generated,13,violation_7plus,0.09513395297977037,0.07217058501913615,6,borderline_6,0.023255813953488372,0.0,15,violation_7plus,0.5,0.5
original,no_thinking_fp8__bethgelab-100015,b2c521e823368d1812a8d64440899ae15551afa85a6d1109d734898ee3b5a08f,generated,17,violation_7plus,0.17451403887688985,0.12267818574514039,9,violation_7plus,0.13800904977375567,0.083710407239819,14,violation_7plus,0.1414141414141414,0.1414141414141414
raw_backtranslation,no_thinking_fp8__bethgelab-100015,b2c521e823368d1812a8d64440899ae15551afa85a6d1109d734898ee3b5a08f,generated,11,violation_7plus,0.07623888182973317,0.043202033036848796,9,violation_7plus,0.13800904977375567,0.083710407239819,14,violation_7plus,0.1414141414141414,0.1414141414141414
guarded_backtranslation,no_thinking_fp8__bethgelab-100015,b2c521e823368d1812a8d64440899ae15551afa85a6d1109d734898ee3b5a08f,generated,17,violation_7plus,0.11390784982935154,0.08319112627986348,9,violation_7plus,0.13800904977375567,0.083710407239819,14,violation_7plus,0.1414141414141414,0.1414141414141414
original,no_thinking_fp8__bethgelab-200048,868744c1a1f5d91dd97bfb5ee1697b8b7bfdd53298d0e513d7c45b76472ec6d7,generated,16,violation_7plus,0.15394853593611357,0.10603371783496007,12,violation_7plus,0.30275229357798167,0.20642201834862386,18,violation_7plus,0.225,0.225
raw_backtranslation,no_thinking_fp8__bethgelab-200048,868744c1a1f5d91dd97bfb5ee1697b8b7bfdd53298d0e513d7c45b76472ec6d7,generated,12,violation_7plus,0.06597222222222222,0.03993055555555555,12,violation_7plus,0.30275229357798167,0.20642201834862386,18,violation_7plus,0.225,0.225
guarded_backtranslation,no_thinking_fp8__bethgelab-200048,868744c1a1f5d91dd97bfb5ee1697b8b7bfdd53298d0e513d7c45b76472ec6d7,generated,16,violation_7plus,0.10588752196836555,0.06634446397188049,12,violation_7plus,0.30275229357798167,0.20642201834862386,18,violation_7plus,0.225,0.225
original,no_thinking_fp8__bethgelab-200024,88a116c99d1eea1a867a05ba40ecabf52cfe821203f2034181a21d74d59d63c8,generated,14,violation_7plus,0.12668743509865005,0.10488058151609553,11,violation_7plus,0.26153846153846155,0.23076923076923078,45,violation_7plus,0.7536231884057971,0.7536231884057971
raw_backtranslation,no_thinking_fp8__bethgelab-200024,88a116c99d1eea1a867a05ba40ecabf52cfe821203f2034181a21d74d59d63c8,generated,10,violation_7plus,0.07190549563430919,0.032357473035439135,11,violation_7plus,0.26153846153846155,0.23076923076923078,45,violation_7plus,0.7536231884057971,0.7536231884057971
guarded_backtranslation,no_thinking_fp8__bethgelab-200024,88a116c99d1eea1a867a05ba40ecabf52cfe821203f2034181a21d74d59d63c8,generated,14,violation_7plus,0.09937888198757763,0.08074534161490683,11,violation_7plus,0.26153846153846155,0.23076923076923078,45,violation_7plus,0.7536231884057971,0.7536231884057971
original,no_thinking_fp8__bethgelab-200047,f4bd42a8da057cea05f258f7ffd5ed924b47d6381a7e6b2b4a5a5795c6c9aaba,generated,17,violation_7plus,0.237788513150832,0.1846484165324745,5,within_5,0.0,0.0,13,violation_7plus,0.29545454545454547,0.29545454545454547
raw_backtranslation,no_thinking_fp8__bethgelab-200047,f4bd42a8da057cea05f258f7ffd5ed924b47d6381a7e6b2b4a5a5795c6c9aaba,generated,17,violation_7plus,0.14109442060085836,0.11373390557939914,5,within_5,0.0,0.0,13,violation_7plus,0.29545454545454547,0.29545454545454547
guarded_backtranslation,no_thinking_fp8__bethgelab-200047,f4bd42a8da057cea05f258f7ffd5ed924b47d6381a7e6b2b4a5a5795c6c9aaba,generated,17,violation_7plus,0.1968884120171674,0.15987124463519314,5,within_5,0.0,0.0,13,violation_7plus,0.29545454545454547,0.29545454545454547
original,no_thinking_fp8__bethgelab-200042,a995598c9dc8909ce7b487753c1ee613113c93393e7f9297e629c21751490704,generated,18,violation_7plus,0.22018348623853212,0.17737003058103976,5,within_5,0.0,0.0,17,violation_7plus,0.2361111111111111,0.2361111111111111
raw_backtranslation,no_thinking_fp8__bethgelab-200042,a995598c9dc8909ce7b487753c1ee613113c93393e7f9297e629c21751490704,generated,15,violation_7plus,0.09253731343283582,0.06865671641791045,5,within_5,0.0,0.0,17,violation_7plus,0.2361111111111111,0.2361111111111111
guarded_backtranslation,no_thinking_fp8__bethgelab-200042,a995598c9dc8909ce7b487753c1ee613113c93393e7f9297e629c21751490704,generated,18,violation_7plus,0.165402124430956,0.1441578148710167,5,within_5,0.0,0.0,17,violation_7plus,0.2361111111111111,0.2361111111111111
original,no_thinking_fp8__bethgelab-200004,d7535eed5d733ab833691ced999c404380d4967457d1ed8b9198f1296b8dab6f,generated,16,violation_7plus,0.12616566099835436,0.07350521119034559,4,within_5,0.0,0.0,22,violation_7plus,0.5514705882352942,0.5514705882352942
raw_backtranslation,no_thinking_fp8__bethgelab-200004,d7535eed5d733ab833691ced999c404380d4967457d1ed8b9198f1296b8dab6f,generated,13,violation_7plus,0.06876015159718463,0.03627504060638874,4,within_5,0.0,0.0,22,violation_7plus,0.5514705882352942,0.5514705882352942
guarded_backtranslation,no_thinking_fp8__bethgelab-200004,d7535eed5d733ab833691ced999c404380d4967457d1ed8b9198f1296b8dab6f,generated,16,violation_7plus,0.08392370572207085,0.06103542234332425,4,within_5,0.0,0.0,22,violation_7plus,0.5514705882352942,0.5514705882352942
original,no_thinking_fp8__bethgelab-200021,aa7c3ced0095dfd12cb4e186f48684b79bc4bba351a31f42602b16e434d00d21,generated,20,violation_7plus,0.2947976878612717,0.250206440957886,5,within_5,0.0,0.0,14,violation_7plus,0.175,0.175
raw_backtranslation,no_thinking_fp8__bethgelab-200021,aa7c3ced0095dfd12cb4e186f48684b79bc4bba351a31f42602b16e434d00d21,generated,13,violation_7plus,0.13520097442143728,0.07673568818514007,5,within_5,0.0,0.0,14,violation_7plus,0.175,0.175
guarded_backtranslation,no_thinking_fp8__bethgelab-200021,aa7c3ced0095dfd12cb4e186f48684b79bc4bba351a31f42602b16e434d00d21,generated,20,violation_7plus,0.2204433497536946,0.19088669950738915,5,within_5,0.0,0.0,14,violation_7plus,0.175,0.175
original,no_thinking_fp8__bethgelab-200016,218b16eeb02da5827f5c0724d2d42f966ee250105fe6b2da4daabaee84f52ef5,generated,27,violation_7plus,0.2909356725146199,0.22660818713450293,5,within_5,0.0,0.0,15,violation_7plus,0.36585365853658536,0.36585365853658536
raw_backtranslation,no_thinking_fp8__bethgelab-200016,218b16eeb02da5827f5c0724d2d42f966ee250105fe6b2da4daabaee84f52ef5,generated,18,violation_7plus,0.08210332103321033,0.05719557195571956,5,within_5,0.0,0.0,15,violation_7plus,0.36585365853658536,0.36585365853658536
guarded_backtranslation,no_thinking_fp8__bethgelab-200016,218b16eeb02da5827f5c0724d2d42f966ee250105fe6b2da4daabaee84f52ef5,generated,27,violation_7plus,0.188005711565921,0.15373631603998097,5,within_5,0.0,0.0,15,violation_7plus,0.36585365853658536,0.36585365853658536
original,no_thinking_fp8__bethgelab-200019,e049827f21769b52fbc4a147774761c10e8dbacc20474376debb2a0a64b649d5,generated,16,violation_7plus,0.12627169359664872,0.10113704368641532,8,violation_7plus,0.07662835249042145,0.03065134099616858,19,violation_7plus,0.7368421052631579,0.7368421052631579
raw_backtranslation,no_thinking_fp8__bethgelab-200019,e049827f21769b52fbc4a147774761c10e8dbacc20474376debb2a0a64b649d5,generated,8,violation_7plus,0.06417112299465241,0.03208556149732621,8,violation_7plus,0.07662835249042145,0.03065134099616858,19,violation_7plus,0.7368421052631579,0.7368421052631579
guarded_backtranslation,no_thinking_fp8__bethgelab-200019,e049827f21769b52fbc4a147774761c10e8dbacc20474376debb2a0a64b649d5,generated,14,violation_7plus,0.09292565947242207,0.06774580335731414,8,violation_7plus,0.07662835249042145,0.03065134099616858,19,violation_7plus,0.7368421052631579,0.7368421052631579
original,no_thinking_merged__arxiv-121,d3a694eff94f3b4b16cb0b402152cc9c29d7beea9452d1d41f2e94d279cf97fc,generated,26,violation_7plus,0.3743283582089552,0.3205970149253731,6,borderline_6,0.031413612565445025,0.0,13,violation_7plus,0.4482758620689655,0.4482758620689655
raw_backtranslation,no_thinking_merged__arxiv-121,d3a694eff94f3b4b16cb0b402152cc9c29d7beea9452d1d41f2e94d279cf97fc,generated,18,violation_7plus,0.15787923416789396,0.10633284241531664,6,borderline_6,0.031413612565445025,0.0,13,violation_7plus,0.4482758620689655,0.4482758620689655
guarded_backtranslation,no_thinking_merged__arxiv-121,d3a694eff94f3b4b16cb0b402152cc9c29d7beea9452d1d41f2e94d279cf97fc,generated,26,violation_7plus,0.28296296296296297,0.24562962962962964,6,borderline_6,0.031413612565445025,0.0,13,violation_7plus,0.4482758620689655,0.4482758620689655
original,no_thinking_merged__arxiv-126,1930d76ba55aeb0001455f2343b31339a7ebd4c1eaa1881c3cc97bef9f4572d8,generated,26,violation_7plus,0.14935897435897436,0.11858974358974358,6,borderline_6,0.0759493670886076,0.0,11,violation_7plus,0.44,0.44
raw_backtranslation,no_thinking_merged__arxiv-126,1930d76ba55aeb0001455f2343b31339a7ebd4c1eaa1881c3cc97bef9f4572d8,generated,10,violation_7plus,0.07751441383728379,0.05445227418321589,6,borderline_6,0.0759493670886076,0.0,11,violation_7plus,0.44,0.44
guarded_backtranslation,no_thinking_merged__arxiv-126,1930d76ba55aeb0001455f2343b31339a7ebd4c1eaa1881c3cc97bef9f4572d8,generated,26,violation_7plus,0.1253998720409469,0.10236724248240563,6,borderline_6,0.0759493670886076,0.0,11,violation_7plus,0.44,0.44
original,no_thinking_merged__arxiv-107,0cd232f1e6f19c1c792956fba6b6706d8bea94915ea3ed46590d6db698f415ec,generated,16,violation_7plus,0.23534840793724043,0.19104753114905398,4,within_5,0.0,0.0,12,violation_7plus,0.6551724137931034,0.6551724137931034
raw_backtranslation,no_thinking_merged__arxiv-107,0cd232f1e6f19c1c792956fba6b6706d8bea94915ea3ed46590d6db698f415ec,generated,16,violation_7plus,0.10678733031674208,0.07692307692307693,4,within_5,0.0,0.0,12,violation_7plus,0.6551724137931034,0.6551724137931034
guarded_backtranslation,no_thinking_merged__arxiv-107,0cd232f1e6f19c1c792956fba6b6706d8bea94915ea3ed46590d6db698f415ec,generated,16,violation_7plus,0.15476190476190477,0.13003663003663005,4,within_5,0.0,0.0,12,violation_7plus,0.6551724137931034,0.6551724137931034
original,no_thinking_merged__arxiv-102,0c59df13d1c8367c898c64adf0337dbe33ef3a348ba4acfd31151d353d722102,generated,9,violation_7plus,0.06262104583602324,0.051000645577792124,7,violation_7plus,0.03804347826086957,0.03804347826086957,6,borderline_6,0.075,0.0
raw_backtranslation,no_thinking_merged__arxiv-102,0c59df13d1c8367c898c64adf0337dbe33ef3a348ba4acfd31151d353d722102,generated,8,violation_7plus,0.046290424857324035,0.019657577679137603,7,violation_7plus,0.03804347826086957,0.03804347826086957,6,borderline_6,0.075,0.0
guarded_backtranslation,no_thinking_merged__arxiv-102,0c59df13d1c8367c898c64adf0337dbe33ef3a348ba4acfd31151d353d722102,generated,9,violation_7plus,0.062379421221864954,0.05080385852090032,7,violation_7plus,0.03804347826086957,0.03804347826086957,6,borderline_6,0.075,0.0
original,no_thinking_merged__arxiv-136,675c74bc3e304a4e6d1d06fd23fa795e5096b7bc80ba498817dfc0d663e7a07e,generated,19,violation_7plus,0.23315259488768397,0.21378776142525174,5,within_5,0.0,0.0,8,violation_7plus,0.4,0.4
raw_backtranslation,no_thinking_merged__arxiv-136,675c74bc3e304a4e6d1d06fd23fa795e5096b7bc80ba498817dfc0d663e7a07e,generated,19,violation_7plus,0.08924485125858124,0.06559877955758962,5,within_5,0.0,0.0,8,violation_7plus,0.4,0.4
guarded_backtranslation,no_thinking_merged__arxiv-136,675c74bc3e304a4e6d1d06fd23fa795e5096b7bc80ba498817dfc0d663e7a07e,generated,19,violation_7plus,0.1915057915057915,0.1722007722007722,5,within_5,0.0,0.0,8,violation_7plus,0.4,0.4
original,no_thinking_merged__arxiv-149,f45fbb1a667f04eaf047241d43a42805720ec0b274912115cad01d051ceff4d0,generated,10,violation_7plus,0.050381679389312976,0.0366412213740458,4,within_5,0.0,0.0,6,borderline_6,0.20689655172413793,0.0
raw_backtranslation,no_thinking_merged__arxiv-149,f45fbb1a667f04eaf047241d43a42805720ec0b274912115cad01d051ceff4d0,generated,8,violation_7plus,0.025835866261398176,0.016717325227963525,4,within_5,0.0,0.0,6,borderline_6,0.20689655172413793,0.0
guarded_backtranslation,no_thinking_merged__arxiv-149,f45fbb1a667f04eaf047241d43a42805720ec0b274912115cad01d051ceff4d0,generated,10,violation_7plus,0.03966437833714721,0.03051106025934401,4,within_5,0.0,0.0,6,borderline_6,0.20689655172413793,0.0
original,no_thinking_merged__arxiv-105,a5125841febadab67901bd0b1697be29074d729a764def41ec6ee04627b65c60,generated,18,violation_7plus,0.20256111757857975,0.16880093131548313,7,violation_7plus,0.08520179372197309,0.03139013452914798,11,violation_7plus,0.44,0.44
raw_backtranslation,no_thinking_merged__arxiv-105,a5125841febadab67901bd0b1697be29074d729a764def41ec6ee04627b65c60,generated,15,violation_7plus,0.11316397228637413,0.08545034642032333,7,violation_7plus,0.08520179372197309,0.03139013452914798,11,violation_7plus,0.44,0.44
guarded_backtranslation,no_thinking_merged__arxiv-105,a5125841febadab67901bd0b1697be29074d729a764def41ec6ee04627b65c60,generated,18,violation_7plus,0.16102683780630106,0.1306884480746791,7,violation_7plus,0.08520179372197309,0.03139013452914798,11,violation_7plus,0.44,0.44
original,no_thinking_merged__arxiv-115,42a1ca2ea10daa973bd16846721085d97a9ffe654e95422012ca5159ba4e4b5d,generated,18,violation_7plus,0.08427973699940228,0.052002390914524806,7,violation_7plus,0.14979757085020243,0.02834008097165992,13,violation_7plus,0.43333333333333335,0.43333333333333335
raw_backtranslation,no_thinking_merged__arxiv-115,42a1ca2ea10daa973bd16846721085d97a9ffe654e95422012ca5159ba4e4b5d,generated,11,violation_7plus,0.03937947494033413,0.021479713603818614,7,violation_7plus,0.14979757085020243,0.02834008097165992,13,violation_7plus,0.43333333333333335,0.43333333333333335
guarded_backtranslation,no_thinking_merged__arxiv-115,42a1ca2ea10daa973bd16846721085d97a9ffe654e95422012ca5159ba4e4b5d,generated,18,violation_7plus,0.07655502392344497,0.04784688995215311,7,violation_7plus,0.14979757085020243,0.02834008097165992,13,violation_7plus,0.43333333333333335,0.43333333333333335
original,no_thinking_merged__arxiv-109,efc50660ddd10578ac93db24ab78998d80637d2a0e59f77a07d910d3fc627bd3,generated,23,violation_7plus,0.12730142030510258,0.09573908469226723,7,violation_7plus,0.07916666666666666,0.029166666666666667,16,violation_7plus,0.2318840579710145,0.2318840579710145
raw_backtranslation,no_thinking_merged__arxiv-109,efc50660ddd10578ac93db24ab78998d80637d2a0e59f77a07d910d3fc627bd3,generated,14,violation_7plus,0.05894736842105263,0.0431578947368421,7,violation_7plus,0.07916666666666666,0.029166666666666667,16,violation_7plus,0.2318840579710145,0.2318840579710145
guarded_backtranslation,no_thinking_merged__arxiv-109,efc50660ddd10578ac93db24ab78998d80637d2a0e59f77a07d910d3fc627bd3,generated,23,violation_7plus,0.10236220472440945,0.08031496062992126,7,violation_7plus,0.07916666666666666,0.029166666666666667,16,violation_7plus,0.2318840579710145,0.2318840579710145
original,no_thinking_merged__arxiv-140,60d9760b31c6d22c99e9bd030affca4a6c991004c5b68c4be05b0afcb39308d4,generated,15,violation_7plus,0.12881993417959567,0.07804419370004702,10,violation_7plus,0.33153638814016173,0.2183288409703504,6,borderline_6,0.10434782608695652,0.0
raw_backtranslation,no_thinking_merged__arxiv-140,60d9760b31c6d22c99e9bd030affca4a6c991004c5b68c4be05b0afcb39308d4,generated,7,violation_7plus,0.038588235294117645,0.013176470588235295,10,violation_7plus,0.33153638814016173,0.2183288409703504,6,borderline_6,0.10434782608695652,0.0
guarded_backtranslation,no_thinking_merged__arxiv-140,60d9760b31c6d22c99e9bd030affca4a6c991004c5b68c4be05b0afcb39308d4,generated,14,violation_7plus,0.08555399719495091,0.04908835904628331,10,violation_7plus,0.33153638814016173,0.2183288409703504,6,borderline_6,0.10434782608695652,0.0
original,no_thinking_merged__arxiv-10033,0ab4201a9ac28ed2854d07b9664a6dbb22ed10afdbb21ce3e4e96927a50d1667,generated,18,violation_7plus,0.1594274432379072,0.12981243830207306,4,within_5,0.0,0.0,9,violation_7plus,0.25,0.25
raw_backtranslation,no_thinking_merged__arxiv-10033,0ab4201a9ac28ed2854d07b9664a6dbb22ed10afdbb21ce3e4e96927a50d1667,generated,16,violation_7plus,0.07751937984496124,0.05426356589147287,4,within_5,0.0,0.0,9,violation_7plus,0.25,0.25
guarded_backtranslation,no_thinking_merged__arxiv-10033,0ab4201a9ac28ed2854d07b9664a6dbb22ed10afdbb21ce3e4e96927a50d1667,generated,18,violation_7plus,0.14208456243854473,0.11848574237954769,4,within_5,0.0,0.0,9,violation_7plus,0.25,0.25
original,no_thinking_merged__arxiv-10019,e417f9d8113e4f9e3d4d71d407c61db9b570026bd9f7b6668fc1e8c16d596cf1,generated,19,violation_7plus,0.15305598356445815,0.09655880842321521,5,within_5,0.0,0.0,10,violation_7plus,0.4166666666666667,0.4166666666666667
raw_backtranslation,no_thinking_merged__arxiv-10019,e417f9d8113e4f9e3d4d71d407c61db9b570026bd9f7b6668fc1e8c16d596cf1,generated,12,violation_7plus,0.05885337392186707,0.03145611364789447,5,within_5,0.0,0.0,10,violation_7plus,0.4166666666666667,0.4166666666666667
guarded_backtranslation,no_thinking_merged__arxiv-10019,e417f9d8113e4f9e3d4d71d407c61db9b570026bd9f7b6668fc1e8c16d596cf1,generated,19,violation_7plus,0.1096938775510204,0.06989795918367347,5,within_5,0.0,0.0,10,violation_7plus,0.4166666666666667,0.4166666666666667
original,no_thinking_merged__arxiv-10021,45486df054ce4e8cb8f4e3990eef1766b9bdc7b2e85e15db69e9ddb8f396c118,generated,17,violation_7plus,0.263533361309274,0.2102391942929081,4,within_5,0.0,0.0,11,violation_7plus,0.5882352941176471,0.5882352941176471
raw_backtranslation,no_thinking_merged__arxiv-10021,45486df054ce4e8cb8f4e3990eef1766b9bdc7b2e85e15db69e9ddb8f396c118,generated,14,violation_7plus,0.10193974411886092,0.0771770532397854,4,within_5,0.0,0.0,11,violation_7plus,0.5882352941176471,0.5882352941176471
guarded_backtranslation,no_thinking_merged__arxiv-10021,45486df054ce4e8cb8f4e3990eef1766b9bdc7b2e85e15db69e9ddb8f396c118,generated,17,violation_7plus,0.19574290484140233,0.15776293823038398,4,within_5,0.0,0.0,11,violation_7plus,0.5882352941176471,0.5882352941176471
original,no_thinking_merged__arxiv-10024,53e0b1725cb5a75993acc2d9a053ebfbccabab6198d7da1c710d31441855428c,generated,17,violation_7plus,0.23432343234323433,0.2,5,within_5,0.0,0.0,9,violation_7plus,0.3,0.3
raw_backtranslation,no_thinking_merged__arxiv-10024,53e0b1725cb5a75993acc2d9a053ebfbccabab6198d7da1c710d31441855428c,generated,14,violation_7plus,0.11981865284974093,0.086139896373057,5,within_5,0.0,0.0,9,violation_7plus,0.3,0.3
guarded_backtranslation,no_thinking_merged__arxiv-10024,53e0b1725cb5a75993acc2d9a053ebfbccabab6198d7da1c710d31441855428c,generated,16,violation_7plus,0.18606180144641682,0.15976331360946747,5,within_5,0.0,0.0,9,violation_7plus,0.3,0.3
original,no_thinking_merged__arxiv-10047,d9ebb43f108cf77cf2a314ef4344f7dc8ec16aed525065dc3c64ebe64506ee96,generated,12,violation_7plus,0.14573396926338103,0.11552729199788023,6,borderline_6,0.03571428571428571,0.0,13,violation_7plus,0.75,0.75
raw_backtranslation,no_thinking_merged__arxiv-10047,d9ebb43f108cf77cf2a314ef4344f7dc8ec16aed525065dc3c64ebe64506ee96,generated,11,violation_7plus,0.05793991416309013,0.04184549356223176,6,borderline_6,0.03571428571428571,0.0,13,violation_7plus,0.75,0.75
guarded_backtranslation,no_thinking_merged__arxiv-10047,d9ebb43f108cf77cf2a314ef4344f7dc8ec16aed525065dc3c64ebe64506ee96,generated,12,violation_7plus,0.1343915343915344,0.10740740740740741,6,borderline_6,0.03571428571428571,0.0,13,violation_7plus,0.75,0.75
original,no_thinking_merged__arxiv-10038,24a37c6b6db0ee62ff090f572c9194655408da9a292e549fdc74619fc8b81100,generated,8,violation_7plus,0.1346578366445916,0.07450331125827815,5,within_5,0.0,0.0,6,borderline_6,0.21428571428571427,0.0
raw_backtranslation,no_thinking_merged__arxiv-10038,24a37c6b6db0ee62ff090f572c9194655408da9a292e549fdc74619fc8b81100,generated,13,violation_7plus,0.08646616541353383,0.034371643394199784,5,within_5,0.0,0.0,6,borderline_6,0.21428571428571427,0.0
guarded_backtranslation,no_thinking_merged__arxiv-10038,24a37c6b6db0ee62ff090f572c9194655408da9a292e549fdc74619fc8b81100,generated,8,violation_7plus,0.10578512396694215,0.06225895316804408,5,within_5,0.0,0.0,6,borderline_6,0.21428571428571427,0.0
original,no_thinking_merged__arxiv-10037,4742c32509e14797f67241eafe278edcd5977dac8bc1a7f17e82b40cfc01c37c,generated,19,violation_7plus,0.18046912398276688,0.13451412158927717,9,violation_7plus,0.2012012012012012,0.1111111111111111,12,violation_7plus,0.18461538461538463,0.18461538461538463
raw_backtranslation,no_thinking_merged__arxiv-10037,4742c32509e14797f67241eafe278edcd5977dac8bc1a7f17e82b40cfc01c37c,generated,15,violation_7plus,0.07426679280983917,0.051561021759697255,9,violation_7plus,0.2012012012012012,0.1111111111111111,12,violation_7plus,0.18461538461538463,0.18461538461538463
guarded_backtranslation,no_thinking_merged__arxiv-10037,4742c32509e14797f67241eafe278edcd5977dac8bc1a7f17e82b40cfc01c37c,generated,19,violation_7plus,0.14612089481199428,0.12041884816753927,9,violation_7plus,0.2012012012012012,0.1111111111111111,12,violation_7plus,0.18461538461538463,0.18461538461538463
original,no_thinking_merged__arxiv-10035,576e1d1a7a5d04977a3ea5472092f893edc8b9cd3f962da42c568548c54287e9,generated,11,violation_7plus,0.12749445676274945,0.0770509977827051,5,within_5,0.0,0.0,17,violation_7plus,0.4358974358974359,0.4358974358974359
raw_backtranslation,no_thinking_merged__arxiv-10035,576e1d1a7a5d04977a3ea5472092f893edc8b9cd3f962da42c568548c54287e9,generated,9,violation_7plus,0.0366120218579235,0.01366120218579235,5,within_5,0.0,0.0,17,violation_7plus,0.4358974358974359,0.4358974358974359
guarded_backtranslation,no_thinking_merged__arxiv-10035,576e1d1a7a5d04977a3ea5472092f893edc8b9cd3f962da42c568548c54287e9,generated,11,violation_7plus,0.0867403314917127,0.04364640883977901,5,within_5,0.0,0.0,17,violation_7plus,0.4358974358974359,0.4358974358974359
original,no_thinking_merged__arxiv-10023,2e0938c2a41926f92e2466e0544b029849f927591ee0d8767ffd9ecbc103db18,generated,15,violation_7plus,0.08270158511371468,0.053756030323914544,5,within_5,0.0,0.0,5,within_5,0.0,0.0
raw_backtranslation,no_thinking_merged__arxiv-10023,2e0938c2a41926f92e2466e0544b029849f927591ee0d8767ffd9ecbc103db18,generated,11,violation_7plus,0.04801097393689986,0.027434842249657063,5,within_5,0.0,0.0,5,within_5,0.0,0.0
guarded_backtranslation,no_thinking_merged__arxiv-10023,2e0938c2a41926f92e2466e0544b029849f927591ee0d8767ffd9ecbc103db18,generated,15,violation_7plus,0.06275862068965517,0.04206896551724138,5,within_5,0.0,0.0,5,within_5,0.0,0.0
original,no_thinking_merged__arxiv-10040,82667fc126300ebcdfcd41e1d482add7d0306db9ccf1f24ee5893398882f0f5d,generated,14,violation_7plus,0.17890772128060264,0.1553672316384181,9,violation_7plus,0.04950495049504951,0.0297029702970297,11,violation_7plus,0.6888888888888889,0.5555555555555556
raw_backtranslation,no_thinking_merged__arxiv-10040,82667fc126300ebcdfcd41e1d482add7d0306db9ccf1f24ee5893398882f0f5d,generated,14,violation_7plus,0.07695852534562211,0.0576036866359447,9,violation_7plus,0.04950495049504951,0.0297029702970297,11,violation_7plus,0.6888888888888889,0.5555555555555556
guarded_backtranslation,no_thinking_merged__arxiv-10040,82667fc126300ebcdfcd41e1d482add7d0306db9ccf1f24ee5893398882f0f5d,generated,14,violation_7plus,0.11400651465798045,0.10190786412284783,9,violation_7plus,0.04950495049504951,0.0297029702970297,11,violation_7plus,0.6888888888888889,0.5555555555555556
original,no_thinking_merged__arxiv-100022,849f8fb357f0e0f5725b4fadd1192d05ee4562e6f85d70db7fe0c514b144989b,generated,17,violation_7plus,0.1278561011181332,0.10743801652892562,13,violation_7plus,0.5854166666666667,0.46041666666666664,12,violation_7plus,0.6571428571428571,0.6571428571428571
raw_backtranslation,no_thinking_merged__arxiv-100022,849f8fb357f0e0f5725b4fadd1192d05ee4562e6f85d70db7fe0c514b144989b,generated,10,violation_7plus,0.07339449541284404,0.04442298406566876,13,violation_7plus,0.5854166666666667,0.46041666666666664,12,violation_7plus,0.6571428571428571,0.6571428571428571
guarded_backtranslation,no_thinking_merged__arxiv-100022,849f8fb357f0e0f5725b4fadd1192d05ee4562e6f85d70db7fe0c514b144989b,generated,17,violation_7plus,0.10633156114064765,0.09183180280328661,13,violation_7plus,0.5854166666666667,0.46041666666666664,12,violation_7plus,0.6571428571428571,0.6571428571428571
original,no_thinking_merged__arxiv-100005,c99c8ef8d540f2442ee1cc38b65eb306ffc9147b2f33ae5af536c20bbfcef5df,generated,11,violation_7plus,0.04237867395762133,0.0177717019822283,8,violation_7plus,0.3348623853211009,0.19724770642201836,19,violation_7plus,0.5757575757575758,0.5757575757575758
raw_backtranslation,no_thinking_merged__arxiv-100005,c99c8ef8d540f2442ee1cc38b65eb306ffc9147b2f33ae5af536c20bbfcef5df,generated,11,violation_7plus,0.021232876712328767,0.013013698630136987,8,violation_7plus,0.3348623853211009,0.19724770642201836,19,violation_7plus,0.5757575757575758,0.5757575757575758
guarded_backtranslation,no_thinking_merged__arxiv-100005,c99c8ef8d540f2442ee1cc38b65eb306ffc9147b2f33ae5af536c20bbfcef5df,generated,11,violation_7plus,0.02997275204359673,0.017711171662125342,8,violation_7plus,0.3348623853211009,0.19724770642201836,19,violation_7plus,0.5757575757575758,0.5757575757575758
original,no_thinking_merged__arxiv-100002,48161c34c18da95667d55f6acd365bca2bfb5ca5f2e07486f24e2b5e80788de4,generated,12,violation_7plus,0.045641025641025644,0.03948717948717949,10,violation_7plus,0.22054380664652568,0.18429003021148035,14,violation_7plus,0.1917808219178082,0.1917808219178082
raw_backtranslation,no_thinking_merged__arxiv-100002,48161c34c18da95667d55f6acd365bca2bfb5ca5f2e07486f24e2b5e80788de4,generated,12,violation_7plus,0.0326530612244898,0.026020408163265306,10,violation_7plus,0.22054380664652568,0.18429003021148035,14,violation_7plus,0.1917808219178082,0.1917808219178082
guarded_backtranslation,no_thinking_merged__arxiv-100002,48161c34c18da95667d55f6acd365bca2bfb5ca5f2e07486f24e2b5e80788de4,generated,12,violation_7plus,0.03887468030690537,0.03580562659846547,10,violation_7plus,0.22054380664652568,0.18429003021148035,14,violation_7plus,0.1917808219178082,0.1917808219178082
original,no_thinking_merged__arxiv-100013,a09d3a64f663c1d4bba2d15747baec32ba117644925ac104850214037c68ac77,generated,15,violation_7plus,0.1917562724014337,0.09543010752688172,6,borderline_6,0.05970149253731343,0.0,11,violation_7plus,0.4782608695652174,0.4782608695652174
raw_backtranslation,no_thinking_merged__arxiv-100013,a09d3a64f663c1d4bba2d15747baec32ba117644925ac104850214037c68ac77,generated,13,violation_7plus,0.08602150537634409,0.04525089605734767,6,borderline_6,0.05970149253731343,0.0,11,violation_7plus,0.4782608695652174,0.4782608695652174
guarded_backtranslation,no_thinking_merged__arxiv-100013,a09d3a64f663c1d4bba2d15747baec32ba117644925ac104850214037c68ac77,generated,15,violation_7plus,0.14349376114081996,0.07754010695187166,6,borderline_6,0.05970149253731343,0.0,11,violation_7plus,0.4782608695652174,0.4782608695652174
original,no_thinking_merged__arxiv-100003,98ecac623691281924734347b65ae77ea7b06a53e2f3e0ef1c2288b0401412d2,generated,10,violation_7plus,0.08074123097286565,0.04897418927862343,7,violation_7plus,0.09961685823754789,0.05363984674329502,11,violation_7plus,0.3333333333333333,0.3333333333333333
raw_backtranslation,no_thinking_merged__arxiv-100003,98ecac623691281924734347b65ae77ea7b06a53e2f3e0ef1c2288b0401412d2,generated,9,violation_7plus,0.04262295081967213,0.026885245901639345,7,violation_7plus,0.09961685823754789,0.05363984674329502,11,violation_7plus,0.3333333333333333,0.3333333333333333
guarded_backtranslation,no_thinking_merged__arxiv-100003,98ecac623691281924734347b65ae77ea7b06a53e2f3e0ef1c2288b0401412d2,generated,10,violation_7plus,0.061224489795918366,0.03357472021066491,7,violation_7plus,0.09961685823754789,0.05363984674329502,11,violation_7plus,0.3333333333333333,0.3333333333333333
original,no_thinking_merged__arxiv-100028,df0eed742fa165138e0bd4fa631c1a11933277b0bf57cf1ae9e4f5e3128c0688,generated,18,violation_7plus,0.18812785388127853,0.13470319634703196,8,violation_7plus,0.16569767441860464,0.0436046511627907,13,violation_7plus,0.7349397590361446,0.7349397590361446
raw_backtranslation,no_thinking_merged__arxiv-100028,df0eed742fa165138e0bd4fa631c1a11933277b0bf57cf1ae9e4f5e3128c0688,generated,10,violation_7plus,0.05718144979738857,0.042323277802791534,8,violation_7plus,0.16569767441860464,0.0436046511627907,13,violation_7plus,0.7349397590361446,0.7349397590361446
guarded_backtranslation,no_thinking_merged__arxiv-100028,df0eed742fa165138e0bd4fa631c1a11933277b0bf57cf1ae9e4f5e3128c0688,generated,18,violation_7plus,0.11956521739130435,0.08831521739130435,8,violation_7plus,0.16569767441860464,0.0436046511627907,13,violation_7plus,0.7349397590361446,0.7349397590361446
original,no_thinking_merged__arxiv-100047,5008943785a879dff3b825b0b1f76d681e559f718a5a5cf88b79d1fdc8ef85a9,generated,12,violation_7plus,0.1819632881085395,0.10853950518754989,5,within_5,0.0,0.0,14,violation_7plus,0.5384615384615384,0.5384615384615384
raw_backtranslation,no_thinking_merged__arxiv-100047,5008943785a879dff3b825b0b1f76d681e559f718a5a5cf88b79d1fdc8ef85a9,generated,12,violation_7plus,0.13532651455546812,0.08103855232100708,5,within_5,0.0,0.0,14,violation_7plus,0.5384615384615384,0.5384615384615384
guarded_backtranslation,no_thinking_merged__arxiv-100047,5008943785a879dff3b825b0b1f76d681e559f718a5a5cf88b79d1fdc8ef85a9,generated,12,violation_7plus,0.14684756584197925,0.09257781324820431,5,within_5,0.0,0.0,14,violation_7plus,0.5384615384615384,0.5384615384615384
original,no_thinking_merged__arxiv-100029,805aff9ab8daa1e0ba72c8611b3a1cf73e83cdcc2507cb1cf9b8cceb3ca4bc50,generated,17,violation_7plus,0.1859737006887915,0.14464621164683783,4,within_5,0.0,0.0,5,within_5,0.0,0.0
raw_backtranslation,no_thinking_merged__arxiv-100029,805aff9ab8daa1e0ba72c8611b3a1cf73e83cdcc2507cb1cf9b8cceb3ca4bc50,generated,12,violation_7plus,0.07930607187112763,0.05328376703841388,4,within_5,0.0,0.0,5,within_5,0.0,0.0
guarded_backtranslation,no_thinking_merged__arxiv-100029,805aff9ab8daa1e0ba72c8611b3a1cf73e83cdcc2507cb1cf9b8cceb3ca4bc50,generated,17,violation_7plus,0.14107365792759052,0.11485642946317104,4,within_5,0.0,0.0,5,within_5,0.0,0.0
original,no_thinking_merged__arxiv-100009,50c1e8ac081aeeac1db401611a6a7ad2dd62bb1a91d0f5826fc0e5a99c9806f5,generated,34,violation_7plus,0.25440481306403095,0.18908465835840138,5,within_5,0.0,0.0,12,violation_7plus,0.4266666666666667,0.3466666666666667
raw_backtranslation,no_thinking_merged__arxiv-100009,50c1e8ac081aeeac1db401611a6a7ad2dd62bb1a91d0f5826fc0e5a99c9806f5,generated,22,violation_7plus,0.10458081244598098,0.07216940363007779,5,within_5,0.0,0.0,12,violation_7plus,0.4266666666666667,0.3466666666666667
guarded_backtranslation,no_thinking_merged__arxiv-100009,50c1e8ac081aeeac1db401611a6a7ad2dd62bb1a91d0f5826fc0e5a99c9806f5,generated,34,violation_7plus,0.21511378273937312,0.16659510519536283,5,within_5,0.0,0.0,12,violation_7plus,0.4266666666666667,0.3466666666666667
original,no_thinking_merged__arxiv-100036,92aae2b55db58f528280e5898ac540696eb179c2f5db27eed035ef6775edb4e4,generated,14,violation_7plus,0.08864468864468865,0.05787545787545788,7,violation_7plus,0.3474903474903475,0.16216216216216217,13,violation_7plus,0.3333333333333333,0.3333333333333333
raw_backtranslation,no_thinking_merged__arxiv-100036,92aae2b55db58f528280e5898ac540696eb179c2f5db27eed035ef6775edb4e4,generated,11,violation_7plus,0.024407753050969132,0.020100502512562814,7,violation_7plus,0.3474903474903475,0.16216216216216217,13,violation_7plus,0.3333333333333333,0.3333333333333333
guarded_backtranslation,no_thinking_merged__arxiv-100036,92aae2b55db58f528280e5898ac540696eb179c2f5db27eed035ef6775edb4e4,generated,14,violation_7plus,0.05813953488372093,0.04505813953488372,7,violation_7plus,0.3474903474903475,0.16216216216216217,13,violation_7plus,0.3333333333333333,0.3333333333333333
original,no_thinking_merged__arxiv-500031,26128d1d0622a6266f5a2de1b96b53a1f15de0e79b2ece9f0dbb18fa2e1aecaa,generated,7,violation_7plus,0.03662138216184288,0.008269344359125812,6,borderline_6,0.0782608695652174,0.0,6,borderline_6,0.25,0.0
raw_backtranslation,no_thinking_merged__arxiv-500031,26128d1d0622a6266f5a2de1b96b53a1f15de0e79b2ece9f0dbb18fa2e1aecaa,generated,7,violation_7plus,0.02516091281451141,0.004095962551199532,6,borderline_6,0.0782608695652174,0.0,6,borderline_6,0.25,0.0
guarded_backtranslation,no_thinking_merged__arxiv-500031,26128d1d0622a6266f5a2de1b96b53a1f15de0e79b2ece9f0dbb18fa2e1aecaa,generated,7,violation_7plus,0.025958702064896755,0.008259587020648967,6,borderline_6,0.0782608695652174,0.0,6,borderline_6,0.25,0.0
original,no_thinking_merged__arxiv-500027,b665fc66e1cb91a50fcc5a4ed005b97e5e1f1e8b98558ac2502d4cfc41ac193f,generated,9,violation_7plus,0.03806451612903226,0.02258064516129032,8,violation_7plus,0.28292682926829266,0.1073170731707317,11,violation_7plus,0.5806451612903226,0.5806451612903226
raw_backtranslation,no_thinking_merged__arxiv-500027,b665fc66e1cb91a50fcc5a4ed005b97e5e1f1e8b98558ac2502d4cfc41ac193f,generated,9,violation_7plus,0.014111610006414367,0.010262989095574085,8,violation_7plus,0.28292682926829266,0.1073170731707317,11,violation_7plus,0.5806451612903226,0.5806451612903226
guarded_backtranslation,no_thinking_merged__arxiv-500027,b665fc66e1cb91a50fcc5a4ed005b97e5e1f1e8b98558ac2502d4cfc41ac193f,generated,9,violation_7plus,0.02256608639587363,0.01096067053513862,8,violation_7plus,0.28292682926829266,0.1073170731707317,11,violation_7plus,0.5806451612903226,0.5806451612903226
original,no_thinking_merged__arxiv-500010,a3e79e376c3caf7997a3ef0aec9fc03cc1cdcf5886a5fa5887fc80a022b0b1ef,generated,12,violation_7plus,0.15177398160315375,0.10446780551905388,7,violation_7plus,0.13297872340425532,0.03723404255319149,8,violation_7plus,0.6086956521739131,0.34782608695652173
raw_backtranslation,no_thinking_merged__arxiv-500010,a3e79e376c3caf7997a3ef0aec9fc03cc1cdcf5886a5fa5887fc80a022b0b1ef,generated,8,violation_7plus,0.04657179818887452,0.02328589909443726,7,violation_7plus,0.13297872340425532,0.03723404255319149,8,violation_7plus,0.6086956521739131,0.34782608695652173
guarded_backtranslation,no_thinking_merged__arxiv-500010,a3e79e376c3caf7997a3ef0aec9fc03cc1cdcf5886a5fa5887fc80a022b0b1ef,generated,12,violation_7plus,0.10980392156862745,0.07450980392156863,7,violation_7plus,0.13297872340425532,0.03723404255319149,8,violation_7plus,0.6086956521739131,0.34782608695652173
original,no_thinking_merged__arxiv-500028,081560f8dd75126479ea817a0aad4ef1f7c90b9becafc12485cc1ef16eb40dc7,generated,14,violation_7plus,0.08886389201349831,0.05174353205849269,6,borderline_6,0.05429864253393665,0.0,12,violation_7plus,0.5217391304347826,0.5217391304347826
raw_backtranslation,no_thinking_merged__arxiv-500028,081560f8dd75126479ea817a0aad4ef1f7c90b9becafc12485cc1ef16eb40dc7,generated,10,violation_7plus,0.03801006148686417,0.014533258803801007,6,borderline_6,0.05429864253393665,0.0,12,violation_7plus,0.5217391304347826,0.5217391304347826
guarded_backtranslation,no_thinking_merged__arxiv-500028,081560f8dd75126479ea817a0aad4ef1f7c90b9becafc12485cc1ef16eb40dc7,generated,14,violation_7plus,0.0773542600896861,0.043721973094170405,6,borderline_6,0.05429864253393665,0.0,12,violation_7plus,0.5217391304347826,0.5217391304347826
original,no_thinking_merged__arxiv-500009,21535e0a8bab103ef820a0175907f93de3d4252149ec393b8005af9d8050e457,generated,18,violation_7plus,0.19573727707698999,0.16963897346672466,5,within_5,0.0,0.0,11,violation_7plus,0.4235294117647059,0.21176470588235294
raw_backtranslation,no_thinking_merged__arxiv-500009,21535e0a8bab103ef820a0175907f93de3d4252149ec393b8005af9d8050e457,generated,16,violation_7plus,0.1,0.07457627118644068,5,within_5,0.0,0.0,11,violation_7plus,0.4235294117647059,0.21176470588235294
guarded_backtranslation,no_thinking_merged__arxiv-500009,21535e0a8bab103ef820a0175907f93de3d4252149ec393b8005af9d8050e457,generated,18,violation_7plus,0.16248919619706137,0.14174589455488332,5,within_5,0.0,0.0,11,violation_7plus,0.4235294117647059,0.21176470588235294
original,no_thinking_merged__arxiv-500000,6912cbedf8f04208025ba08266b821d48303208ffaece7c2b95c447a34e58896,generated,15,violation_7plus,0.10184746565608717,0.06584557081951682,10,violation_7plus,0.23310810810810811,0.19256756756756757,9,violation_7plus,0.6923076923076923,0.6923076923076923
raw_backtranslation,no_thinking_merged__arxiv-500000,6912cbedf8f04208025ba08266b821d48303208ffaece7c2b95c447a34e58896,generated,10,violation_7plus,0.05117370892018779,0.03192488262910798,10,violation_7plus,0.23310810810810811,0.19256756756756757,9,violation_7plus,0.6923076923076923,0.6923076923076923
guarded_backtranslation,no_thinking_merged__arxiv-500000,6912cbedf8f04208025ba08266b821d48303208ffaece7c2b95c447a34e58896,generated,11,violation_7plus,0.06948356807511737,0.047417840375586856,10,violation_7plus,0.23310810810810811,0.19256756756756757,9,violation_7plus,0.6923076923076923,0.6923076923076923
original,no_thinking_merged__arxiv-500043,5395e7bceb485d4a9d02119c58850809aa9a6b719e5777744ca5bd0dcbacbc79,generated,18,violation_7plus,0.12165178571428571,0.07700892857142858,10,violation_7plus,0.45790554414784396,0.3470225872689938,10,violation_7plus,0.2777777777777778,0.2777777777777778
raw_backtranslation,no_thinking_merged__arxiv-500043,5395e7bceb485d4a9d02119c58850809aa9a6b719e5777744ca5bd0dcbacbc79,generated,14,violation_7plus,0.04352678571428571,0.0234375,10,violation_7plus,0.45790554414784396,0.3470225872689938,10,violation_7plus,0.2777777777777778,0.2777777777777778
guarded_backtranslation,no_thinking_merged__arxiv-500043,5395e7bceb485d4a9d02119c58850809aa9a6b719e5777744ca5bd0dcbacbc79,generated,18,violation_7plus,0.06800445930880714,0.044593088071348944,10,violation_7plus,0.45790554414784396,0.3470225872689938,10,violation_7plus,0.2777777777777778,0.2777777777777778
original,no_thinking_merged__arxiv-500047,fcff490a64b2456f6c33424fb8d3c475d4f6fb19c9718bdd608d8cb06844c31b,generated,13,violation_7plus,0.09018890920170627,0.07190737355271176,7,violation_7plus,0.06529209621993128,0.024054982817869417,9,violation_7plus,0.10714285714285714,0.10714285714285714
raw_backtranslation,no_thinking_merged__arxiv-500047,fcff490a64b2456f6c33424fb8d3c475d4f6fb19c9718bdd608d8cb06844c31b,generated,11,violation_7plus,0.03450363196125908,0.027239709443099273,7,violation_7plus,0.06529209621993128,0.024054982817869417,9,violation_7plus,0.10714285714285714,0.10714285714285714
guarded_backtranslation,no_thinking_merged__arxiv-500047,fcff490a64b2456f6c33424fb8d3c475d4f6fb19c9718bdd608d8cb06844c31b,generated,11,violation_7plus,0.048484848484848485,0.03393939393939394,7,violation_7plus,0.06529209621993128,0.024054982817869417,9,violation_7plus,0.10714285714285714,0.10714285714285714
original,no_thinking_merged__arxiv-500036,29d9c187ebc8397560f4d9b30bccb3efe0ad2e824bcda7cc6ea9d1dde565d8a6,generated,9,violation_7plus,0.07036059806508356,0.03342128408091469,5,within_5,0.0,0.0,9,violation_7plus,0.3103448275862069,0.3103448275862069
raw_backtranslation,no_thinking_merged__arxiv-500036,29d9c187ebc8397560f4d9b30bccb3efe0ad2e824bcda7cc6ea9d1dde565d8a6,generated,8,violation_7plus,0.04716157205240175,0.026200873362445413,5,within_5,0.0,0.0,9,violation_7plus,0.3103448275862069,0.3103448275862069
guarded_backtranslation,no_thinking_merged__arxiv-500036,29d9c187ebc8397560f4d9b30bccb3efe0ad2e824bcda7cc6ea9d1dde565d8a6,generated,9,violation_7plus,0.054481546572934976,0.033391915641476276,5,within_5,0.0,0.0,9,violation_7plus,0.3103448275862069,0.3103448275862069
original,no_thinking_merged__arxiv-500030,b5889e3e8fb1883fb09a26e1e0a3c1857839a889bd31c95b9c3e95a930a8c804,generated,15,violation_7plus,0.12549407114624506,0.0983201581027668,6,borderline_6,0.024291497975708502,0.0,7,violation_7plus,0.22580645161290322,0.22580645161290322
raw_backtranslation,no_thinking_merged__arxiv-500030,b5889e3e8fb1883fb09a26e1e0a3c1857839a889bd31c95b9c3e95a930a8c804,generated,10,violation_7plus,0.03718199608610567,0.03424657534246575,6,borderline_6,0.024291497975708502,0.0,7,violation_7plus,0.22580645161290322,0.22580645161290322
guarded_backtranslation,no_thinking_merged__arxiv-500030,b5889e3e8fb1883fb09a26e1e0a3c1857839a889bd31c95b9c3e95a930a8c804,generated,15,violation_7plus,0.05683488486036257,0.050955414012738856,6,borderline_6,0.024291497975708502,0.0,7,violation_7plus,0.22580645161290322,0.22580645161290322
original,no_thinking_merged__arxiv-1000004,17d72cf5012a446db91cee13599eb989610d1f655e1baf57d7fb98691bd0f20f,generated,19,violation_7plus,0.3077837195484254,0.24598930481283424,6,borderline_6,0.1214574898785425,0.0,12,violation_7plus,0.36363636363636365,0.36363636363636365
raw_backtranslation,no_thinking_merged__arxiv-1000004,17d72cf5012a446db91cee13599eb989610d1f655e1baf57d7fb98691bd0f20f,generated,11,violation_7plus,0.08367707719505009,0.05892751915144372,6,borderline_6,0.1214574898785425,0.0,12,violation_7plus,0.36363636363636365,0.36363636363636365
guarded_backtranslation,no_thinking_merged__arxiv-1000004,17d72cf5012a446db91cee13599eb989610d1f655e1baf57d7fb98691bd0f20f,generated,19,violation_7plus,0.16773442050087362,0.13162492719860222,6,borderline_6,0.1214574898785425,0.0,12,violation_7plus,0.36363636363636365,0.36363636363636365
original,no_thinking_merged__arxiv-1000037,755fec684fcd75ff65b30b7913aa52f89c97f586ad8268ada81e9061329c82ad,generated,14,violation_7plus,0.16470588235294117,0.13669467787114845,7,violation_7plus,0.05416666666666667,0.029166666666666667,9,violation_7plus,0.21428571428571427,0.21428571428571427
raw_backtranslation,no_thinking_merged__arxiv-1000037,755fec684fcd75ff65b30b7913aa52f89c97f586ad8268ada81e9061329c82ad,generated,12,violation_7plus,0.053384700055035775,0.03302146395156852,7,violation_7plus,0.05416666666666667,0.029166666666666667,9,violation_7plus,0.21428571428571427,0.21428571428571427
guarded_backtranslation,no_thinking_merged__arxiv-1000037,755fec684fcd75ff65b30b7913aa52f89c97f586ad8268ada81e9061329c82ad,generated,14,violation_7plus,0.12506948304613674,0.11117287381878821,7,violation_7plus,0.05416666666666667,0.029166666666666667,9,violation_7plus,0.21428571428571427,0.21428571428571427
original,no_thinking_merged__arxiv-1000013,5883b007b76782e8c6cf78987394168c6022487c81122a403f4a2b4ca8940ca7,generated,15,violation_7plus,0.1441937259218492,0.11832691249312052,5,within_5,0.0,0.0,7,violation_7plus,0.21875,0.21875
raw_backtranslation,no_thinking_merged__arxiv-1000013,5883b007b76782e8c6cf78987394168c6022487c81122a403f4a2b4ca8940ca7,generated,10,violation_7plus,0.05248917748917749,0.02976190476190476,5,within_5,0.0,0.0,7,violation_7plus,0.21875,0.21875
guarded_backtranslation,no_thinking_merged__arxiv-1000013,5883b007b76782e8c6cf78987394168c6022487c81122a403f4a2b4ca8940ca7,generated,15,violation_7plus,0.1019629225736096,0.0806979280261723,5,within_5,0.0,0.0,7,violation_7plus,0.21875,0.21875
original,no_thinking_merged__arxiv-1000041,83257df2ae2813b5e8b11ee8aafef662ef858be938ea333bae7f7e44fcd56b78,generated,13,violation_7plus,0.1297071129707113,0.099581589958159,4,within_5,0.0,0.0,7,violation_7plus,0.1891891891891892,0.1891891891891892
raw_backtranslation,no_thinking_merged__arxiv-1000041,83257df2ae2813b5e8b11ee8aafef662ef858be938ea333bae7f7e44fcd56b78,generated,13,violation_7plus,0.0647010647010647,0.049959049959049956,4,within_5,0.0,0.0,7,violation_7plus,0.1891891891891892,0.1891891891891892
guarded_backtranslation,no_thinking_merged__arxiv-1000041,83257df2ae2813b5e8b11ee8aafef662ef858be938ea333bae7f7e44fcd56b78,generated,13,violation_7plus,0.08052588331963846,0.0657354149548069,4,within_5,0.0,0.0,7,violation_7plus,0.1891891891891892,0.1891891891891892
original,no_thinking_merged__arxiv-1000016,895157f678d1f98628533078c0ff15f6dfccc12ebb1d01affd68efeb091022b8,generated,15,violation_7plus,0.17157825802226587,0.12115258677144729,5,within_5,0.0,0.0,6,borderline_6,0.24,0.0
raw_backtranslation,no_thinking_merged__arxiv-1000016,895157f678d1f98628533078c0ff15f6dfccc12ebb1d01affd68efeb091022b8,generated,10,violation_7plus,0.08961038961038961,0.06623376623376623,5,within_5,0.0,0.0,6,borderline_6,0.24,0.0
guarded_backtranslation,no_thinking_merged__arxiv-1000016,895157f678d1f98628533078c0ff15f6dfccc12ebb1d01affd68efeb091022b8,generated,15,violation_7plus,0.1395955642530985,0.09719504240052185,5,within_5,0.0,0.0,6,borderline_6,0.24,0.0
original,no_thinking_merged__arxiv-1000035,1f0cd82fa179996cf6211f5cafa614d12406a9b9ad999aea9e5c982c6e9ebd7a,generated,15,violation_7plus,0.24749558043606365,0.20801414260459636,4,within_5,0.0,0.0,4,within_5,0.0,0.0
raw_backtranslation,no_thinking_merged__arxiv-1000035,1f0cd82fa179996cf6211f5cafa614d12406a9b9ad999aea9e5c982c6e9ebd7a,generated,15,violation_7plus,0.1347851677457328,0.11006474396703944,4,within_5,0.0,0.0,4,within_5,0.0,0.0
guarded_backtranslation,no_thinking_merged__arxiv-1000035,1f0cd82fa179996cf6211f5cafa614d12406a9b9ad999aea9e5c982c6e9ebd7a,generated,15,violation_7plus,0.20833333333333334,0.18309859154929578,4,within_5,0.0,0.0,4,within_5,0.0,0.0
original,no_thinking_merged__arxiv-1000024,599bf9c0cb59667f6e1d97602cff49892b150a1a768b407d89b5a4a15d83b103,generated,15,violation_7plus,0.20368574199806014,0.1513094083414161,6,borderline_6,0.05063291139240506,0.0,11,violation_7plus,0.3333333333333333,0.3333333333333333
raw_backtranslation,no_thinking_merged__arxiv-1000024,599bf9c0cb59667f6e1d97602cff49892b150a1a768b407d89b5a4a15d83b103,generated,11,violation_7plus,0.0706547338671691,0.053697597739048517,6,borderline_6,0.05063291139240506,0.0,11,violation_7plus,0.3333333333333333,0.3333333333333333
guarded_backtranslation,no_thinking_merged__arxiv-1000024,599bf9c0cb59667f6e1d97602cff49892b150a1a768b407d89b5a4a15d83b103,generated,15,violation_7plus,0.11477761836441894,0.09182209469153516,6,borderline_6,0.05063291139240506,0.0,11,violation_7plus,0.3333333333333333,0.3333333333333333
original,no_thinking_merged__arxiv-1000038,1d94ea2f41736241eee87a5cf9912c731985b0db95c2bd110a04f9caee97a949,generated,11,violation_7plus,0.08278647147905098,0.04644119131751641,6,borderline_6,0.04428044280442804,0.0,10,violation_7plus,0.6666666666666666,0.4166666666666667
raw_backtranslation,no_thinking_merged__arxiv-1000038,1d94ea2f41736241eee87a5cf9912c731985b0db95c2bd110a04f9caee97a949,generated,13,violation_7plus,0.034170854271356785,0.019095477386934675,6,borderline_6,0.04428044280442804,0.0,10,violation_7plus,0.6666666666666666,0.4166666666666667
guarded_backtranslation,no_thinking_merged__arxiv-1000038,1d94ea2f41736241eee87a5cf9912c731985b0db95c2bd110a04f9caee97a949,generated,11,violation_7plus,0.06700251889168765,0.033753148614609575,6,borderline_6,0.04428044280442804,0.0,10,violation_7plus,0.6666666666666666,0.4166666666666667
original,no_thinking_merged__arxiv-1000040,a673a3a82861713ab0ba826f13508772952a2099f33c04c2a149062ac687db61,generated,16,violation_7plus,0.18711276332094176,0.17224287484510534,4,within_5,0.0,0.0,9,violation_7plus,0.36,0.36
raw_backtranslation,no_thinking_merged__arxiv-1000040,a673a3a82861713ab0ba826f13508772952a2099f33c04c2a149062ac687db61,generated,16,violation_7plus,0.11557177615571776,0.09002433090024331,4,within_5,0.0,0.0,9,violation_7plus,0.36,0.36
guarded_backtranslation,no_thinking_merged__arxiv-1000040,a673a3a82861713ab0ba826f13508772952a2099f33c04c2a149062ac687db61,generated,16,violation_7plus,0.15692307692307692,0.14953846153846154,4,within_5,0.0,0.0,9,violation_7plus,0.36,0.36
original,no_thinking_merged__arxiv-1000021,bbd7b9c7bf14b8204fd51f7d0ec0ffb2c6fd246c6f7e3fb9721251f0aec47019,generated,30,violation_7plus,0.1704081632653061,0.12755102040816327,4,within_5,0.0,0.0,7,violation_7plus,0.19444444444444445,0.19444444444444445
raw_backtranslation,no_thinking_merged__arxiv-1000021,bbd7b9c7bf14b8204fd51f7d0ec0ffb2c6fd246c6f7e3fb9721251f0aec47019,generated,13,violation_7plus,0.09209864116758933,0.06492199295420231,4,within_5,0.0,0.0,7,violation_7plus,0.19444444444444445,0.19444444444444445
guarded_backtranslation,no_thinking_merged__arxiv-1000021,bbd7b9c7bf14b8204fd51f7d0ec0ffb2c6fd246c6f7e3fb9721251f0aec47019,generated,30,violation_7plus,0.13201820940819423,0.1047040971168437,4,within_5,0.0,0.0,7,violation_7plus,0.19444444444444445,0.19444444444444445
original,no_thinking_merged__bethgelab-125,a313ac394757590d277b3d77643cb08a1e94d16cda563a2bc487e49d750aa0d1,generated,12,violation_7plus,0.08125,0.050416666666666665,11,violation_7plus,0.11764705882352941,0.06951871657754011,8,violation_7plus,0.12612612612612611,0.07207207207207207
raw_backtranslation,no_thinking_merged__bethgelab-125,a313ac394757590d277b3d77643cb08a1e94d16cda563a2bc487e49d750aa0d1,generated,10,violation_7plus,0.048307184145334435,0.022708505367464906,11,violation_7plus,0.11764705882352941,0.06951871657754011,8,violation_7plus,0.12612612612612611,0.07207207207207207
guarded_backtranslation,no_thinking_merged__bethgelab-125,a313ac394757590d277b3d77643cb08a1e94d16cda563a2bc487e49d750aa0d1,generated,12,violation_7plus,0.0639269406392694,0.0406807804068078,11,violation_7plus,0.11764705882352941,0.06951871657754011,8,violation_7plus,0.12612612612612611,0.07207207207207207
original,no_thinking_merged__bethgelab-102,1b3d72a8d054071cfc4bad937f01f5f0897ced27d1c4395ad1998a289462c389,generated,10,violation_7plus,0.09391932570740517,0.0650210716435882,7,violation_7plus,0.17982456140350878,0.15350877192982457,11,violation_7plus,0.59375,0.59375
raw_backtranslation,no_thinking_merged__bethgelab-102,1b3d72a8d054071cfc4bad937f01f5f0897ced27d1c4395ad1998a289462c389,generated,7,violation_7plus,0.023823704586063133,0.016676593210244194,7,violation_7plus,0.17982456140350878,0.15350877192982457,11,violation_7plus,0.59375,0.59375
guarded_backtranslation,no_thinking_merged__bethgelab-102,1b3d72a8d054071cfc4bad937f01f5f0897ced27d1c4395ad1998a289462c389,generated,10,violation_7plus,0.05338932213557288,0.03539292141571686,7,violation_7plus,0.17982456140350878,0.15350877192982457,11,violation_7plus,0.59375,0.59375
original,no_thinking_merged__bethgelab-108,8382aaa516e833b298550d2e4d635f2b9fe7fb3e7ef6f38443f47fa7701ecb8f,generated,16,violation_7plus,0.10242825607064018,0.06269315673289183,6,borderline_6,0.022388059701492536,0.0,11,violation_7plus,0.3548387096774194,0.3548387096774194
raw_backtranslation,no_thinking_merged__bethgelab-108,8382aaa516e833b298550d2e4d635f2b9fe7fb3e7ef6f38443f47fa7701ecb8f,generated,9,violation_7plus,0.04298245614035088,0.014035087719298246,6,borderline_6,0.022388059701492536,0.0,11,violation_7plus,0.3548387096774194,0.3548387096774194
guarded_backtranslation,no_thinking_merged__bethgelab-108,8382aaa516e833b298550d2e4d635f2b9fe7fb3e7ef6f38443f47fa7701ecb8f,generated,16,violation_7plus,0.06411945542380325,0.029863855950812472,6,borderline_6,0.022388059701492536,0.0,11,violation_7plus,0.3548387096774194,0.3548387096774194
original,no_thinking_merged__bethgelab-116,3d4b94daaf8192a969e7bcbe5118f4693b483bd98733e657e1665b619f32809f,generated,12,violation_7plus,0.13802816901408452,0.09746478873239436,5,within_5,0.0,0.0,13,violation_7plus,0.4523809523809524,0.30952380952380953
raw_backtranslation,no_thinking_merged__bethgelab-116,3d4b94daaf8192a969e7bcbe5118f4693b483bd98733e657e1665b619f32809f,generated,11,violation_7plus,0.048467966573816156,0.02841225626740947,5,within_5,0.0,0.0,13,violation_7plus,0.4523809523809524,0.30952380952380953
guarded_backtranslation,no_thinking_merged__bethgelab-116,3d4b94daaf8192a969e7bcbe5118f4693b483bd98733e657e1665b619f32809f,generated,12,violation_7plus,0.07662192393736018,0.053131991051454136,5,within_5,0.0,0.0,13,violation_7plus,0.4523809523809524,0.30952380952380953
original,no_thinking_merged__bethgelab-128,1a480e5fcb0ae03c15bc9631db3dd30b1acc16364655c063171f180297692852,generated,20,violation_7plus,0.23765071956437184,0.19797744068455853,4,within_5,0.0,0.0,11,violation_7plus,0.19767441860465115,0.12790697674418605
raw_backtranslation,no_thinking_merged__bethgelab-128,1a480e5fcb0ae03c15bc9631db3dd30b1acc16364655c063171f180297692852,generated,14,violation_7plus,0.08990053557765876,0.07612853863810252,4,within_5,0.0,0.0,11,violation_7plus,0.19767441860465115,0.12790697674418605
guarded_backtranslation,no_thinking_merged__bethgelab-128,1a480e5fcb0ae03c15bc9631db3dd30b1acc16364655c063171f180297692852,generated,20,violation_7plus,0.1463981409759876,0.12780790085205268,4,within_5,0.0,0.0,11,violation_7plus,0.19767441860465115,0.12790697674418605
original,no_thinking_merged__bethgelab-146,652ad4ed5affc62698e2c395d4c32c9181dc6c617e96278277aef11508225f9a,generated,13,violation_7plus,0.09449135504624046,0.0607157217531162,10,violation_7plus,0.5120481927710844,0.28313253012048195,21,violation_7plus,0.6470588235294118,0.6470588235294118
raw_backtranslation,no_thinking_merged__bethgelab-146,652ad4ed5affc62698e2c395d4c32c9181dc6c617e96278277aef11508225f9a,generated,13,violation_7plus,0.047827819848545235,0.02630530091669988,10,violation_7plus,0.5120481927710844,0.28313253012048195,21,violation_7plus,0.6470588235294118,0.6470588235294118
guarded_backtranslation,no_thinking_merged__bethgelab-146,652ad4ed5affc62698e2c395d4c32c9181dc6c617e96278277aef11508225f9a,generated,11,violation_7plus,0.06382978723404255,0.042151746286631875,10,violation_7plus,0.5120481927710844,0.28313253012048195,21,violation_7plus,0.6470588235294118,0.6470588235294118
original,no_thinking_merged__bethgelab-112,fd503644a165f9bc44ed1d8e0b01741c9a7a31567f0ed9ff46878c83c3d718d7,generated,18,violation_7plus,0.24056813138038172,0.18375499334221038,4,within_5,0.0,0.0,28,violation_7plus,0.7735849056603774,0.7735849056603774
raw_backtranslation,no_thinking_merged__bethgelab-112,fd503644a165f9bc44ed1d8e0b01741c9a7a31567f0ed9ff46878c83c3d718d7,generated,16,violation_7plus,0.13391304347826086,0.08956521739130435,4,within_5,0.0,0.0,28,violation_7plus,0.7735849056603774,0.7735849056603774
guarded_backtranslation,no_thinking_merged__bethgelab-112,fd503644a165f9bc44ed1d8e0b01741c9a7a31567f0ed9ff46878c83c3d718d7,generated,18,violation_7plus,0.18546255506607928,0.1511013215859031,4,within_5,0.0,0.0,28,violation_7plus,0.7735849056603774,0.7735849056603774
original,no_thinking_merged__bethgelab-142,830533425e592db6ae69cda4bfdb7398a3102bbfa4953317c0543f0bf6970206,generated,20,violation_7plus,0.10087517273146016,0.06771073238139107,4,within_5,0.0,0.0,15,violation_7plus,0.4032258064516129,0.4032258064516129
raw_backtranslation,no_thinking_merged__bethgelab-142,830533425e592db6ae69cda4bfdb7398a3102bbfa4953317c0543f0bf6970206,generated,20,violation_7plus,0.05826126536185708,0.03641329085116067,4,within_5,0.0,0.0,15,violation_7plus,0.4032258064516129,0.4032258064516129
guarded_backtranslation,no_thinking_merged__bethgelab-142,830533425e592db6ae69cda4bfdb7398a3102bbfa4953317c0543f0bf6970206,generated,20,violation_7plus,0.07748739110499771,0.055479138010087116,4,within_5,0.0,0.0,15,violation_7plus,0.4032258064516129,0.4032258064516129
original,no_thinking_merged__bethgelab-122,bd6e5c628a12f9f4d83f4e3b0b6cb632a31e625a05a4d8ed7cd768b4fc24bd0e,generated,14,violation_7plus,0.0917186108637578,0.05699020480854853,7,violation_7plus,0.0220125786163522,0.0220125786163522,25,violation_7plus,0.7058823529411765,0.7058823529411765
raw_backtranslation,no_thinking_merged__bethgelab-122,bd6e5c628a12f9f4d83f4e3b0b6cb632a31e625a05a4d8ed7cd768b4fc24bd0e,generated,14,violation_7plus,0.057932263814616754,0.0338680926916221,7,violation_7plus,0.0220125786163522,0.0220125786163522,25,violation_7plus,0.7058823529411765,0.7058823529411765
guarded_backtranslation,no_thinking_merged__bethgelab-122,bd6e5c628a12f9f4d83f4e3b0b6cb632a31e625a05a4d8ed7cd768b4fc24bd0e,generated,14,violation_7plus,0.06752554420257663,0.043536206130608615,7,violation_7plus,0.0220125786163522,0.0220125786163522,25,violation_7plus,0.7058823529411765,0.7058823529411765
original,no_thinking_merged__bethgelab-105,d1ec0b551238dc7b332ba8c3fe0cb88f73a421e70e4d348a65a49b63bf7de3bb,generated,14,violation_7plus,0.13927048792041685,0.1222169587873046,4,within_5,0.0,0.0,15,violation_7plus,0.45454545454545453,0.45454545454545453
raw_backtranslation,no_thinking_merged__bethgelab-105,d1ec0b551238dc7b332ba8c3fe0cb88f73a421e70e4d348a65a49b63bf7de3bb,generated,12,violation_7plus,0.06716768435885392,0.058713010803193987,4,within_5,0.0,0.0,15,violation_7plus,0.45454545454545453,0.45454545454545453
guarded_backtranslation,no_thinking_merged__bethgelab-105,d1ec0b551238dc7b332ba8c3fe0cb88f73a421e70e4d348a65a49b63bf7de3bb,generated,14,violation_7plus,0.10075685903500473,0.08940397350993377,4,within_5,0.0,0.0,15,violation_7plus,0.45454545454545453,0.45454545454545453
original,no_thinking_merged__bethgelab-10033,a58b679a718676aea497bc154517ef17871f3042d404c64fabe61cd28da57afc,generated,16,violation_7plus,0.12545018007202882,0.09663865546218488,5,within_5,0.0,0.0,18,violation_7plus,0.7368421052631579,0.7368421052631579
raw_backtranslation,no_thinking_merged__bethgelab-10033,a58b679a718676aea497bc154517ef17871f3042d404c64fabe61cd28da57afc,generated,13,violation_7plus,0.0855106888361045,0.06769596199524941,5,within_5,0.0,0.0,18,violation_7plus,0.7368421052631579,0.7368421052631579
guarded_backtranslation,no_thinking_merged__bethgelab-10033,a58b679a718676aea497bc154517ef17871f3042d404c64fabe61cd28da57afc,generated,16,violation_7plus,0.11211031175059952,0.08333333333333333,5,within_5,0.0,0.0,18,violation_7plus,0.7368421052631579,0.7368421052631579
original,no_thinking_merged__bethgelab-10019,3fab7067baa7f63946ebe47561ff1d1ce3e60d0971119fc5f58ab5c877f3b5c9,generated,15,violation_7plus,0.1400757166035695,0.08112493239588967,7,violation_7plus,0.08445945945945946,0.02364864864864865,7,violation_7plus,0.19444444444444445,0.19444444444444445
raw_backtranslation,no_thinking_merged__bethgelab-10019,3fab7067baa7f63946ebe47561ff1d1ce3e60d0971119fc5f58ab5c877f3b5c9,generated,9,violation_7plus,0.06423982869379015,0.028907922912205567,7,violation_7plus,0.08445945945945946,0.02364864864864865,7,violation_7plus,0.19444444444444445,0.19444444444444445
guarded_backtranslation,no_thinking_merged__bethgelab-10019,3fab7067baa7f63946ebe47561ff1d1ce3e60d0971119fc5f58ab5c877f3b5c9,generated,15,violation_7plus,0.09967672413793104,0.05441810344827586,7,violation_7plus,0.08445945945945946,0.02364864864864865,7,violation_7plus,0.19444444444444445,0.19444444444444445
original,no_thinking_merged__bethgelab-10028,9ddc1a36ea8172f808bf6608f3c41614f8c1a4ec2635523217fd26b9377a546a,generated,22,violation_7plus,0.11558219178082192,0.08732876712328767,12,violation_7plus,0.21220159151193635,0.14854111405835543,12,violation_7plus,0.1188118811881188,0.1188118811881188
raw_backtranslation,no_thinking_merged__bethgelab-10028,9ddc1a36ea8172f808bf6608f3c41614f8c1a4ec2635523217fd26b9377a546a,generated,14,violation_7plus,0.04541559554413025,0.029991431019708654,12,violation_7plus,0.21220159151193635,0.14854111405835543,12,violation_7plus,0.1188118811881188,0.1188118811881188
guarded_backtranslation,no_thinking_merged__bethgelab-10028,9ddc1a36ea8172f808bf6608f3c41614f8c1a4ec2635523217fd26b9377a546a,generated,22,violation_7plus,0.08706786171574904,0.07682458386683738,12,violation_7plus,0.21220159151193635,0.14854111405835543,12,violation_7plus,0.1188118811881188,0.1188118811881188
original,no_thinking_merged__bethgelab-10021,2446e0dd5be16da1204fedf141879b6bdebf78065b128fc9678b60c6503d9536,generated,14,violation_7plus,0.21814671814671815,0.18725868725868725,5,within_5,0.0,0.0,24,violation_7plus,0.7346938775510204,0.7346938775510204
raw_backtranslation,no_thinking_merged__bethgelab-10021,2446e0dd5be16da1204fedf141879b6bdebf78065b128fc9678b60c6503d9536,generated,11,violation_7plus,0.10693825588796944,0.07638446849140675,5,within_5,0.0,0.0,24,violation_7plus,0.7346938775510204,0.7346938775510204
guarded_backtranslation,no_thinking_merged__bethgelab-10021,2446e0dd5be16da1204fedf141879b6bdebf78065b128fc9678b60c6503d9536,generated,14,violation_7plus,0.14990390775144138,0.13068545803971812,5,within_5,0.0,0.0,24,violation_7plus,0.7346938775510204,0.7346938775510204
original,no_thinking_merged__bethgelab-10004,532e636d9c400b73e899230f07b83f2e3d63e833cdff05dfcaf20da104624d78,generated,18,violation_7plus,0.12148217636022514,0.09052532833020638,6,borderline_6,0.0375,0.0,16,violation_7plus,0.6857142857142857,0.6857142857142857
raw_backtranslation,no_thinking_merged__bethgelab-10004,532e636d9c400b73e899230f07b83f2e3d63e833cdff05dfcaf20da104624d78,generated,10,violation_7plus,0.05732778548312529,0.032362459546925564,6,borderline_6,0.0375,0.0,16,violation_7plus,0.6857142857142857,0.6857142857142857
guarded_backtranslation,no_thinking_merged__bethgelab-10004,532e636d9c400b73e899230f07b83f2e3d63e833cdff05dfcaf20da104624d78,generated,14,violation_7plus,0.0915032679738562,0.06909430438842204,6,borderline_6,0.0375,0.0,16,violation_7plus,0.6857142857142857,0.6857142857142857
original,no_thinking_merged__bethgelab-10047,f0be139b8205277b5f62dc4345c48427d0280afe402b478627635231c0a90071,generated,25,violation_7plus,0.11402946828955797,0.08327994875080078,5,within_5,0.0,0.0,12,violation_7plus,0.7407407407407407,0.7407407407407407
raw_backtranslation,no_thinking_merged__bethgelab-10047,f0be139b8205277b5f62dc4345c48427d0280afe402b478627635231c0a90071,generated,19,violation_7plus,0.05612244897959184,0.025510204081632654,5,within_5,0.0,0.0,12,violation_7plus,0.7407407407407407,0.7407407407407407
guarded_backtranslation,no_thinking_merged__bethgelab-10047,f0be139b8205277b5f62dc4345c48427d0280afe402b478627635231c0a90071,generated,25,violation_7plus,0.0939297124600639,0.07092651757188498,5,within_5,0.0,0.0,12,violation_7plus,0.7407407407407407,0.7407407407407407
original,no_thinking_merged__bethgelab-10013,e463ec5d1757c1fef5033ed44eafb650345ebd9f4b11f8f485ea18b3146d9bc9,generated,16,violation_7plus,0.20225927918235612,0.1441635287789134,5,within_5,0.0,0.0,47,violation_7plus,0.8181818181818182,0.8181818181818182
raw_backtranslation,no_thinking_merged__bethgelab-10013,e463ec5d1757c1fef5033ed44eafb650345ebd9f4b11f8f485ea18b3146d9bc9,generated,10,violation_7plus,0.08509513742071882,0.0660676532769556,5,within_5,0.0,0.0,47,violation_7plus,0.8181818181818182,0.8181818181818182
guarded_backtranslation,no_thinking_merged__bethgelab-10013,e463ec5d1757c1fef5033ed44eafb650345ebd9f4b11f8f485ea18b3146d9bc9,generated,16,violation_7plus,0.14112050739957716,0.11257928118393234,5,within_5,0.0,0.0,47,violation_7plus,0.8181818181818182,0.8181818181818182
original,no_thinking_merged__bethgelab-10038,239b0964b4ee281617cec4a7344b292c5dd05cdc1e07db933a2e9df7fecd52fb,generated,16,violation_7plus,0.12449071978270711,0.08646446355817111,8,violation_7plus,0.2867132867132867,0.06643356643356643,10,violation_7plus,0.2857142857142857,0.2857142857142857
raw_backtranslation,no_thinking_merged__bethgelab-10038,239b0964b4ee281617cec4a7344b292c5dd05cdc1e07db933a2e9df7fecd52fb,generated,9,violation_7plus,0.045658012533572066,0.021486123545210387,8,violation_7plus,0.2867132867132867,0.06643356643356643,10,violation_7plus,0.2857142857142857,0.2857142857142857
guarded_backtranslation,no_thinking_merged__bethgelab-10038,239b0964b4ee281617cec4a7344b292c5dd05cdc1e07db933a2e9df7fecd52fb,generated,16,violation_7plus,0.0997742663656885,0.07539503386004515,8,violation_7plus,0.2867132867132867,0.06643356643356643,10,violation_7plus,0.2857142857142857,0.2857142857142857
original,no_thinking_merged__bethgelab-10000,7fcd8ad1ec13aa789ceccd25ade8944690a8825a63727038dada658417498a13,generated,14,violation_7plus,0.12667304015296368,0.10659655831739961,5,within_5,0.0,0.0,12,violation_7plus,0.42857142857142855,0.2857142857142857
raw_backtranslation,no_thinking_merged__bethgelab-10000,7fcd8ad1ec13aa789ceccd25ade8944690a8825a63727038dada658417498a13,generated,12,violation_7plus,0.06758034026465029,0.052930056710775046,5,within_5,0.0,0.0,12,violation_7plus,0.42857142857142855,0.2857142857142857
guarded_backtranslation,no_thinking_merged__bethgelab-10000,7fcd8ad1ec13aa789ceccd25ade8944690a8825a63727038dada658417498a13,generated,14,violation_7plus,0.09718913768461172,0.08289661743687471,5,within_5,0.0,0.0,12,violation_7plus,0.42857142857142855,0.2857142857142857
original,no_thinking_merged__bethgelab-10003,e7cd528ba416b11b6aab2a6fd81b6328a5833daeb921827420f580cb236ca865,generated,17,violation_7plus,0.1541501976284585,0.11462450592885376,8,violation_7plus,0.3344947735191638,0.1254355400696864,14,violation_7plus,0.6470588235294118,0.6470588235294118
raw_backtranslation,no_thinking_merged__bethgelab-10003,e7cd528ba416b11b6aab2a6fd81b6328a5833daeb921827420f580cb236ca865,generated,12,violation_7plus,0.1013470173187941,0.0782552918537524,8,violation_7plus,0.3344947735191638,0.1254355400696864,14,violation_7plus,0.6470588235294118,0.6470588235294118
guarded_backtranslation,no_thinking_merged__bethgelab-10003,e7cd528ba416b11b6aab2a6fd81b6328a5833daeb921827420f580cb236ca865,generated,12,violation_7plus,0.1033810143042913,0.07607282184655396,8,violation_7plus,0.3344947735191638,0.1254355400696864,14,violation_7plus,0.6470588235294118,0.6470588235294118
original,no_thinking_merged__bethgelab-50039,de19c655db485aa34b7e3387b03aa09cf54da16447b5294399730fc5c45d9003,generated,26,violation_7plus,0.3140428976123027,0.2743828409550789,4,within_5,0.0,0.0,13,violation_7plus,0.3333333333333333,0.3333333333333333
raw_backtranslation,no_thinking_merged__bethgelab-50039,de19c655db485aa34b7e3387b03aa09cf54da16447b5294399730fc5c45d9003,generated,14,violation_7plus,0.13448414291449218,0.11280610196708149,4,within_5,0.0,0.0,13,violation_7plus,0.3333333333333333,0.3333333333333333
guarded_backtranslation,no_thinking_merged__bethgelab-50039,de19c655db485aa34b7e3387b03aa09cf54da16447b5294399730fc5c45d9003,generated,26,violation_7plus,0.22061191626409019,0.2037037037037037,4,within_5,0.0,0.0,13,violation_7plus,0.3333333333333333,0.3333333333333333
original,no_thinking_merged__bethgelab-50043,1e2798147c40faee951910206bf47fa2d91c8860b90000f30454b227d6994df2,generated,14,violation_7plus,0.17497168742921856,0.12061155152887883,6,borderline_6,0.0995850622406639,0.0,12,violation_7plus,0.41379310344827586,0.41379310344827586
raw_backtranslation,no_thinking_merged__bethgelab-50043,1e2798147c40faee951910206bf47fa2d91c8860b90000f30454b227d6994df2,generated,12,violation_7plus,0.09080654258319233,0.05358150028200789,6,borderline_6,0.0995850622406639,0.0,12,violation_7plus,0.41379310344827586,0.41379310344827586
guarded_backtranslation,no_thinking_merged__bethgelab-50043,1e2798147c40faee951910206bf47fa2d91c8860b90000f30454b227d6994df2,generated,14,violation_7plus,0.1273957158962796,0.0834272829763247,6,borderline_6,0.0995850622406639,0.0,12,violation_7plus,0.41379310344827586,0.41379310344827586
original,no_thinking_merged__bethgelab-50033,bf799d730709e4d61998cf1d6c35cf9885ada8045ad414d9e196fb4bf044922a,generated,14,violation_7plus,0.14695695200395845,0.1024245423057892,6,borderline_6,0.04591836734693878,0.0,15,violation_7plus,0.18292682926829268,0.18292682926829268
raw_backtranslation,no_thinking_merged__bethgelab-50033,bf799d730709e4d61998cf1d6c35cf9885ada8045ad414d9e196fb4bf044922a,generated,13,violation_7plus,0.08642578125,0.05712890625,6,borderline_6,0.04591836734693878,0.0,15,violation_7plus,0.18292682926829268,0.18292682926829268
guarded_backtranslation,no_thinking_merged__bethgelab-50033,bf799d730709e4d61998cf1d6c35cf9885ada8045ad414d9e196fb4bf044922a,generated,14,violation_7plus,0.09694881889763779,0.0733267716535433,6,borderline_6,0.04591836734693878,0.0,15,violation_7plus,0.18292682926829268,0.18292682926829268
original,no_thinking_merged__bethgelab-50037,56b77fff220a3b085f018b829126cd45b79cd9032f37052faf9f086717e16629,generated,18,violation_7plus,0.11969111969111969,0.08204633204633205,5,within_5,0.0,0.0,6,borderline_6,0.5454545454545454,0.0
raw_backtranslation,no_thinking_merged__bethgelab-50037,56b77fff220a3b085f018b829126cd45b79cd9032f37052faf9f086717e16629,generated,18,violation_7plus,0.06534365924491771,0.047918683446272994,5,within_5,0.0,0.0,6,borderline_6,0.5454545454545454,0.0
guarded_backtranslation,no_thinking_merged__bethgelab-50037,56b77fff220a3b085f018b829126cd45b79cd9032f37052faf9f086717e16629,generated,18,violation_7plus,0.08647342995169083,0.06328502415458938,5,within_5,0.0,0.0,6,borderline_6,0.5454545454545454,0.0
original,no_thinking_merged__bethgelab-50047,9d6e795b20211d71799050c9282d0c0b9c3838aa8232d78b803accb410b2d33d,generated,17,violation_7plus,0.1947780678851175,0.17806788511749347,16,violation_7plus,0.13011152416356878,0.08550185873605948,17,violation_7plus,0.37777777777777777,0.37777777777777777
raw_backtranslation,no_thinking_merged__bethgelab-50047,9d6e795b20211d71799050c9282d0c0b9c3838aa8232d78b803accb410b2d33d,generated,9,violation_7plus,0.0683453237410072,0.051901336073997946,16,violation_7plus,0.13011152416356878,0.08550185873605948,17,violation_7plus,0.37777777777777777,0.37777777777777777
guarded_backtranslation,no_thinking_merged__bethgelab-50047,9d6e795b20211d71799050c9282d0c0b9c3838aa8232d78b803accb410b2d33d,generated,17,violation_7plus,0.13423517169614985,0.12382934443288242,16,violation_7plus,0.13011152416356878,0.08550185873605948,17,violation_7plus,0.37777777777777777,0.37777777777777777
original,no_thinking_merged__bethgelab-50013,5873692a5abcd2765669d5fab7979f848ab9682d042126b679e3e670e9745efa,generated,17,violation_7plus,0.10147689375893283,0.06098141972367794,5,within_5,0.0,0.0,9,violation_7plus,0.4146341463414634,0.4146341463414634
raw_backtranslation,no_thinking_merged__bethgelab-50013,5873692a5abcd2765669d5fab7979f848ab9682d042126b679e3e670e9745efa,generated,12,violation_7plus,0.05233380480905234,0.0297029702970297,5,within_5,0.0,0.0,9,violation_7plus,0.4146341463414634,0.4146341463414634
guarded_backtranslation,no_thinking_merged__bethgelab-50013,5873692a5abcd2765669d5fab7979f848ab9682d042126b679e3e670e9745efa,generated,17,violation_7plus,0.06886792452830189,0.04622641509433962,5,within_5,0.0,0.0,9,violation_7plus,0.4146341463414634,0.4146341463414634
original,no_thinking_merged__bethgelab-50009,fdf2c95a141e744682aad8f94ea8783a5514e7033960d29fa2961bf8be3a3068,generated,14,violation_7plus,0.27452830188679245,0.21509433962264152,4,within_5,0.0,0.0,16,violation_7plus,0.639344262295082,0.639344262295082
raw_backtranslation,no_thinking_merged__bethgelab-50009,fdf2c95a141e744682aad8f94ea8783a5514e7033960d29fa2961bf8be3a3068,generated,11,violation_7plus,0.11767441860465117,0.06465116279069767,4,within_5,0.0,0.0,16,violation_7plus,0.639344262295082,0.639344262295082
guarded_backtranslation,no_thinking_merged__bethgelab-50009,fdf2c95a141e744682aad8f94ea8783a5514e7033960d29fa2961bf8be3a3068,generated,14,violation_7plus,0.1948235294117647,0.16094117647058823,4,within_5,0.0,0.0,16,violation_7plus,0.639344262295082,0.639344262295082
original,no_thinking_merged__bethgelab-50015,0bf9b205e3a6d1c88f5d9b2acfe868ac55f05e758fba034533eae6c292c1adee,generated,25,violation_7plus,0.20833333333333334,0.18055555555555555,8,violation_7plus,0.2188679245283019,0.06037735849056604,14,violation_7plus,0.7419354838709677,0.7419354838709677
raw_backtranslation,no_thinking_merged__bethgelab-50015,0bf9b205e3a6d1c88f5d9b2acfe868ac55f05e758fba034533eae6c292c1adee,generated,16,violation_7plus,0.10388856645385955,0.07254788160185723,8,violation_7plus,0.2188679245283019,0.06037735849056604,14,violation_7plus,0.7419354838709677,0.7419354838709677
guarded_backtranslation,no_thinking_merged__bethgelab-50015,0bf9b205e3a6d1c88f5d9b2acfe868ac55f05e758fba034533eae6c292c1adee,generated,25,violation_7plus,0.170421721548238,0.14962449451184287,8,violation_7plus,0.2188679245283019,0.06037735849056604,14,violation_7plus,0.7419354838709677,0.7419354838709677
original,no_thinking_merged__bethgelab-50024,74ce4c9a8bb66ed76aa0bcf2719b37c2f45118dfc537ed9a1a7429457fac9b78,generated,22,violation_7plus,0.25492831541218636,0.22580645161290322,6,borderline_6,0.022813688212927757,0.0,15,violation_7plus,0.2542372881355932,0.2542372881355932
raw_backtranslation,no_thinking_merged__bethgelab-50024,74ce4c9a8bb66ed76aa0bcf2719b37c2f45118dfc537ed9a1a7429457fac9b78,generated,15,violation_7plus,0.11312417145382236,0.08705258506407423,6,borderline_6,0.022813688212927757,0.0,15,violation_7plus,0.2542372881355932,0.2542372881355932
guarded_backtranslation,no_thinking_merged__bethgelab-50024,74ce4c9a8bb66ed76aa0bcf2719b37c2f45118dfc537ed9a1a7429457fac9b78,generated,22,violation_7plus,0.184070796460177,0.16592920353982302,6,borderline_6,0.022813688212927757,0.0,15,violation_7plus,0.2542372881355932,0.2542372881355932
original,no_thinking_merged__bethgelab-50028,67b0f14459545eb0cb90ba33ad7dd4e3e7288a9289fa58f9000ee9ffb9d945e1,generated,12,violation_7plus,0.10668380462724936,0.0702656383890317,9,violation_7plus,0.1557377049180328,0.02459016393442623,12,violation_7plus,0.42857142857142855,0.42857142857142855
raw_backtranslation,no_thinking_merged__bethgelab-50028,67b0f14459545eb0cb90ba33ad7dd4e3e7288a9289fa58f9000ee9ffb9d945e1,generated,13,violation_7plus,0.06059322033898305,0.030084745762711865,9,violation_7plus,0.1557377049180328,0.02459016393442623,12,violation_7plus,0.42857142857142855,0.42857142857142855
guarded_backtranslation,no_thinking_merged__bethgelab-50028,67b0f14459545eb0cb90ba33ad7dd4e3e7288a9289fa58f9000ee9ffb9d945e1,generated,12,violation_7plus,0.08251389482684908,0.05686190679777683,9,violation_7plus,0.1557377049180328,0.02459016393442623,12,violation_7plus,0.42857142857142855,0.42857142857142855
original,no_thinking_merged__bethgelab-100037,475da814ff8aee7689b47bcfab425741f38e34a74e4e6dbfca2d6ed825526487,generated,15,violation_7plus,0.18106995884773663,0.12815990593768373,6,borderline_6,0.02702702702702703,0.0,29,violation_7plus,0.5370370370370371,0.5370370370370371
raw_backtranslation,no_thinking_merged__bethgelab-100037,475da814ff8aee7689b47bcfab425741f38e34a74e4e6dbfca2d6ed825526487,generated,11,violation_7plus,0.11028571428571429,0.06571428571428571,6,borderline_6,0.02702702702702703,0.0,29,violation_7plus,0.5370370370370371,0.5370370370370371
guarded_backtranslation,no_thinking_merged__bethgelab-100037,475da814ff8aee7689b47bcfab425741f38e34a74e4e6dbfca2d6ed825526487,generated,15,violation_7plus,0.15586690017513136,0.1138353765323993,6,borderline_6,0.02702702702702703,0.0,29,violation_7plus,0.5370370370370371,0.5370370370370371
original,no_thinking_merged__bethgelab-100048,894ece07744c3dff9486aad1b6536dbe0bef2872acbdf6fa5c7a027af65b2b72,generated,15,violation_7plus,0.1472457627118644,0.125,9,violation_7plus,0.09540636042402827,0.03180212014134275,18,violation_7plus,0.7380952380952381,0.7380952380952381
raw_backtranslation,no_thinking_merged__bethgelab-100048,894ece07744c3dff9486aad1b6536dbe0bef2872acbdf6fa5c7a027af65b2b72,generated,14,violation_7plus,0.0628245067497404,0.05036344755970924,9,violation_7plus,0.09540636042402827,0.03180212014134275,18,violation_7plus,0.7380952380952381,0.7380952380952381
guarded_backtranslation,no_thinking_merged__bethgelab-100048,894ece07744c3dff9486aad1b6536dbe0bef2872acbdf6fa5c7a027af65b2b72,generated,15,violation_7plus,0.08772845953002611,0.0814621409921671,9,violation_7plus,0.09540636042402827,0.03180212014134275,18,violation_7plus,0.7380952380952381,0.7380952380952381
original,no_thinking_merged__bethgelab-100002,9cfd749620877169e7af30ce0e929738eab4d6b0c917acbbc6b9983017bb5044,generated,18,violation_7plus,0.16310160427807488,0.11818181818181818,7,violation_7plus,0.18562874251497005,0.041916167664670656,11,violation_7plus,0.19642857142857142,0.19642857142857142
raw_backtranslation,no_thinking_merged__bethgelab-100002,9cfd749620877169e7af30ce0e929738eab4d6b0c917acbbc6b9983017bb5044,generated,18,violation_7plus,0.09319371727748692,0.05235602094240838,7,violation_7plus,0.18562874251497005,0.041916167664670656,11,violation_7plus,0.19642857142857142,0.19642857142857142
guarded_backtranslation,no_thinking_merged__bethgelab-100002,9cfd749620877169e7af30ce0e929738eab4d6b0c917acbbc6b9983017bb5044,generated,18,violation_7plus,0.12208067940552017,0.09023354564755838,7,violation_7plus,0.18562874251497005,0.041916167664670656,11,violation_7plus,0.19642857142857142,0.19642857142857142
original,no_thinking_merged__bethgelab-100001,1dad06f32bca0d6bab2e043a9a5f11a944b26effd7412130afeace3d9f30574c,generated,21,violation_7plus,0.1653012048192771,0.11903614457831325,6,borderline_6,0.02564102564102564,0.0,18,violation_7plus,0.45,0.45
raw_backtranslation,no_thinking_merged__bethgelab-100001,1dad06f32bca0d6bab2e043a9a5f11a944b26effd7412130afeace3d9f30574c,generated,14,violation_7plus,0.0857551214864221,0.06288708909004288,6,borderline_6,0.02564102564102564,0.0,18,violation_7plus,0.45,0.45
guarded_backtranslation,no_thinking_merged__bethgelab-100001,1dad06f32bca0d6bab2e043a9a5f11a944b26effd7412130afeace3d9f30574c,generated,21,violation_7plus,0.11883085769046478,0.09583133684714902,6,borderline_6,0.02564102564102564,0.0,18,violation_7plus,0.45,0.45
original,no_thinking_merged__bethgelab-100003,191f8cffbe90985061b6946db049ff8f556f014bb0268187a365732f60fc01eb,generated,19,violation_7plus,0.21940071102082276,0.17673946165566276,5,within_5,0.0,0.0,18,violation_7plus,0.34615384615384615,0.34615384615384615
raw_backtranslation,no_thinking_merged__bethgelab-100003,191f8cffbe90985061b6946db049ff8f556f014bb0268187a365732f60fc01eb,generated,12,violation_7plus,0.0791295746785361,0.043521266073194856,5,within_5,0.0,0.0,18,violation_7plus,0.34615384615384615,0.34615384615384615
guarded_backtranslation,no_thinking_merged__bethgelab-100003,191f8cffbe90985061b6946db049ff8f556f014bb0268187a365732f60fc01eb,generated,16,violation_7plus,0.13693153423288357,0.10994502748625687,5,within_5,0.0,0.0,18,violation_7plus,0.34615384615384615,0.34615384615384615
original,no_thinking_merged__bethgelab-100040,baacd8ccf76122818d147f4282a2a0720bbbbe1b1352bdfd10d8d2a97abbf7f0,generated,11,violation_7plus,0.1167095115681234,0.08894601542416453,6,borderline_6,0.022813688212927757,0.0,38,violation_7plus,0.8421052631578947,0.8421052631578947
raw_backtranslation,no_thinking_merged__bethgelab-100040,baacd8ccf76122818d147f4282a2a0720bbbbe1b1352bdfd10d8d2a97abbf7f0,generated,11,violation_7plus,0.05572441742654509,0.025329280648429583,6,borderline_6,0.022813688212927757,0.0,38,violation_7plus,0.8421052631578947,0.8421052631578947
guarded_backtranslation,no_thinking_merged__bethgelab-100040,baacd8ccf76122818d147f4282a2a0720bbbbe1b1352bdfd10d8d2a97abbf7f0,generated,11,violation_7plus,0.07881269191402251,0.05424769703172978,6,borderline_6,0.022813688212927757,0.0,38,violation_7plus,0.8421052631578947,0.8421052631578947
original,no_thinking_merged__bethgelab-100027,d0a94ffc1733d8e398e0d039e28cff7e4b6cb5d0c12246b1bea4712d3ea0c6ac,generated,16,violation_7plus,0.3131478450627387,0.24822695035460993,5,within_5,0.0,0.0,24,violation_7plus,0.7307692307692307,0.7307692307692307
raw_backtranslation,no_thinking_merged__bethgelab-100027,d0a94ffc1733d8e398e0d039e28cff7e4b6cb5d0c12246b1bea4712d3ea0c6ac,generated,14,violation_7plus,0.13319126265316994,0.10175812466702185,5,within_5,0.0,0.0,24,violation_7plus,0.7307692307692307,0.7307692307692307
guarded_backtranslation,no_thinking_merged__bethgelab-100027,d0a94ffc1733d8e398e0d039e28cff7e4b6cb5d0c12246b1bea4712d3ea0c6ac,generated,16,violation_7plus,0.19292604501607716,0.15166130760986066,5,within_5,0.0,0.0,24,violation_7plus,0.7307692307692307,0.7307692307692307
original,no_thinking_merged__bethgelab-100026,76809edc3a81a1b01bf93be36eb56d891fdab656023bbf75ddf1a39e60d592f2,generated,16,violation_7plus,0.17875920084121977,0.13144058885383805,6,borderline_6,0.019933554817275746,0.0,15,violation_7plus,0.3125,0.3125
raw_backtranslation,no_thinking_merged__bethgelab-100026,76809edc3a81a1b01bf93be36eb56d891fdab656023bbf75ddf1a39e60d592f2,generated,16,violation_7plus,0.10751565762004175,0.07881002087682672,6,borderline_6,0.019933554817275746,0.0,15,violation_7plus,0.3125,0.3125
guarded_backtranslation,no_thinking_merged__bethgelab-100026,76809edc3a81a1b01bf93be36eb56d891fdab656023bbf75ddf1a39e60d592f2,generated,16,violation_7plus,0.14180672268907563,0.10399159663865547,6,borderline_6,0.019933554817275746,0.0,15,violation_7plus,0.3125,0.3125
original,no_thinking_merged__bethgelab-100015,b2c521e823368d1812a8d64440899ae15551afa85a6d1109d734898ee3b5a08f,generated,12,violation_7plus,0.12296416938110749,0.08876221498371335,7,violation_7plus,0.022292993630573247,0.022292993630573247,14,violation_7plus,0.16666666666666666,0.16666666666666666
raw_backtranslation,no_thinking_merged__bethgelab-100015,b2c521e823368d1812a8d64440899ae15551afa85a6d1109d734898ee3b5a08f,generated,9,violation_7plus,0.04881000403388463,0.04154901169826543,7,violation_7plus,0.022292993630573247,0.022292993630573247,14,violation_7plus,0.16666666666666666,0.16666666666666666
guarded_backtranslation,no_thinking_merged__bethgelab-100015,b2c521e823368d1812a8d64440899ae15551afa85a6d1109d734898ee3b5a08f,generated,12,violation_7plus,0.08191403081914031,0.06731549067315491,7,violation_7plus,0.022292993630573247,0.022292993630573247,14,violation_7plus,0.16666666666666666,0.16666666666666666
original,no_thinking_merged__bethgelab-200048,868744c1a1f5d91dd97bfb5ee1697b8b7bfdd53298d0e513d7c45b76472ec6d7,generated,20,violation_7plus,0.2107843137254902,0.15784313725490196,5,within_5,0.0,0.0,25,violation_7plus,0.35714285714285715,0.35714285714285715
raw_backtranslation,no_thinking_merged__bethgelab-200048,868744c1a1f5d91dd97bfb5ee1697b8b7bfdd53298d0e513d7c45b76472ec6d7,generated,11,violation_7plus,0.0905587668593449,0.041425818882466284,5,within_5,0.0,0.0,25,violation_7plus,0.35714285714285715,0.35714285714285715
guarded_backtranslation,no_thinking_merged__bethgelab-200048,868744c1a1f5d91dd97bfb5ee1697b8b7bfdd53298d0e513d7c45b76472ec6d7,generated,20,violation_7plus,0.16910331384015595,0.12816764132553607,5,within_5,0.0,0.0,25,violation_7plus,0.35714285714285715,0.35714285714285715
original,no_thinking_merged__bethgelab-200024,88a116c99d1eea1a867a05ba40ecabf52cfe821203f2034181a21d74d59d63c8,generated,18,violation_7plus,0.2290400972053463,0.1755771567436209,5,within_5,0.0,0.0,45,violation_7plus,0.7323943661971831,0.7323943661971831
raw_backtranslation,no_thinking_merged__bethgelab-200024,88a116c99d1eea1a867a05ba40ecabf52cfe821203f2034181a21d74d59d63c8,generated,10,violation_7plus,0.10029154518950437,0.07230320699708455,5,within_5,0.0,0.0,45,violation_7plus,0.7323943661971831,0.7323943661971831
guarded_backtranslation,no_thinking_merged__bethgelab-200024,88a116c99d1eea1a867a05ba40ecabf52cfe821203f2034181a21d74d59d63c8,generated,18,violation_7plus,0.1497294046903187,0.10883944678292243,5,within_5,0.0,0.0,45,violation_7plus,0.7323943661971831,0.7323943661971831
original,no_thinking_merged__bethgelab-200047,f4bd42a8da057cea05f258f7ffd5ed924b47d6381a7e6b2b4a5a5795c6c9aaba,generated,19,violation_7plus,0.14591078066914498,0.12360594795539033,8,violation_7plus,0.23270440251572327,0.13836477987421383,13,violation_7plus,0.3023255813953488,0.3023255813953488
raw_backtranslation,no_thinking_merged__bethgelab-200047,f4bd42a8da057cea05f258f7ffd5ed924b47d6381a7e6b2b4a5a5795c6c9aaba,generated,14,violation_7plus,0.08969641214351426,0.06485740570377185,8,violation_7plus,0.23270440251572327,0.13836477987421383,13,violation_7plus,0.3023255813953488,0.3023255813953488
guarded_backtranslation,no_thinking_merged__bethgelab-200047,f4bd42a8da057cea05f258f7ffd5ed924b47d6381a7e6b2b4a5a5795c6c9aaba,generated,19,violation_7plus,0.12285581826611033,0.10894761242466389,8,violation_7plus,0.23270440251572327,0.13836477987421383,13,violation_7plus,0.3023255813953488,0.3023255813953488
original,no_thinking_merged__bethgelab-200042,a995598c9dc8909ce7b487753c1ee613113c93393e7f9297e629c21751490704,generated,19,violation_7plus,0.2897755610972569,0.22394014962593517,4,within_5,0.0,0.0,17,violation_7plus,0.425,0.425
raw_backtranslation,no_thinking_merged__bethgelab-200042,a995598c9dc8909ce7b487753c1ee613113c93393e7f9297e629c21751490704,generated,17,violation_7plus,0.13142292490118576,0.09288537549407115,4,within_5,0.0,0.0,17,violation_7plus,0.425,0.425
guarded_backtranslation,no_thinking_merged__bethgelab-200042,a995598c9dc8909ce7b487753c1ee613113c93393e7f9297e629c21751490704,generated,19,violation_7plus,0.21831683168316832,0.18267326732673267,4,within_5,0.0,0.0,17,violation_7plus,0.425,0.425
original,no_thinking_merged__bethgelab-200004,d7535eed5d733ab833691ced999c404380d4967457d1ed8b9198f1296b8dab6f,generated,13,violation_7plus,0.08980716253443526,0.06005509641873278,5,within_5,0.0,0.0,8,violation_7plus,0.1951219512195122,0.1951219512195122
raw_backtranslation,no_thinking_merged__bethgelab-200004,d7535eed5d733ab833691ced999c404380d4967457d1ed8b9198f1296b8dab6f,generated,9,violation_7plus,0.047540983606557376,0.03114754098360656,5,within_5,0.0,0.0,8,violation_7plus,0.1951219512195122,0.1951219512195122
guarded_backtranslation,no_thinking_merged__bethgelab-200004,d7535eed5d733ab833691ced999c404380d4967457d1ed8b9198f1296b8dab6f,generated,13,violation_7plus,0.05306345733041575,0.03665207877461707,5,within_5,0.0,0.0,8,violation_7plus,0.1951219512195122,0.1951219512195122
original,no_thinking_merged__bethgelab-200021,aa7c3ced0095dfd12cb4e186f48684b79bc4bba351a31f42602b16e434d00d21,generated,25,violation_7plus,0.2113237639553429,0.14513556618819776,7,violation_7plus,0.023728813559322035,0.023728813559322035,14,violation_7plus,0.14583333333333334,0.14583333333333334
raw_backtranslation,no_thinking_merged__bethgelab-200021,aa7c3ced0095dfd12cb4e186f48684b79bc4bba351a31f42602b16e434d00d21,generated,12,violation_7plus,0.10067114093959731,0.058823529411764705,7,violation_7plus,0.023728813559322035,0.023728813559322035,14,violation_7plus,0.14583333333333334,0.14583333333333334
guarded_backtranslation,no_thinking_merged__bethgelab-200021,aa7c3ced0095dfd12cb4e186f48684b79bc4bba351a31f42602b16e434d00d21,generated,25,violation_7plus,0.15998412068281065,0.11790393013100436,7,violation_7plus,0.023728813559322035,0.023728813559322035,14,violation_7plus,0.14583333333333334,0.14583333333333334
original,no_thinking_merged__bethgelab-200016,218b16eeb02da5827f5c0724d2d42f966ee250105fe6b2da4daabaee84f52ef5,generated,14,violation_7plus,0.22977178423236513,0.1654564315352697,5,within_5,0.0,0.0,15,violation_7plus,0.36585365853658536,0.36585365853658536
raw_backtranslation,no_thinking_merged__bethgelab-200016,218b16eeb02da5827f5c0724d2d42f966ee250105fe6b2da4daabaee84f52ef5,generated,14,violation_7plus,0.07719123505976096,0.04731075697211155,5,within_5,0.0,0.0,15,violation_7plus,0.36585365853658536,0.36585365853658536
guarded_backtranslation,no_thinking_merged__bethgelab-200016,218b16eeb02da5827f5c0724d2d42f966ee250105fe6b2da4daabaee84f52ef5,generated,14,violation_7plus,0.1739795918367347,0.13010204081632654,5,within_5,0.0,0.0,15,violation_7plus,0.36585365853658536,0.36585365853658536
original,no_thinking_merged__bethgelab-200019,e049827f21769b52fbc4a147774761c10e8dbacc20474376debb2a0a64b649d5,generated,11,violation_7plus,0.07049608355091384,0.0422976501305483,7,violation_7plus,0.050980392156862744,0.027450980392156862,19,violation_7plus,0.7368421052631579,0.7368421052631579
raw_backtranslation,no_thinking_merged__bethgelab-200019,e049827f21769b52fbc4a147774761c10e8dbacc20474376debb2a0a64b649d5,generated,11,violation_7plus,0.035844155844155845,0.014025974025974027,7,violation_7plus,0.050980392156862744,0.027450980392156862,19,violation_7plus,0.7368421052631579,0.7368421052631579
guarded_backtranslation,no_thinking_merged__bethgelab-200019,e049827f21769b52fbc4a147774761c10e8dbacc20474376debb2a0a64b649d5,generated,11,violation_7plus,0.04950495049504951,0.027618551328817093,7,violation_7plus,0.050980392156862744,0.027450980392156862,19,violation_7plus,0.7368421052631579,0.7368421052631579
original,no_thinking_matched__arxiv-10038,24a37c6b6db0ee62ff090f572c9194655408da9a292e549fdc74619fc8b81100,generated,13,violation_7plus,0.13196069255966308,0.07908282639213851,4,within_5,0.0,0.0,6,borderline_6,0.21428571428571427,0.0
raw_backtranslation,no_thinking_matched__arxiv-10038,24a37c6b6db0ee62ff090f572c9194655408da9a292e549fdc74619fc8b81100,generated,12,violation_7plus,0.08065268065268065,0.03776223776223776,4,within_5,0.0,0.0,6,borderline_6,0.21428571428571427,0.0
guarded_backtranslation,no_thinking_matched__arxiv-10038,24a37c6b6db0ee62ff090f572c9194655408da9a292e549fdc74619fc8b81100,generated,13,violation_7plus,0.1109031352363126,0.07206364061768834,4,within_5,0.0,0.0,6,borderline_6,0.21428571428571427,0.0
original,no_thinking_matched__arxiv-1000016,895157f678d1f98628533078c0ff15f6dfccc12ebb1d01affd68efeb091022b8,generated,14,violation_7plus,0.14300464636035107,0.10273618998451213,7,violation_7plus,0.10491803278688525,0.04590163934426229,6,borderline_6,0.24,0.0
raw_backtranslation,no_thinking_matched__arxiv-1000016,895157f678d1f98628533078c0ff15f6dfccc12ebb1d01affd68efeb091022b8,generated,12,violation_7plus,0.08415074858027878,0.06504904491481672,7,violation_7plus,0.10491803278688525,0.04590163934426229,6,borderline_6,0.24,0.0
guarded_backtranslation,no_thinking_matched__arxiv-1000016,895157f678d1f98628533078c0ff15f6dfccc12ebb1d01affd68efeb091022b8,generated,14,violation_7plus,0.11710323574730354,0.08320493066255778,7,violation_7plus,0.10491803278688525,0.04590163934426229,6,borderline_6,0.24,0.0
original,no_thinking_matched__arxiv-1000037,755fec684fcd75ff65b30b7913aa52f89c97f586ad8268ada81e9061329c82ad,generated,22,violation_7plus,0.1406423034330011,0.13344407530454042,4,within_5,0.0,0.0,9,violation_7plus,0.17307692307692307,0.17307692307692307
raw_backtranslation,no_thinking_matched__arxiv-1000037,755fec684fcd75ff65b30b7913aa52f89c97f586ad8268ada81e9061329c82ad,generated,8,violation_7plus,0.04331140350877193,0.03673245614035088,4,within_5,0.0,0.0,9,violation_7plus,0.17307692307692307,0.17307692307692307
guarded_backtranslation,no_thinking_matched__arxiv-1000037,755fec684fcd75ff65b30b7913aa52f89c97f586ad8268ada81e9061329c82ad,generated,22,violation_7plus,0.11589403973509933,0.1153421633554084,4,within_5,0.0,0.0,9,violation_7plus,0.17307692307692307,0.17307692307692307
original,no_thinking_matched__arxiv-10019,e417f9d8113e4f9e3d4d71d407c61db9b570026bd9f7b6668fc1e8c16d596cf1,generated,9,violation_7plus,0.046511627906976744,0.026427061310782242,10,violation_7plus,0.43137254901960786,0.38095238095238093,10,violation_7plus,0.13333333333333333,0.13333333333333333
raw_backtranslation,no_thinking_matched__arxiv-10019,e417f9d8113e4f9e3d4d71d407c61db9b570026bd9f7b6668fc1e8c16d596cf1,generated,9,violation_7plus,0.020323084940072955,0.017196456487754037,10,violation_7plus,0.43137254901960786,0.38095238095238093,10,violation_7plus,0.13333333333333333,0.13333333333333333
guarded_backtranslation,no_thinking_matched__arxiv-10019,e417f9d8113e4f9e3d4d71d407c61db9b570026bd9f7b6668fc1e8c16d596cf1,generated,9,violation_7plus,0.02612330198537095,0.02612330198537095,10,violation_7plus,0.43137254901960786,0.38095238095238093,10,violation_7plus,0.13333333333333333,0.13333333333333333
original,no_thinking_matched__bethgelab-128,1a480e5fcb0ae03c15bc9631db3dd30b1acc16364655c063171f180297692852,generated,16,violation_7plus,0.14971209213051823,0.10940499040307101,11,violation_7plus,0.4105504587155963,0.30045871559633025,11,violation_7plus,0.5862068965517241,0.3793103448275862
raw_backtranslation,no_thinking_matched__bethgelab-128,1a480e5fcb0ae03c15bc9631db3dd30b1acc16364655c063171f180297692852,generated,16,violation_7plus,0.04836415362731152,0.04267425320056899,11,violation_7plus,0.4105504587155963,0.30045871559633025,11,violation_7plus,0.5862068965517241,0.3793103448275862
guarded_backtranslation,no_thinking_matched__bethgelab-128,1a480e5fcb0ae03c15bc9631db3dd30b1acc16364655c063171f180297692852,generated,16,violation_7plus,0.08007626310772165,0.06291706387035272,11,violation_7plus,0.4105504587155963,0.30045871559633025,11,violation_7plus,0.5862068965517241,0.3793103448275862
original,no_thinking_matched__bethgelab-50037,56b77fff220a3b085f018b829126cd45b79cd9032f37052faf9f086717e16629,generated,23,violation_7plus,0.15463510848126233,0.11439842209072978,11,violation_7plus,0.5642276422764227,0.34959349593495936,6,borderline_6,0.5714285714285714,0.0
raw_backtranslation,no_thinking_matched__bethgelab-50037,56b77fff220a3b085f018b829126cd45b79cd9032f37052faf9f086717e16629,generated,18,violation_7plus,0.08050019538882376,0.0523642047674873,11,violation_7plus,0.5642276422764227,0.34959349593495936,6,borderline_6,0.5714285714285714,0.0
guarded_backtranslation,no_thinking_matched__bethgelab-50037,56b77fff220a3b085f018b829126cd45b79cd9032f37052faf9f086717e16629,generated,23,violation_7plus,0.10735351946519858,0.08375933936295714,11,violation_7plus,0.5642276422764227,0.34959349593495936,6,borderline_6,0.5714285714285714,0.0
