condition,document_id,source_sha256,status,narrative_longest_match,narrative_classification,narrative_coverage_6plus,narrative_coverage_7plus,evidence_longest_match,evidence_classification,evidence_coverage_6plus,evidence_coverage_7plus,metadata_longest_match,metadata_classification,metadata_coverage_6plus,metadata_coverage_7plus
original,no_thinking_fp8__arxiv-121,d3a694eff94f3b4b16cb0b402152cc9c29d7beea9452d1d41f2e94d279cf97fc,generated,13,violation_7plus,0.1814497973885637,0.12742008104457453,12,violation_7plus,0.5853658536585366,0.4523281596452328,13,violation_7plus,0.125,0.125
raw_backtranslation,no_thinking_fp8__arxiv-121,d3a694eff94f3b4b16cb0b402152cc9c29d7beea9452d1d41f2e94d279cf97fc,generated,10,violation_7plus,0.06593406593406594,0.036923076923076927,12,violation_7plus,0.5853658536585366,0.4523281596452328,13,violation_7plus,0.125,0.125
guarded_backtranslation,no_thinking_fp8__arxiv-121,d3a694eff94f3b4b16cb0b402152cc9c29d7beea9452d1d41f2e94d279cf97fc,generated,13,violation_7plus,0.12192943278249219,0.08441268423403304,12,violation_7plus,0.5853658536585366,0.4523281596452328,13,violation_7plus,0.125,0.125
original,no_thinking_fp8__arxiv-126,1930d76ba55aeb0001455f2343b31339a7ebd4c1eaa1881c3cc97bef9f4572d8,generated,32,violation_7plus,0.22130013831258644,0.1991701244813278,9,violation_7plus,0.2802197802197802,0.13186813186813187,11,violation_7plus,0.22,0.22
raw_backtranslation,no_thinking_fp8__arxiv-126,1930d76ba55aeb0001455f2343b31339a7ebd4c1eaa1881c3cc97bef9f4572d8,generated,12,violation_7plus,0.10138248847926268,0.07649769585253456,9,violation_7plus,0.2802197802197802,0.13186813186813187,11,violation_7plus,0.22,0.22
guarded_backtranslation,no_thinking_fp8__arxiv-126,1930d76ba55aeb0001455f2343b31339a7ebd4c1eaa1881c3cc97bef9f4572d8,generated,32,violation_7plus,0.16819852941176472,0.1488970588235294,9,violation_7plus,0.2802197802197802,0.13186813186813187,11,violation_7plus,0.22,0.22
original,no_thinking_fp8__arxiv-107,0cd232f1e6f19c1c792956fba6b6706d8bea94915ea3ed46590d6db698f415ec,generated,28,violation_7plus,0.2423146473779385,0.20253164556962025,4,within_5,0.0,0.0,12,violation_7plus,0.6551724137931034,0.6551724137931034
raw_backtranslation,no_thinking_fp8__arxiv-107,0cd232f1e6f19c1c792956fba6b6706d8bea94915ea3ed46590d6db698f415ec,generated,12,violation_7plus,0.10011990407673861,0.06294964028776978,4,within_5,0.0,0.0,12,violation_7plus,0.6551724137931034,0.6551724137931034
guarded_backtranslation,no_thinking_fp8__arxiv-107,0cd232f1e6f19c1c792956fba6b6706d8bea94915ea3ed46590d6db698f415ec,generated,28,violation_7plus,0.20169082125603865,0.16908212560386474,4,within_5,0.0,0.0,12,violation_7plus,0.6551724137931034,0.6551724137931034
original,no_thinking_fp8__arxiv-102,0c59df13d1c8367c898c64adf0337dbe33ef3a348ba4acfd31151d353d722102,generated,9,violation_7plus,0.037296037296037296,0.018648018648018648,9,violation_7plus,0.35714285714285715,0.12337662337662338,10,violation_7plus,0.45454545454545453,0.45454545454545453
raw_backtranslation,no_thinking_fp8__arxiv-102,0c59df13d1c8367c898c64adf0337dbe33ef3a348ba4acfd31151d353d722102,generated,8,violation_7plus,0.02558139534883721,0.011627906976744186,9,violation_7plus,0.35714285714285715,0.12337662337662338,10,violation_7plus,0.45454545454545453,0.45454545454545453
guarded_backtranslation,no_thinking_fp8__arxiv-102,0c59df13d1c8367c898c64adf0337dbe33ef3a348ba4acfd31151d353d722102,generated,8,violation_7plus,0.030326594090202177,0.01166407465007776,9,violation_7plus,0.35714285714285715,0.12337662337662338,10,violation_7plus,0.45454545454545453,0.45454545454545453
original,no_thinking_fp8__arxiv-136,675c74bc3e304a4e6d1d06fd23fa795e5096b7bc80ba498817dfc0d663e7a07e,generated,13,violation_7plus,0.16777308388654194,0.1351840675920338,4,within_5,0.0,0.0,8,violation_7plus,0.13114754098360656,0.13114754098360656
raw_backtranslation,no_thinking_fp8__arxiv-136,675c74bc3e304a4e6d1d06fd23fa795e5096b7bc80ba498817dfc0d663e7a07e,generated,10,violation_7plus,0.0477326968973747,0.029832935560859187,4,within_5,0.0,0.0,8,violation_7plus,0.13114754098360656,0.13114754098360656
guarded_backtranslation,no_thinking_fp8__arxiv-136,675c74bc3e304a4e6d1d06fd23fa795e5096b7bc80ba498817dfc0d663e7a07e,generated,13,violation_7plus,0.09970149253731343,0.07462686567164178,4,within_5,0.0,0.0,8,violation_7plus,0.13114754098360656,0.13114754098360656
original,no_thinking_fp8__arxiv-149,f45fbb1a667f04eaf047241d43a42805720ec0b274912115cad01d051ceff4d0,generated,26,violation_7plus,0.07622298065984073,0.055745164960182024,5,within_5,0.0,0.0,6,borderline_6,0.24,0.0
raw_backtranslation,no_thinking_fp8__arxiv-149,f45fbb1a667f04eaf047241d43a42805720ec0b274912115cad01d051ceff4d0,generated,8,violation_7plus,0.023522662076878944,0.013195639701663799,5,within_5,0.0,0.0,6,borderline_6,0.24,0.0
guarded_backtranslation,no_thinking_fp8__arxiv-149,f45fbb1a667f04eaf047241d43a42805720ec0b274912115cad01d051ceff4d0,generated,13,violation_7plus,0.03876852907639681,0.02508551881413911,5,within_5,0.0,0.0,6,borderline_6,0.24,0.0
original,no_thinking_fp8__arxiv-105,a5125841febadab67901bd0b1697be29074d729a764def41ec6ee04627b65c60,generated,19,violation_7plus,0.24816176470588236,0.21507352941176472,4,within_5,0.0,0.0,11,violation_7plus,0.3793103448275862,0.3793103448275862
raw_backtranslation,no_thinking_fp8__arxiv-105,a5125841febadab67901bd0b1697be29074d729a764def41ec6ee04627b65c60,generated,15,violation_7plus,0.10564663023679417,0.08743169398907104,4,within_5,0.0,0.0,11,violation_7plus,0.3793103448275862,0.3793103448275862
guarded_backtranslation,no_thinking_fp8__arxiv-105,a5125841febadab67901bd0b1697be29074d729a764def41ec6ee04627b65c60,generated,19,violation_7plus,0.2036697247706422,0.181651376146789,4,within_5,0.0,0.0,11,violation_7plus,0.3793103448275862,0.3793103448275862
original,no_thinking_fp8__arxiv-115,42a1ca2ea10daa973bd16846721085d97a9ffe654e95422012ca5159ba4e4b5d,generated,15,violation_7plus,0.07130044843049327,0.04170403587443946,6,borderline_6,0.04460966542750929,0.0,24,violation_7plus,0.82,0.82
raw_backtranslation,no_thinking_fp8__arxiv-115,42a1ca2ea10daa973bd16846721085d97a9ffe654e95422012ca5159ba4e4b5d,generated,11,violation_7plus,0.028455284552845527,0.017615176151761516,6,borderline_6,0.04460966542750929,0.0,24,violation_7plus,0.82,0.82
guarded_backtranslation,no_thinking_fp8__arxiv-115,42a1ca2ea10daa973bd16846721085d97a9ffe654e95422012ca5159ba4e4b5d,generated,15,violation_7plus,0.06337078651685393,0.041797752808988765,6,borderline_6,0.04460966542750929,0.0,24,violation_7plus,0.82,0.82
original,no_thinking_fp8__arxiv-109,efc50660ddd10578ac93db24ab78998d80637d2a0e59f77a07d910d3fc627bd3,generated,23,violation_7plus,0.18594436310395315,0.14202049780380674,8,violation_7plus,0.17261904761904762,0.13690476190476192,16,violation_7plus,0.4489795918367347,0.32653061224489793
raw_backtranslation,no_thinking_fp8__arxiv-109,efc50660ddd10578ac93db24ab78998d80637d2a0e59f77a07d910d3fc627bd3,generated,14,violation_7plus,0.08177008177008177,0.055796055796055795,8,violation_7plus,0.17261904761904762,0.13690476190476192,16,violation_7plus,0.4489795918367347,0.32653061224489793
guarded_backtranslation,no_thinking_fp8__arxiv-109,efc50660ddd10578ac93db24ab78998d80637d2a0e59f77a07d910d3fc627bd3,generated,23,violation_7plus,0.15937803692905733,0.12147716229348883,8,violation_7plus,0.17261904761904762,0.13690476190476192,16,violation_7plus,0.4489795918367347,0.32653061224489793
original,no_thinking_fp8__arxiv-140,60d9760b31c6d22c99e9bd030affca4a6c991004c5b68c4be05b0afcb39308d4,generated,12,violation_7plus,0.13428766189502386,0.0790729379686435,15,violation_7plus,0.437125748502994,0.3652694610778443,6,borderline_6,0.2222222222222222,0.0
raw_backtranslation,no_thinking_fp8__arxiv-140,60d9760b31c6d22c99e9bd030affca4a6c991004c5b68c4be05b0afcb39308d4,generated,8,violation_7plus,0.035326086956521736,0.010869565217391304,15,violation_7plus,0.437125748502994,0.3652694610778443,6,borderline_6,0.2222222222222222,0.0
guarded_backtranslation,no_thinking_fp8__arxiv-140,60d9760b31c6d22c99e9bd030affca4a6c991004c5b68c4be05b0afcb39308d4,generated,9,violation_7plus,0.08577263444520082,0.05105513955071477,15,violation_7plus,0.437125748502994,0.3652694610778443,6,borderline_6,0.2222222222222222,0.0
original,no_thinking_fp8__arxiv-10033,0ab4201a9ac28ed2854d07b9664a6dbb22ed10afdbb21ce3e4e96927a50d1667,generated,17,violation_7plus,0.12915407854984895,0.09516616314199396,6,borderline_6,0.07086614173228346,0.0,53,violation_7plus,0.823076923076923,0.823076923076923
raw_backtranslation,no_thinking_fp8__arxiv-10033,0ab4201a9ac28ed2854d07b9664a6dbb22ed10afdbb21ce3e4e96927a50d1667,generated,9,violation_7plus,0.04491462509279881,0.03155159613956941,6,borderline_6,0.07086614173228346,0.0,53,violation_7plus,0.823076923076923,0.823076923076923
guarded_backtranslation,no_thinking_fp8__arxiv-10033,0ab4201a9ac28ed2854d07b9664a6dbb22ed10afdbb21ce3e4e96927a50d1667,generated,17,violation_7plus,0.10003746721618584,0.07530910453353316,6,borderline_6,0.07086614173228346,0.0,53,violation_7plus,0.823076923076923,0.823076923076923
original,no_thinking_fp8__arxiv-10019,e417f9d8113e4f9e3d4d71d407c61db9b570026bd9f7b6668fc1e8c16d596cf1,generated,15,violation_7plus,0.12474603819585535,0.1003657049979683,7,violation_7plus,0.028455284552845527,0.028455284552845527,10,violation_7plus,0.38461538461538464,0.38461538461538464
raw_backtranslation,no_thinking_fp8__arxiv-10019,e417f9d8113e4f9e3d4d71d407c61db9b570026bd9f7b6668fc1e8c16d596cf1,generated,8,violation_7plus,0.03847711624139328,0.02389631429728635,7,violation_7plus,0.028455284552845527,0.028455284552845527,10,violation_7plus,0.38461538461538464,0.38461538461538464
guarded_backtranslation,no_thinking_fp8__arxiv-10019,e417f9d8113e4f9e3d4d71d407c61db9b570026bd9f7b6668fc1e8c16d596cf1,generated,15,violation_7plus,0.08804523424878836,0.07592891760904685,7,violation_7plus,0.028455284552845527,0.028455284552845527,10,violation_7plus,0.38461538461538464,0.38461538461538464
original,no_thinking_fp8__arxiv-10021,45486df054ce4e8cb8f4e3990eef1766b9bdc7b2e85e15db69e9ddb8f396c118,generated,23,violation_7plus,0.33777185974256546,0.2893919218819352,7,violation_7plus,0.05019305019305019,0.02702702702702703,11,violation_7plus,0.5,0.5
raw_backtranslation,no_thinking_fp8__arxiv-10021,45486df054ce4e8cb8f4e3990eef1766b9bdc7b2e85e15db69e9ddb8f396c118,generated,16,violation_7plus,0.11360691144708424,0.0876889848812095,7,violation_7plus,0.05019305019305019,0.02702702702702703,11,violation_7plus,0.5,0.5
guarded_backtranslation,no_thinking_fp8__arxiv-10021,45486df054ce4e8cb8f4e3990eef1766b9bdc7b2e85e15db69e9ddb8f396c118,generated,23,violation_7plus,0.2571554381329811,0.22765301629238222,7,violation_7plus,0.05019305019305019,0.02702702702702703,11,violation_7plus,0.5,0.5
original,no_thinking_fp8__arxiv-10024,53e0b1725cb5a75993acc2d9a053ebfbccabab6198d7da1c710d31441855428c,generated,22,violation_7plus,0.20991815117958595,0.16177178623013963,5,within_5,0.0,0.0,9,violation_7plus,0.2571428571428571,0.2571428571428571
raw_backtranslation,no_thinking_fp8__arxiv-10024,53e0b1725cb5a75993acc2d9a053ebfbccabab6198d7da1c710d31441855428c,generated,9,violation_7plus,0.07856128726928538,0.048272598201609083,5,within_5,0.0,0.0,9,violation_7plus,0.2571428571428571,0.2571428571428571
guarded_backtranslation,no_thinking_fp8__arxiv-10024,53e0b1725cb5a75993acc2d9a053ebfbccabab6198d7da1c710d31441855428c,generated,22,violation_7plus,0.15561959654178675,0.11911623439000961,5,within_5,0.0,0.0,9,violation_7plus,0.2571428571428571,0.2571428571428571
original,no_thinking_fp8__arxiv-10047,d9ebb43f108cf77cf2a314ef4344f7dc8ec16aed525065dc3c64ebe64506ee96,generated,18,violation_7plus,0.20742753623188406,0.17753623188405798,5,within_5,0.0,0.0,4,within_5,0.0,0.0
raw_backtranslation,no_thinking_fp8__arxiv-10047,d9ebb43f108cf77cf2a314ef4344f7dc8ec16aed525065dc3c64ebe64506ee96,generated,11,violation_7plus,0.11166591012256015,0.08443032228778938,5,within_5,0.0,0.0,4,within_5,0.0,0.0
guarded_backtranslation,no_thinking_fp8__arxiv-10047,d9ebb43f108cf77cf2a314ef4344f7dc8ec16aed525065dc3c64ebe64506ee96,generated,18,violation_7plus,0.18362731795567616,0.15649027589326098,5,within_5,0.0,0.0,4,within_5,0.0,0.0
original,no_thinking_fp8__arxiv-10038,24a37c6b6db0ee62ff090f572c9194655408da9a292e549fdc74619fc8b81100,generated,11,violation_7plus,0.10724431818181818,0.06463068181818182,5,within_5,0.0,0.0,6,borderline_6,0.2,0.0
raw_backtranslation,no_thinking_fp8__arxiv-10038,24a37c6b6db0ee62ff090f572c9194655408da9a292e549fdc74619fc8b81100,generated,10,violation_7plus,0.05230125523012552,0.02301255230125523,5,within_5,0.0,0.0,6,borderline_6,0.2,0.0
guarded_backtranslation,no_thinking_fp8__arxiv-10038,24a37c6b6db0ee62ff090f572c9194655408da9a292e549fdc74619fc8b81100,generated,10,violation_7plus,0.07991513437057991,0.04596888260254597,5,within_5,0.0,0.0,6,borderline_6,0.2,0.0
original,no_thinking_fp8__arxiv-10037,4742c32509e14797f67241eafe278edcd5977dac8bc1a7f17e82b40cfc01c37c,generated,14,violation_7plus,0.12461538461538461,0.09692307692307692,6,borderline_6,0.08791208791208792,0.0,12,violation_7plus,0.17391304347826086,0.17391304347826086
raw_backtranslation,no_thinking_fp8__arxiv-10037,4742c32509e14797f67241eafe278edcd5977dac8bc1a7f17e82b40cfc01c37c,generated,9,violation_7plus,0.04285714285714286,0.030612244897959183,6,borderline_6,0.08791208791208792,0.0,12,violation_7plus,0.17391304347826086,0.17391304347826086
guarded_backtranslation,no_thinking_fp8__arxiv-10037,4742c32509e14797f67241eafe278edcd5977dac8bc1a7f17e82b40cfc01c37c,generated,12,violation_7plus,0.061265822784810124,0.04911392405063291,6,borderline_6,0.08791208791208792,0.0,12,violation_7plus,0.17391304347826086,0.17391304347826086
original,no_thinking_fp8__arxiv-10035,576e1d1a7a5d04977a3ea5472092f893edc8b9cd3f962da42c568548c54287e9,generated,22,violation_7plus,0.20639269406392693,0.1730593607305936,7,violation_7plus,0.3004115226337449,0.02880658436213992,17,violation_7plus,0.4358974358974359,0.4358974358974359
raw_backtranslation,no_thinking_fp8__arxiv-10035,576e1d1a7a5d04977a3ea5472092f893edc8b9cd3f962da42c568548c54287e9,generated,22,violation_7plus,0.10502692998204669,0.0848294434470377,7,violation_7plus,0.3004115226337449,0.02880658436213992,17,violation_7plus,0.4358974358974359,0.4358974358974359
guarded_backtranslation,no_thinking_fp8__arxiv-10035,576e1d1a7a5d04977a3ea5472092f893edc8b9cd3f962da42c568548c54287e9,generated,22,violation_7plus,0.15049864007252947,0.13100634632819583,7,violation_7plus,0.3004115226337449,0.02880658436213992,17,violation_7plus,0.4358974358974359,0.4358974358974359
original,no_thinking_fp8__arxiv-10023,2e0938c2a41926f92e2466e0544b029849f927591ee0d8767ffd9ecbc103db18,generated,25,violation_7plus,0.06804572672836146,0.051714752313554706,8,violation_7plus,0.1306122448979592,0.0326530612244898,5,within_5,0.0,0.0
raw_backtranslation,no_thinking_fp8__arxiv-10023,2e0938c2a41926f92e2466e0544b029849f927591ee0d8767ffd9ecbc103db18,generated,14,violation_7plus,0.03897490656700481,0.029364655632674853,8,violation_7plus,0.1306122448979592,0.0326530612244898,5,within_5,0.0,0.0
guarded_backtranslation,no_thinking_fp8__arxiv-10023,2e0938c2a41926f92e2466e0544b029849f927591ee0d8767ffd9ecbc103db18,generated,25,violation_7plus,0.04862236628849271,0.03889789303079417,8,violation_7plus,0.1306122448979592,0.0326530612244898,5,within_5,0.0,0.0
original,no_thinking_fp8__arxiv-10040,82667fc126300ebcdfcd41e1d482add7d0306db9ccf1f24ee5893398882f0f5d,generated,14,violation_7plus,0.14761684405367886,0.11985192040721888,10,violation_7plus,0.34146341463414637,0.1951219512195122,6,borderline_6,0.3076923076923077,0.0
raw_backtranslation,no_thinking_fp8__arxiv-10040,82667fc126300ebcdfcd41e1d482add7d0306db9ccf1f24ee5893398882f0f5d,generated,14,violation_7plus,0.09136363636363637,0.06681818181818182,10,violation_7plus,0.34146341463414637,0.1951219512195122,6,borderline_6,0.3076923076923077,0.0
guarded_backtranslation,no_thinking_fp8__arxiv-10040,82667fc126300ebcdfcd41e1d482add7d0306db9ccf1f24ee5893398882f0f5d,generated,13,violation_7plus,0.12488436632747456,0.1026827012025902,10,violation_7plus,0.34146341463414637,0.1951219512195122,6,borderline_6,0.3076923076923077,0.0
original,no_thinking_fp8__arxiv-100022,849f8fb357f0e0f5725b4fadd1192d05ee4562e6f85d70db7fe0c514b144989b,generated,13,violation_7plus,0.1331168831168831,0.11038961038961038,9,violation_7plus,0.45390070921985815,0.2978723404255319,12,violation_7plus,0.6571428571428571,0.6571428571428571
raw_backtranslation,no_thinking_fp8__arxiv-100022,849f8fb357f0e0f5725b4fadd1192d05ee4562e6f85d70db7fe0c514b144989b,generated,13,violation_7plus,0.05291288081239979,0.046499198289684664,9,violation_7plus,0.45390070921985815,0.2978723404255319,12,violation_7plus,0.6571428571428571,0.6571428571428571
guarded_backtranslation,no_thinking_fp8__arxiv-100022,849f8fb357f0e0f5725b4fadd1192d05ee4562e6f85d70db7fe0c514b144989b,generated,13,violation_7plus,0.08127018299246501,0.06835306781485469,9,violation_7plus,0.45390070921985815,0.2978723404255319,12,violation_7plus,0.6571428571428571,0.6571428571428571
original,no_thinking_fp8__arxiv-100005,c99c8ef8d540f2442ee1cc38b65eb306ffc9147b2f33ae5af536c20bbfcef5df,generated,9,violation_7plus,0.06107341147439852,0.024059222702035782,5,within_5,0.0,0.0,19,violation_7plus,0.5588235294117647,0.5588235294117647
raw_backtranslation,no_thinking_fp8__arxiv-100005,c99c8ef8d540f2442ee1cc38b65eb306ffc9147b2f33ae5af536c20bbfcef5df,generated,9,violation_7plus,0.028014616321559074,0.0097442143727162,5,within_5,0.0,0.0,19,violation_7plus,0.5588235294117647,0.5588235294117647
guarded_backtranslation,no_thinking_fp8__arxiv-100005,c99c8ef8d540f2442ee1cc38b65eb306ffc9147b2f33ae5af536c20bbfcef5df,generated,9,violation_7plus,0.03982843137254902,0.014093137254901961,5,within_5,0.0,0.0,19,violation_7plus,0.5588235294117647,0.5588235294117647
original,no_thinking_fp8__arxiv-100002,48161c34c18da95667d55f6acd365bca2bfb5ca5f2e07486f24e2b5e80788de4,generated,10,violation_7plus,0.05099337748344371,0.0390728476821192,7,violation_7plus,0.06770833333333333,0.036458333333333336,14,violation_7plus,0.42424242424242425,0.42424242424242425
raw_backtranslation,no_thinking_fp8__arxiv-100002,48161c34c18da95667d55f6acd365bca2bfb5ca5f2e07486f24e2b5e80788de4,generated,10,violation_7plus,0.025016458196181698,0.016458196181698487,7,violation_7plus,0.06770833333333333,0.036458333333333336,14,violation_7plus,0.42424242424242425,0.42424242424242425
guarded_backtranslation,no_thinking_fp8__arxiv-100002,48161c34c18da95667d55f6acd365bca2bfb5ca5f2e07486f24e2b5e80788de4,generated,10,violation_7plus,0.04563492063492063,0.03373015873015873,7,violation_7plus,0.06770833333333333,0.036458333333333336,14,violation_7plus,0.42424242424242425,0.42424242424242425
original,no_thinking_fp8__arxiv-100013,a09d3a64f663c1d4bba2d15747baec32ba117644925ac104850214037c68ac77,generated,20,violation_7plus,0.19518190757128812,0.147984267453294,5,within_5,0.0,0.0,11,violation_7plus,0.25,0.25
raw_backtranslation,no_thinking_fp8__arxiv-100013,a09d3a64f663c1d4bba2d15747baec32ba117644925ac104850214037c68ac77,generated,11,violation_7plus,0.07540485829959515,0.04200404858299595,5,within_5,0.0,0.0,11,violation_7plus,0.25,0.25
guarded_backtranslation,no_thinking_fp8__arxiv-100013,a09d3a64f663c1d4bba2d15747baec32ba117644925ac104850214037c68ac77,generated,20,violation_7plus,0.16977428851815504,0.13199214916584887,5,within_5,0.0,0.0,11,violation_7plus,0.25,0.25
original,no_thinking_fp8__arxiv-100003,98ecac623691281924734347b65ae77ea7b06a53e2f3e0ef1c2288b0401412d2,generated,15,violation_7plus,0.06917293233082707,0.05112781954887218,10,violation_7plus,0.43,0.31,11,violation_7plus,0.36666666666666664,0.36666666666666664
raw_backtranslation,no_thinking_fp8__arxiv-100003,98ecac623691281924734347b65ae77ea7b06a53e2f3e0ef1c2288b0401412d2,generated,9,violation_7plus,0.034465534465534464,0.016483516483516484,10,violation_7plus,0.43,0.31,11,violation_7plus,0.36666666666666664,0.36666666666666664
guarded_backtranslation,no_thinking_fp8__arxiv-100003,98ecac623691281924734347b65ae77ea7b06a53e2f3e0ef1c2288b0401412d2,generated,15,violation_7plus,0.058,0.043,10,violation_7plus,0.43,0.31,11,violation_7plus,0.36666666666666664,0.36666666666666664
original,no_thinking_fp8__arxiv-100028,df0eed742fa165138e0bd4fa631c1a11933277b0bf57cf1ae9e4f5e3128c0688,generated,18,violation_7plus,0.18403990024937655,0.13615960099750624,6,borderline_6,0.02575107296137339,0.0,13,violation_7plus,0.7349397590361446,0.7349397590361446
raw_backtranslation,no_thinking_fp8__arxiv-100028,df0eed742fa165138e0bd4fa631c1a11933277b0bf57cf1ae9e4f5e3128c0688,generated,10,violation_7plus,0.07560137457044673,0.052037309769268535,6,borderline_6,0.02575107296137339,0.0,13,violation_7plus,0.7349397590361446,0.7349397590361446
guarded_backtranslation,no_thinking_fp8__arxiv-100028,df0eed742fa165138e0bd4fa631c1a11933277b0bf57cf1ae9e4f5e3128c0688,generated,18,violation_7plus,0.13187902825979178,0.0932077342588002,6,borderline_6,0.02575107296137339,0.0,13,violation_7plus,0.7349397590361446,0.7349397590361446
original,no_thinking_fp8__arxiv-100047,5008943785a879dff3b825b0b1f76d681e559f718a5a5cf88b79d1fdc8ef85a9,generated,17,violation_7plus,0.1360759493670886,0.07515822784810126,8,violation_7plus,0.2073732718894009,0.06912442396313365,14,violation_7plus,0.5,0.5
raw_backtranslation,no_thinking_fp8__arxiv-100047,5008943785a879dff3b825b0b1f76d681e559f718a5a5cf88b79d1fdc8ef85a9,generated,11,violation_7plus,0.09767441860465116,0.06511627906976744,8,violation_7plus,0.2073732718894009,0.06912442396313365,14,violation_7plus,0.5,0.5
guarded_backtranslation,no_thinking_fp8__arxiv-100047,5008943785a879dff3b825b0b1f76d681e559f718a5a5cf88b79d1fdc8ef85a9,generated,17,violation_7plus,0.10497237569060773,0.06314127861089187,8,violation_7plus,0.2073732718894009,0.06912442396313365,14,violation_7plus,0.5,0.5
original,no_thinking_fp8__arxiv-100029,805aff9ab8daa1e0ba72c8611b3a1cf73e83cdcc2507cb1cf9b8cceb3ca4bc50,generated,16,violation_7plus,0.23222748815165878,0.1814488828706838,5,within_5,0.0,0.0,12,violation_7plus,0.2111111111111111,0.2111111111111111
raw_backtranslation,no_thinking_fp8__arxiv-100029,805aff9ab8daa1e0ba72c8611b3a1cf73e83cdcc2507cb1cf9b8cceb3ca4bc50,generated,13,violation_7plus,0.08739837398373984,0.06639566395663957,5,within_5,0.0,0.0,12,violation_7plus,0.2111111111111111,0.2111111111111111
guarded_backtranslation,no_thinking_fp8__arxiv-100029,805aff9ab8daa1e0ba72c8611b3a1cf73e83cdcc2507cb1cf9b8cceb3ca4bc50,generated,16,violation_7plus,0.1756393001345895,0.1386271870794078,5,within_5,0.0,0.0,12,violation_7plus,0.2111111111111111,0.2111111111111111
original,no_thinking_fp8__arxiv-100009,50c1e8ac081aeeac1db401611a6a7ad2dd62bb1a91d0f5826fc0e5a99c9806f5,generated,20,violation_7plus,0.3030674846625767,0.2294478527607362,7,violation_7plus,0.1016260162601626,0.028455284552845527,12,violation_7plus,0.5714285714285714,0.5714285714285714
raw_backtranslation,no_thinking_fp8__arxiv-100009,50c1e8ac081aeeac1db401611a6a7ad2dd62bb1a91d0f5826fc0e5a99c9806f5,generated,13,violation_7plus,0.12630930375847196,0.07948243992606285,7,violation_7plus,0.1016260162601626,0.028455284552845527,12,violation_7plus,0.5714285714285714,0.5714285714285714
guarded_backtranslation,no_thinking_fp8__arxiv-100009,50c1e8ac081aeeac1db401611a6a7ad2dd62bb1a91d0f5826fc0e5a99c9806f5,generated,20,violation_7plus,0.2464658881376767,0.1874615857406269,7,violation_7plus,0.1016260162601626,0.028455284552845527,12,violation_7plus,0.5714285714285714,0.5714285714285714
original,no_thinking_fp8__arxiv-100036,92aae2b55db58f528280e5898ac540696eb179c2f5db27eed035ef6775edb4e4,generated,13,violation_7plus,0.09048257372654156,0.03820375335120643,6,borderline_6,0.09045226130653267,0.0,13,violation_7plus,0.3333333333333333,0.3333333333333333
raw_backtranslation,no_thinking_fp8__arxiv-100036,92aae2b55db58f528280e5898ac540696eb179c2f5db27eed035ef6775edb4e4,generated,13,violation_7plus,0.02594810379241517,0.021956087824351298,6,borderline_6,0.09045226130653267,0.0,13,violation_7plus,0.3333333333333333,0.3333333333333333
guarded_backtranslation,no_thinking_fp8__arxiv-100036,92aae2b55db58f528280e5898ac540696eb179c2f5db27eed035ef6775edb4e4,generated,13,violation_7plus,0.06822742474916388,0.032107023411371234,6,borderline_6,0.09045226130653267,0.0,13,violation_7plus,0.3333333333333333,0.3333333333333333
original,no_thinking_fp8__arxiv-500031,26128d1d0622a6266f5a2de1b96b53a1f15de0e79b2ece9f0dbb18fa2e1aecaa,generated,17,violation_7plus,0.10454115421002838,0.07332071901608325,10,violation_7plus,0.2674772036474164,0.23100303951367782,6,borderline_6,0.3157894736842105,0.0
raw_backtranslation,no_thinking_fp8__arxiv-500031,26128d1d0622a6266f5a2de1b96b53a1f15de0e79b2ece9f0dbb18fa2e1aecaa,generated,12,violation_7plus,0.05648926237161531,0.020074696545284782,10,violation_7plus,0.2674772036474164,0.23100303951367782,6,borderline_6,0.3157894736842105,0.0
guarded_backtranslation,no_thinking_fp8__arxiv-500031,26128d1d0622a6266f5a2de1b96b53a1f15de0e79b2ece9f0dbb18fa2e1aecaa,generated,12,violation_7plus,0.08905731880625296,0.060634770251065846,10,violation_7plus,0.2674772036474164,0.23100303951367782,6,borderline_6,0.3157894736842105,0.0
original,no_thinking_fp8__arxiv-500027,b665fc66e1cb91a50fcc5a4ed005b97e5e1f1e8b98558ac2502d4cfc41ac193f,generated,14,violation_7plus,0.09338786639400136,0.06884798909338787,4,within_5,0.0,0.0,11,violation_7plus,0.5806451612903226,0.5806451612903226
raw_backtranslation,no_thinking_fp8__arxiv-500027,b665fc66e1cb91a50fcc5a4ed005b97e5e1f1e8b98558ac2502d4cfc41ac193f,generated,14,violation_7plus,0.05100671140939597,0.038926174496644296,4,within_5,0.0,0.0,11,violation_7plus,0.5806451612903226,0.5806451612903226
guarded_backtranslation,no_thinking_fp8__arxiv-500027,b665fc66e1cb91a50fcc5a4ed005b97e5e1f1e8b98558ac2502d4cfc41ac193f,generated,14,violation_7plus,0.06945380984490897,0.057316250842886045,4,within_5,0.0,0.0,11,violation_7plus,0.5806451612903226,0.5806451612903226
original,no_thinking_fp8__arxiv-500010,a3e79e376c3caf7997a3ef0aec9fc03cc1cdcf5886a5fa5887fc80a022b0b1ef,generated,21,violation_7plus,0.17699115044247787,0.1415929203539823,11,violation_7plus,0.41106719367588934,0.17391304347826086,8,violation_7plus,0.5384615384615384,0.3076923076923077
raw_backtranslation,no_thinking_fp8__arxiv-500010,a3e79e376c3caf7997a3ef0aec9fc03cc1cdcf5886a5fa5887fc80a022b0b1ef,generated,16,violation_7plus,0.04904831625183016,0.027086383601756955,11,violation_7plus,0.41106719367588934,0.17391304347826086,8,violation_7plus,0.5384615384615384,0.3076923076923077
guarded_backtranslation,no_thinking_fp8__arxiv-500010,a3e79e376c3caf7997a3ef0aec9fc03cc1cdcf5886a5fa5887fc80a022b0b1ef,generated,21,violation_7plus,0.11885546588407923,0.0880410858400587,11,violation_7plus,0.41106719367588934,0.17391304347826086,8,violation_7plus,0.5384615384615384,0.3076923076923077
original,no_thinking_fp8__arxiv-500028,081560f8dd75126479ea817a0aad4ef1f7c90b9becafc12485cc1ef16eb40dc7,generated,23,violation_7plus,0.1254390366281987,0.10135474159558455,6,borderline_6,0.04395604395604396,0.0,12,violation_7plus,0.27906976744186046,0.27906976744186046
raw_backtranslation,no_thinking_fp8__arxiv-500028,081560f8dd75126479ea817a0aad4ef1f7c90b9becafc12485cc1ef16eb40dc7,generated,10,violation_7plus,0.0398406374501992,0.027888446215139442,6,borderline_6,0.04395604395604396,0.0,12,violation_7plus,0.27906976744186046,0.27906976744186046
guarded_backtranslation,no_thinking_fp8__arxiv-500028,081560f8dd75126479ea817a0aad4ef1f7c90b9becafc12485cc1ef16eb40dc7,generated,23,violation_7plus,0.09504752376188094,0.080040020010005,6,borderline_6,0.04395604395604396,0.0,12,violation_7plus,0.27906976744186046,0.27906976744186046
original,no_thinking_fp8__arxiv-500009,21535e0a8bab103ef820a0175907f93de3d4252149ec393b8005af9d8050e457,generated,16,violation_7plus,0.13317043372021992,0.09651802076970067,5,within_5,0.0,0.0,11,violation_7plus,0.33695652173913043,0.20652173913043478
raw_backtranslation,no_thinking_fp8__arxiv-500009,21535e0a8bab103ef820a0175907f93de3d4252149ec393b8005af9d8050e457,generated,15,violation_7plus,0.05764563106796117,0.04308252427184466,5,within_5,0.0,0.0,11,violation_7plus,0.33695652173913043,0.20652173913043478
guarded_backtranslation,no_thinking_fp8__arxiv-500009,21535e0a8bab103ef820a0175907f93de3d4252149ec393b8005af9d8050e457,generated,16,violation_7plus,0.0973505853357979,0.07147258163894023,5,within_5,0.0,0.0,11,violation_7plus,0.33695652173913043,0.20652173913043478
original,no_thinking_fp8__arxiv-500000,6912cbedf8f04208025ba08266b821d48303208ffaece7c2b95c447a34e58896,generated,15,violation_7plus,0.12340619307832422,0.07604735883424409,9,violation_7plus,0.08433734939759036,0.03614457831325301,9,violation_7plus,0.6428571428571429,0.6428571428571429
raw_backtranslation,no_thinking_fp8__arxiv-500000,6912cbedf8f04208025ba08266b821d48303208ffaece7c2b95c447a34e58896,generated,9,violation_7plus,0.04814487632508834,0.02429328621908127,9,violation_7plus,0.08433734939759036,0.03614457831325301,9,violation_7plus,0.6428571428571429,0.6428571428571429
guarded_backtranslation,no_thinking_fp8__arxiv-500000,6912cbedf8f04208025ba08266b821d48303208ffaece7c2b95c447a34e58896,generated,15,violation_7plus,0.1161524500907441,0.07168784029038112,9,violation_7plus,0.08433734939759036,0.03614457831325301,9,violation_7plus,0.6428571428571429,0.6428571428571429
original,no_thinking_fp8__arxiv-500043,5395e7bceb485d4a9d02119c58850809aa9a6b719e5777744ca5bd0dcbacbc79,generated,15,violation_7plus,0.1295754026354319,0.09443631039531479,6,borderline_6,0.031088082901554404,0.0,10,violation_7plus,0.38461538461538464,0.38461538461538464
raw_backtranslation,no_thinking_fp8__arxiv-500043,5395e7bceb485d4a9d02119c58850809aa9a6b719e5777744ca5bd0dcbacbc79,generated,9,violation_7plus,0.02261123267687819,0.02261123267687819,6,borderline_6,0.031088082901554404,0.0,10,violation_7plus,0.38461538461538464,0.38461538461538464
guarded_backtranslation,no_thinking_fp8__arxiv-500043,5395e7bceb485d4a9d02119c58850809aa9a6b719e5777744ca5bd0dcbacbc79,generated,15,violation_7plus,0.08096280087527352,0.06783369803063458,6,borderline_6,0.031088082901554404,0.0,10,violation_7plus,0.38461538461538464,0.38461538461538464
original,no_thinking_fp8__arxiv-500047,fcff490a64b2456f6c33424fb8d3c475d4f6fb19c9718bdd608d8cb06844c31b,generated,19,violation_7plus,0.0600627521290901,0.03585835948005379,6,borderline_6,0.10495626822157435,0.0,9,violation_7plus,0.3103448275862069,0.3103448275862069
raw_backtranslation,no_thinking_fp8__arxiv-500047,fcff490a64b2456f6c33424fb8d3c475d4f6fb19c9718bdd608d8cb06844c31b,generated,19,violation_7plus,0.0161218092252575,0.0161218092252575,6,borderline_6,0.10495626822157435,0.0,9,violation_7plus,0.3103448275862069,0.3103448275862069
guarded_backtranslation,no_thinking_fp8__arxiv-500047,fcff490a64b2456f6c33424fb8d3c475d4f6fb19c9718bdd608d8cb06844c31b,generated,19,violation_7plus,0.027219991075412762,0.02186523873270861,6,borderline_6,0.10495626822157435,0.0,9,violation_7plus,0.3103448275862069,0.3103448275862069
original,no_thinking_fp8__arxiv-500036,29d9c187ebc8397560f4d9b30bccb3efe0ad2e824bcda7cc6ea9d1dde565d8a6,generated,9,violation_7plus,0.04640633842671194,0.022637238256932653,6,borderline_6,0.0861244019138756,0.0,9,violation_7plus,0.3,0.3
raw_backtranslation,no_thinking_fp8__arxiv-500036,29d9c187ebc8397560f4d9b30bccb3efe0ad2e824bcda7cc6ea9d1dde565d8a6,generated,8,violation_7plus,0.031070195627157654,0.01380897583429229,6,borderline_6,0.0861244019138756,0.0,9,violation_7plus,0.3,0.3
guarded_backtranslation,no_thinking_fp8__arxiv-500036,29d9c187ebc8397560f4d9b30bccb3efe0ad2e824bcda7cc6ea9d1dde565d8a6,generated,9,violation_7plus,0.04640633842671194,0.022637238256932653,6,borderline_6,0.0861244019138756,0.0,9,violation_7plus,0.3,0.3
original,no_thinking_fp8__arxiv-500030,b5889e3e8fb1883fb09a26e1e0a3c1857839a889bd31c95b9c3e95a930a8c804,generated,17,violation_7plus,0.1273100616016427,0.10677618069815195,4,within_5,0.0,0.0,7,violation_7plus,0.2413793103448276,0.2413793103448276
raw_backtranslation,no_thinking_fp8__arxiv-500030,b5889e3e8fb1883fb09a26e1e0a3c1857839a889bd31c95b9c3e95a930a8c804,generated,11,violation_7plus,0.048005409060175794,0.03583502366463827,4,within_5,0.0,0.0,7,violation_7plus,0.2413793103448276,0.2413793103448276
guarded_backtranslation,no_thinking_fp8__arxiv-500030,b5889e3e8fb1883fb09a26e1e0a3c1857839a889bd31c95b9c3e95a930a8c804,generated,17,violation_7plus,0.08955223880597014,0.0814111261872456,4,within_5,0.0,0.0,7,violation_7plus,0.2413793103448276,0.2413793103448276
original,no_thinking_fp8__arxiv-1000004,17d72cf5012a446db91cee13599eb989610d1f655e1baf57d7fb98691bd0f20f,generated,32,violation_7plus,0.22864889290555807,0.1798463624039765,9,violation_7plus,0.26480836236933797,0.05574912891986063,12,violation_7plus,0.3333333333333333,0.3333333333333333
raw_backtranslation,no_thinking_fp8__arxiv-1000004,17d72cf5012a446db91cee13599eb989610d1f655e1baf57d7fb98691bd0f20f,generated,11,violation_7plus,0.08650829224562977,0.04078888390856118,9,violation_7plus,0.26480836236933797,0.05574912891986063,12,violation_7plus,0.3333333333333333,0.3333333333333333
guarded_backtranslation,no_thinking_fp8__arxiv-1000004,17d72cf5012a446db91cee13599eb989610d1f655e1baf57d7fb98691bd0f20f,generated,27,violation_7plus,0.1611310592459605,0.12612208258527827,9,violation_7plus,0.26480836236933797,0.05574912891986063,12,violation_7plus,0.3333333333333333,0.3333333333333333
original,no_thinking_fp8__arxiv-1000037,755fec684fcd75ff65b30b7913aa52f89c97f586ad8268ada81e9061329c82ad,generated,23,violation_7plus,0.2576396206533193,0.22286617492096944,8,violation_7plus,0.050724637681159424,0.028985507246376812,9,violation_7plus,0.25,0.25
raw_backtranslation,no_thinking_fp8__arxiv-1000037,755fec684fcd75ff65b30b7913aa52f89c97f586ad8268ada81e9061329c82ad,generated,14,violation_7plus,0.07969151670951156,0.04884318766066838,8,violation_7plus,0.050724637681159424,0.028985507246376812,9,violation_7plus,0.25,0.25
guarded_backtranslation,no_thinking_fp8__arxiv-1000037,755fec684fcd75ff65b30b7913aa52f89c97f586ad8268ada81e9061329c82ad,generated,23,violation_7plus,0.2218733647305076,0.1936159079016222,8,violation_7plus,0.050724637681159424,0.028985507246376812,9,violation_7plus,0.25,0.25
original,no_thinking_fp8__arxiv-1000013,5883b007b76782e8c6cf78987394168c6022487c81122a403f4a2b4ca8940ca7,generated,13,violation_7plus,0.1537313432835821,0.11990049751243781,5,within_5,0.0,0.0,7,violation_7plus,0.2413793103448276,0.2413793103448276
raw_backtranslation,no_thinking_fp8__arxiv-1000013,5883b007b76782e8c6cf78987394168c6022487c81122a403f4a2b4ca8940ca7,generated,9,violation_7plus,0.05079825834542816,0.030478955007256895,5,within_5,0.0,0.0,7,violation_7plus,0.2413793103448276,0.2413793103448276
guarded_backtranslation,no_thinking_fp8__arxiv-1000013,5883b007b76782e8c6cf78987394168c6022487c81122a403f4a2b4ca8940ca7,generated,13,violation_7plus,0.08112094395280237,0.06342182890855458,5,within_5,0.0,0.0,7,violation_7plus,0.2413793103448276,0.2413793103448276
original,no_thinking_fp8__arxiv-1000041,83257df2ae2813b5e8b11ee8aafef662ef858be938ea333bae7f7e44fcd56b78,generated,13,violation_7plus,0.18485237483953787,0.12708600770218229,3,within_5,0.0,0.0,7,violation_7plus,0.1891891891891892,0.1891891891891892
raw_backtranslation,no_thinking_fp8__arxiv-1000041,83257df2ae2813b5e8b11ee8aafef662ef858be938ea333bae7f7e44fcd56b78,generated,13,violation_7plus,0.0925,0.055,3,within_5,0.0,0.0,7,violation_7plus,0.1891891891891892,0.1891891891891892
guarded_backtranslation,no_thinking_fp8__arxiv-1000041,83257df2ae2813b5e8b11ee8aafef662ef858be938ea333bae7f7e44fcd56b78,generated,13,violation_7plus,0.10764331210191083,0.0732484076433121,3,within_5,0.0,0.0,7,violation_7plus,0.1891891891891892,0.1891891891891892
original,no_thinking_fp8__arxiv-1000016,895157f678d1f98628533078c0ff15f6dfccc12ebb1d01affd68efeb091022b8,generated,13,violation_7plus,0.13099808061420345,0.09261036468330135,6,borderline_6,0.12552301255230125,0.0,6,borderline_6,0.2,0.0
raw_backtranslation,no_thinking_fp8__arxiv-1000016,895157f678d1f98628533078c0ff15f6dfccc12ebb1d01affd68efeb091022b8,generated,14,violation_7plus,0.0742132456552372,0.050728041333959605,6,borderline_6,0.12552301255230125,0.0,6,borderline_6,0.2,0.0
guarded_backtranslation,no_thinking_fp8__arxiv-1000016,895157f678d1f98628533078c0ff15f6dfccc12ebb1d01affd68efeb091022b8,generated,13,violation_7plus,0.11148325358851674,0.08181818181818182,6,borderline_6,0.12552301255230125,0.0,6,borderline_6,0.2,0.0
original,no_thinking_fp8__arxiv-1000035,1f0cd82fa179996cf6211f5cafa614d12406a9b9ad999aea9e5c982c6e9ebd7a,generated,15,violation_7plus,0.20599250936329588,0.16639914392723382,6,borderline_6,0.1038961038961039,0.0,4,within_5,0.0,0.0
raw_backtranslation,no_thinking_fp8__arxiv-1000035,1f0cd82fa179996cf6211f5cafa614d12406a9b9ad999aea9e5c982c6e9ebd7a,generated,15,violation_7plus,0.10464495461825948,0.0784837159636946,6,borderline_6,0.1038961038961039,0.0,4,within_5,0.0,0.0
guarded_backtranslation,no_thinking_fp8__arxiv-1000035,1f0cd82fa179996cf6211f5cafa614d12406a9b9ad999aea9e5c982c6e9ebd7a,generated,15,violation_7plus,0.16436170212765958,0.1377659574468085,6,borderline_6,0.1038961038961039,0.0,4,within_5,0.0,0.0
original,no_thinking_fp8__arxiv-1000024,599bf9c0cb59667f6e1d97602cff49892b150a1a768b407d89b5a4a15d83b103,generated,18,violation_7plus,0.1360332294911734,0.09241952232606439,6,borderline_6,0.07086614173228346,0.0,11,violation_7plus,0.28205128205128205,0.28205128205128205
raw_backtranslation,no_thinking_fp8__arxiv-1000024,599bf9c0cb59667f6e1d97602cff49892b150a1a768b407d89b5a4a15d83b103,generated,14,violation_7plus,0.03720693170234455,0.024974515800203875,6,borderline_6,0.07086614173228346,0.0,11,violation_7plus,0.28205128205128205,0.28205128205128205
guarded_backtranslation,no_thinking_fp8__arxiv-1000024,599bf9c0cb59667f6e1d97602cff49892b150a1a768b407d89b5a4a15d83b103,generated,18,violation_7plus,0.0662217659137577,0.047741273100616016,6,borderline_6,0.07086614173228346,0.0,11,violation_7plus,0.28205128205128205,0.28205128205128205
original,no_thinking_fp8__arxiv-1000038,1d94ea2f41736241eee87a5cf9912c731985b0db95c2bd110a04f9caee97a949,generated,13,violation_7plus,0.08096013018714401,0.05655004068348251,6,borderline_6,0.061016949152542375,0.0,10,violation_7plus,0.32,0.2
raw_backtranslation,no_thinking_fp8__arxiv-1000038,1d94ea2f41736241eee87a5cf9912c731985b0db95c2bd110a04f9caee97a949,generated,14,violation_7plus,0.030290791599353797,0.015751211631663976,6,borderline_6,0.061016949152542375,0.0,10,violation_7plus,0.32,0.2
guarded_backtranslation,no_thinking_fp8__arxiv-1000038,1d94ea2f41736241eee87a5cf9912c731985b0db95c2bd110a04f9caee97a949,generated,13,violation_7plus,0.05463375151760421,0.040064751112909754,6,borderline_6,0.061016949152542375,0.0,10,violation_7plus,0.32,0.2
original,no_thinking_fp8__arxiv-1000040,a673a3a82861713ab0ba826f13508772952a2099f33c04c2a149062ac687db61,generated,13,violation_7plus,0.11940298507462686,0.09529276693455797,6,borderline_6,0.03333333333333333,0.0,9,violation_7plus,0.36,0.36
raw_backtranslation,no_thinking_fp8__arxiv-1000040,a673a3a82861713ab0ba826f13508772952a2099f33c04c2a149062ac687db61,generated,10,violation_7plus,0.05701254275940707,0.039908779931584946,6,borderline_6,0.03333333333333333,0.0,9,violation_7plus,0.36,0.36
guarded_backtranslation,no_thinking_fp8__arxiv-1000040,a673a3a82861713ab0ba826f13508772952a2099f33c04c2a149062ac687db61,generated,13,violation_7plus,0.09392898052691867,0.07674684994272624,6,borderline_6,0.03333333333333333,0.0,9,violation_7plus,0.36,0.36
original,no_thinking_fp8__arxiv-1000021,bbd7b9c7bf14b8204fd51f7d0ec0ffb2c6fd246c6f7e3fb9721251f0aec47019,generated,20,violation_7plus,0.15467625899280577,0.11151079136690648,5,within_5,0.0,0.0,7,violation_7plus,0.23333333333333334,0.23333333333333334
raw_backtranslation,no_thinking_fp8__arxiv-1000021,bbd7b9c7bf14b8204fd51f7d0ec0ffb2c6fd246c6f7e3fb9721251f0aec47019,generated,17,violation_7plus,0.0720164609053498,0.046296296296296294,5,within_5,0.0,0.0,7,violation_7plus,0.23333333333333334,0.23333333333333334
guarded_backtranslation,no_thinking_fp8__arxiv-1000021,bbd7b9c7bf14b8204fd51f7d0ec0ffb2c6fd246c6f7e3fb9721251f0aec47019,generated,20,violation_7plus,0.13419023136246785,0.10334190231362468,5,within_5,0.0,0.0,7,violation_7plus,0.23333333333333334,0.23333333333333334
original,no_thinking_fp8__bethgelab-125,a313ac394757590d277b3d77643cb08a1e94d16cda563a2bc487e49d750aa0d1,generated,9,violation_7plus,0.09365889212827988,0.061224489795918366,4,within_5,0.0,0.0,8,violation_7plus,0.32558139534883723,0.18604651162790697
raw_backtranslation,no_thinking_fp8__bethgelab-125,a313ac394757590d277b3d77643cb08a1e94d16cda563a2bc487e49d750aa0d1,generated,11,violation_7plus,0.047979797979797977,0.03499278499278499,4,within_5,0.0,0.0,8,violation_7plus,0.32558139534883723,0.18604651162790697
guarded_backtranslation,no_thinking_fp8__bethgelab-125,a313ac394757590d277b3d77643cb08a1e94d16cda563a2bc487e49d750aa0d1,generated,9,violation_7plus,0.08287895310796074,0.05270810614322065,4,within_5,0.0,0.0,8,violation_7plus,0.32558139534883723,0.18604651162790697
original,no_thinking_fp8__bethgelab-102,1b3d72a8d054071cfc4bad937f01f5f0897ced27d1c4395ad1998a289462c389,generated,10,violation_7plus,0.09200209095661264,0.06377417668583377,7,violation_7plus,0.07063197026022305,0.026022304832713755,11,violation_7plus,0.5428571428571428,0.5428571428571428
raw_backtranslation,no_thinking_fp8__bethgelab-102,1b3d72a8d054071cfc4bad937f01f5f0897ced27d1c4395ad1998a289462c389,generated,8,violation_7plus,0.015025906735751295,0.011917098445595855,7,violation_7plus,0.07063197026022305,0.026022304832713755,11,violation_7plus,0.5428571428571428,0.5428571428571428
guarded_backtranslation,no_thinking_fp8__bethgelab-102,1b3d72a8d054071cfc4bad937f01f5f0897ced27d1c4395ad1998a289462c389,generated,10,violation_7plus,0.06292251690067603,0.050442017680707225,7,violation_7plus,0.07063197026022305,0.026022304832713755,11,violation_7plus,0.5428571428571428,0.5428571428571428
original,no_thinking_fp8__bethgelab-108,8382aaa516e833b298550d2e4d635f2b9fe7fb3e7ef6f38443f47fa7701ecb8f,generated,15,violation_7plus,0.10798362333674513,0.05885363357215967,5,within_5,0.0,0.0,11,violation_7plus,0.6666666666666666,0.6666666666666666
raw_backtranslation,no_thinking_fp8__bethgelab-108,8382aaa516e833b298550d2e4d635f2b9fe7fb3e7ef6f38443f47fa7701ecb8f,generated,10,violation_7plus,0.04016268429079817,0.012709710218607015,5,within_5,0.0,0.0,11,violation_7plus,0.6666666666666666,0.6666666666666666
guarded_backtranslation,no_thinking_fp8__bethgelab-108,8382aaa516e833b298550d2e4d635f2b9fe7fb3e7ef6f38443f47fa7701ecb8f,generated,15,violation_7plus,0.06891271056661562,0.03522205206738132,5,within_5,0.0,0.0,11,violation_7plus,0.6666666666666666,0.6666666666666666
original,no_thinking_fp8__bethgelab-116,3d4b94daaf8192a969e7bcbe5118f4693b483bd98733e657e1665b619f32809f,generated,18,violation_7plus,0.2075368651010377,0.15510649918077554,6,borderline_6,0.02702702702702703,0.0,13,violation_7plus,0.41304347826086957,0.2826086956521739
raw_backtranslation,no_thinking_fp8__bethgelab-116,3d4b94daaf8192a969e7bcbe5118f4693b483bd98733e657e1665b619f32809f,generated,16,violation_7plus,0.06018269747447609,0.04083825900053734,6,borderline_6,0.02702702702702703,0.0,13,violation_7plus,0.41304347826086957,0.2826086956521739
guarded_backtranslation,no_thinking_fp8__bethgelab-116,3d4b94daaf8192a969e7bcbe5118f4693b483bd98733e657e1665b619f32809f,generated,16,violation_7plus,0.1079913606911447,0.08207343412526998,6,borderline_6,0.02702702702702703,0.0,13,violation_7plus,0.41304347826086957,0.2826086956521739
original,no_thinking_fp8__bethgelab-128,1a480e5fcb0ae03c15bc9631db3dd30b1acc16364655c063171f180297692852,generated,24,violation_7plus,0.19104609929078015,0.1671099290780142,5,within_5,0.0,0.0,11,violation_7plus,0.5862068965517241,0.3793103448275862
raw_backtranslation,no_thinking_fp8__bethgelab-128,1a480e5fcb0ae03c15bc9631db3dd30b1acc16364655c063171f180297692852,generated,13,violation_7plus,0.059466550065588104,0.043725404459991256,5,within_5,0.0,0.0,11,violation_7plus,0.5862068965517241,0.3793103448275862
guarded_backtranslation,no_thinking_fp8__bethgelab-128,1a480e5fcb0ae03c15bc9631db3dd30b1acc16364655c063171f180297692852,generated,24,violation_7plus,0.11736263736263736,0.10153846153846154,5,within_5,0.0,0.0,11,violation_7plus,0.5862068965517241,0.3793103448275862
original,no_thinking_fp8__bethgelab-146,652ad4ed5affc62698e2c395d4c32c9181dc6c617e96278277aef11508225f9a,generated,15,violation_7plus,0.12180320762895536,0.1035977459904638,15,violation_7plus,0.4357298474945534,0.2788671023965142,21,violation_7plus,0.7021276595744681,0.7021276595744681
raw_backtranslation,no_thinking_fp8__bethgelab-146,652ad4ed5affc62698e2c395d4c32c9181dc6c617e96278277aef11508225f9a,generated,9,violation_7plus,0.04616048317515099,0.02286453839516825,15,violation_7plus,0.4357298474945534,0.2788671023965142,21,violation_7plus,0.7021276595744681,0.7021276595744681
guarded_backtranslation,no_thinking_fp8__bethgelab-146,652ad4ed5affc62698e2c395d4c32c9181dc6c617e96278277aef11508225f9a,generated,15,violation_7plus,0.08607266435986159,0.07309688581314878,15,violation_7plus,0.4357298474945534,0.2788671023965142,21,violation_7plus,0.7021276595744681,0.7021276595744681
original,no_thinking_fp8__bethgelab-112,fd503644a165f9bc44ed1d8e0b01741c9a7a31567f0ed9ff46878c83c3d718d7,generated,10,violation_7plus,0.1111111111111111,0.06606606606606606,5,within_5,0.0,0.0,28,violation_7plus,0.7735849056603774,0.7735849056603774
raw_backtranslation,no_thinking_fp8__bethgelab-112,fd503644a165f9bc44ed1d8e0b01741c9a7a31567f0ed9ff46878c83c3d718d7,generated,8,violation_7plus,0.043928923988154,0.007897334649555774,5,within_5,0.0,0.0,28,violation_7plus,0.7735849056603774,0.7735849056603774
guarded_backtranslation,no_thinking_fp8__bethgelab-112,fd503644a165f9bc44ed1d8e0b01741c9a7a31567f0ed9ff46878c83c3d718d7,generated,10,violation_7plus,0.07281795511221945,0.0399002493765586,5,within_5,0.0,0.0,28,violation_7plus,0.7735849056603774,0.7735849056603774
original,no_thinking_fp8__bethgelab-142,830533425e592db6ae69cda4bfdb7398a3102bbfa4953317c0543f0bf6970206,generated,20,violation_7plus,0.095260663507109,0.07819905213270142,6,borderline_6,0.07453416149068323,0.0,15,violation_7plus,0.43103448275862066,0.43103448275862066
raw_backtranslation,no_thinking_fp8__bethgelab-142,830533425e592db6ae69cda4bfdb7398a3102bbfa4953317c0543f0bf6970206,generated,20,violation_7plus,0.04331450094161959,0.023540489642184557,6,borderline_6,0.07453416149068323,0.0,15,violation_7plus,0.43103448275862066,0.43103448275862066
guarded_backtranslation,no_thinking_fp8__bethgelab-142,830533425e592db6ae69cda4bfdb7398a3102bbfa4953317c0543f0bf6970206,generated,20,violation_7plus,0.07372400756143667,0.05671077504725898,6,borderline_6,0.07453416149068323,0.0,15,violation_7plus,0.43103448275862066,0.43103448275862066
original,no_thinking_fp8__bethgelab-122,bd6e5c628a12f9f4d83f4e3b0b6cb632a31e625a05a4d8ed7cd768b4fc24bd0e,generated,23,violation_7plus,0.11464723926380369,0.09087423312883436,7,violation_7plus,0.06775067750677506,0.018970189701897018,25,violation_7plus,0.6428571428571429,0.6428571428571429
raw_backtranslation,no_thinking_fp8__bethgelab-122,bd6e5c628a12f9f4d83f4e3b0b6cb632a31e625a05a4d8ed7cd768b4fc24bd0e,generated,14,violation_7plus,0.0672012218403971,0.050400916380297825,7,violation_7plus,0.06775067750677506,0.018970189701897018,25,violation_7plus,0.6428571428571429,0.6428571428571429
guarded_backtranslation,no_thinking_fp8__bethgelab-122,bd6e5c628a12f9f4d83f4e3b0b6cb632a31e625a05a4d8ed7cd768b4fc24bd0e,generated,23,violation_7plus,0.08614088820826953,0.06699846860643185,7,violation_7plus,0.06775067750677506,0.018970189701897018,25,violation_7plus,0.6428571428571429,0.6428571428571429
original,no_thinking_fp8__bethgelab-105,d1ec0b551238dc7b332ba8c3fe0cb88f73a421e70e4d348a65a49b63bf7de3bb,generated,13,violation_7plus,0.08630527817403709,0.05848787446504993,11,violation_7plus,0.28442028985507245,0.21920289855072464,15,violation_7plus,0.22058823529411764,0.22058823529411764
raw_backtranslation,no_thinking_fp8__bethgelab-105,d1ec0b551238dc7b332ba8c3fe0cb88f73a421e70e4d348a65a49b63bf7de3bb,generated,10,violation_7plus,0.040535777229467745,0.02784631653154741,11,violation_7plus,0.28442028985507245,0.21920289855072464,15,violation_7plus,0.22058823529411764,0.22058823529411764
guarded_backtranslation,no_thinking_fp8__bethgelab-105,d1ec0b551238dc7b332ba8c3fe0cb88f73a421e70e4d348a65a49b63bf7de3bb,generated,13,violation_7plus,0.06152204836415363,0.03805120910384068,11,violation_7plus,0.28442028985507245,0.21920289855072464,15,violation_7plus,0.22058823529411764,0.22058823529411764
original,no_thinking_fp8__bethgelab-10033,a58b679a718676aea497bc154517ef17871f3042d404c64fabe61cd28da57afc,generated,13,violation_7plus,0.11383928571428571,0.08705357142857142,5,within_5,0.0,0.0,18,violation_7plus,0.7368421052631579,0.7368421052631579
raw_backtranslation,no_thinking_fp8__bethgelab-10033,a58b679a718676aea497bc154517ef17871f3042d404c64fabe61cd28da57afc,generated,12,violation_7plus,0.07620099392600774,0.05632247377139702,5,within_5,0.0,0.0,18,violation_7plus,0.7368421052631579,0.7368421052631579
guarded_backtranslation,no_thinking_fp8__bethgelab-10033,a58b679a718676aea497bc154517ef17871f3042d404c64fabe61cd28da57afc,generated,13,violation_7plus,0.09542410714285714,0.07533482142857142,5,within_5,0.0,0.0,18,violation_7plus,0.7368421052631579,0.7368421052631579
original,no_thinking_fp8__bethgelab-10019,3fab7067baa7f63946ebe47561ff1d1ce3e60d0971119fc5f58ab5c877f3b5c9,generated,17,violation_7plus,0.13035921205098494,0.09501738122827347,5,within_5,0.0,0.0,20,violation_7plus,0.4878048780487805,0.4878048780487805
raw_backtranslation,no_thinking_fp8__bethgelab-10019,3fab7067baa7f63946ebe47561ff1d1ce3e60d0971119fc5f58ab5c877f3b5c9,generated,10,violation_7plus,0.05413105413105413,0.03361823361823362,5,within_5,0.0,0.0,20,violation_7plus,0.4878048780487805,0.4878048780487805
guarded_backtranslation,no_thinking_fp8__bethgelab-10019,3fab7067baa7f63946ebe47561ff1d1ce3e60d0971119fc5f58ab5c877f3b5c9,generated,13,violation_7plus,0.0893371757925072,0.06109510086455332,5,within_5,0.0,0.0,20,violation_7plus,0.4878048780487805,0.4878048780487805
original,no_thinking_fp8__bethgelab-10028,9ddc1a36ea8172f808bf6608f3c41614f8c1a4ec2635523217fd26b9377a546a,generated,13,violation_7plus,0.056070826306914,0.040893760539629,11,violation_7plus,0.07112970711297072,0.04602510460251046,19,violation_7plus,0.3877551020408163,0.3877551020408163
raw_backtranslation,no_thinking_fp8__bethgelab-10028,9ddc1a36ea8172f808bf6608f3c41614f8c1a4ec2635523217fd26b9377a546a,generated,13,violation_7plus,0.026392961876832845,0.018852115626309174,11,violation_7plus,0.07112970711297072,0.04602510460251046,19,violation_7plus,0.3877551020408163,0.3877551020408163
guarded_backtranslation,no_thinking_fp8__bethgelab-10028,9ddc1a36ea8172f808bf6608f3c41614f8c1a4ec2635523217fd26b9377a546a,generated,13,violation_7plus,0.04159663865546218,0.03403361344537815,11,violation_7plus,0.07112970711297072,0.04602510460251046,19,violation_7plus,0.3877551020408163,0.3877551020408163
original,no_thinking_fp8__bethgelab-10021,2446e0dd5be16da1204fedf141879b6bdebf78065b128fc9678b60c6503d9536,generated,13,violation_7plus,0.13106796116504854,0.10194174757281553,6,borderline_6,0.023076923076923078,0.0,24,violation_7plus,0.6545454545454545,0.6545454545454545
raw_backtranslation,no_thinking_fp8__bethgelab-10021,2446e0dd5be16da1204fedf141879b6bdebf78065b128fc9678b60c6503d9536,generated,12,violation_7plus,0.07626208378088077,0.05692803437164339,6,borderline_6,0.023076923076923078,0.0,24,violation_7plus,0.6545454545454545,0.6545454545454545
guarded_backtranslation,no_thinking_fp8__bethgelab-10021,2446e0dd5be16da1204fedf141879b6bdebf78065b128fc9678b60c6503d9536,generated,13,violation_7plus,0.10381925766541152,0.07799892415277031,6,borderline_6,0.023076923076923078,0.0,24,violation_7plus,0.6545454545454545,0.6545454545454545
original,no_thinking_fp8__bethgelab-10004,532e636d9c400b73e899230f07b83f2e3d63e833cdff05dfcaf20da104624d78,generated,20,violation_7plus,0.11182108626198083,0.08626198083067092,5,within_5,0.0,0.0,16,violation_7plus,0.6857142857142857,0.6857142857142857
raw_backtranslation,no_thinking_fp8__bethgelab-10004,532e636d9c400b73e899230f07b83f2e3d63e833cdff05dfcaf20da104624d78,generated,9,violation_7plus,0.050026329647182725,0.040547656661400734,5,within_5,0.0,0.0,16,violation_7plus,0.6857142857142857,0.6857142857142857
guarded_backtranslation,no_thinking_fp8__bethgelab-10004,532e636d9c400b73e899230f07b83f2e3d63e833cdff05dfcaf20da104624d78,generated,20,violation_7plus,0.0924548352816153,0.0765143464399575,5,within_5,0.0,0.0,16,violation_7plus,0.6857142857142857,0.6857142857142857
original,no_thinking_fp8__bethgelab-10047,f0be139b8205277b5f62dc4345c48427d0280afe402b478627635231c0a90071,generated,14,violation_7plus,0.1406025824964132,0.10616929698708752,7,violation_7plus,0.03365384615384615,0.03365384615384615,12,violation_7plus,0.47619047619047616,0.47619047619047616
raw_backtranslation,no_thinking_fp8__bethgelab-10047,f0be139b8205277b5f62dc4345c48427d0280afe402b478627635231c0a90071,generated,11,violation_7plus,0.07631954350927246,0.05492154065620542,7,violation_7plus,0.03365384615384615,0.03365384615384615,12,violation_7plus,0.47619047619047616,0.47619047619047616
guarded_backtranslation,no_thinking_fp8__bethgelab-10047,f0be139b8205277b5f62dc4345c48427d0280afe402b478627635231c0a90071,generated,14,violation_7plus,0.09878310665712241,0.07730851825340014,7,violation_7plus,0.03365384615384615,0.03365384615384615,12,violation_7plus,0.47619047619047616,0.47619047619047616
original,no_thinking_fp8__bethgelab-10013,e463ec5d1757c1fef5033ed44eafb650345ebd9f4b11f8f485ea18b3146d9bc9,generated,16,violation_7plus,0.1266607617360496,0.09477413640389726,6,borderline_6,0.07142857142857142,0.0,47,violation_7plus,0.8181818181818182,0.8181818181818182
raw_backtranslation,no_thinking_fp8__bethgelab-10013,e463ec5d1757c1fef5033ed44eafb650345ebd9f4b11f8f485ea18b3146d9bc9,generated,10,violation_7plus,0.037215411558669004,0.024080560420315235,6,borderline_6,0.07142857142857142,0.0,47,violation_7plus,0.8181818181818182,0.8181818181818182
guarded_backtranslation,no_thinking_fp8__bethgelab-10013,e463ec5d1757c1fef5033ed44eafb650345ebd9f4b11f8f485ea18b3146d9bc9,generated,16,violation_7plus,0.07089715536105033,0.06039387308533917,6,borderline_6,0.07142857142857142,0.0,47,violation_7plus,0.8181818181818182,0.8181818181818182
original,no_thinking_fp8__bethgelab-10038,239b0964b4ee281617cec4a7344b292c5dd05cdc1e07db933a2e9df7fecd52fb,generated,19,violation_7plus,0.2967445742904841,0.24624373956594323,6,borderline_6,0.041237113402061855,0.0,10,violation_7plus,0.2631578947368421,0.2631578947368421
raw_backtranslation,no_thinking_fp8__bethgelab-10038,239b0964b4ee281617cec4a7344b292c5dd05cdc1e07db933a2e9df7fecd52fb,generated,10,violation_7plus,0.09586235149528882,0.058992216304793114,6,borderline_6,0.041237113402061855,0.0,10,violation_7plus,0.2631578947368421,0.2631578947368421
guarded_backtranslation,no_thinking_fp8__bethgelab-10038,239b0964b4ee281617cec4a7344b292c5dd05cdc1e07db933a2e9df7fecd52fb,generated,19,violation_7plus,0.20246913580246914,0.1699588477366255,6,borderline_6,0.041237113402061855,0.0,10,violation_7plus,0.2631578947368421,0.2631578947368421
original,no_thinking_fp8__bethgelab-10000,7fcd8ad1ec13aa789ceccd25ade8944690a8825a63727038dada658417498a13,generated,16,violation_7plus,0.1734982332155477,0.13109540636042402,6,borderline_6,0.036923076923076927,0.0,12,violation_7plus,0.42857142857142855,0.2857142857142857
raw_backtranslation,no_thinking_fp8__bethgelab-10000,7fcd8ad1ec13aa789ceccd25ade8944690a8825a63727038dada658417498a13,generated,12,violation_7plus,0.08027923211169284,0.05305410122164049,6,borderline_6,0.036923076923076927,0.0,12,violation_7plus,0.42857142857142855,0.2857142857142857
guarded_backtranslation,no_thinking_fp8__bethgelab-10000,7fcd8ad1ec13aa789ceccd25ade8944690a8825a63727038dada658417498a13,generated,16,violation_7plus,0.13668306394940266,0.10716795502459592,6,borderline_6,0.036923076923076927,0.0,12,violation_7plus,0.42857142857142855,0.2857142857142857
original,no_thinking_fp8__bethgelab-10003,e7cd528ba416b11b6aab2a6fd81b6328a5833daeb921827420f580cb236ca865,generated,20,violation_7plus,0.195697796432319,0.12959076600209862,5,within_5,0.0,0.0,14,violation_7plus,0.6666666666666666,0.6666666666666666
raw_backtranslation,no_thinking_fp8__bethgelab-10003,e7cd528ba416b11b6aab2a6fd81b6328a5833daeb921827420f580cb236ca865,generated,20,violation_7plus,0.1101871101871102,0.060291060291060294,5,within_5,0.0,0.0,14,violation_7plus,0.6666666666666666,0.6666666666666666
guarded_backtranslation,no_thinking_fp8__bethgelab-10003,e7cd528ba416b11b6aab2a6fd81b6328a5833daeb921827420f580cb236ca865,generated,20,violation_7plus,0.15012987012987014,0.10337662337662337,5,within_5,0.0,0.0,14,violation_7plus,0.6666666666666666,0.6666666666666666
original,no_thinking_fp8__bethgelab-50039,de19c655db485aa34b7e3387b03aa09cf54da16447b5294399730fc5c45d9003,generated,19,violation_7plus,0.215929203539823,0.17168141592920355,6,borderline_6,0.019672131147540985,0.0,16,violation_7plus,0.44666666666666666,0.4066666666666667
raw_backtranslation,no_thinking_fp8__bethgelab-50039,de19c655db485aa34b7e3387b03aa09cf54da16447b5294399730fc5c45d9003,generated,14,violation_7plus,0.08491817779743477,0.06634232640424591,6,borderline_6,0.019672131147540985,0.0,16,violation_7plus,0.44666666666666666,0.4066666666666667
guarded_backtranslation,no_thinking_fp8__bethgelab-50039,de19c655db485aa34b7e3387b03aa09cf54da16447b5294399730fc5c45d9003,generated,19,violation_7plus,0.1383399209486166,0.11550285463328941,6,borderline_6,0.019672131147540985,0.0,16,violation_7plus,0.44666666666666666,0.4066666666666667
original,no_thinking_fp8__bethgelab-50043,1e2798147c40faee951910206bf47fa2d91c8860b90000f30454b227d6994df2,generated,25,violation_7plus,0.1883219358232509,0.15675960021041557,6,borderline_6,0.05787781350482315,0.0,12,violation_7plus,0.41379310344827586,0.41379310344827586
raw_backtranslation,no_thinking_fp8__bethgelab-50043,1e2798147c40faee951910206bf47fa2d91c8860b90000f30454b227d6994df2,generated,14,violation_7plus,0.07885117493472585,0.05378590078328982,6,borderline_6,0.05787781350482315,0.0,12,violation_7plus,0.41379310344827586,0.41379310344827586
guarded_backtranslation,no_thinking_fp8__bethgelab-50043,1e2798147c40faee951910206bf47fa2d91c8860b90000f30454b227d6994df2,generated,25,violation_7plus,0.1379853095487933,0.10965372507869885,6,borderline_6,0.05787781350482315,0.0,12,violation_7plus,0.41379310344827586,0.41379310344827586
original,no_thinking_fp8__bethgelab-50033,bf799d730709e4d61998cf1d6c35cf9885ada8045ad414d9e196fb4bf044922a,generated,13,violation_7plus,0.18345323741007194,0.15422661870503598,6,borderline_6,0.014184397163120567,0.0,15,violation_7plus,0.16853932584269662,0.16853932584269662
raw_backtranslation,no_thinking_fp8__bethgelab-50033,bf799d730709e4d61998cf1d6c35cf9885ada8045ad414d9e196fb4bf044922a,generated,10,violation_7plus,0.07651715039577836,0.06068601583113457,6,borderline_6,0.014184397163120567,0.0,15,violation_7plus,0.16853932584269662,0.16853932584269662
guarded_backtranslation,no_thinking_fp8__bethgelab-50033,bf799d730709e4d61998cf1d6c35cf9885ada8045ad414d9e196fb4bf044922a,generated,13,violation_7plus,0.10784313725490197,0.10026737967914438,6,borderline_6,0.014184397163120567,0.0,15,violation_7plus,0.16853932584269662,0.16853932584269662
original,no_thinking_fp8__bethgelab-50037,56b77fff220a3b085f018b829126cd45b79cd9032f37052faf9f086717e16629,generated,18,violation_7plus,0.12089481199428843,0.08043788672060924,5,within_5,0.0,0.0,6,borderline_6,0.5217391304347826,0.0
raw_backtranslation,no_thinking_fp8__bethgelab-50037,56b77fff220a3b085f018b829126cd45b79cd9032f37052faf9f086717e16629,generated,19,violation_7plus,0.05671077504725898,0.034026465028355386,5,within_5,0.0,0.0,6,borderline_6,0.5217391304347826,0.0
guarded_backtranslation,no_thinking_fp8__bethgelab-50037,56b77fff220a3b085f018b829126cd45b79cd9032f37052faf9f086717e16629,generated,18,violation_7plus,0.07612293144208038,0.050591016548463354,5,within_5,0.0,0.0,6,borderline_6,0.5217391304347826,0.0
original,no_thinking_fp8__bethgelab-50047,9d6e795b20211d71799050c9282d0c0b9c3838aa8232d78b803accb410b2d33d,generated,16,violation_7plus,0.15436565364206464,0.12445730824891461,8,violation_7plus,0.05,0.05,17,violation_7plus,0.37777777777777777,0.37777777777777777
raw_backtranslation,no_thinking_fp8__bethgelab-50047,9d6e795b20211d71799050c9282d0c0b9c3838aa8232d78b803accb410b2d33d,generated,10,violation_7plus,0.0498812351543943,0.0327790973871734,8,violation_7plus,0.05,0.05,17,violation_7plus,0.37777777777777777,0.37777777777777777
guarded_backtranslation,no_thinking_fp8__bethgelab-50047,9d6e795b20211d71799050c9282d0c0b9c3838aa8232d78b803accb410b2d33d,generated,16,violation_7plus,0.12063188128291048,0.09956917185256103,8,violation_7plus,0.05,0.05,17,violation_7plus,0.37777777777777777,0.37777777777777777
original,no_thinking_fp8__bethgelab-50013,5873692a5abcd2765669d5fab7979f848ab9682d042126b679e3e670e9745efa,generated,17,violation_7plus,0.1175115207373272,0.0967741935483871,6,borderline_6,0.029850746268656716,0.0,9,violation_7plus,0.4146341463414634,0.4146341463414634
raw_backtranslation,no_thinking_fp8__bethgelab-50013,5873692a5abcd2765669d5fab7979f848ab9682d042126b679e3e670e9745efa,generated,20,violation_7plus,0.05131128848346636,0.027366020524515394,6,borderline_6,0.029850746268656716,0.0,9,violation_7plus,0.4146341463414634,0.4146341463414634
guarded_backtranslation,no_thinking_fp8__bethgelab-50013,5873692a5abcd2765669d5fab7979f848ab9682d042126b679e3e670e9745efa,generated,17,violation_7plus,0.088,0.07085714285714285,6,borderline_6,0.029850746268656716,0.0,9,violation_7plus,0.4146341463414634,0.4146341463414634
original,no_thinking_fp8__bethgelab-50009,fdf2c95a141e744682aad8f94ea8783a5514e7033960d29fa2961bf8be3a3068,generated,22,violation_7plus,0.20433751270755676,0.15825144018976617,7,violation_7plus,0.014736842105263158,0.014736842105263158,16,violation_7plus,0.5652173913043478,0.5652173913043478
raw_backtranslation,no_thinking_fp8__bethgelab-50009,fdf2c95a141e744682aad8f94ea8783a5514e7033960d29fa2961bf8be3a3068,generated,14,violation_7plus,0.07489878542510121,0.04251012145748988,7,violation_7plus,0.014736842105263158,0.014736842105263158,16,violation_7plus,0.5652173913043478,0.5652173913043478
guarded_backtranslation,no_thinking_fp8__bethgelab-50009,fdf2c95a141e744682aad8f94ea8783a5514e7033960d29fa2961bf8be3a3068,generated,22,violation_7plus,0.14625042416016287,0.1177468612147947,7,violation_7plus,0.014736842105263158,0.014736842105263158,16,violation_7plus,0.5652173913043478,0.5652173913043478
original,no_thinking_fp8__bethgelab-50015,0bf9b205e3a6d1c88f5d9b2acfe868ac55f05e758fba034533eae6c292c1adee,generated,24,violation_7plus,0.22087132725430597,0.1661600810536981,4,within_5,0.0,0.0,14,violation_7plus,0.7419354838709677,0.7419354838709677
raw_backtranslation,no_thinking_fp8__bethgelab-50015,0bf9b205e3a6d1c88f5d9b2acfe868ac55f05e758fba034533eae6c292c1adee,generated,15,violation_7plus,0.1005,0.0585,4,within_5,0.0,0.0,14,violation_7plus,0.7419354838709677,0.7419354838709677
guarded_backtranslation,no_thinking_fp8__bethgelab-50015,0bf9b205e3a6d1c88f5d9b2acfe868ac55f05e758fba034533eae6c292c1adee,generated,24,violation_7plus,0.16557624559637646,0.12632108706592854,4,within_5,0.0,0.0,14,violation_7plus,0.7419354838709677,0.7419354838709677
original,no_thinking_fp8__bethgelab-50024,74ce4c9a8bb66ed76aa0bcf2719b37c2f45118dfc537ed9a1a7429457fac9b78,generated,14,violation_7plus,0.15411106328024107,0.11838140335772708,5,within_5,0.0,0.0,15,violation_7plus,0.2631578947368421,0.2631578947368421
raw_backtranslation,no_thinking_fp8__bethgelab-50024,74ce4c9a8bb66ed76aa0bcf2719b37c2f45118dfc537ed9a1a7429457fac9b78,generated,12,violation_7plus,0.05446808510638298,0.04425531914893617,5,within_5,0.0,0.0,15,violation_7plus,0.2631578947368421,0.2631578947368421
guarded_backtranslation,no_thinking_fp8__bethgelab-50024,74ce4c9a8bb66ed76aa0bcf2719b37c2f45118dfc537ed9a1a7429457fac9b78,generated,14,violation_7plus,0.125,0.09965635738831616,5,within_5,0.0,0.0,15,violation_7plus,0.2631578947368421,0.2631578947368421
original,no_thinking_fp8__bethgelab-50028,67b0f14459545eb0cb90ba33ad7dd4e3e7288a9289fa58f9000ee9ffb9d945e1,generated,13,violation_7plus,0.1390154968094804,0.10209662716499544,9,violation_7plus,0.3,0.07894736842105263,12,violation_7plus,0.42857142857142855,0.42857142857142855
raw_backtranslation,no_thinking_fp8__bethgelab-50028,67b0f14459545eb0cb90ba33ad7dd4e3e7288a9289fa58f9000ee9ffb9d945e1,generated,9,violation_7plus,0.06633796503809951,0.033168982519049754,9,violation_7plus,0.3,0.07894736842105263,12,violation_7plus,0.42857142857142855,0.42857142857142855
guarded_backtranslation,no_thinking_fp8__bethgelab-50028,67b0f14459545eb0cb90ba33ad7dd4e3e7288a9289fa58f9000ee9ffb9d945e1,generated,13,violation_7plus,0.11272068809416025,0.08736985061113627,9,violation_7plus,0.3,0.07894736842105263,12,violation_7plus,0.42857142857142855,0.42857142857142855
original,no_thinking_fp8__bethgelab-100037,475da814ff8aee7689b47bcfab425741f38e34a74e4e6dbfca2d6ed825526487,generated,19,violation_7plus,0.12646484375,0.09130859375,6,borderline_6,0.02531645569620253,0.0,29,violation_7plus,0.5178571428571429,0.5178571428571429
raw_backtranslation,no_thinking_fp8__bethgelab-100037,475da814ff8aee7689b47bcfab425741f38e34a74e4e6dbfca2d6ed825526487,generated,10,violation_7plus,0.04068932503590235,0.023456199138343705,6,borderline_6,0.02531645569620253,0.0,29,violation_7plus,0.5178571428571429,0.5178571428571429
guarded_backtranslation,no_thinking_fp8__bethgelab-100037,475da814ff8aee7689b47bcfab425741f38e34a74e4e6dbfca2d6ed825526487,generated,13,violation_7plus,0.0853954391072295,0.059194565744784086,6,borderline_6,0.02531645569620253,0.0,29,violation_7plus,0.5178571428571429,0.5178571428571429
original,no_thinking_fp8__bethgelab-100048,894ece07744c3dff9486aad1b6536dbe0bef2872acbdf6fa5c7a027af65b2b72,generated,12,violation_7plus,0.07673267326732673,0.043316831683168314,11,violation_7plus,0.3910761154855643,0.28083989501312334,18,violation_7plus,0.45588235294117646,0.45588235294117646
raw_backtranslation,no_thinking_fp8__bethgelab-100048,894ece07744c3dff9486aad1b6536dbe0bef2872acbdf6fa5c7a027af65b2b72,generated,9,violation_7plus,0.022616136919315404,0.015281173594132029,11,violation_7plus,0.3910761154855643,0.28083989501312334,18,violation_7plus,0.45588235294117646,0.45588235294117646
guarded_backtranslation,no_thinking_fp8__bethgelab-100048,894ece07744c3dff9486aad1b6536dbe0bef2872acbdf6fa5c7a027af65b2b72,generated,12,violation_7plus,0.043827160493827164,0.025308641975308643,11,violation_7plus,0.3910761154855643,0.28083989501312334,18,violation_7plus,0.45588235294117646,0.45588235294117646
original,no_thinking_fp8__bethgelab-100002,9cfd749620877169e7af30ce0e929738eab4d6b0c917acbbc6b9983017bb5044,generated,16,violation_7plus,0.21544209215442092,0.1780821917808219,5,within_5,0.0,0.0,11,violation_7plus,0.22,0.22
raw_backtranslation,no_thinking_fp8__bethgelab-100002,9cfd749620877169e7af30ce0e929738eab4d6b0c917acbbc6b9983017bb5044,generated,16,violation_7plus,0.11836485661989017,0.08907870652837095,5,within_5,0.0,0.0,11,violation_7plus,0.22,0.22
guarded_backtranslation,no_thinking_fp8__bethgelab-100002,9cfd749620877169e7af30ce0e929738eab4d6b0c917acbbc6b9983017bb5044,generated,16,violation_7plus,0.1782421634910879,0.1524277811923786,5,within_5,0.0,0.0,11,violation_7plus,0.22,0.22
original,no_thinking_fp8__bethgelab-100001,1dad06f32bca0d6bab2e043a9a5f11a944b26effd7412130afeace3d9f30574c,generated,17,violation_7plus,0.17803660565723795,0.14254021075984472,5,within_5,0.0,0.0,18,violation_7plus,0.42857142857142855,0.42857142857142855
raw_backtranslation,no_thinking_fp8__bethgelab-100001,1dad06f32bca0d6bab2e043a9a5f11a944b26effd7412130afeace3d9f30574c,generated,12,violation_7plus,0.0790205898720089,0.045631608235948806,5,within_5,0.0,0.0,18,violation_7plus,0.42857142857142855,0.42857142857142855
guarded_backtranslation,no_thinking_fp8__bethgelab-100001,1dad06f32bca0d6bab2e043a9a5f11a944b26effd7412130afeace3d9f30574c,generated,17,violation_7plus,0.12162905888827738,0.08970831040176115,5,within_5,0.0,0.0,18,violation_7plus,0.42857142857142855,0.42857142857142855
original,no_thinking_fp8__bethgelab-100003,191f8cffbe90985061b6946db049ff8f556f014bb0268187a365732f60fc01eb,generated,16,violation_7plus,0.15687276443536025,0.10781808891159939,3,within_5,0.0,0.0,18,violation_7plus,0.375,0.375
raw_backtranslation,no_thinking_fp8__bethgelab-100003,191f8cffbe90985061b6946db049ff8f556f014bb0268187a365732f60fc01eb,generated,9,violation_7plus,0.042042042042042045,0.024024024024024024,3,within_5,0.0,0.0,18,violation_7plus,0.375,0.375
guarded_backtranslation,no_thinking_fp8__bethgelab-100003,191f8cffbe90985061b6946db049ff8f556f014bb0268187a365732f60fc01eb,generated,16,violation_7plus,0.0899497487437186,0.06884422110552764,3,within_5,0.0,0.0,18,violation_7plus,0.375,0.375
original,no_thinking_fp8__bethgelab-100040,baacd8ccf76122818d147f4282a2a0720bbbbe1b1352bdfd10d8d2a97abbf7f0,generated,20,violation_7plus,0.17297297297297298,0.12756756756756757,6,borderline_6,0.025,0.0,38,violation_7plus,0.8135593220338984,0.8135593220338984
raw_backtranslation,no_thinking_fp8__bethgelab-100040,baacd8ccf76122818d147f4282a2a0720bbbbe1b1352bdfd10d8d2a97abbf7f0,generated,10,violation_7plus,0.059227921734531994,0.030671602326811213,6,borderline_6,0.025,0.0,38,violation_7plus,0.8135593220338984,0.8135593220338984
guarded_backtranslation,no_thinking_fp8__bethgelab-100040,baacd8ccf76122818d147f4282a2a0720bbbbe1b1352bdfd10d8d2a97abbf7f0,generated,20,violation_7plus,0.11657754010695187,0.0877005347593583,6,borderline_6,0.025,0.0,38,violation_7plus,0.8135593220338984,0.8135593220338984
original,no_thinking_fp8__bethgelab-100027,d0a94ffc1733d8e398e0d039e28cff7e4b6cb5d0c12246b1bea4712d3ea0c6ac,generated,14,violation_7plus,0.1211671612265084,0.08852621167161226,6,borderline_6,0.02608695652173913,0.0,24,violation_7plus,0.35514018691588783,0.35514018691588783
raw_backtranslation,no_thinking_fp8__bethgelab-100027,d0a94ffc1733d8e398e0d039e28cff7e4b6cb5d0c12246b1bea4712d3ea0c6ac,generated,11,violation_7plus,0.06363191385217817,0.05188448360254528,6,borderline_6,0.02608695652173913,0.0,24,violation_7plus,0.35514018691588783,0.35514018691588783
guarded_backtranslation,no_thinking_fp8__bethgelab-100027,d0a94ffc1733d8e398e0d039e28cff7e4b6cb5d0c12246b1bea4712d3ea0c6ac,generated,14,violation_7plus,0.09591736350221347,0.07230693556320708,6,borderline_6,0.02608695652173913,0.0,24,violation_7plus,0.35514018691588783,0.35514018691588783
original,no_thinking_fp8__bethgelab-100026,76809edc3a81a1b01bf93be36eb56d891fdab656023bbf75ddf1a39e60d592f2,generated,13,violation_7plus,0.11745334796926454,0.0845225027442371,6,borderline_6,0.023255813953488372,0.0,15,violation_7plus,0.5,0.5
raw_backtranslation,no_thinking_fp8__bethgelab-100026,76809edc3a81a1b01bf93be36eb56d891fdab656023bbf75ddf1a39e60d592f2,generated,10,violation_7plus,0.05853658536585366,0.032520325203252036,6,borderline_6,0.023255813953488372,0.0,15,violation_7plus,0.5,0.5
guarded_backtranslation,no_thinking_fp8__bethgelab-100026,76809edc3a81a1b01bf93be36eb56d891fdab656023bbf75ddf1a39e60d592f2,generated,13,violation_7plus,0.10575342465753425,0.07616438356164383,6,borderline_6,0.023255813953488372,0.0,15,violation_7plus,0.5,0.5
original,no_thinking_fp8__bethgelab-100015,b2c521e823368d1812a8d64440899ae15551afa85a6d1109d734898ee3b5a08f,generated,17,violation_7plus,0.17451403887688985,0.12267818574514039,9,violation_7plus,0.13800904977375567,0.083710407239819,14,violation_7plus,0.1414141414141414,0.1414141414141414
raw_backtranslation,no_thinking_fp8__bethgelab-100015,b2c521e823368d1812a8d64440899ae15551afa85a6d1109d734898ee3b5a08f,generated,11,violation_7plus,0.06360572872788542,0.038331929233361414,9,violation_7plus,0.13800904977375567,0.083710407239819,14,violation_7plus,0.1414141414141414,0.1414141414141414
guarded_backtranslation,no_thinking_fp8__bethgelab-100015,b2c521e823368d1812a8d64440899ae15551afa85a6d1109d734898ee3b5a08f,generated,17,violation_7plus,0.10434412265758092,0.07112436115843271,9,violation_7plus,0.13800904977375567,0.083710407239819,14,violation_7plus,0.1414141414141414,0.1414141414141414
original,no_thinking_fp8__bethgelab-200048,868744c1a1f5d91dd97bfb5ee1697b8b7bfdd53298d0e513d7c45b76472ec6d7,generated,16,violation_7plus,0.15394853593611357,0.10603371783496007,12,violation_7plus,0.30275229357798167,0.20642201834862386,18,violation_7plus,0.225,0.225
raw_backtranslation,no_thinking_fp8__bethgelab-200048,868744c1a1f5d91dd97bfb5ee1697b8b7bfdd53298d0e513d7c45b76472ec6d7,generated,12,violation_7plus,0.0631258162821071,0.04222899434044406,12,violation_7plus,0.30275229357798167,0.20642201834862386,18,violation_7plus,0.225,0.225
guarded_backtranslation,no_thinking_fp8__bethgelab-200048,868744c1a1f5d91dd97bfb5ee1697b8b7bfdd53298d0e513d7c45b76472ec6d7,generated,16,violation_7plus,0.11277533039647578,0.07312775330396476,12,violation_7plus,0.30275229357798167,0.20642201834862386,18,violation_7plus,0.225,0.225
original,no_thinking_fp8__bethgelab-200024,88a116c99d1eea1a867a05ba40ecabf52cfe821203f2034181a21d74d59d63c8,generated,14,violation_7plus,0.12668743509865005,0.10488058151609553,11,violation_7plus,0.26153846153846155,0.23076923076923078,45,violation_7plus,0.7536231884057971,0.7536231884057971
raw_backtranslation,no_thinking_fp8__bethgelab-200024,88a116c99d1eea1a867a05ba40ecabf52cfe821203f2034181a21d74d59d63c8,generated,10,violation_7plus,0.06288343558282208,0.032719836400818,11,violation_7plus,0.26153846153846155,0.23076923076923078,45,violation_7plus,0.7536231884057971,0.7536231884057971
guarded_backtranslation,no_thinking_fp8__bethgelab-200024,88a116c99d1eea1a867a05ba40ecabf52cfe821203f2034181a21d74d59d63c8,generated,14,violation_7plus,0.08884297520661157,0.07644628099173553,11,violation_7plus,0.26153846153846155,0.23076923076923078,45,violation_7plus,0.7536231884057971,0.7536231884057971
original,no_thinking_fp8__bethgelab-200047,f4bd42a8da057cea05f258f7ffd5ed924b47d6381a7e6b2b4a5a5795c6c9aaba,generated,17,violation_7plus,0.237788513150832,0.1846484165324745,5,within_5,0.0,0.0,13,violation_7plus,0.29545454545454547,0.29545454545454547
raw_backtranslation,no_thinking_fp8__bethgelab-200047,f4bd42a8da057cea05f258f7ffd5ed924b47d6381a7e6b2b4a5a5795c6c9aaba,generated,12,violation_7plus,0.11657754010695187,0.0893048128342246,5,within_5,0.0,0.0,13,violation_7plus,0.29545454545454547,0.29545454545454547
guarded_backtranslation,no_thinking_fp8__bethgelab-200047,f4bd42a8da057cea05f258f7ffd5ed924b47d6381a7e6b2b4a5a5795c6c9aaba,generated,17,violation_7plus,0.18308351177730192,0.14614561027837258,5,within_5,0.0,0.0,13,violation_7plus,0.29545454545454547,0.29545454545454547
original,no_thinking_fp8__bethgelab-200042,a995598c9dc8909ce7b487753c1ee613113c93393e7f9297e629c21751490704,generated,18,violation_7plus,0.22018348623853212,0.17737003058103976,5,within_5,0.0,0.0,17,violation_7plus,0.2361111111111111,0.2361111111111111
raw_backtranslation,no_thinking_fp8__bethgelab-200042,a995598c9dc8909ce7b487753c1ee613113c93393e7f9297e629c21751490704,generated,17,violation_7plus,0.09171443460135487,0.07295466388744137,5,within_5,0.0,0.0,17,violation_7plus,0.2361111111111111,0.2361111111111111
guarded_backtranslation,no_thinking_fp8__bethgelab-200042,a995598c9dc8909ce7b487753c1ee613113c93393e7f9297e629c21751490704,generated,18,violation_7plus,0.16920731707317074,0.1448170731707317,5,within_5,0.0,0.0,17,violation_7plus,0.2361111111111111,0.2361111111111111
original,no_thinking_fp8__bethgelab-200004,d7535eed5d733ab833691ced999c404380d4967457d1ed8b9198f1296b8dab6f,generated,16,violation_7plus,0.12616566099835436,0.07350521119034559,4,within_5,0.0,0.0,22,violation_7plus,0.5514705882352942,0.5514705882352942
raw_backtranslation,no_thinking_fp8__bethgelab-200004,d7535eed5d733ab833691ced999c404380d4967457d1ed8b9198f1296b8dab6f,generated,13,violation_7plus,0.06035889070146819,0.03425774877650897,4,within_5,0.0,0.0,22,violation_7plus,0.5514705882352942,0.5514705882352942
guarded_backtranslation,no_thinking_fp8__bethgelab-200004,d7535eed5d733ab833691ced999c404380d4967457d1ed8b9198f1296b8dab6f,generated,16,violation_7plus,0.09463894967177243,0.0650984682713348,4,within_5,0.0,0.0,22,violation_7plus,0.5514705882352942,0.5514705882352942
original,no_thinking_fp8__bethgelab-200021,aa7c3ced0095dfd12cb4e186f48684b79bc4bba351a31f42602b16e434d00d21,generated,20,violation_7plus,0.2947976878612717,0.250206440957886,5,within_5,0.0,0.0,14,violation_7plus,0.175,0.175
raw_backtranslation,no_thinking_fp8__bethgelab-200021,aa7c3ced0095dfd12cb4e186f48684b79bc4bba351a31f42602b16e434d00d21,generated,11,violation_7plus,0.12281415209434729,0.08662057747051646,5,within_5,0.0,0.0,14,violation_7plus,0.175,0.175
guarded_backtranslation,no_thinking_fp8__bethgelab-200021,aa7c3ced0095dfd12cb4e186f48684b79bc4bba351a31f42602b16e434d00d21,generated,20,violation_7plus,0.19786096256684493,0.1781160016454134,5,within_5,0.0,0.0,14,violation_7plus,0.175,0.175
original,no_thinking_fp8__bethgelab-200016,218b16eeb02da5827f5c0724d2d42f966ee250105fe6b2da4daabaee84f52ef5,generated,27,violation_7plus,0.2909356725146199,0.22660818713450293,5,within_5,0.0,0.0,15,violation_7plus,0.36585365853658536,0.36585365853658536
raw_backtranslation,no_thinking_fp8__bethgelab-200016,218b16eeb02da5827f5c0724d2d42f966ee250105fe6b2da4daabaee84f52ef5,generated,14,violation_7plus,0.07054512139257901,0.03481447549244159,5,within_5,0.0,0.0,15,violation_7plus,0.36585365853658536,0.36585365853658536
guarded_backtranslation,no_thinking_fp8__bethgelab-200016,218b16eeb02da5827f5c0724d2d42f966ee250105fe6b2da4daabaee84f52ef5,generated,27,violation_7plus,0.17483506126295947,0.13666352497643733,5,within_5,0.0,0.0,15,violation_7plus,0.36585365853658536,0.36585365853658536
original,no_thinking_fp8__bethgelab-200019,e049827f21769b52fbc4a147774761c10e8dbacc20474376debb2a0a64b649d5,generated,16,violation_7plus,0.12627169359664872,0.10113704368641532,8,violation_7plus,0.07662835249042145,0.03065134099616858,19,violation_7plus,0.7368421052631579,0.7368421052631579
raw_backtranslation,no_thinking_fp8__bethgelab-200019,e049827f21769b52fbc4a147774761c10e8dbacc20474376debb2a0a64b649d5,generated,9,violation_7plus,0.05773809523809524,0.03273809523809524,8,violation_7plus,0.07662835249042145,0.03065134099616858,19,violation_7plus,0.7368421052631579,0.7368421052631579
guarded_backtranslation,no_thinking_fp8__bethgelab-200019,e049827f21769b52fbc4a147774761c10e8dbacc20474376debb2a0a64b649d5,generated,12,violation_7plus,0.08169350029815146,0.056648777579010136,8,violation_7plus,0.07662835249042145,0.03065134099616858,19,violation_7plus,0.7368421052631579,0.7368421052631579
original,no_thinking_merged__arxiv-121,d3a694eff94f3b4b16cb0b402152cc9c29d7beea9452d1d41f2e94d279cf97fc,generated,26,violation_7plus,0.3743283582089552,0.3205970149253731,6,borderline_6,0.031413612565445025,0.0,13,violation_7plus,0.4482758620689655,0.4482758620689655
raw_backtranslation,no_thinking_merged__arxiv-121,d3a694eff94f3b4b16cb0b402152cc9c29d7beea9452d1d41f2e94d279cf97fc,generated,18,violation_7plus,0.12503694945314808,0.080697605675436,6,borderline_6,0.031413612565445025,0.0,13,violation_7plus,0.4482758620689655,0.4482758620689655
guarded_backtranslation,no_thinking_merged__arxiv-121,d3a694eff94f3b4b16cb0b402152cc9c29d7beea9452d1d41f2e94d279cf97fc,generated,26,violation_7plus,0.2667855020796197,0.22756981580510993,6,borderline_6,0.031413612565445025,0.0,13,violation_7plus,0.4482758620689655,0.4482758620689655
original,no_thinking_merged__arxiv-126,1930d76ba55aeb0001455f2343b31339a7ebd4c1eaa1881c3cc97bef9f4572d8,generated,26,violation_7plus,0.14935897435897436,0.11858974358974358,6,borderline_6,0.0759493670886076,0.0,11,violation_7plus,0.44,0.44
raw_backtranslation,no_thinking_merged__arxiv-126,1930d76ba55aeb0001455f2343b31339a7ebd4c1eaa1881c3cc97bef9f4572d8,generated,10,violation_7plus,0.06925031766200762,0.042566709021601014,6,borderline_6,0.0759493670886076,0.0,11,violation_7plus,0.44,0.44
guarded_backtranslation,no_thinking_merged__arxiv-126,1930d76ba55aeb0001455f2343b31339a7ebd4c1eaa1881c3cc97bef9f4572d8,generated,11,violation_7plus,0.11274823830877642,0.08584240871236387,6,borderline_6,0.0759493670886076,0.0,11,violation_7plus,0.44,0.44
original,no_thinking_merged__arxiv-107,0cd232f1e6f19c1c792956fba6b6706d8bea94915ea3ed46590d6db698f415ec,generated,16,violation_7plus,0.23534840793724043,0.19104753114905398,4,within_5,0.0,0.0,12,violation_7plus,0.6551724137931034,0.6551724137931034
raw_backtranslation,no_thinking_merged__arxiv-107,0cd232f1e6f19c1c792956fba6b6706d8bea94915ea3ed46590d6db698f415ec,generated,12,violation_7plus,0.09802158273381295,0.0683453237410072,4,within_5,0.0,0.0,12,violation_7plus,0.6551724137931034,0.6551724137931034
guarded_backtranslation,no_thinking_merged__arxiv-107,0cd232f1e6f19c1c792956fba6b6706d8bea94915ea3ed46590d6db698f415ec,generated,16,violation_7plus,0.17994505494505494,0.15247252747252749,4,within_5,0.0,0.0,12,violation_7plus,0.6551724137931034,0.6551724137931034
original,no_thinking_merged__arxiv-102,0c59df13d1c8367c898c64adf0337dbe33ef3a348ba4acfd31151d353d722102,generated,9,violation_7plus,0.06262104583602324,0.051000645577792124,7,violation_7plus,0.03804347826086957,0.03804347826086957,6,borderline_6,0.075,0.0
raw_backtranslation,no_thinking_merged__arxiv-102,0c59df13d1c8367c898c64adf0337dbe33ef3a348ba4acfd31151d353d722102,generated,8,violation_7plus,0.044089456869009586,0.024920127795527155,7,violation_7plus,0.03804347826086957,0.03804347826086957,6,borderline_6,0.075,0.0
guarded_backtranslation,no_thinking_merged__arxiv-102,0c59df13d1c8367c898c64adf0337dbe33ef3a348ba4acfd31151d353d722102,generated,9,violation_7plus,0.06241956241956242,0.05083655083655084,7,violation_7plus,0.03804347826086957,0.03804347826086957,6,borderline_6,0.075,0.0
original,no_thinking_merged__arxiv-136,675c74bc3e304a4e6d1d06fd23fa795e5096b7bc80ba498817dfc0d663e7a07e,generated,19,violation_7plus,0.23315259488768397,0.21378776142525174,5,within_5,0.0,0.0,8,violation_7plus,0.4,0.4
raw_backtranslation,no_thinking_merged__arxiv-136,675c74bc3e304a4e6d1d06fd23fa795e5096b7bc80ba498817dfc0d663e7a07e,generated,14,violation_7plus,0.07615384615384616,0.057692307692307696,5,within_5,0.0,0.0,8,violation_7plus,0.4,0.4
guarded_backtranslation,no_thinking_merged__arxiv-136,675c74bc3e304a4e6d1d06fd23fa795e5096b7bc80ba498817dfc0d663e7a07e,generated,19,violation_7plus,0.17950693374422189,0.16024653312788906,5,within_5,0.0,0.0,8,violation_7plus,0.4,0.4
original,no_thinking_merged__arxiv-149,f45fbb1a667f04eaf047241d43a42805720ec0b274912115cad01d051ceff4d0,generated,10,violation_7plus,0.050381679389312976,0.0366412213740458,4,within_5,0.0,0.0,6,borderline_6,0.20689655172413793,0.0
raw_backtranslation,no_thinking_merged__arxiv-149,f45fbb1a667f04eaf047241d43a42805720ec0b274912115cad01d051ceff4d0,generated,8,violation_7plus,0.030349013657056147,0.01669195751138088,4,within_5,0.0,0.0,6,borderline_6,0.20689655172413793,0.0
guarded_backtranslation,no_thinking_merged__arxiv-149,f45fbb1a667f04eaf047241d43a42805720ec0b274912115cad01d051ceff4d0,generated,8,violation_7plus,0.03655750190403656,0.02284843869002285,4,within_5,0.0,0.0,6,borderline_6,0.20689655172413793,0.0
original,no_thinking_merged__arxiv-105,a5125841febadab67901bd0b1697be29074d729a764def41ec6ee04627b65c60,generated,18,violation_7plus,0.20256111757857975,0.16880093131548313,7,violation_7plus,0.08520179372197309,0.03139013452914798,11,violation_7plus,0.44,0.44
raw_backtranslation,no_thinking_merged__arxiv-105,a5125841febadab67901bd0b1697be29074d729a764def41ec6ee04627b65c60,generated,15,violation_7plus,0.09367816091954023,0.06954022988505747,7,violation_7plus,0.08520179372197309,0.03139013452914798,11,violation_7plus,0.44,0.44
guarded_backtranslation,no_thinking_merged__arxiv-105,a5125841febadab67901bd0b1697be29074d729a764def41ec6ee04627b65c60,generated,18,violation_7plus,0.14068884997081144,0.1138353765323993,7,violation_7plus,0.08520179372197309,0.03139013452914798,11,violation_7plus,0.44,0.44
original,no_thinking_merged__arxiv-115,42a1ca2ea10daa973bd16846721085d97a9ffe654e95422012ca5159ba4e4b5d,generated,18,violation_7plus,0.08427973699940228,0.052002390914524806,7,violation_7plus,0.14979757085020243,0.02834008097165992,13,violation_7plus,0.43333333333333335,0.43333333333333335
raw_backtranslation,no_thinking_merged__arxiv-115,42a1ca2ea10daa973bd16846721085d97a9ffe654e95422012ca5159ba4e4b5d,generated,8,violation_7plus,0.03407053197848177,0.008965929468021518,7,violation_7plus,0.14979757085020243,0.02834008097165992,13,violation_7plus,0.43333333333333335,0.43333333333333335
guarded_backtranslation,no_thinking_merged__arxiv-115,42a1ca2ea10daa973bd16846721085d97a9ffe654e95422012ca5159ba4e4b5d,generated,18,violation_7plus,0.06933652121936641,0.04781829049611477,7,violation_7plus,0.14979757085020243,0.02834008097165992,13,violation_7plus,0.43333333333333335,0.43333333333333335
original,no_thinking_merged__arxiv-109,efc50660ddd10578ac93db24ab78998d80637d2a0e59f77a07d910d3fc627bd3,generated,23,violation_7plus,0.12730142030510258,0.09573908469226723,7,violation_7plus,0.07916666666666666,0.029166666666666667,16,violation_7plus,0.2318840579710145,0.2318840579710145
raw_backtranslation,no_thinking_merged__arxiv-109,efc50660ddd10578ac93db24ab78998d80637d2a0e59f77a07d910d3fc627bd3,generated,14,violation_7plus,0.06509186351706037,0.04304461942257218,7,violation_7plus,0.07916666666666666,0.029166666666666667,16,violation_7plus,0.2318840579710145,0.2318840579710145
guarded_backtranslation,no_thinking_merged__arxiv-109,efc50660ddd10578ac93db24ab78998d80637d2a0e59f77a07d910d3fc627bd3,generated,23,violation_7plus,0.10015731515469324,0.08442579968536969,7,violation_7plus,0.07916666666666666,0.029166666666666667,16,violation_7plus,0.2318840579710145,0.2318840579710145
original,no_thinking_merged__arxiv-140,60d9760b31c6d22c99e9bd030affca4a6c991004c5b68c4be05b0afcb39308d4,generated,15,violation_7plus,0.12881993417959567,0.07804419370004702,10,violation_7plus,0.33153638814016173,0.2183288409703504,6,borderline_6,0.10434782608695652,0.0
raw_backtranslation,no_thinking_merged__arxiv-140,60d9760b31c6d22c99e9bd030affca4a6c991004c5b68c4be05b0afcb39308d4,generated,8,violation_7plus,0.029773156899810964,0.007088846880907372,10,violation_7plus,0.33153638814016173,0.2183288409703504,6,borderline_6,0.10434782608695652,0.0
guarded_backtranslation,no_thinking_merged__arxiv-140,60d9760b31c6d22c99e9bd030affca4a6c991004c5b68c4be05b0afcb39308d4,generated,12,violation_7plus,0.07523364485981308,0.035981308411214954,10,violation_7plus,0.33153638814016173,0.2183288409703504,6,borderline_6,0.10434782608695652,0.0
original,no_thinking_merged__arxiv-10033,0ab4201a9ac28ed2854d07b9664a6dbb22ed10afdbb21ce3e4e96927a50d1667,generated,18,violation_7plus,0.1594274432379072,0.12981243830207306,4,within_5,0.0,0.0,9,violation_7plus,0.25,0.25
raw_backtranslation,no_thinking_merged__arxiv-10033,0ab4201a9ac28ed2854d07b9664a6dbb22ed10afdbb21ce3e4e96927a50d1667,generated,11,violation_7plus,0.0848366650414432,0.04680643588493418,4,within_5,0.0,0.0,9,violation_7plus,0.25,0.25
guarded_backtranslation,no_thinking_merged__arxiv-10033,0ab4201a9ac28ed2854d07b9664a6dbb22ed10afdbb21ce3e4e96927a50d1667,generated,18,violation_7plus,0.14257523433645783,0.11889491859891466,4,within_5,0.0,0.0,9,violation_7plus,0.25,0.25
original,no_thinking_merged__arxiv-10019,e417f9d8113e4f9e3d4d71d407c61db9b570026bd9f7b6668fc1e8c16d596cf1,generated,19,violation_7plus,0.15305598356445815,0.09655880842321521,5,within_5,0.0,0.0,10,violation_7plus,0.4166666666666667,0.4166666666666667
raw_backtranslation,no_thinking_merged__arxiv-10019,e417f9d8113e4f9e3d4d71d407c61db9b570026bd9f7b6668fc1e8c16d596cf1,generated,12,violation_7plus,0.05527638190954774,0.0371859296482412,5,within_5,0.0,0.0,10,violation_7plus,0.4166666666666667,0.4166666666666667
guarded_backtranslation,no_thinking_merged__arxiv-10019,e417f9d8113e4f9e3d4d71d407c61db9b570026bd9f7b6668fc1e8c16d596cf1,generated,19,violation_7plus,0.109072375127421,0.07849133537206932,5,within_5,0.0,0.0,10,violation_7plus,0.4166666666666667,0.4166666666666667
original,no_thinking_merged__arxiv-10021,45486df054ce4e8cb8f4e3990eef1766b9bdc7b2e85e15db69e9ddb8f396c118,generated,17,violation_7plus,0.263533361309274,0.2102391942929081,4,within_5,0.0,0.0,11,violation_7plus,0.5882352941176471,0.5882352941176471
raw_backtranslation,no_thinking_merged__arxiv-10021,45486df054ce4e8cb8f4e3990eef1766b9bdc7b2e85e15db69e9ddb8f396c118,generated,14,violation_7plus,0.08695652173913043,0.05988515176374077,4,within_5,0.0,0.0,11,violation_7plus,0.5882352941176471,0.5882352941176471
guarded_backtranslation,no_thinking_merged__arxiv-10021,45486df054ce4e8cb8f4e3990eef1766b9bdc7b2e85e15db69e9ddb8f396c118,generated,17,violation_7plus,0.1684692179700499,0.141846921797005,4,within_5,0.0,0.0,11,violation_7plus,0.5882352941176471,0.5882352941176471
original,no_thinking_merged__arxiv-10024,53e0b1725cb5a75993acc2d9a053ebfbccabab6198d7da1c710d31441855428c,generated,17,violation_7plus,0.23432343234323433,0.2,5,within_5,0.0,0.0,9,violation_7plus,0.3,0.3
raw_backtranslation,no_thinking_merged__arxiv-10024,53e0b1725cb5a75993acc2d9a053ebfbccabab6198d7da1c710d31441855428c,generated,11,violation_7plus,0.1121251629726206,0.07822685788787484,5,within_5,0.0,0.0,9,violation_7plus,0.3,0.3
guarded_backtranslation,no_thinking_merged__arxiv-10024,53e0b1725cb5a75993acc2d9a053ebfbccabab6198d7da1c710d31441855428c,generated,13,violation_7plus,0.15095583388266315,0.12458800263678313,5,within_5,0.0,0.0,9,violation_7plus,0.3,0.3
original,no_thinking_merged__arxiv-10047,d9ebb43f108cf77cf2a314ef4344f7dc8ec16aed525065dc3c64ebe64506ee96,generated,12,violation_7plus,0.14573396926338103,0.11552729199788023,6,borderline_6,0.03571428571428571,0.0,13,violation_7plus,0.75,0.75
raw_backtranslation,no_thinking_merged__arxiv-10047,d9ebb43f108cf77cf2a314ef4344f7dc8ec16aed525065dc3c64ebe64506ee96,generated,11,violation_7plus,0.05405405405405406,0.03179650238473768,6,borderline_6,0.03571428571428571,0.0,13,violation_7plus,0.75,0.75
guarded_backtranslation,no_thinking_merged__arxiv-10047,d9ebb43f108cf77cf2a314ef4344f7dc8ec16aed525065dc3c64ebe64506ee96,generated,12,violation_7plus,0.13891834570519618,0.11187698833510074,6,borderline_6,0.03571428571428571,0.0,13,violation_7plus,0.75,0.75
original,no_thinking_merged__arxiv-10038,24a37c6b6db0ee62ff090f572c9194655408da9a292e549fdc74619fc8b81100,generated,8,violation_7plus,0.1346578366445916,0.07450331125827815,5,within_5,0.0,0.0,6,borderline_6,0.21428571428571427,0.0
raw_backtranslation,no_thinking_merged__arxiv-10038,24a37c6b6db0ee62ff090f572c9194655408da9a292e549fdc74619fc8b81100,generated,13,violation_7plus,0.09546925566343042,0.05016181229773463,5,within_5,0.0,0.0,6,borderline_6,0.21428571428571427,0.0
guarded_backtranslation,no_thinking_merged__arxiv-10038,24a37c6b6db0ee62ff090f572c9194655408da9a292e549fdc74619fc8b81100,generated,8,violation_7plus,0.11651021535063501,0.06626173384870238,5,within_5,0.0,0.0,6,borderline_6,0.21428571428571427,0.0
original,no_thinking_merged__arxiv-10037,4742c32509e14797f67241eafe278edcd5977dac8bc1a7f17e82b40cfc01c37c,generated,19,violation_7plus,0.18046912398276688,0.13451412158927717,9,violation_7plus,0.2012012012012012,0.1111111111111111,12,violation_7plus,0.18461538461538463,0.18461538461538463
raw_backtranslation,no_thinking_merged__arxiv-10037,4742c32509e14797f67241eafe278edcd5977dac8bc1a7f17e82b40cfc01c37c,generated,10,violation_7plus,0.07533926064576509,0.0500701918577445,9,violation_7plus,0.2012012012012012,0.1111111111111111,12,violation_7plus,0.18461538461538463,0.18461538461538463
guarded_backtranslation,no_thinking_merged__arxiv-10037,4742c32509e14797f67241eafe278edcd5977dac8bc1a7f17e82b40cfc01c37c,generated,19,violation_7plus,0.14461830251303937,0.1161688003793267,9,violation_7plus,0.2012012012012012,0.1111111111111111,12,violation_7plus,0.18461538461538463,0.18461538461538463
original,no_thinking_merged__arxiv-10035,576e1d1a7a5d04977a3ea5472092f893edc8b9cd3f962da42c568548c54287e9,generated,11,violation_7plus,0.12749445676274945,0.0770509977827051,5,within_5,0.0,0.0,17,violation_7plus,0.4358974358974359,0.4358974358974359
raw_backtranslation,no_thinking_merged__arxiv-10035,576e1d1a7a5d04977a3ea5472092f893edc8b9cd3f962da42c568548c54287e9,generated,9,violation_7plus,0.0410958904109589,0.01808219178082192,5,within_5,0.0,0.0,17,violation_7plus,0.4358974358974359,0.4358974358974359
guarded_backtranslation,no_thinking_merged__arxiv-10035,576e1d1a7a5d04977a3ea5472092f893edc8b9cd3f962da42c568548c54287e9,generated,11,violation_7plus,0.08844665561083472,0.04532891100055279,5,within_5,0.0,0.0,17,violation_7plus,0.4358974358974359,0.4358974358974359
original,no_thinking_merged__arxiv-10023,2e0938c2a41926f92e2466e0544b029849f927591ee0d8767ffd9ecbc103db18,generated,15,violation_7plus,0.08270158511371468,0.053756030323914544,5,within_5,0.0,0.0,5,within_5,0.0,0.0
raw_backtranslation,no_thinking_merged__arxiv-10023,2e0938c2a41926f92e2466e0544b029849f927591ee0d8767ffd9ecbc103db18,generated,11,violation_7plus,0.047879616963064295,0.027359781121751026,5,within_5,0.0,0.0,5,within_5,0.0,0.0
guarded_backtranslation,no_thinking_merged__arxiv-10023,2e0938c2a41926f92e2466e0544b029849f927591ee0d8767ffd9ecbc103db18,generated,15,violation_7plus,0.06464924346629987,0.048143053645116916,5,within_5,0.0,0.0,5,within_5,0.0,0.0
original,no_thinking_merged__arxiv-10040,82667fc126300ebcdfcd41e1d482add7d0306db9ccf1f24ee5893398882f0f5d,generated,14,violation_7plus,0.17890772128060264,0.1553672316384181,9,violation_7plus,0.04950495049504951,0.0297029702970297,11,violation_7plus,0.6888888888888889,0.5555555555555556
raw_backtranslation,no_thinking_merged__arxiv-10040,82667fc126300ebcdfcd41e1d482add7d0306db9ccf1f24ee5893398882f0f5d,generated,14,violation_7plus,0.07310344827586207,0.05655172413793103,9,violation_7plus,0.04950495049504951,0.0297029702970297,11,violation_7plus,0.6888888888888889,0.5555555555555556
guarded_backtranslation,no_thinking_merged__arxiv-10040,82667fc126300ebcdfcd41e1d482add7d0306db9ccf1f24ee5893398882f0f5d,generated,14,violation_7plus,0.12651162790697673,0.1144186046511628,9,violation_7plus,0.04950495049504951,0.0297029702970297,11,violation_7plus,0.6888888888888889,0.5555555555555556
original,no_thinking_merged__arxiv-100022,849f8fb357f0e0f5725b4fadd1192d05ee4562e6f85d70db7fe0c514b144989b,generated,17,violation_7plus,0.1278561011181332,0.10743801652892562,13,violation_7plus,0.5854166666666667,0.46041666666666664,12,violation_7plus,0.6571428571428571,0.6571428571428571
raw_backtranslation,no_thinking_merged__arxiv-100022,849f8fb357f0e0f5725b4fadd1192d05ee4562e6f85d70db7fe0c514b144989b,generated,12,violation_7plus,0.07947976878612717,0.05635838150289017,13,violation_7plus,0.5854166666666667,0.46041666666666664,12,violation_7plus,0.6571428571428571,0.6571428571428571
guarded_backtranslation,no_thinking_merged__arxiv-100022,849f8fb357f0e0f5725b4fadd1192d05ee4562e6f85d70db7fe0c514b144989b,generated,17,violation_7plus,0.10193236714975845,0.09033816425120773,13,violation_7plus,0.5854166666666667,0.46041666666666664,12,violation_7plus,0.6571428571428571,0.6571428571428571
original,no_thinking_merged__arxiv-100005,c99c8ef8d540f2442ee1cc38b65eb306ffc9147b2f33ae5af536c20bbfcef5df,generated,11,violation_7plus,0.04237867395762133,0.0177717019822283,8,violation_7plus,0.3348623853211009,0.19724770642201836,19,violation_7plus,0.5757575757575758,0.5757575757575758
raw_backtranslation,no_thinking_merged__arxiv-100005,c99c8ef8d540f2442ee1cc38b65eb306ffc9147b2f33ae5af536c20bbfcef5df,generated,11,violation_7plus,0.012269938650306749,0.012269938650306749,8,violation_7plus,0.3348623853211009,0.19724770642201836,19,violation_7plus,0.5757575757575758,0.5757575757575758
guarded_backtranslation,no_thinking_merged__arxiv-100005,c99c8ef8d540f2442ee1cc38b65eb306ffc9147b2f33ae5af536c20bbfcef5df,generated,11,violation_7plus,0.034129692832764506,0.017747440273037544,8,violation_7plus,0.3348623853211009,0.19724770642201836,19,violation_7plus,0.5757575757575758,0.5757575757575758
original,no_thinking_merged__arxiv-100002,48161c34c18da95667d55f6acd365bca2bfb5ca5f2e07486f24e2b5e80788de4,generated,12,violation_7plus,0.045641025641025644,0.03948717948717949,10,violation_7plus,0.22054380664652568,0.18429003021148035,14,violation_7plus,0.1917808219178082,0.1917808219178082
raw_backtranslation,no_thinking_merged__arxiv-100002,48161c34c18da95667d55f6acd365bca2bfb5ca5f2e07486f24e2b5e80788de4,generated,12,violation_7plus,0.03214285714285714,0.026020408163265306,10,violation_7plus,0.22054380664652568,0.18429003021148035,14,violation_7plus,0.1917808219178082,0.1917808219178082
guarded_backtranslation,no_thinking_merged__arxiv-100002,48161c34c18da95667d55f6acd365bca2bfb5ca5f2e07486f24e2b5e80788de4,generated,12,violation_7plus,0.0389344262295082,0.035860655737704916,10,violation_7plus,0.22054380664652568,0.18429003021148035,14,violation_7plus,0.1917808219178082,0.1917808219178082
original,no_thinking_merged__arxiv-100013,a09d3a64f663c1d4bba2d15747baec32ba117644925ac104850214037c68ac77,generated,15,violation_7plus,0.1917562724014337,0.09543010752688172,6,borderline_6,0.05970149253731343,0.0,11,violation_7plus,0.4782608695652174,0.4782608695652174
raw_backtranslation,no_thinking_merged__arxiv-100013,a09d3a64f663c1d4bba2d15747baec32ba117644925ac104850214037c68ac77,generated,10,violation_7plus,0.0787716955941255,0.03827325322652426,6,borderline_6,0.05970149253731343,0.0,11,violation_7plus,0.4782608695652174,0.4782608695652174
guarded_backtranslation,no_thinking_merged__arxiv-100013,a09d3a64f663c1d4bba2d15747baec32ba117644925ac104850214037c68ac77,generated,15,violation_7plus,0.15236818588025022,0.07819481680071493,6,borderline_6,0.05970149253731343,0.0,11,violation_7plus,0.4782608695652174,0.4782608695652174
original,no_thinking_merged__arxiv-100003,98ecac623691281924734347b65ae77ea7b06a53e2f3e0ef1c2288b0401412d2,generated,10,violation_7plus,0.08074123097286565,0.04897418927862343,7,violation_7plus,0.09961685823754789,0.05363984674329502,11,violation_7plus,0.3333333333333333,0.3333333333333333
raw_backtranslation,no_thinking_merged__arxiv-100003,98ecac623691281924734347b65ae77ea7b06a53e2f3e0ef1c2288b0401412d2,generated,9,violation_7plus,0.03280839895013123,0.02099737532808399,7,violation_7plus,0.09961685823754789,0.05363984674329502,11,violation_7plus,0.3333333333333333,0.3333333333333333
guarded_backtranslation,no_thinking_merged__arxiv-100003,98ecac623691281924734347b65ae77ea7b06a53e2f3e0ef1c2288b0401412d2,generated,10,violation_7plus,0.04739960500329164,0.027649769585253458,7,violation_7plus,0.09961685823754789,0.05363984674329502,11,violation_7plus,0.3333333333333333,0.3333333333333333
original,no_thinking_merged__arxiv-100028,df0eed742fa165138e0bd4fa631c1a11933277b0bf57cf1ae9e4f5e3128c0688,generated,18,violation_7plus,0.18812785388127853,0.13470319634703196,8,violation_7plus,0.16569767441860464,0.0436046511627907,13,violation_7plus,0.7349397590361446,0.7349397590361446
raw_backtranslation,no_thinking_merged__arxiv-100028,df0eed742fa165138e0bd4fa631c1a11933277b0bf57cf1ae9e4f5e3128c0688,generated,10,violation_7plus,0.07142857142857142,0.05390835579514825,8,violation_7plus,0.16569767441860464,0.0436046511627907,13,violation_7plus,0.7349397590361446,0.7349397590361446
guarded_backtranslation,no_thinking_merged__arxiv-100028,df0eed742fa165138e0bd4fa631c1a11933277b0bf57cf1ae9e4f5e3128c0688,generated,18,violation_7plus,0.1440909090909091,0.11,8,violation_7plus,0.16569767441860464,0.0436046511627907,13,violation_7plus,0.7349397590361446,0.7349397590361446
original,no_thinking_merged__arxiv-100047,5008943785a879dff3b825b0b1f76d681e559f718a5a5cf88b79d1fdc8ef85a9,generated,12,violation_7plus,0.1819632881085395,0.10853950518754989,5,within_5,0.0,0.0,14,violation_7plus,0.5384615384615384,0.5384615384615384
raw_backtranslation,no_thinking_merged__arxiv-100047,5008943785a879dff3b825b0b1f76d681e559f718a5a5cf88b79d1fdc8ef85a9,generated,12,violation_7plus,0.11917916337805841,0.08524072612470403,5,within_5,0.0,0.0,14,violation_7plus,0.5384615384615384,0.5384615384615384
guarded_backtranslation,no_thinking_merged__arxiv-100047,5008943785a879dff3b825b0b1f76d681e559f718a5a5cf88b79d1fdc8ef85a9,generated,12,violation_7plus,0.14478918058870327,0.10023866348448687,5,within_5,0.0,0.0,14,violation_7plus,0.5384615384615384,0.5384615384615384
original,no_thinking_merged__arxiv-100029,805aff9ab8daa1e0ba72c8611b3a1cf73e83cdcc2507cb1cf9b8cceb3ca4bc50,generated,17,violation_7plus,0.1859737006887915,0.14464621164683783,4,within_5,0.0,0.0,5,within_5,0.0,0.0
raw_backtranslation,no_thinking_merged__arxiv-100029,805aff9ab8daa1e0ba72c8611b3a1cf73e83cdcc2507cb1cf9b8cceb3ca4bc50,generated,15,violation_7plus,0.0765904879555281,0.054354539839407044,4,within_5,0.0,0.0,5,within_5,0.0,0.0
guarded_backtranslation,no_thinking_merged__arxiv-100029,805aff9ab8daa1e0ba72c8611b3a1cf73e83cdcc2507cb1cf9b8cceb3ca4bc50,generated,17,violation_7plus,0.135202492211838,0.11277258566978193,4,within_5,0.0,0.0,5,within_5,0.0,0.0
original,no_thinking_merged__arxiv-100009,50c1e8ac081aeeac1db401611a6a7ad2dd62bb1a91d0f5826fc0e5a99c9806f5,generated,34,violation_7plus,0.25440481306403095,0.18908465835840138,5,within_5,0.0,0.0,12,violation_7plus,0.4266666666666667,0.3466666666666667
raw_backtranslation,no_thinking_merged__arxiv-100009,50c1e8ac081aeeac1db401611a6a7ad2dd62bb1a91d0f5826fc0e5a99c9806f5,generated,13,violation_7plus,0.08192457737321196,0.055049848287819676,5,within_5,0.0,0.0,12,violation_7plus,0.4266666666666667,0.3466666666666667
guarded_backtranslation,no_thinking_merged__arxiv-100009,50c1e8ac081aeeac1db401611a6a7ad2dd62bb1a91d0f5826fc0e5a99c9806f5,generated,34,violation_7plus,0.20248820248820248,0.15444015444015444,5,within_5,0.0,0.0,12,violation_7plus,0.4266666666666667,0.3466666666666667
original,no_thinking_merged__arxiv-100036,92aae2b55db58f528280e5898ac540696eb179c2f5db27eed035ef6775edb4e4,generated,14,violation_7plus,0.08864468864468865,0.05787545787545788,7,violation_7plus,0.3474903474903475,0.16216216216216217,13,violation_7plus,0.3333333333333333,0.3333333333333333
raw_backtranslation,no_thinking_merged__arxiv-100036,92aae2b55db58f528280e5898ac540696eb179c2f5db27eed035ef6775edb4e4,generated,11,violation_7plus,0.026734104046242775,0.018063583815028903,7,violation_7plus,0.3474903474903475,0.16216216216216217,13,violation_7plus,0.3333333333333333,0.3333333333333333
guarded_backtranslation,no_thinking_merged__arxiv-100036,92aae2b55db58f528280e5898ac540696eb179c2f5db27eed035ef6775edb4e4,generated,14,violation_7plus,0.05316824471959213,0.04005826656955572,7,violation_7plus,0.3474903474903475,0.16216216216216217,13,violation_7plus,0.3333333333333333,0.3333333333333333
original,no_thinking_merged__arxiv-500031,26128d1d0622a6266f5a2de1b96b53a1f15de0e79b2ece9f0dbb18fa2e1aecaa,generated,7,violation_7plus,0.03662138216184288,0.008269344359125812,6,borderline_6,0.0782608695652174,0.0,6,borderline_6,0.25,0.0
raw_backtranslation,no_thinking_merged__arxiv-500031,26128d1d0622a6266f5a2de1b96b53a1f15de0e79b2ece9f0dbb18fa2e1aecaa,generated,7,violation_7plus,0.02873900293255132,0.004105571847507331,6,borderline_6,0.0782608695652174,0.0,6,borderline_6,0.25,0.0
guarded_backtranslation,no_thinking_merged__arxiv-500031,26128d1d0622a6266f5a2de1b96b53a1f15de0e79b2ece9f0dbb18fa2e1aecaa,generated,7,violation_7plus,0.03305785123966942,0.008264462809917356,6,borderline_6,0.0782608695652174,0.0,6,borderline_6,0.25,0.0
original,no_thinking_merged__arxiv-500027,b665fc66e1cb91a50fcc5a4ed005b97e5e1f1e8b98558ac2502d4cfc41ac193f,generated,9,violation_7plus,0.03806451612903226,0.02258064516129032,8,violation_7plus,0.28292682926829266,0.1073170731707317,11,violation_7plus,0.5806451612903226,0.5806451612903226
raw_backtranslation,no_thinking_merged__arxiv-500027,b665fc66e1cb91a50fcc5a4ed005b97e5e1f1e8b98558ac2502d4cfc41ac193f,generated,9,violation_7plus,0.014464168310322156,0.01051939513477975,8,violation_7plus,0.28292682926829266,0.1073170731707317,11,violation_7plus,0.5806451612903226,0.5806451612903226
guarded_backtranslation,no_thinking_merged__arxiv-500027,b665fc66e1cb91a50fcc5a4ed005b97e5e1f1e8b98558ac2502d4cfc41ac193f,generated,9,violation_7plus,0.015151515151515152,0.011198945981554678,8,violation_7plus,0.28292682926829266,0.1073170731707317,11,violation_7plus,0.5806451612903226,0.5806451612903226
original,no_thinking_merged__arxiv-500010,a3e79e376c3caf7997a3ef0aec9fc03cc1cdcf5886a5fa5887fc80a022b0b1ef,generated,12,violation_7plus,0.15177398160315375,0.10446780551905388,7,violation_7plus,0.13297872340425532,0.03723404255319149,8,violation_7plus,0.6086956521739131,0.34782608695652173
raw_backtranslation,no_thinking_merged__arxiv-500010,a3e79e376c3caf7997a3ef0aec9fc03cc1cdcf5886a5fa5887fc80a022b0b1ef,generated,9,violation_7plus,0.044805194805194806,0.02922077922077922,7,violation_7plus,0.13297872340425532,0.03723404255319149,8,violation_7plus,0.6086956521739131,0.34782608695652173
guarded_backtranslation,no_thinking_merged__arxiv-500010,a3e79e376c3caf7997a3ef0aec9fc03cc1cdcf5886a5fa5887fc80a022b0b1ef,generated,9,violation_7plus,0.11365120836054866,0.07446113651208361,7,violation_7plus,0.13297872340425532,0.03723404255319149,8,violation_7plus,0.6086956521739131,0.34782608695652173
original,no_thinking_merged__arxiv-500028,081560f8dd75126479ea817a0aad4ef1f7c90b9becafc12485cc1ef16eb40dc7,generated,14,violation_7plus,0.08886389201349831,0.05174353205849269,6,borderline_6,0.05429864253393665,0.0,12,violation_7plus,0.5217391304347826,0.5217391304347826
raw_backtranslation,no_thinking_merged__arxiv-500028,081560f8dd75126479ea817a0aad4ef1f7c90b9becafc12485cc1ef16eb40dc7,generated,10,violation_7plus,0.048071548351034096,0.027948574622694244,6,borderline_6,0.05429864253393665,0.0,12,violation_7plus,0.5217391304347826,0.5217391304347826
guarded_backtranslation,no_thinking_merged__arxiv-500028,081560f8dd75126479ea817a0aad4ef1f7c90b9becafc12485cc1ef16eb40dc7,generated,14,violation_7plus,0.07865168539325842,0.051685393258426963,6,borderline_6,0.05429864253393665,0.0,12,violation_7plus,0.5217391304347826,0.5217391304347826
original,no_thinking_merged__arxiv-500009,21535e0a8bab103ef820a0175907f93de3d4252149ec393b8005af9d8050e457,generated,18,violation_7plus,0.19573727707698999,0.16963897346672466,5,within_5,0.0,0.0,11,violation_7plus,0.4235294117647059,0.21176470588235294
raw_backtranslation,no_thinking_merged__arxiv-500009,21535e0a8bab103ef820a0175907f93de3d4252149ec393b8005af9d8050e457,generated,16,violation_7plus,0.07438715131022823,0.06170752324598478,5,within_5,0.0,0.0,11,violation_7plus,0.4235294117647059,0.21176470588235294
guarded_backtranslation,no_thinking_merged__arxiv-500009,21535e0a8bab103ef820a0175907f93de3d4252149ec393b8005af9d8050e457,generated,18,violation_7plus,0.1298366294067068,0.11693895098882201,5,within_5,0.0,0.0,11,violation_7plus,0.4235294117647059,0.21176470588235294
original,no_thinking_merged__arxiv-500000,6912cbedf8f04208025ba08266b821d48303208ffaece7c2b95c447a34e58896,generated,15,violation_7plus,0.10184746565608717,0.06584557081951682,10,violation_7plus,0.23310810810810811,0.19256756756756757,9,violation_7plus,0.6923076923076923,0.6923076923076923
raw_backtranslation,no_thinking_merged__arxiv-500000,6912cbedf8f04208025ba08266b821d48303208ffaece7c2b95c447a34e58896,generated,10,violation_7plus,0.04566854990583804,0.026365348399246705,10,violation_7plus,0.23310810810810811,0.19256756756756757,9,violation_7plus,0.6923076923076923,0.6923076923076923
guarded_backtranslation,no_thinking_merged__arxiv-500000,6912cbedf8f04208025ba08266b821d48303208ffaece7c2b95c447a34e58896,generated,15,violation_7plus,0.0711592836946277,0.04382657869934024,10,violation_7plus,0.23310810810810811,0.19256756756756757,9,violation_7plus,0.6923076923076923,0.6923076923076923
original,no_thinking_merged__arxiv-500043,5395e7bceb485d4a9d02119c58850809aa9a6b719e5777744ca5bd0dcbacbc79,generated,18,violation_7plus,0.12165178571428571,0.07700892857142858,10,violation_7plus,0.45790554414784396,0.3470225872689938,10,violation_7plus,0.2777777777777778,0.2777777777777778
raw_backtranslation,no_thinking_merged__arxiv-500043,5395e7bceb485d4a9d02119c58850809aa9a6b719e5777744ca5bd0dcbacbc79,generated,14,violation_7plus,0.0453781512605042,0.031932773109243695,10,violation_7plus,0.45790554414784396,0.3470225872689938,10,violation_7plus,0.2777777777777778,0.2777777777777778
guarded_backtranslation,no_thinking_merged__arxiv-500043,5395e7bceb485d4a9d02119c58850809aa9a6b719e5777744ca5bd0dcbacbc79,generated,18,violation_7plus,0.0810508664058133,0.05422023476802683,10,violation_7plus,0.45790554414784396,0.3470225872689938,10,violation_7plus,0.2777777777777778,0.2777777777777778
original,no_thinking_merged__arxiv-500047,fcff490a64b2456f6c33424fb8d3c475d4f6fb19c9718bdd608d8cb06844c31b,generated,13,violation_7plus,0.09018890920170627,0.07190737355271176,7,violation_7plus,0.06529209621993128,0.024054982817869417,9,violation_7plus,0.10714285714285714,0.10714285714285714
raw_backtranslation,no_thinking_merged__arxiv-500047,fcff490a64b2456f6c33424fb8d3c475d4f6fb19c9718bdd608d8cb06844c31b,generated,11,violation_7plus,0.03815869170199879,0.027256208358570563,7,violation_7plus,0.06529209621993128,0.024054982817869417,9,violation_7plus,0.10714285714285714,0.10714285714285714
guarded_backtranslation,no_thinking_merged__arxiv-500047,fcff490a64b2456f6c33424fb8d3c475d4f6fb19c9718bdd608d8cb06844c31b,generated,11,violation_7plus,0.05106382978723404,0.04012158054711246,7,violation_7plus,0.06529209621993128,0.024054982817869417,9,violation_7plus,0.10714285714285714,0.10714285714285714
original,no_thinking_merged__arxiv-500036,29d9c187ebc8397560f4d9b30bccb3efe0ad2e824bcda7cc6ea9d1dde565d8a6,generated,9,violation_7plus,0.07036059806508356,0.03342128408091469,5,within_5,0.0,0.0,9,violation_7plus,0.3103448275862069,0.3103448275862069
raw_backtranslation,no_thinking_merged__arxiv-500036,29d9c187ebc8397560f4d9b30bccb3efe0ad2e824bcda7cc6ea9d1dde565d8a6,generated,8,violation_7plus,0.04608695652173913,0.025217391304347827,5,within_5,0.0,0.0,9,violation_7plus,0.3103448275862069,0.3103448275862069
guarded_backtranslation,no_thinking_merged__arxiv-500036,29d9c187ebc8397560f4d9b30bccb3efe0ad2e824bcda7cc6ea9d1dde565d8a6,generated,9,violation_7plus,0.05980650835532102,0.03342128408091469,5,within_5,0.0,0.0,9,violation_7plus,0.3103448275862069,0.3103448275862069
original,no_thinking_merged__arxiv-500030,b5889e3e8fb1883fb09a26e1e0a3c1857839a889bd31c95b9c3e95a930a8c804,generated,15,violation_7plus,0.12549407114624506,0.0983201581027668,6,borderline_6,0.024291497975708502,0.0,7,violation_7plus,0.22580645161290322,0.22580645161290322
raw_backtranslation,no_thinking_merged__arxiv-500030,b5889e3e8fb1883fb09a26e1e0a3c1857839a889bd31c95b9c3e95a930a8c804,generated,10,violation_7plus,0.037800687285223365,0.03485517918507609,6,borderline_6,0.024291497975708502,0.0,7,violation_7plus,0.22580645161290322,0.22580645161290322
guarded_backtranslation,no_thinking_merged__arxiv-500030,b5889e3e8fb1883fb09a26e1e0a3c1857839a889bd31c95b9c3e95a930a8c804,generated,15,violation_7plus,0.06256157635467981,0.053694581280788176,6,borderline_6,0.024291497975708502,0.0,7,violation_7plus,0.22580645161290322,0.22580645161290322
original,no_thinking_merged__arxiv-1000004,17d72cf5012a446db91cee13599eb989610d1f655e1baf57d7fb98691bd0f20f,generated,19,violation_7plus,0.3077837195484254,0.24598930481283424,6,borderline_6,0.1214574898785425,0.0,12,violation_7plus,0.36363636363636365,0.36363636363636365
raw_backtranslation,no_thinking_merged__arxiv-1000004,17d72cf5012a446db91cee13599eb989610d1f655e1baf57d7fb98691bd0f20f,generated,11,violation_7plus,0.0885566417481311,0.06095457159286947,6,borderline_6,0.1214574898785425,0.0,12,violation_7plus,0.36363636363636365,0.36363636363636365
guarded_backtranslation,no_thinking_merged__arxiv-1000004,17d72cf5012a446db91cee13599eb989610d1f655e1baf57d7fb98691bd0f20f,generated,19,violation_7plus,0.1893939393939394,0.16025641025641027,6,borderline_6,0.1214574898785425,0.0,12,violation_7plus,0.36363636363636365,0.36363636363636365
original,no_thinking_merged__arxiv-1000037,755fec684fcd75ff65b30b7913aa52f89c97f586ad8268ada81e9061329c82ad,generated,14,violation_7plus,0.16470588235294117,0.13669467787114845,7,violation_7plus,0.05416666666666667,0.029166666666666667,9,violation_7plus,0.21428571428571427,0.21428571428571427
raw_backtranslation,no_thinking_merged__arxiv-1000037,755fec684fcd75ff65b30b7913aa52f89c97f586ad8268ada81e9061329c82ad,generated,12,violation_7plus,0.04235423542354235,0.029152915291529153,7,violation_7plus,0.05416666666666667,0.029166666666666667,9,violation_7plus,0.21428571428571427,0.21428571428571427
guarded_backtranslation,no_thinking_merged__arxiv-1000037,755fec684fcd75ff65b30b7913aa52f89c97f586ad8268ada81e9061329c82ad,generated,13,violation_7plus,0.09100998890122086,0.07103218645948946,7,violation_7plus,0.05416666666666667,0.029166666666666667,9,violation_7plus,0.21428571428571427,0.21428571428571427
original,no_thinking_merged__arxiv-1000013,5883b007b76782e8c6cf78987394168c6022487c81122a403f4a2b4ca8940ca7,generated,15,violation_7plus,0.1441937259218492,0.11832691249312052,5,within_5,0.0,0.0,7,violation_7plus,0.21875,0.21875
raw_backtranslation,no_thinking_merged__arxiv-1000013,5883b007b76782e8c6cf78987394168c6022487c81122a403f4a2b4ca8940ca7,generated,10,violation_7plus,0.0489247311827957,0.02956989247311828,5,within_5,0.0,0.0,7,violation_7plus,0.21875,0.21875
guarded_backtranslation,no_thinking_merged__arxiv-1000013,5883b007b76782e8c6cf78987394168c6022487c81122a403f4a2b4ca8940ca7,generated,15,violation_7plus,0.09624796084828711,0.07830342577487764,5,within_5,0.0,0.0,7,violation_7plus,0.21875,0.21875
original,no_thinking_merged__arxiv-1000041,83257df2ae2813b5e8b11ee8aafef662ef858be938ea333bae7f7e44fcd56b78,generated,13,violation_7plus,0.1297071129707113,0.099581589958159,4,within_5,0.0,0.0,7,violation_7plus,0.1891891891891892,0.1891891891891892
raw_backtranslation,no_thinking_merged__arxiv-1000041,83257df2ae2813b5e8b11ee8aafef662ef858be938ea333bae7f7e44fcd56b78,generated,13,violation_7plus,0.06726825266611977,0.0475799835931091,4,within_5,0.0,0.0,7,violation_7plus,0.1891891891891892,0.1891891891891892
guarded_backtranslation,no_thinking_merged__arxiv-1000041,83257df2ae2813b5e8b11ee8aafef662ef858be938ea333bae7f7e44fcd56b78,generated,13,violation_7plus,0.08728179551122195,0.07231920199501247,4,within_5,0.0,0.0,7,violation_7plus,0.1891891891891892,0.1891891891891892
original,no_thinking_merged__arxiv-1000016,895157f678d1f98628533078c0ff15f6dfccc12ebb1d01affd68efeb091022b8,generated,15,violation_7plus,0.17157825802226587,0.12115258677144729,5,within_5,0.0,0.0,6,borderline_6,0.24,0.0
raw_backtranslation,no_thinking_merged__arxiv-1000016,895157f678d1f98628533078c0ff15f6dfccc12ebb1d01affd68efeb091022b8,generated,10,violation_7plus,0.08760545100584036,0.06424399740428294,5,within_5,0.0,0.0,6,borderline_6,0.24,0.0
guarded_backtranslation,no_thinking_merged__arxiv-1000016,895157f678d1f98628533078c0ff15f6dfccc12ebb1d01affd68efeb091022b8,generated,15,violation_7plus,0.13298565840938723,0.09452411994784876,5,within_5,0.0,0.0,6,borderline_6,0.24,0.0
original,no_thinking_merged__arxiv-1000035,1f0cd82fa179996cf6211f5cafa614d12406a9b9ad999aea9e5c982c6e9ebd7a,generated,15,violation_7plus,0.24749558043606365,0.20801414260459636,4,within_5,0.0,0.0,4,within_5,0.0,0.0
raw_backtranslation,no_thinking_merged__arxiv-1000035,1f0cd82fa179996cf6211f5cafa614d12406a9b9ad999aea9e5c982c6e9ebd7a,generated,15,violation_7plus,0.12317571511967308,0.09865732632807939,4,within_5,0.0,0.0,4,within_5,0.0,0.0
guarded_backtranslation,no_thinking_merged__arxiv-1000035,1f0cd82fa179996cf6211f5cafa614d12406a9b9ad999aea9e5c982c6e9ebd7a,generated,15,violation_7plus,0.21009389671361503,0.18485915492957747,4,within_5,0.0,0.0,4,within_5,0.0,0.0
original,no_thinking_merged__arxiv-1000024,599bf9c0cb59667f6e1d97602cff49892b150a1a768b407d89b5a4a15d83b103,generated,15,violation_7plus,0.20368574199806014,0.1513094083414161,6,borderline_6,0.05063291139240506,0.0,11,violation_7plus,0.3333333333333333,0.3333333333333333
raw_backtranslation,no_thinking_merged__arxiv-1000024,599bf9c0cb59667f6e1d97602cff49892b150a1a768b407d89b5a4a15d83b103,generated,11,violation_7plus,0.07088846880907372,0.05671077504725898,6,borderline_6,0.05063291139240506,0.0,11,violation_7plus,0.3333333333333333,0.3333333333333333
guarded_backtranslation,no_thinking_merged__arxiv-1000024,599bf9c0cb59667f6e1d97602cff49892b150a1a768b407d89b5a4a15d83b103,generated,15,violation_7plus,0.14053537284894838,0.10325047801147227,6,borderline_6,0.05063291139240506,0.0,11,violation_7plus,0.3333333333333333,0.3333333333333333
original,no_thinking_merged__arxiv-1000038,1d94ea2f41736241eee87a5cf9912c731985b0db95c2bd110a04f9caee97a949,generated,11,violation_7plus,0.08278647147905098,0.04644119131751641,6,borderline_6,0.04428044280442804,0.0,10,violation_7plus,0.6666666666666666,0.4166666666666667
raw_backtranslation,no_thinking_merged__arxiv-1000038,1d94ea2f41736241eee87a5cf9912c731985b0db95c2bd110a04f9caee97a949,generated,11,violation_7plus,0.029678068410462777,0.014587525150905433,6,borderline_6,0.04428044280442804,0.0,10,violation_7plus,0.6666666666666666,0.4166666666666667
guarded_backtranslation,no_thinking_merged__arxiv-1000038,1d94ea2f41736241eee87a5cf9912c731985b0db95c2bd110a04f9caee97a949,generated,11,violation_7plus,0.060362173038229376,0.030181086519114688,6,borderline_6,0.04428044280442804,0.0,10,violation_7plus,0.6666666666666666,0.4166666666666667
original,no_thinking_merged__arxiv-1000040,a673a3a82861713ab0ba826f13508772952a2099f33c04c2a149062ac687db61,generated,16,violation_7plus,0.18711276332094176,0.17224287484510534,4,within_5,0.0,0.0,9,violation_7plus,0.36,0.36
raw_backtranslation,no_thinking_merged__arxiv-1000040,a673a3a82861713ab0ba826f13508772952a2099f33c04c2a149062ac687db61,generated,16,violation_7plus,0.11009732360097324,0.08454987834549878,4,within_5,0.0,0.0,9,violation_7plus,0.36,0.36
guarded_backtranslation,no_thinking_merged__arxiv-1000040,a673a3a82861713ab0ba826f13508772952a2099f33c04c2a149062ac687db61,generated,16,violation_7plus,0.14197910264290103,0.1309157959434542,4,within_5,0.0,0.0,9,violation_7plus,0.36,0.36
original,no_thinking_merged__arxiv-1000021,bbd7b9c7bf14b8204fd51f7d0ec0ffb2c6fd246c6f7e3fb9721251f0aec47019,generated,30,violation_7plus,0.1704081632653061,0.12755102040816327,4,within_5,0.0,0.0,7,violation_7plus,0.19444444444444445,0.19444444444444445
raw_backtranslation,no_thinking_merged__arxiv-1000021,bbd7b9c7bf14b8204fd51f7d0ec0ffb2c6fd246c6f7e3fb9721251f0aec47019,generated,13,violation_7plus,0.09016811003565971,0.06571574121242996,4,within_5,0.0,0.0,7,violation_7plus,0.19444444444444445,0.19444444444444445
guarded_backtranslation,no_thinking_merged__arxiv-1000021,bbd7b9c7bf14b8204fd51f7d0ec0ffb2c6fd246c6f7e3fb9721251f0aec47019,generated,30,violation_7plus,0.13560182833925852,0.10512950736414424,4,within_5,0.0,0.0,7,violation_7plus,0.19444444444444445,0.19444444444444445
original,no_thinking_merged__bethgelab-125,a313ac394757590d277b3d77643cb08a1e94d16cda563a2bc487e49d750aa0d1,generated,12,violation_7plus,0.08125,0.050416666666666665,11,violation_7plus,0.11764705882352941,0.06951871657754011,8,violation_7plus,0.12612612612612611,0.07207207207207207
raw_backtranslation,no_thinking_merged__bethgelab-125,a313ac394757590d277b3d77643cb08a1e94d16cda563a2bc487e49d750aa0d1,generated,10,violation_7plus,0.042833607907743,0.019769357495881382,11,violation_7plus,0.11764705882352941,0.06951871657754011,8,violation_7plus,0.12612612612612611,0.07207207207207207
guarded_backtranslation,no_thinking_merged__bethgelab-125,a313ac394757590d277b3d77643cb08a1e94d16cda563a2bc487e49d750aa0d1,generated,12,violation_7plus,0.05748552522746071,0.036807278742762614,11,violation_7plus,0.11764705882352941,0.06951871657754011,8,violation_7plus,0.12612612612612611,0.07207207207207207
original,no_thinking_merged__bethgelab-102,1b3d72a8d054071cfc4bad937f01f5f0897ced27d1c4395ad1998a289462c389,generated,10,violation_7plus,0.09391932570740517,0.0650210716435882,7,violation_7plus,0.17982456140350878,0.15350877192982457,11,violation_7plus,0.59375,0.59375
raw_backtranslation,no_thinking_merged__bethgelab-102,1b3d72a8d054071cfc4bad937f01f5f0897ced27d1c4395ad1998a289462c389,generated,7,violation_7plus,0.01481042654028436,0.004146919431279621,7,violation_7plus,0.17982456140350878,0.15350877192982457,11,violation_7plus,0.59375,0.59375
guarded_backtranslation,no_thinking_merged__bethgelab-102,1b3d72a8d054071cfc4bad937f01f5f0897ced27d1c4395ad1998a289462c389,generated,10,violation_7plus,0.04913121629718394,0.03115638106650689,7,violation_7plus,0.17982456140350878,0.15350877192982457,11,violation_7plus,0.59375,0.59375
original,no_thinking_merged__bethgelab-108,8382aaa516e833b298550d2e4d635f2b9fe7fb3e7ef6f38443f47fa7701ecb8f,generated,16,violation_7plus,0.10242825607064018,0.06269315673289183,6,borderline_6,0.022388059701492536,0.0,11,violation_7plus,0.3548387096774194,0.3548387096774194
raw_backtranslation,no_thinking_merged__bethgelab-108,8382aaa516e833b298550d2e4d635f2b9fe7fb3e7ef6f38443f47fa7701ecb8f,generated,9,violation_7plus,0.03522677234698371,0.014090708938793483,6,borderline_6,0.022388059701492536,0.0,11,violation_7plus,0.3548387096774194,0.3548387096774194
guarded_backtranslation,no_thinking_merged__bethgelab-108,8382aaa516e833b298550d2e4d635f2b9fe7fb3e7ef6f38443f47fa7701ecb8f,generated,16,violation_7plus,0.05926251097453907,0.03292361720807726,6,borderline_6,0.022388059701492536,0.0,11,violation_7plus,0.3548387096774194,0.3548387096774194
original,no_thinking_merged__bethgelab-116,3d4b94daaf8192a969e7bcbe5118f4693b483bd98733e657e1665b619f32809f,generated,12,violation_7plus,0.13802816901408452,0.09746478873239436,5,within_5,0.0,0.0,13,violation_7plus,0.4523809523809524,0.30952380952380953
raw_backtranslation,no_thinking_merged__bethgelab-116,3d4b94daaf8192a969e7bcbe5118f4693b483bd98733e657e1665b619f32809f,generated,11,violation_7plus,0.04030922142462728,0.023743787962451683,5,within_5,0.0,0.0,13,violation_7plus,0.4523809523809524,0.30952380952380953
guarded_backtranslation,no_thinking_merged__bethgelab-116,3d4b94daaf8192a969e7bcbe5118f4693b483bd98733e657e1665b619f32809f,generated,12,violation_7plus,0.07593523171412618,0.04913456169737577,5,within_5,0.0,0.0,13,violation_7plus,0.4523809523809524,0.30952380952380953
original,no_thinking_merged__bethgelab-128,1a480e5fcb0ae03c15bc9631db3dd30b1acc16364655c063171f180297692852,generated,20,violation_7plus,0.23765071956437184,0.19797744068455853,4,within_5,0.0,0.0,11,violation_7plus,0.19767441860465115,0.12790697674418605
raw_backtranslation,no_thinking_merged__bethgelab-128,1a480e5fcb0ae03c15bc9631db3dd30b1acc16364655c063171f180297692852,generated,14,violation_7plus,0.08916953693073096,0.07309605817068504,4,within_5,0.0,0.0,11,violation_7plus,0.19767441860465115,0.12790697674418605
guarded_backtranslation,no_thinking_merged__bethgelab-128,1a480e5fcb0ae03c15bc9631db3dd30b1acc16364655c063171f180297692852,generated,20,violation_7plus,0.16840882694541232,0.14750290360046459,4,within_5,0.0,0.0,11,violation_7plus,0.19767441860465115,0.12790697674418605
original,no_thinking_merged__bethgelab-146,652ad4ed5affc62698e2c395d4c32c9181dc6c617e96278277aef11508225f9a,generated,13,violation_7plus,0.09449135504624046,0.0607157217531162,10,violation_7plus,0.5120481927710844,0.28313253012048195,21,violation_7plus,0.6470588235294118,0.6470588235294118
raw_backtranslation,no_thinking_merged__bethgelab-146,652ad4ed5affc62698e2c395d4c32c9181dc6c617e96278277aef11508225f9a,generated,10,violation_7plus,0.040048057669203045,0.0184221065278334,10,violation_7plus,0.5120481927710844,0.28313253012048195,21,violation_7plus,0.6470588235294118,0.6470588235294118
guarded_backtranslation,no_thinking_merged__bethgelab-146,652ad4ed5affc62698e2c395d4c32c9181dc6c617e96278277aef11508225f9a,generated,11,violation_7plus,0.05856397914159647,0.03931006819093462,10,violation_7plus,0.5120481927710844,0.28313253012048195,21,violation_7plus,0.6470588235294118,0.6470588235294118
original,no_thinking_merged__bethgelab-112,fd503644a165f9bc44ed1d8e0b01741c9a7a31567f0ed9ff46878c83c3d718d7,generated,18,violation_7plus,0.24056813138038172,0.18375499334221038,4,within_5,0.0,0.0,28,violation_7plus,0.7735849056603774,0.7735849056603774
raw_backtranslation,no_thinking_merged__bethgelab-112,fd503644a165f9bc44ed1d8e0b01741c9a7a31567f0ed9ff46878c83c3d718d7,generated,16,violation_7plus,0.11970613656006915,0.07821953327571306,4,within_5,0.0,0.0,28,violation_7plus,0.7735849056603774,0.7735849056603774
guarded_backtranslation,no_thinking_merged__bethgelab-112,fd503644a165f9bc44ed1d8e0b01741c9a7a31567f0ed9ff46878c83c3d718d7,generated,18,violation_7plus,0.16045594037702762,0.13415168785620343,4,within_5,0.0,0.0,28,violation_7plus,0.7735849056603774,0.7735849056603774
original,no_thinking_merged__bethgelab-142,830533425e592db6ae69cda4bfdb7398a3102bbfa4953317c0543f0bf6970206,generated,20,violation_7plus,0.10087517273146016,0.06771073238139107,4,within_5,0.0,0.0,15,violation_7plus,0.4032258064516129,0.4032258064516129
raw_backtranslation,no_thinking_merged__bethgelab-142,830533425e592db6ae69cda4bfdb7398a3102bbfa4953317c0543f0bf6970206,generated,20,violation_7plus,0.04694621695533273,0.03600729261622607,4,within_5,0.0,0.0,15,violation_7plus,0.4032258064516129,0.4032258064516129
guarded_backtranslation,no_thinking_merged__bethgelab-142,830533425e592db6ae69cda4bfdb7398a3102bbfa4953317c0543f0bf6970206,generated,20,violation_7plus,0.07172224760164458,0.05527638190954774,4,within_5,0.0,0.0,15,violation_7plus,0.4032258064516129,0.4032258064516129
original,no_thinking_merged__bethgelab-122,bd6e5c628a12f9f4d83f4e3b0b6cb632a31e625a05a4d8ed7cd768b4fc24bd0e,generated,14,violation_7plus,0.0917186108637578,0.05699020480854853,7,violation_7plus,0.0220125786163522,0.0220125786163522,25,violation_7plus,0.7058823529411765,0.7058823529411765
raw_backtranslation,no_thinking_merged__bethgelab-122,bd6e5c628a12f9f4d83f4e3b0b6cb632a31e625a05a4d8ed7cd768b4fc24bd0e,generated,14,violation_7plus,0.056269384138236594,0.02968542312804608,7,violation_7plus,0.0220125786163522,0.0220125786163522,25,violation_7plus,0.7058823529411765,0.7058823529411765
guarded_backtranslation,no_thinking_merged__bethgelab-122,bd6e5c628a12f9f4d83f4e3b0b6cb632a31e625a05a4d8ed7cd768b4fc24bd0e,generated,14,violation_7plus,0.06640106241699867,0.03718459495351926,7,violation_7plus,0.0220125786163522,0.0220125786163522,25,violation_7plus,0.7058823529411765,0.7058823529411765
original,no_thinking_merged__bethgelab-105,d1ec0b551238dc7b332ba8c3fe0cb88f73a421e70e4d348a65a49b63bf7de3bb,generated,14,violation_7plus,0.13927048792041685,0.1222169587873046,4,within_5,0.0,0.0,15,violation_7plus,0.45454545454545453,0.45454545454545453
raw_backtranslation,no_thinking_merged__bethgelab-105,d1ec0b551238dc7b332ba8c3fe0cb88f73a421e70e4d348a65a49b63bf7de3bb,generated,13,violation_7plus,0.06998590887740723,0.0615312353217473,4,within_5,0.0,0.0,15,violation_7plus,0.45454545454545453,0.45454545454545453
guarded_backtranslation,no_thinking_merged__bethgelab-105,d1ec0b551238dc7b332ba8c3fe0cb88f73a421e70e4d348a65a49b63bf7de3bb,generated,14,violation_7plus,0.10571024067956583,0.09438414346389806,4,within_5,0.0,0.0,15,violation_7plus,0.45454545454545453,0.45454545454545453
original,no_thinking_merged__bethgelab-10033,a58b679a718676aea497bc154517ef17871f3042d404c64fabe61cd28da57afc,generated,16,violation_7plus,0.12545018007202882,0.09663865546218488,5,within_5,0.0,0.0,18,violation_7plus,0.7368421052631579,0.7368421052631579
raw_backtranslation,no_thinking_merged__bethgelab-10033,a58b679a718676aea497bc154517ef17871f3042d404c64fabe61cd28da57afc,generated,16,violation_7plus,0.09237187127532777,0.07449344457687723,5,within_5,0.0,0.0,18,violation_7plus,0.7368421052631579,0.7368421052631579
guarded_backtranslation,no_thinking_merged__bethgelab-10033,a58b679a718676aea497bc154517ef17871f3042d404c64fabe61cd28da57afc,generated,16,violation_7plus,0.11204313960455363,0.08328340323547034,5,within_5,0.0,0.0,18,violation_7plus,0.7368421052631579,0.7368421052631579
original,no_thinking_merged__bethgelab-10019,3fab7067baa7f63946ebe47561ff1d1ce3e60d0971119fc5f58ab5c877f3b5c9,generated,15,violation_7plus,0.1400757166035695,0.08112493239588967,7,violation_7plus,0.08445945945945946,0.02364864864864865,7,violation_7plus,0.19444444444444445,0.19444444444444445
raw_backtranslation,no_thinking_merged__bethgelab-10019,3fab7067baa7f63946ebe47561ff1d1ce3e60d0971119fc5f58ab5c877f3b5c9,generated,8,violation_7plus,0.060720042987641054,0.028479312197743148,7,violation_7plus,0.08445945945945946,0.02364864864864865,7,violation_7plus,0.19444444444444445,0.19444444444444445
guarded_backtranslation,no_thinking_merged__bethgelab-10019,3fab7067baa7f63946ebe47561ff1d1ce3e60d0971119fc5f58ab5c877f3b5c9,generated,15,violation_7plus,0.09628832705755783,0.05433028509951587,7,violation_7plus,0.08445945945945946,0.02364864864864865,7,violation_7plus,0.19444444444444445,0.19444444444444445
original,no_thinking_merged__bethgelab-10028,9ddc1a36ea8172f808bf6608f3c41614f8c1a4ec2635523217fd26b9377a546a,generated,22,violation_7plus,0.11558219178082192,0.08732876712328767,12,violation_7plus,0.21220159151193635,0.14854111405835543,12,violation_7plus,0.1188118811881188,0.1188118811881188
raw_backtranslation,no_thinking_merged__bethgelab-10028,9ddc1a36ea8172f808bf6608f3c41614f8c1a4ec2635523217fd26b9377a546a,generated,14,violation_7plus,0.04867634500426986,0.03842869342442357,12,violation_7plus,0.21220159151193635,0.14854111405835543,12,violation_7plus,0.1188118811881188,0.1188118811881188
guarded_backtranslation,no_thinking_merged__bethgelab-10028,9ddc1a36ea8172f808bf6608f3c41614f8c1a4ec2635523217fd26b9377a546a,generated,22,violation_7plus,0.08400852878464819,0.07377398720682303,12,violation_7plus,0.21220159151193635,0.14854111405835543,12,violation_7plus,0.1188118811881188,0.1188118811881188
original,no_thinking_merged__bethgelab-10021,2446e0dd5be16da1204fedf141879b6bdebf78065b128fc9678b60c6503d9536,generated,14,violation_7plus,0.21814671814671815,0.18725868725868725,5,within_5,0.0,0.0,24,violation_7plus,0.7346938775510204,0.7346938775510204
raw_backtranslation,no_thinking_merged__bethgelab-10021,2446e0dd5be16da1204fedf141879b6bdebf78065b128fc9678b60c6503d9536,generated,11,violation_7plus,0.10468850353243417,0.06229929351316635,5,within_5,0.0,0.0,24,violation_7plus,0.7346938775510204,0.7346938775510204
guarded_backtranslation,no_thinking_merged__bethgelab-10021,2446e0dd5be16da1204fedf141879b6bdebf78065b128fc9678b60c6503d9536,generated,14,violation_7plus,0.14900449582530506,0.12973667308927425,5,within_5,0.0,0.0,24,violation_7plus,0.7346938775510204,0.7346938775510204
original,no_thinking_merged__bethgelab-10004,532e636d9c400b73e899230f07b83f2e3d63e833cdff05dfcaf20da104624d78,generated,18,violation_7plus,0.12148217636022514,0.09052532833020638,6,borderline_6,0.0375,0.0,16,violation_7plus,0.6857142857142857,0.6857142857142857
raw_backtranslation,no_thinking_merged__bethgelab-10004,532e636d9c400b73e899230f07b83f2e3d63e833cdff05dfcaf20da104624d78,generated,10,violation_7plus,0.04843173431734318,0.026291512915129153,6,borderline_6,0.0375,0.0,16,violation_7plus,0.6857142857142857,0.6857142857142857
guarded_backtranslation,no_thinking_merged__bethgelab-10004,532e636d9c400b73e899230f07b83f2e3d63e833cdff05dfcaf20da104624d78,generated,18,violation_7plus,0.09014479215319944,0.07052779075198505,6,borderline_6,0.0375,0.0,16,violation_7plus,0.6857142857142857,0.6857142857142857
original,no_thinking_merged__bethgelab-10047,f0be139b8205277b5f62dc4345c48427d0280afe402b478627635231c0a90071,generated,25,violation_7plus,0.11402946828955797,0.08327994875080078,5,within_5,0.0,0.0,12,violation_7plus,0.7407407407407407,0.7407407407407407
raw_backtranslation,no_thinking_merged__bethgelab-10047,f0be139b8205277b5f62dc4345c48427d0280afe402b478627635231c0a90071,generated,19,violation_7plus,0.06692160611854685,0.04397705544933078,5,within_5,0.0,0.0,12,violation_7plus,0.7407407407407407,0.7407407407407407
guarded_backtranslation,no_thinking_merged__bethgelab-10047,f0be139b8205277b5f62dc4345c48427d0280afe402b478627635231c0a90071,generated,25,violation_7plus,0.10607028753993611,0.08306709265175719,5,within_5,0.0,0.0,12,violation_7plus,0.7407407407407407,0.7407407407407407
original,no_thinking_merged__bethgelab-10013,e463ec5d1757c1fef5033ed44eafb650345ebd9f4b11f8f485ea18b3146d9bc9,generated,16,violation_7plus,0.20225927918235612,0.1441635287789134,5,within_5,0.0,0.0,47,violation_7plus,0.8181818181818182,0.8181818181818182
raw_backtranslation,no_thinking_merged__bethgelab-10013,e463ec5d1757c1fef5033ed44eafb650345ebd9f4b11f8f485ea18b3146d9bc9,generated,12,violation_7plus,0.08037578288100208,0.05845511482254697,5,within_5,0.0,0.0,47,violation_7plus,0.8181818181818182,0.8181818181818182
guarded_backtranslation,no_thinking_merged__bethgelab-10013,e463ec5d1757c1fef5033ed44eafb650345ebd9f4b11f8f485ea18b3146d9bc9,generated,16,violation_7plus,0.1397564849126522,0.12069878242456326,5,within_5,0.0,0.0,47,violation_7plus,0.8181818181818182,0.8181818181818182
original,no_thinking_merged__bethgelab-10038,239b0964b4ee281617cec4a7344b292c5dd05cdc1e07db933a2e9df7fecd52fb,generated,16,violation_7plus,0.12449071978270711,0.08646446355817111,8,violation_7plus,0.2867132867132867,0.06643356643356643,10,violation_7plus,0.2857142857142857,0.2857142857142857
raw_backtranslation,no_thinking_merged__bethgelab-10038,239b0964b4ee281617cec4a7344b292c5dd05cdc1e07db933a2e9df7fecd52fb,generated,9,violation_7plus,0.03796337650736936,0.02456453774006253,8,violation_7plus,0.2867132867132867,0.06643356643356643,10,violation_7plus,0.2857142857142857,0.2857142857142857
guarded_backtranslation,no_thinking_merged__bethgelab-10038,239b0964b4ee281617cec4a7344b292c5dd05cdc1e07db933a2e9df7fecd52fb,generated,16,violation_7plus,0.09892086330935251,0.07194244604316546,8,violation_7plus,0.2867132867132867,0.06643356643356643,10,violation_7plus,0.2857142857142857,0.2857142857142857
original,no_thinking_merged__bethgelab-10000,7fcd8ad1ec13aa789ceccd25ade8944690a8825a63727038dada658417498a13,generated,14,violation_7plus,0.12667304015296368,0.10659655831739961,5,within_5,0.0,0.0,12,violation_7plus,0.42857142857142855,0.2857142857142857
raw_backtranslation,no_thinking_merged__bethgelab-10000,7fcd8ad1ec13aa789ceccd25ade8944690a8825a63727038dada658417498a13,generated,12,violation_7plus,0.062381852551984876,0.04773156899810964,5,within_5,0.0,0.0,12,violation_7plus,0.42857142857142855,0.2857142857142857
guarded_backtranslation,no_thinking_merged__bethgelab-10000,7fcd8ad1ec13aa789ceccd25ade8944690a8825a63727038dada658417498a13,generated,12,violation_7plus,0.0903471231573942,0.07608178792201617,5,within_5,0.0,0.0,12,violation_7plus,0.42857142857142855,0.2857142857142857
original,no_thinking_merged__bethgelab-10003,e7cd528ba416b11b6aab2a6fd81b6328a5833daeb921827420f580cb236ca865,generated,17,violation_7plus,0.1541501976284585,0.11462450592885376,8,violation_7plus,0.3344947735191638,0.1254355400696864,14,violation_7plus,0.6470588235294118,0.6470588235294118
raw_backtranslation,no_thinking_merged__bethgelab-10003,e7cd528ba416b11b6aab2a6fd81b6328a5833daeb921827420f580cb236ca865,generated,12,violation_7plus,0.08745980707395498,0.0720257234726688,8,violation_7plus,0.3344947735191638,0.1254355400696864,14,violation_7plus,0.6470588235294118,0.6470588235294118
guarded_backtranslation,no_thinking_merged__bethgelab-10003,e7cd528ba416b11b6aab2a6fd81b6328a5833daeb921827420f580cb236ca865,generated,12,violation_7plus,0.09928617780661908,0.07592472420506165,8,violation_7plus,0.3344947735191638,0.1254355400696864,14,violation_7plus,0.6470588235294118,0.6470588235294118
original,no_thinking_merged__bethgelab-50039,de19c655db485aa34b7e3387b03aa09cf54da16447b5294399730fc5c45d9003,generated,26,violation_7plus,0.3140428976123027,0.2743828409550789,4,within_5,0.0,0.0,13,violation_7plus,0.3333333333333333,0.3333333333333333
raw_backtranslation,no_thinking_merged__bethgelab-50039,de19c655db485aa34b7e3387b03aa09cf54da16447b5294399730fc5c45d9003,generated,14,violation_7plus,0.14032971451548049,0.11379171692802574,4,within_5,0.0,0.0,13,violation_7plus,0.3333333333333333,0.3333333333333333
guarded_backtranslation,no_thinking_merged__bethgelab-50039,de19c655db485aa34b7e3387b03aa09cf54da16447b5294399730fc5c45d9003,generated,26,violation_7plus,0.2346076458752515,0.21287726358148892,4,within_5,0.0,0.0,13,violation_7plus,0.3333333333333333,0.3333333333333333
original,no_thinking_merged__bethgelab-50043,1e2798147c40faee951910206bf47fa2d91c8860b90000f30454b227d6994df2,generated,14,violation_7plus,0.17497168742921856,0.12061155152887883,6,borderline_6,0.0995850622406639,0.0,12,violation_7plus,0.41379310344827586,0.41379310344827586
raw_backtranslation,no_thinking_merged__bethgelab-50043,1e2798147c40faee951910206bf47fa2d91c8860b90000f30454b227d6994df2,generated,12,violation_7plus,0.08683473389355742,0.039775910364145656,6,borderline_6,0.0995850622406639,0.0,12,violation_7plus,0.41379310344827586,0.41379310344827586
guarded_backtranslation,no_thinking_merged__bethgelab-50043,1e2798147c40faee951910206bf47fa2d91c8860b90000f30454b227d6994df2,generated,12,violation_7plus,0.1521493212669683,0.1080316742081448,6,borderline_6,0.0995850622406639,0.0,12,violation_7plus,0.41379310344827586,0.41379310344827586
original,no_thinking_merged__bethgelab-50033,bf799d730709e4d61998cf1d6c35cf9885ada8045ad414d9e196fb4bf044922a,generated,14,violation_7plus,0.14695695200395845,0.1024245423057892,6,borderline_6,0.04591836734693878,0.0,15,violation_7plus,0.18292682926829268,0.18292682926829268
raw_backtranslation,no_thinking_merged__bethgelab-50033,bf799d730709e4d61998cf1d6c35cf9885ada8045ad414d9e196fb4bf044922a,generated,13,violation_7plus,0.07247796278158668,0.05484818805093046,6,borderline_6,0.04591836734693878,0.0,15,violation_7plus,0.18292682926829268,0.18292682926829268
guarded_backtranslation,no_thinking_merged__bethgelab-50033,bf799d730709e4d61998cf1d6c35cf9885ada8045ad414d9e196fb4bf044922a,generated,14,violation_7plus,0.09327442317133039,0.06971035837015219,6,borderline_6,0.04591836734693878,0.0,15,violation_7plus,0.18292682926829268,0.18292682926829268
original,no_thinking_merged__bethgelab-50037,56b77fff220a3b085f018b829126cd45b79cd9032f37052faf9f086717e16629,generated,18,violation_7plus,0.11969111969111969,0.08204633204633205,5,within_5,0.0,0.0,6,borderline_6,0.5454545454545454,0.0
raw_backtranslation,no_thinking_merged__bethgelab-50037,56b77fff220a3b085f018b829126cd45b79cd9032f37052faf9f086717e16629,generated,18,violation_7plus,0.06343825665859563,0.04891041162227603,5,within_5,0.0,0.0,6,borderline_6,0.5454545454545454,0.0
guarded_backtranslation,no_thinking_merged__bethgelab-50037,56b77fff220a3b085f018b829126cd45b79cd9032f37052faf9f086717e16629,generated,18,violation_7plus,0.08666345690900337,0.06644198363023592,5,within_5,0.0,0.0,6,borderline_6,0.5454545454545454,0.0
original,no_thinking_merged__bethgelab-50047,9d6e795b20211d71799050c9282d0c0b9c3838aa8232d78b803accb410b2d33d,generated,17,violation_7plus,0.1947780678851175,0.17806788511749347,16,violation_7plus,0.13011152416356878,0.08550185873605948,17,violation_7plus,0.37777777777777777,0.37777777777777777
raw_backtranslation,no_thinking_merged__bethgelab-50047,9d6e795b20211d71799050c9282d0c0b9c3838aa8232d78b803accb410b2d33d,generated,9,violation_7plus,0.05430327868852459,0.0389344262295082,16,violation_7plus,0.13011152416356878,0.08550185873605948,17,violation_7plus,0.37777777777777777,0.37777777777777777
guarded_backtranslation,no_thinking_merged__bethgelab-50047,9d6e795b20211d71799050c9282d0c0b9c3838aa8232d78b803accb410b2d33d,generated,17,violation_7plus,0.11679586563307494,0.10645994832041343,16,violation_7plus,0.13011152416356878,0.08550185873605948,17,violation_7plus,0.37777777777777777,0.37777777777777777
original,no_thinking_merged__bethgelab-50013,5873692a5abcd2765669d5fab7979f848ab9682d042126b679e3e670e9745efa,generated,17,violation_7plus,0.10147689375893283,0.06098141972367794,5,within_5,0.0,0.0,9,violation_7plus,0.4146341463414634,0.4146341463414634
raw_backtranslation,no_thinking_merged__bethgelab-50013,5873692a5abcd2765669d5fab7979f848ab9682d042126b679e3e670e9745efa,generated,12,violation_7plus,0.05054322153991497,0.025035427491733587,5,within_5,0.0,0.0,9,violation_7plus,0.4146341463414634,0.4146341463414634
guarded_backtranslation,no_thinking_merged__bethgelab-50013,5873692a5abcd2765669d5fab7979f848ab9682d042126b679e3e670e9745efa,generated,17,violation_7plus,0.07597923548843795,0.053327041057102405,5,within_5,0.0,0.0,9,violation_7plus,0.4146341463414634,0.4146341463414634
original,no_thinking_merged__bethgelab-50009,fdf2c95a141e744682aad8f94ea8783a5514e7033960d29fa2961bf8be3a3068,generated,14,violation_7plus,0.27452830188679245,0.21509433962264152,4,within_5,0.0,0.0,16,violation_7plus,0.639344262295082,0.639344262295082
raw_backtranslation,no_thinking_merged__bethgelab-50009,fdf2c95a141e744682aad8f94ea8783a5514e7033960d29fa2961bf8be3a3068,generated,11,violation_7plus,0.0967144840351689,0.05506709856547894,4,within_5,0.0,0.0,16,violation_7plus,0.639344262295082,0.639344262295082
guarded_backtranslation,no_thinking_merged__bethgelab-50009,fdf2c95a141e744682aad8f94ea8783a5514e7033960d29fa2961bf8be3a3068,generated,14,violation_7plus,0.17981220657276994,0.1431924882629108,4,within_5,0.0,0.0,16,violation_7plus,0.639344262295082,0.639344262295082
original,no_thinking_merged__bethgelab-50015,0bf9b205e3a6d1c88f5d9b2acfe868ac55f05e758fba034533eae6c292c1adee,generated,25,violation_7plus,0.20833333333333334,0.18055555555555555,8,violation_7plus,0.2188679245283019,0.06037735849056604,14,violation_7plus,0.7419354838709677,0.7419354838709677
raw_backtranslation,no_thinking_merged__bethgelab-50015,0bf9b205e3a6d1c88f5d9b2acfe868ac55f05e758fba034533eae6c292c1adee,generated,14,violation_7plus,0.0843857634902411,0.04994259471871412,8,violation_7plus,0.2188679245283019,0.06037735849056604,14,violation_7plus,0.7419354838709677,0.7419354838709677
guarded_backtranslation,no_thinking_merged__bethgelab-50015,0bf9b205e3a6d1c88f5d9b2acfe868ac55f05e758fba034533eae6c292c1adee,generated,25,violation_7plus,0.1478711162255466,0.12715765247410818,8,violation_7plus,0.2188679245283019,0.06037735849056604,14,violation_7plus,0.7419354838709677,0.7419354838709677
original,no_thinking_merged__bethgelab-50024,74ce4c9a8bb66ed76aa0bcf2719b37c2f45118dfc537ed9a1a7429457fac9b78,generated,22,violation_7plus,0.25492831541218636,0.22580645161290322,6,borderline_6,0.022813688212927757,0.0,15,violation_7plus,0.2542372881355932,0.2542372881355932
raw_backtranslation,no_thinking_merged__bethgelab-50024,74ce4c9a8bb66ed76aa0bcf2719b37c2f45118dfc537ed9a1a7429457fac9b78,generated,15,violation_7plus,0.10605391073795846,0.0905877154220062,6,borderline_6,0.022813688212927757,0.0,15,violation_7plus,0.2542372881355932,0.2542372881355932
guarded_backtranslation,no_thinking_merged__bethgelab-50024,74ce4c9a8bb66ed76aa0bcf2719b37c2f45118dfc537ed9a1a7429457fac9b78,generated,22,violation_7plus,0.1961044710048694,0.18326693227091634,6,borderline_6,0.022813688212927757,0.0,15,violation_7plus,0.2542372881355932,0.2542372881355932
original,no_thinking_merged__bethgelab-50028,67b0f14459545eb0cb90ba33ad7dd4e3e7288a9289fa58f9000ee9ffb9d945e1,generated,12,violation_7plus,0.10668380462724936,0.0702656383890317,9,violation_7plus,0.1557377049180328,0.02459016393442623,12,violation_7plus,0.42857142857142855,0.42857142857142855
raw_backtranslation,no_thinking_merged__bethgelab-50028,67b0f14459545eb0cb90ba33ad7dd4e3e7288a9289fa58f9000ee9ffb9d945e1,generated,13,violation_7plus,0.04555040067482075,0.017714044706874738,9,violation_7plus,0.1557377049180328,0.02459016393442623,12,violation_7plus,0.42857142857142855,0.42857142857142855
guarded_backtranslation,no_thinking_merged__bethgelab-50028,67b0f14459545eb0cb90ba33ad7dd4e3e7288a9289fa58f9000ee9ffb9d945e1,generated,12,violation_7plus,0.07955517536355859,0.05389221556886228,9,violation_7plus,0.1557377049180328,0.02459016393442623,12,violation_7plus,0.42857142857142855,0.42857142857142855
original,no_thinking_merged__bethgelab-100037,475da814ff8aee7689b47bcfab425741f38e34a74e4e6dbfca2d6ed825526487,generated,15,violation_7plus,0.18106995884773663,0.12815990593768373,6,borderline_6,0.02702702702702703,0.0,29,violation_7plus,0.5370370370370371,0.5370370370370371
raw_backtranslation,no_thinking_merged__bethgelab-100037,475da814ff8aee7689b47bcfab425741f38e34a74e4e6dbfca2d6ed825526487,generated,10,violation_7plus,0.09122006841505131,0.053591790193842644,6,borderline_6,0.02702702702702703,0.0,29,violation_7plus,0.5370370370370371,0.5370370370370371
guarded_backtranslation,no_thinking_merged__bethgelab-100037,475da814ff8aee7689b47bcfab425741f38e34a74e4e6dbfca2d6ed825526487,generated,15,violation_7plus,0.147024504084014,0.10501750291715285,6,borderline_6,0.02702702702702703,0.0,29,violation_7plus,0.5370370370370371,0.5370370370370371
original,no_thinking_merged__bethgelab-100048,894ece07744c3dff9486aad1b6536dbe0bef2872acbdf6fa5c7a027af65b2b72,generated,15,violation_7plus,0.1472457627118644,0.125,9,violation_7plus,0.09540636042402827,0.03180212014134275,18,violation_7plus,0.7380952380952381,0.7380952380952381
raw_backtranslation,no_thinking_merged__bethgelab-100048,894ece07744c3dff9486aad1b6536dbe0bef2872acbdf6fa5c7a027af65b2b72,generated,11,violation_7plus,0.055929570170895906,0.04350077679958571,9,violation_7plus,0.09540636042402827,0.03180212014134275,18,violation_7plus,0.7380952380952381,0.7380952380952381
guarded_backtranslation,no_thinking_merged__bethgelab-100048,894ece07744c3dff9486aad1b6536dbe0bef2872acbdf6fa5c7a027af65b2b72,generated,15,violation_7plus,0.08763693270735524,0.08450704225352113,9,violation_7plus,0.09540636042402827,0.03180212014134275,18,violation_7plus,0.7380952380952381,0.7380952380952381
original,no_thinking_merged__bethgelab-100002,9cfd749620877169e7af30ce0e929738eab4d6b0c917acbbc6b9983017bb5044,generated,18,violation_7plus,0.16310160427807488,0.11818181818181818,7,violation_7plus,0.18562874251497005,0.041916167664670656,11,violation_7plus,0.19642857142857142,0.19642857142857142
raw_backtranslation,no_thinking_merged__bethgelab-100002,9cfd749620877169e7af30ce0e929738eab4d6b0c917acbbc6b9983017bb5044,generated,14,violation_7plus,0.07821522309711286,0.05301837270341207,7,violation_7plus,0.18562874251497005,0.041916167664670656,11,violation_7plus,0.19642857142857142,0.19642857142857142
guarded_backtranslation,no_thinking_merged__bethgelab-100002,9cfd749620877169e7af30ce0e929738eab4d6b0c917acbbc6b9983017bb5044,generated,18,violation_7plus,0.12692511949017526,0.09506107275624004,7,violation_7plus,0.18562874251497005,0.041916167664670656,11,violation_7plus,0.19642857142857142,0.19642857142857142
original,no_thinking_merged__bethgelab-100001,1dad06f32bca0d6bab2e043a9a5f11a944b26effd7412130afeace3d9f30574c,generated,21,violation_7plus,0.1653012048192771,0.11903614457831325,6,borderline_6,0.02564102564102564,0.0,18,violation_7plus,0.45,0.45
raw_backtranslation,no_thinking_merged__bethgelab-100001,1dad06f32bca0d6bab2e043a9a5f11a944b26effd7412130afeace3d9f30574c,generated,14,violation_7plus,0.08277830637488107,0.05994291151284491,6,borderline_6,0.02564102564102564,0.0,18,violation_7plus,0.45,0.45
guarded_backtranslation,no_thinking_merged__bethgelab-100001,1dad06f32bca0d6bab2e043a9a5f11a944b26effd7412130afeace3d9f30574c,generated,21,violation_7plus,0.11944577161968466,0.0965121834687052,6,borderline_6,0.02564102564102564,0.0,18,violation_7plus,0.45,0.45
original,no_thinking_merged__bethgelab-100003,191f8cffbe90985061b6946db049ff8f556f014bb0268187a365732f60fc01eb,generated,19,violation_7plus,0.21940071102082276,0.17673946165566276,5,within_5,0.0,0.0,18,violation_7plus,0.34615384615384615,0.34615384615384615
raw_backtranslation,no_thinking_merged__bethgelab-100003,191f8cffbe90985061b6946db049ff8f556f014bb0268187a365732f60fc01eb,generated,12,violation_7plus,0.07045009784735812,0.03816046966731898,5,within_5,0.0,0.0,18,violation_7plus,0.34615384615384615,0.34615384615384615
guarded_backtranslation,no_thinking_merged__bethgelab-100003,191f8cffbe90985061b6946db049ff8f556f014bb0268187a365732f60fc01eb,generated,19,violation_7plus,0.17253521126760563,0.14235412474849093,5,within_5,0.0,0.0,18,violation_7plus,0.34615384615384615,0.34615384615384615
original,no_thinking_merged__bethgelab-100040,baacd8ccf76122818d147f4282a2a0720bbbbe1b1352bdfd10d8d2a97abbf7f0,generated,11,violation_7plus,0.1167095115681234,0.08894601542416453,6,borderline_6,0.022813688212927757,0.0,38,violation_7plus,0.8421052631578947,0.8421052631578947
raw_backtranslation,no_thinking_merged__bethgelab-100040,baacd8ccf76122818d147f4282a2a0720bbbbe1b1352bdfd10d8d2a97abbf7f0,generated,11,violation_7plus,0.048965169106511865,0.02170620898536093,6,borderline_6,0.022813688212927757,0.0,38,violation_7plus,0.8421052631578947,0.8421052631578947
guarded_backtranslation,no_thinking_merged__bethgelab-100040,baacd8ccf76122818d147f4282a2a0720bbbbe1b1352bdfd10d8d2a97abbf7f0,generated,11,violation_7plus,0.07554874936191934,0.05410923940786115,6,borderline_6,0.022813688212927757,0.0,38,violation_7plus,0.8421052631578947,0.8421052631578947
original,no_thinking_merged__bethgelab-100027,d0a94ffc1733d8e398e0d039e28cff7e4b6cb5d0c12246b1bea4712d3ea0c6ac,generated,16,violation_7plus,0.3131478450627387,0.24822695035460993,5,within_5,0.0,0.0,24,violation_7plus,0.7307692307692307,0.7307692307692307
raw_backtranslation,no_thinking_merged__bethgelab-100027,d0a94ffc1733d8e398e0d039e28cff7e4b6cb5d0c12246b1bea4712d3ea0c6ac,generated,11,violation_7plus,0.11777417612101566,0.08589951377633712,5,within_5,0.0,0.0,24,violation_7plus,0.7307692307692307,0.7307692307692307
guarded_backtranslation,no_thinking_merged__bethgelab-100027,d0a94ffc1733d8e398e0d039e28cff7e4b6cb5d0c12246b1bea4712d3ea0c6ac,generated,16,violation_7plus,0.20466883821932683,0.15960912052117263,5,within_5,0.0,0.0,24,violation_7plus,0.7307692307692307,0.7307692307692307
original,no_thinking_merged__bethgelab-100026,76809edc3a81a1b01bf93be36eb56d891fdab656023bbf75ddf1a39e60d592f2,generated,16,violation_7plus,0.17875920084121977,0.13144058885383805,6,borderline_6,0.019933554817275746,0.0,15,violation_7plus,0.3125,0.3125
raw_backtranslation,no_thinking_merged__bethgelab-100026,76809edc3a81a1b01bf93be36eb56d891fdab656023bbf75ddf1a39e60d592f2,generated,16,violation_7plus,0.09288747346072186,0.06369426751592357,6,borderline_6,0.019933554817275746,0.0,15,violation_7plus,0.3125,0.3125
guarded_backtranslation,no_thinking_merged__bethgelab-100026,76809edc3a81a1b01bf93be36eb56d891fdab656023bbf75ddf1a39e60d592f2,generated,16,violation_7plus,0.14060860440713535,0.09968520461699895,6,borderline_6,0.019933554817275746,0.0,15,violation_7plus,0.3125,0.3125
original,no_thinking_merged__bethgelab-100015,b2c521e823368d1812a8d64440899ae15551afa85a6d1109d734898ee3b5a08f,generated,12,violation_7plus,0.12296416938110749,0.08876221498371335,7,violation_7plus,0.022292993630573247,0.022292993630573247,14,violation_7plus,0.16666666666666666,0.16666666666666666
raw_backtranslation,no_thinking_merged__bethgelab-100015,b2c521e823368d1812a8d64440899ae15551afa85a6d1109d734898ee3b5a08f,generated,9,violation_7plus,0.04804560260586319,0.035830618892508145,7,violation_7plus,0.022292993630573247,0.022292993630573247,14,violation_7plus,0.16666666666666666,0.16666666666666666
guarded_backtranslation,no_thinking_merged__bethgelab-100015,b2c521e823368d1812a8d64440899ae15551afa85a6d1109d734898ee3b5a08f,generated,12,violation_7plus,0.07863802188893393,0.05918119173084718,7,violation_7plus,0.022292993630573247,0.022292993630573247,14,violation_7plus,0.16666666666666666,0.16666666666666666
original,no_thinking_merged__bethgelab-200048,868744c1a1f5d91dd97bfb5ee1697b8b7bfdd53298d0e513d7c45b76472ec6d7,generated,20,violation_7plus,0.2107843137254902,0.15784313725490196,5,within_5,0.0,0.0,25,violation_7plus,0.35714285714285715,0.35714285714285715
raw_backtranslation,no_thinking_merged__bethgelab-200048,868744c1a1f5d91dd97bfb5ee1697b8b7bfdd53298d0e513d7c45b76472ec6d7,generated,11,violation_7plus,0.08462282398452611,0.03820116054158607,5,within_5,0.0,0.0,25,violation_7plus,0.35714285714285715,0.35714285714285715
guarded_backtranslation,no_thinking_merged__bethgelab-200048,868744c1a1f5d91dd97bfb5ee1697b8b7bfdd53298d0e513d7c45b76472ec6d7,generated,20,violation_7plus,0.17543859649122806,0.13742690058479531,5,within_5,0.0,0.0,25,violation_7plus,0.35714285714285715,0.35714285714285715
original,no_thinking_merged__bethgelab-200024,88a116c99d1eea1a867a05ba40ecabf52cfe821203f2034181a21d74d59d63c8,generated,18,violation_7plus,0.2290400972053463,0.1755771567436209,5,within_5,0.0,0.0,45,violation_7plus,0.7323943661971831,0.7323943661971831
raw_backtranslation,no_thinking_merged__bethgelab-200024,88a116c99d1eea1a867a05ba40ecabf52cfe821203f2034181a21d74d59d63c8,generated,10,violation_7plus,0.0935672514619883,0.05847953216374269,5,within_5,0.0,0.0,45,violation_7plus,0.7323943661971831,0.7323943661971831
guarded_backtranslation,no_thinking_merged__bethgelab-200024,88a116c99d1eea1a867a05ba40ecabf52cfe821203f2034181a21d74d59d63c8,generated,18,violation_7plus,0.14721723518850988,0.10412926391382406,5,within_5,0.0,0.0,45,violation_7plus,0.7323943661971831,0.7323943661971831
original,no_thinking_merged__bethgelab-200047,f4bd42a8da057cea05f258f7ffd5ed924b47d6381a7e6b2b4a5a5795c6c9aaba,generated,19,violation_7plus,0.14591078066914498,0.12360594795539033,8,violation_7plus,0.23270440251572327,0.13836477987421383,13,violation_7plus,0.3023255813953488,0.3023255813953488
raw_backtranslation,no_thinking_merged__bethgelab-200047,f4bd42a8da057cea05f258f7ffd5ed924b47d6381a7e6b2b4a5a5795c6c9aaba,generated,15,violation_7plus,0.09534776600644865,0.0649470290188853,8,violation_7plus,0.23270440251572327,0.13836477987421383,13,violation_7plus,0.3023255813953488,0.3023255813953488
guarded_backtranslation,no_thinking_merged__bethgelab-200047,f4bd42a8da057cea05f258f7ffd5ed924b47d6381a7e6b2b4a5a5795c6c9aaba,generated,19,violation_7plus,0.12436194895591647,0.10765661252900233,8,violation_7plus,0.23270440251572327,0.13836477987421383,13,violation_7plus,0.3023255813953488,0.3023255813953488
original,no_thinking_merged__bethgelab-200042,a995598c9dc8909ce7b487753c1ee613113c93393e7f9297e629c21751490704,generated,19,violation_7plus,0.2897755610972569,0.22394014962593517,4,within_5,0.0,0.0,17,violation_7plus,0.425,0.425
raw_backtranslation,no_thinking_merged__bethgelab-200042,a995598c9dc8909ce7b487753c1ee613113c93393e7f9297e629c21751490704,generated,12,violation_7plus,0.11650485436893204,0.08446601941747572,4,within_5,0.0,0.0,17,violation_7plus,0.425,0.425
guarded_backtranslation,no_thinking_merged__bethgelab-200042,a995598c9dc8909ce7b487753c1ee613113c93393e7f9297e629c21751490704,generated,19,violation_7plus,0.20837438423645321,0.16995073891625614,4,within_5,0.0,0.0,17,violation_7plus,0.425,0.425
original,no_thinking_merged__bethgelab-200004,d7535eed5d733ab833691ced999c404380d4967457d1ed8b9198f1296b8dab6f,generated,13,violation_7plus,0.08980716253443526,0.06005509641873278,5,within_5,0.0,0.0,8,violation_7plus,0.1951219512195122,0.1951219512195122
raw_backtranslation,no_thinking_merged__bethgelab-200004,d7535eed5d733ab833691ced999c404380d4967457d1ed8b9198f1296b8dab6f,generated,9,violation_7plus,0.03982542280414621,0.03000545553737043,5,within_5,0.0,0.0,8,violation_7plus,0.1951219512195122,0.1951219512195122
guarded_backtranslation,no_thinking_merged__bethgelab-200004,d7535eed5d733ab833691ced999c404380d4967457d1ed8b9198f1296b8dab6f,generated,13,violation_7plus,0.053551912568306013,0.040437158469945354,5,within_5,0.0,0.0,8,violation_7plus,0.1951219512195122,0.1951219512195122
original,no_thinking_merged__bethgelab-200021,aa7c3ced0095dfd12cb4e186f48684b79bc4bba351a31f42602b16e434d00d21,generated,25,violation_7plus,0.2113237639553429,0.14513556618819776,7,violation_7plus,0.023728813559322035,0.023728813559322035,14,violation_7plus,0.14583333333333334,0.14583333333333334
raw_backtranslation,no_thinking_merged__bethgelab-200021,aa7c3ced0095dfd12cb4e186f48684b79bc4bba351a31f42602b16e434d00d21,generated,19,violation_7plus,0.09318715740015662,0.056382145653876274,7,violation_7plus,0.023728813559322035,0.023728813559322035,14,violation_7plus,0.14583333333333334,0.14583333333333334
guarded_backtranslation,no_thinking_merged__bethgelab-200021,aa7c3ced0095dfd12cb4e186f48684b79bc4bba351a31f42602b16e434d00d21,generated,25,violation_7plus,0.15101070154577884,0.12088783194609591,7,violation_7plus,0.023728813559322035,0.023728813559322035,14,violation_7plus,0.14583333333333334,0.14583333333333334
original,no_thinking_merged__bethgelab-200016,218b16eeb02da5827f5c0724d2d42f966ee250105fe6b2da4daabaee84f52ef5,generated,14,violation_7plus,0.22977178423236513,0.1654564315352697,5,within_5,0.0,0.0,15,violation_7plus,0.36585365853658536,0.36585365853658536
raw_backtranslation,no_thinking_merged__bethgelab-200016,218b16eeb02da5827f5c0724d2d42f966ee250105fe6b2da4daabaee84f52ef5,generated,14,violation_7plus,0.06400787789266371,0.028557360905957656,5,within_5,0.0,0.0,15,violation_7plus,0.36585365853658536,0.36585365853658536
guarded_backtranslation,no_thinking_merged__bethgelab-200016,218b16eeb02da5827f5c0724d2d42f966ee250105fe6b2da4daabaee84f52ef5,generated,14,violation_7plus,0.15365111561866127,0.11612576064908722,5,within_5,0.0,0.0,15,violation_7plus,0.36585365853658536,0.36585365853658536
original,no_thinking_merged__bethgelab-200019,e049827f21769b52fbc4a147774761c10e8dbacc20474376debb2a0a64b649d5,generated,11,violation_7plus,0.07049608355091384,0.0422976501305483,7,violation_7plus,0.050980392156862744,0.027450980392156862,19,violation_7plus,0.7368421052631579,0.7368421052631579
raw_backtranslation,no_thinking_merged__bethgelab-200019,e049827f21769b52fbc4a147774761c10e8dbacc20474376debb2a0a64b649d5,generated,11,violation_7plus,0.031721268850754034,0.013000520020800831,7,violation_7plus,0.050980392156862744,0.027450980392156862,19,violation_7plus,0.7368421052631579,0.7368421052631579
guarded_backtranslation,no_thinking_merged__bethgelab-200019,e049827f21769b52fbc4a147774761c10e8dbacc20474376debb2a0a64b649d5,generated,11,violation_7plus,0.04960835509138381,0.027676240208877285,7,violation_7plus,0.050980392156862744,0.027450980392156862,19,violation_7plus,0.7368421052631579,0.7368421052631579
original,no_thinking_matched__arxiv-10038,24a37c6b6db0ee62ff090f572c9194655408da9a292e549fdc74619fc8b81100,generated,13,violation_7plus,0.13196069255966308,0.07908282639213851,4,within_5,0.0,0.0,6,borderline_6,0.21428571428571427,0.0
raw_backtranslation,no_thinking_matched__arxiv-10038,24a37c6b6db0ee62ff090f572c9194655408da9a292e549fdc74619fc8b81100,generated,12,violation_7plus,0.07778295295761528,0.04331625523986959,4,within_5,0.0,0.0,6,borderline_6,0.21428571428571427,0.0
guarded_backtranslation,no_thinking_matched__arxiv-10038,24a37c6b6db0ee62ff090f572c9194655408da9a292e549fdc74619fc8b81100,generated,13,violation_7plus,0.10341600374356574,0.06176883481516144,4,within_5,0.0,0.0,6,borderline_6,0.21428571428571427,0.0
original,no_thinking_matched__arxiv-1000016,895157f678d1f98628533078c0ff15f6dfccc12ebb1d01affd68efeb091022b8,generated,14,violation_7plus,0.14300464636035107,0.10273618998451213,7,violation_7plus,0.10491803278688525,0.04590163934426229,6,borderline_6,0.24,0.0
raw_backtranslation,no_thinking_matched__arxiv-1000016,895157f678d1f98628533078c0ff15f6dfccc12ebb1d01affd68efeb091022b8,generated,12,violation_7plus,0.08028455284552846,0.058434959349593495,7,violation_7plus,0.10491803278688525,0.04590163934426229,6,borderline_6,0.24,0.0
guarded_backtranslation,no_thinking_matched__arxiv-1000016,895157f678d1f98628533078c0ff15f6dfccc12ebb1d01affd68efeb091022b8,generated,14,violation_7plus,0.10814966683751923,0.08047155304971809,7,violation_7plus,0.10491803278688525,0.04590163934426229,6,borderline_6,0.24,0.0
original,no_thinking_matched__arxiv-1000037,755fec684fcd75ff65b30b7913aa52f89c97f586ad8268ada81e9061329c82ad,generated,22,violation_7plus,0.1406423034330011,0.13344407530454042,4,within_5,0.0,0.0,9,violation_7plus,0.17307692307692307,0.17307692307692307
raw_backtranslation,no_thinking_matched__arxiv-1000037,755fec684fcd75ff65b30b7913aa52f89c97f586ad8268ada81e9061329c82ad,generated,10,violation_7plus,0.03907539900935608,0.025866813428728673,4,within_5,0.0,0.0,9,violation_7plus,0.17307692307692307,0.17307692307692307
guarded_backtranslation,no_thinking_matched__arxiv-1000037,755fec684fcd75ff65b30b7913aa52f89c97f586ad8268ada81e9061329c82ad,generated,22,violation_7plus,0.1054083885209713,0.10485651214128035,4,within_5,0.0,0.0,9,violation_7plus,0.17307692307692307,0.17307692307692307
original,no_thinking_matched__arxiv-10019,e417f9d8113e4f9e3d4d71d407c61db9b570026bd9f7b6668fc1e8c16d596cf1,generated,9,violation_7plus,0.046511627906976744,0.026427061310782242,10,violation_7plus,0.43137254901960786,0.38095238095238093,10,violation_7plus,0.13333333333333333,0.13333333333333333
raw_backtranslation,no_thinking_matched__arxiv-10019,e417f9d8113e4f9e3d4d71d407c61db9b570026bd9f7b6668fc1e8c16d596cf1,generated,8,violation_7plus,0.01841136244082062,0.01209889531825355,10,violation_7plus,0.43137254901960786,0.38095238095238093,10,violation_7plus,0.13333333333333333,0.13333333333333333
guarded_backtranslation,no_thinking_matched__arxiv-10019,e417f9d8113e4f9e3d4d71d407c61db9b570026bd9f7b6668fc1e8c16d596cf1,generated,9,violation_7plus,0.03268318397469689,0.02635740643120717,10,violation_7plus,0.43137254901960786,0.38095238095238093,10,violation_7plus,0.13333333333333333,0.13333333333333333
original,no_thinking_matched__bethgelab-128,1a480e5fcb0ae03c15bc9631db3dd30b1acc16364655c063171f180297692852,generated,16,violation_7plus,0.14971209213051823,0.10940499040307101,11,violation_7plus,0.4105504587155963,0.30045871559633025,11,violation_7plus,0.5862068965517241,0.3793103448275862
raw_backtranslation,no_thinking_matched__bethgelab-128,1a480e5fcb0ae03c15bc9631db3dd30b1acc16364655c063171f180297692852,generated,13,violation_7plus,0.03820754716981132,0.029716981132075472,11,violation_7plus,0.4105504587155963,0.30045871559633025,11,violation_7plus,0.5862068965517241,0.3793103448275862
guarded_backtranslation,no_thinking_matched__bethgelab-128,1a480e5fcb0ae03c15bc9631db3dd30b1acc16364655c063171f180297692852,generated,16,violation_7plus,0.0965121834687052,0.07357859531772576,11,violation_7plus,0.4105504587155963,0.30045871559633025,11,violation_7plus,0.5862068965517241,0.3793103448275862
original,no_thinking_matched__bethgelab-50037,56b77fff220a3b085f018b829126cd45b79cd9032f37052faf9f086717e16629,generated,23,violation_7plus,0.15463510848126233,0.11439842209072978,11,violation_7plus,0.5642276422764227,0.34959349593495936,6,borderline_6,0.5714285714285714,0.0
raw_backtranslation,no_thinking_matched__bethgelab-50037,56b77fff220a3b085f018b829126cd45b79cd9032f37052faf9f086717e16629,generated,18,violation_7plus,0.06498054474708172,0.050972762645914396,11,violation_7plus,0.5642276422764227,0.34959349593495936,6,borderline_6,0.5714285714285714,0.0
guarded_backtranslation,no_thinking_matched__bethgelab-50037,56b77fff220a3b085f018b829126cd45b79cd9032f37052faf9f086717e16629,generated,23,violation_7plus,0.10176817288801572,0.08055009823182711,11,violation_7plus,0.5642276422764227,0.34959349593495936,6,borderline_6,0.5714285714285714,0.0
