condition,internal_condition,run,document_id,source_sha256,status,qa_correct,qa_total,strict_five_pass,max_narrative_copy,copied_six_plus_fraction,longest_metadata_copy,historical_max_copy
gemma12_r128_ku500,gemma12_r128_ku500,scientific-ku-backtranslation-search-20261010,fresh-arxiv-1599059,978fab3d0eab3ab39b2d03c4ed801eb64741b9abd4c2f231e188fb5dbc5a6dd0,generated,10,10,False,12,0.11102719033232629,11,12
gemma12_r128_ku500,gemma12_r128_ku500,scientific-ku-backtranslation-search-20261010,fresh-arxiv-1599067,037114a3d9cc82c9a07232e13f93afd9b946895215cbf9ad2aed2ef6fe9f5203,generated,8,10,False,14,0.10125673249551168,13,14
gemma12_r128_ku500,gemma12_r128_ku500,scientific-ku-backtranslation-search-20261010,fresh-arxiv-1599052,d7a126611c83d5c6d3bc74ac21a6f61cba909d8ccefc316e9e0fc40a29c9ce80,generated,9,10,False,13,0.07525510204081633,22,22
gemma12_r128_ku500,gemma12_r128_ku500,scientific-ku-backtranslation-search-20261010,fresh-arxiv-1599053,4d9cb93b33594d618cf1543b060021e491b2411de270ae615a02b7428f2f8ebd,generated,9,10,False,11,0.05236198064883324,16,11
gemma12_r128_ku500,gemma12_r128_ku500,scientific-ku-backtranslation-search-20261010,fresh-arxiv-1599072,69607792a05b1ebb4f5f0a55c42fde76ec004efcb944fc6e10c5af5623ddd3e8,generated,10,10,False,9,0.05731707317073171,8,9
gemma12_r128_ku500,gemma12_r128_ku500,scientific-ku-backtranslation-search-20261010,fresh-arxiv-1599097,d858b9bb0f49718b1e23994be451cb0129e05ec36ce46832a09e0a44ac091fc1,generated,9,10,False,10,0.08699551569506726,13,13
gemma12_r128_ku500,gemma12_r128_ku500,scientific-ku-backtranslation-search-20261010,fresh-arxiv-1599063,ccda26e9fdd23bb0e76e9584c75aef889c087aeed4f55be03958369447ce8e1e,generated,9,10,False,17,0.05027494108405342,10,17
gemma12_r128_ku500,gemma12_r128_ku500,scientific-ku-backtranslation-search-20261010,fresh-arxiv-1599075,2bdae8148a7101b61f43705f3711cf34f17bf94409996574f9ba3f9f9bcca81a,generated,9,10,False,8,0.06115107913669065,20,8
gemma12_r128_ku500,gemma12_r128_ku500,scientific-ku-backtranslation-search-20261010,fresh-arxiv-1599088,58f078a12f10e6eba8435223b8ee0c993df214f88798aae8c48750f71666a202,generated,9,10,False,11,0.09641255605381166,12,12
gemma12_r128_ku500,gemma12_r128_ku500,scientific-ku-backtranslation-search-20261010,fresh-arxiv-1599094,3f0f749365b45fbd1d9c3e2b1403c5416db6eae6d607388eb54cb3e3bf5bb327,generated,6,10,False,15,0.1517426273458445,6,15
gemma12_r128_ku500,gemma12_r128_ku500,scientific-ku-backtranslation-search-20261010,fresh-bethgelab-298315,116a736e368e08c1fea55e05b6701ca0b7493b0c6a0e2130f1066eb721937b67,generated,9,10,False,11,0.10069444444444445,18,18
gemma12_r128_ku500,gemma12_r128_ku500,scientific-ku-backtranslation-search-20261010,fresh-bethgelab-298313,0690496cadbcb6cfdb982f88313524335dc9619a9664096a9e8ebdb7c12b9f6f,generated,9,10,False,16,0.16483516483516483,11,16
gemma12_r128_ku500,gemma12_r128_ku500,scientific-ku-backtranslation-search-20261010,fresh-bethgelab-298331,b7eff773bb1f99e0ec70566688feff4ba5a0189784a14a115bf01994215833e7,generated,9,10,False,18,0.1535796766743649,23,23
gemma12_r128_ku500,gemma12_r128_ku500,scientific-ku-backtranslation-search-20261010,fresh-bethgelab-298348,1772fcc1ab95270aa7cf556121f9d9e8e7a51faef3daa49b9cbd014cc6bc888f,generated,7,10,False,19,0.12328117591275486,19,19
gemma12_r128_ku500,gemma12_r128_ku500,scientific-ku-backtranslation-search-20261010,fresh-bethgelab-298329,e82317ccc5846282768ba3aa221a3efe2a39e3ea8ba3aa388558fb0aa33b3272,generated,9,10,False,12,0.11379657603222558,12,12
gemma12_r128_ku500,gemma12_r128_ku500,scientific-ku-backtranslation-search-20261010,fresh-bethgelab-298328,153354fcb49dd95b0e53ee11e566e3844966d1decf81ab6546bed01a16b7dc60,generated,9,10,False,12,0.13233287858117326,10,12
gemma12_r128_ku500,gemma12_r128_ku500,scientific-ku-backtranslation-search-20261010,fresh-bethgelab-298314,3b0b1bc4a2a9d3ec44f9bf4c807085458ce2ab6c4f2643d11352e39b84de334e,generated,9,10,False,35,0.15843270868824533,8,35
gemma12_r128_ku500,gemma12_r128_ku500,scientific-ku-backtranslation-search-20261010,fresh-bethgelab-298338,267e702fba238cba07248dd05079384a69ef77c7ffc0f75f670dbbb9a2980c30,generated,9,10,False,20,0.09633507853403141,17,20
gemma12_r128_ku500,gemma12_r128_ku500,scientific-ku-backtranslation-search-20261010,fresh-bethgelab-298346,1e1f2ac3d1cc9101be937c5fc899581b9a9a3042a1ffcfd6b35966b74280a758,generated,9,10,False,25,0.18984179850124897,11,25
gemma12_r128_ku500,gemma12_r128_ku500,scientific-ku-backtranslation-search-20261010,fresh-bethgelab-298333,47abc6ae797ba27368959af8acda4b50cbed1f93b28a6b5b52aa16aee02ab783,generated,9,10,False,11,0.10096976611523104,16,11
gemma12_r128_ku1000,gemma12_r128_ku1000,scientific-ku-backtranslation-search-20261010,fresh-arxiv-1599059,978fab3d0eab3ab39b2d03c4ed801eb64741b9abd4c2f231e188fb5dbc5a6dd0,generated,9,10,False,9,0.1076388888888889,11,11
gemma12_r128_ku1000,gemma12_r128_ku1000,scientific-ku-backtranslation-search-20261010,fresh-arxiv-1599067,037114a3d9cc82c9a07232e13f93afd9b946895215cbf9ad2aed2ef6fe9f5203,generated,8,10,False,14,0.10854893138357705,13,14
gemma12_r128_ku1000,gemma12_r128_ku1000,scientific-ku-backtranslation-search-20261010,fresh-arxiv-1599052,d7a126611c83d5c6d3bc74ac21a6f61cba909d8ccefc316e9e0fc40a29c9ce80,generated,7,10,False,12,0.07456140350877193,22,12
gemma12_r128_ku1000,gemma12_r128_ku1000,scientific-ku-backtranslation-search-20261010,fresh-arxiv-1599053,4d9cb93b33594d618cf1543b060021e491b2411de270ae615a02b7428f2f8ebd,generated,9,10,False,14,0.10074937552039967,16,14
gemma12_r128_ku1000,gemma12_r128_ku1000,scientific-ku-backtranslation-search-20261010,fresh-arxiv-1599072,69607792a05b1ebb4f5f0a55c42fde76ec004efcb944fc6e10c5af5623ddd3e8,generated,8,10,False,9,0.04,8,9
gemma12_r128_ku1000,gemma12_r128_ku1000,scientific-ku-backtranslation-search-20261010,fresh-arxiv-1599097,d858b9bb0f49718b1e23994be451cb0129e05ec36ce46832a09e0a44ac091fc1,generated,6,10,False,13,0.06960716747070986,6,13
gemma12_r128_ku1000,gemma12_r128_ku1000,scientific-ku-backtranslation-search-20261010,fresh-arxiv-1599063,ccda26e9fdd23bb0e76e9584c75aef889c087aeed4f55be03958369447ce8e1e,generated,8,10,False,10,0.03729281767955801,10,10
gemma12_r128_ku1000,gemma12_r128_ku1000,scientific-ku-backtranslation-search-20261010,fresh-arxiv-1599075,2bdae8148a7101b61f43705f3711cf34f17bf94409996574f9ba3f9f9bcca81a,generated,8,10,False,12,0.0792626728110599,20,12
gemma12_r128_ku1000,gemma12_r128_ku1000,scientific-ku-backtranslation-search-20261010,fresh-arxiv-1599088,58f078a12f10e6eba8435223b8ee0c993df214f88798aae8c48750f71666a202,generated,9,10,False,9,0.08659549228944247,12,12
gemma12_r128_ku1000,gemma12_r128_ku1000,scientific-ku-backtranslation-search-20261010,fresh-arxiv-1599094,3f0f749365b45fbd1d9c3e2b1403c5416db6eae6d607388eb54cb3e3bf5bb327,generated,7,10,False,15,0.16666666666666666,6,15
gemma12_r128_ku1000,gemma12_r128_ku1000,scientific-ku-backtranslation-search-20261010,fresh-bethgelab-298315,116a736e368e08c1fea55e05b6701ca0b7493b0c6a0e2130f1066eb721937b67,generated,9,10,False,11,0.07645875251509054,18,18
gemma12_r128_ku1000,gemma12_r128_ku1000,scientific-ku-backtranslation-search-20261010,fresh-bethgelab-298313,0690496cadbcb6cfdb982f88313524335dc9619a9664096a9e8ebdb7c12b9f6f,generated,10,10,False,15,0.12162162162162163,11,15
gemma12_r128_ku1000,gemma12_r128_ku1000,scientific-ku-backtranslation-search-20261010,fresh-bethgelab-298331,b7eff773bb1f99e0ec70566688feff4ba5a0189784a14a115bf01994215833e7,generated,9,10,False,18,0.12407407407407407,23,18
gemma12_r128_ku1000,gemma12_r128_ku1000,scientific-ku-backtranslation-search-20261010,fresh-bethgelab-298348,1772fcc1ab95270aa7cf556121f9d9e8e7a51faef3daa49b9cbd014cc6bc888f,generated,8,10,False,19,0.11392405063291139,19,19
gemma12_r128_ku1000,gemma12_r128_ku1000,scientific-ku-backtranslation-search-20261010,fresh-bethgelab-298329,e82317ccc5846282768ba3aa221a3efe2a39e3ea8ba3aa388558fb0aa33b3272,generated,9,10,False,12,0.053452115812917596,12,12
gemma12_r128_ku1000,gemma12_r128_ku1000,scientific-ku-backtranslation-search-20261010,fresh-bethgelab-298328,153354fcb49dd95b0e53ee11e566e3844966d1decf81ab6546bed01a16b7dc60,generated,9,10,False,12,0.11082802547770701,10,12
gemma12_r128_ku1000,gemma12_r128_ku1000,scientific-ku-backtranslation-search-20261010,fresh-bethgelab-298314,3b0b1bc4a2a9d3ec44f9bf4c807085458ce2ab6c4f2643d11352e39b84de334e,generated,9,10,False,37,0.1829155060352832,8,37
gemma12_r128_ku1000,gemma12_r128_ku1000,scientific-ku-backtranslation-search-20261010,fresh-bethgelab-298338,267e702fba238cba07248dd05079384a69ef77c7ffc0f75f670dbbb9a2980c30,generated,8,10,False,14,0.1049618320610687,17,17
gemma12_r128_ku1000,gemma12_r128_ku1000,scientific-ku-backtranslation-search-20261010,fresh-bethgelab-298346,1e1f2ac3d1cc9101be937c5fc899581b9a9a3042a1ffcfd6b35966b74280a758,generated,10,10,False,12,0.09836065573770492,11,12
gemma12_r128_ku1000,gemma12_r128_ku1000,scientific-ku-backtranslation-search-20261010,fresh-bethgelab-298333,47abc6ae797ba27368959af8acda4b50cbed1f93b28a6b5b52aa16aee02ab783,generated,9,10,False,35,0.10450297366185217,16,35
gemma12_r128_ku500_bt,gemma12_r128_ku500_bt,scientific-ku-backtranslation-search-20261010,fresh-arxiv-1599059,978fab3d0eab3ab39b2d03c4ed801eb64741b9abd4c2f231e188fb5dbc5a6dd0,generated,10,10,False,12,0.09820089955022489,11,12
gemma12_r128_ku500_bt,gemma12_r128_ku500_bt,scientific-ku-backtranslation-search-20261010,fresh-arxiv-1599067,037114a3d9cc82c9a07232e13f93afd9b946895215cbf9ad2aed2ef6fe9f5203,generated,8,10,False,14,0.08342284282133906,13,14
gemma12_r128_ku500_bt,gemma12_r128_ku500_bt,scientific-ku-backtranslation-search-20261010,fresh-arxiv-1599052,d7a126611c83d5c6d3bc74ac21a6f61cba909d8ccefc316e9e0fc40a29c9ce80,generated,9,10,False,13,0.06110408765276022,22,22
gemma12_r128_ku500_bt,gemma12_r128_ku500_bt,scientific-ku-backtranslation-search-20261010,fresh-arxiv-1599053,4d9cb93b33594d618cf1543b060021e491b2411de270ae615a02b7428f2f8ebd,generated,9,10,False,11,0.031549295774647886,16,11
gemma12_r128_ku500_bt,gemma12_r128_ku500_bt,scientific-ku-backtranslation-search-20261010,fresh-arxiv-1599072,69607792a05b1ebb4f5f0a55c42fde76ec004efcb944fc6e10c5af5623ddd3e8,generated,10,10,False,8,0.042501517911353974,8,8
gemma12_r128_ku500_bt,gemma12_r128_ku500_bt,scientific-ku-backtranslation-search-20261010,fresh-arxiv-1599097,d858b9bb0f49718b1e23994be451cb0129e05ec36ce46832a09e0a44ac091fc1,generated,9,10,False,10,0.06931567328918323,13,13
gemma12_r128_ku500_bt,gemma12_r128_ku500_bt,scientific-ku-backtranslation-search-20261010,fresh-arxiv-1599063,ccda26e9fdd23bb0e76e9584c75aef889c087aeed4f55be03958369447ce8e1e,generated,9,10,False,17,0.03981264637002342,10,17
gemma12_r128_ku500_bt,gemma12_r128_ku500_bt,scientific-ku-backtranslation-search-20261010,fresh-arxiv-1599075,2bdae8148a7101b61f43705f3711cf34f17bf94409996574f9ba3f9f9bcca81a,generated,9,10,False,8,0.05740645822655049,20,8
gemma12_r128_ku500_bt,gemma12_r128_ku500_bt,scientific-ku-backtranslation-search-20261010,fresh-arxiv-1599088,58f078a12f10e6eba8435223b8ee0c993df214f88798aae8c48750f71666a202,generated,9,10,False,11,0.05367647058823529,12,12
gemma12_r128_ku500_bt,gemma12_r128_ku500_bt,scientific-ku-backtranslation-search-20261010,fresh-arxiv-1599094,3f0f749365b45fbd1d9c3e2b1403c5416db6eae6d607388eb54cb3e3bf5bb327,generated,6,10,False,15,0.1427810335641982,6,15
gemma12_r128_ku500_bt,gemma12_r128_ku500_bt,scientific-ku-backtranslation-search-20261010,fresh-bethgelab-298315,116a736e368e08c1fea55e05b6701ca0b7493b0c6a0e2130f1066eb721937b67,generated,9,10,False,10,0.05970149253731343,18,18
gemma12_r128_ku500_bt,gemma12_r128_ku500_bt,scientific-ku-backtranslation-search-20261010,fresh-bethgelab-298313,0690496cadbcb6cfdb982f88313524335dc9619a9664096a9e8ebdb7c12b9f6f,generated,9,10,False,16,0.09994568169473113,11,16
gemma12_r128_ku500_bt,gemma12_r128_ku500_bt,scientific-ku-backtranslation-search-20261010,fresh-bethgelab-298331,b7eff773bb1f99e0ec70566688feff4ba5a0189784a14a115bf01994215833e7,generated,9,10,False,18,0.11359333585762968,23,23
gemma12_r128_ku500_bt,gemma12_r128_ku500_bt,scientific-ku-backtranslation-search-20261010,fresh-bethgelab-298348,1772fcc1ab95270aa7cf556121f9d9e8e7a51faef3daa49b9cbd014cc6bc888f,generated,6,10,False,19,0.05901486988847584,19,19
gemma12_r128_ku500_bt,gemma12_r128_ku500_bt,scientific-ku-backtranslation-search-20261010,fresh-bethgelab-298329,e82317ccc5846282768ba3aa221a3efe2a39e3ea8ba3aa388558fb0aa33b3272,generated,9,10,False,12,0.06928746928746929,12,12
gemma12_r128_ku500_bt,gemma12_r128_ku500_bt,scientific-ku-backtranslation-search-20261010,fresh-bethgelab-298328,153354fcb49dd95b0e53ee11e566e3844966d1decf81ab6546bed01a16b7dc60,generated,10,10,False,9,0.06356073211314475,10,9
gemma12_r128_ku500_bt,gemma12_r128_ku500_bt,scientific-ku-backtranslation-search-20261010,fresh-bethgelab-298314,3b0b1bc4a2a9d3ec44f9bf4c807085458ce2ab6c4f2643d11352e39b84de334e,generated,9,10,False,35,0.11583659764969222,8,35
gemma12_r128_ku500_bt,gemma12_r128_ku500_bt,scientific-ku-backtranslation-search-20261010,fresh-bethgelab-298338,267e702fba238cba07248dd05079384a69ef77c7ffc0f75f670dbbb9a2980c30,generated,9,10,False,20,0.04943357363542739,17,20
gemma12_r128_ku500_bt,gemma12_r128_ku500_bt,scientific-ku-backtranslation-search-20261010,fresh-bethgelab-298346,1e1f2ac3d1cc9101be937c5fc899581b9a9a3042a1ffcfd6b35966b74280a758,generated,9,10,False,25,0.10876623376623376,11,25
gemma12_r128_ku500_bt,gemma12_r128_ku500_bt,scientific-ku-backtranslation-search-20261010,fresh-bethgelab-298333,47abc6ae797ba27368959af8acda4b50cbed1f93b28a6b5b52aa16aee02ab783,generated,9,10,False,11,0.0758505298382599,16,11
gemma12_r128_ku1000_bt,gemma12_r128_ku1000_bt,scientific-ku-backtranslation-search-20261010,fresh-arxiv-1599059,978fab3d0eab3ab39b2d03c4ed801eb64741b9abd4c2f231e188fb5dbc5a6dd0,generated,9,10,False,9,0.08796296296296297,11,11
gemma12_r128_ku1000_bt,gemma12_r128_ku1000_bt,scientific-ku-backtranslation-search-20261010,fresh-arxiv-1599067,037114a3d9cc82c9a07232e13f93afd9b946895215cbf9ad2aed2ef6fe9f5203,generated,8,10,False,14,0.07906458797327394,13,14
gemma12_r128_ku1000_bt,gemma12_r128_ku1000_bt,scientific-ku-backtranslation-search-20261010,fresh-arxiv-1599052,d7a126611c83d5c6d3bc74ac21a6f61cba909d8ccefc316e9e0fc40a29c9ce80,generated,7,10,False,8,0.049927641099855286,22,8
gemma12_r128_ku1000_bt,gemma12_r128_ku1000_bt,scientific-ku-backtranslation-search-20261010,fresh-arxiv-1599053,4d9cb93b33594d618cf1543b060021e491b2411de270ae615a02b7428f2f8ebd,generated,9,10,False,14,0.07107438016528926,16,14
gemma12_r128_ku1000_bt,gemma12_r128_ku1000_bt,scientific-ku-backtranslation-search-20261010,fresh-arxiv-1599072,69607792a05b1ebb4f5f0a55c42fde76ec004efcb944fc6e10c5af5623ddd3e8,generated,7,10,False,9,0.03125,8,9
gemma12_r128_ku1000_bt,gemma12_r128_ku1000_bt,scientific-ku-backtranslation-search-20261010,fresh-arxiv-1599097,d858b9bb0f49718b1e23994be451cb0129e05ec36ce46832a09e0a44ac091fc1,generated,6,10,False,13,0.06506849315068493,6,13
gemma12_r128_ku1000_bt,gemma12_r128_ku1000_bt,scientific-ku-backtranslation-search-20261010,fresh-arxiv-1599063,ccda26e9fdd23bb0e76e9584c75aef889c087aeed4f55be03958369447ce8e1e,generated,8,10,True,5,0.0,10,10
gemma12_r128_ku1000_bt,gemma12_r128_ku1000_bt,scientific-ku-backtranslation-search-20261010,fresh-arxiv-1599075,2bdae8148a7101b61f43705f3711cf34f17bf94409996574f9ba3f9f9bcca81a,generated,8,10,False,12,0.07359705611775529,20,12
gemma12_r128_ku1000_bt,gemma12_r128_ku1000_bt,scientific-ku-backtranslation-search-20261010,fresh-arxiv-1599088,58f078a12f10e6eba8435223b8ee0c993df214f88798aae8c48750f71666a202,generated,9,10,False,9,0.04357798165137615,12,12
gemma12_r128_ku1000_bt,gemma12_r128_ku1000_bt,scientific-ku-backtranslation-search-20261010,fresh-arxiv-1599094,3f0f749365b45fbd1d9c3e2b1403c5416db6eae6d607388eb54cb3e3bf5bb327,generated,7,10,False,15,0.1665174574753805,6,15
gemma12_r128_ku1000_bt,gemma12_r128_ku1000_bt,scientific-ku-backtranslation-search-20261010,fresh-bethgelab-298315,116a736e368e08c1fea55e05b6701ca0b7493b0c6a0e2130f1066eb721937b67,generated,9,10,False,11,0.05179282868525897,18,18
gemma12_r128_ku1000_bt,gemma12_r128_ku1000_bt,scientific-ku-backtranslation-search-20261010,fresh-bethgelab-298313,0690496cadbcb6cfdb982f88313524335dc9619a9664096a9e8ebdb7c12b9f6f,generated,10,10,False,11,0.05147864184008762,11,11
gemma12_r128_ku1000_bt,gemma12_r128_ku1000_bt,scientific-ku-backtranslation-search-20261010,fresh-bethgelab-298331,b7eff773bb1f99e0ec70566688feff4ba5a0189784a14a115bf01994215833e7,generated,9,10,False,18,0.09357798165137615,23,18
gemma12_r128_ku1000_bt,gemma12_r128_ku1000_bt,scientific-ku-backtranslation-search-20261010,fresh-bethgelab-298348,1772fcc1ab95270aa7cf556121f9d9e8e7a51faef3daa49b9cbd014cc6bc888f,generated,7,10,False,19,0.0892226148409894,19,19
gemma12_r128_ku1000_bt,gemma12_r128_ku1000_bt,scientific-ku-backtranslation-search-20261010,fresh-bethgelab-298329,e82317ccc5846282768ba3aa221a3efe2a39e3ea8ba3aa388558fb0aa33b3272,generated,9,10,False,12,0.03182827535159141,12,12
gemma12_r128_ku1000_bt,gemma12_r128_ku1000_bt,scientific-ku-backtranslation-search-20261010,fresh-bethgelab-298328,153354fcb49dd95b0e53ee11e566e3844966d1decf81ab6546bed01a16b7dc60,generated,9,10,False,12,0.06332288401253919,10,12
gemma12_r128_ku1000_bt,gemma12_r128_ku1000_bt,scientific-ku-backtranslation-search-20261010,fresh-bethgelab-298314,3b0b1bc4a2a9d3ec44f9bf4c807085458ce2ab6c4f2643d11352e39b84de334e,generated,10,10,False,37,0.1431175934366454,8,37
gemma12_r128_ku1000_bt,gemma12_r128_ku1000_bt,scientific-ku-backtranslation-search-20261010,fresh-bethgelab-298338,267e702fba238cba07248dd05079384a69ef77c7ffc0f75f670dbbb9a2980c30,generated,8,10,False,11,0.06384976525821597,17,17
gemma12_r128_ku1000_bt,gemma12_r128_ku1000_bt,scientific-ku-backtranslation-search-20261010,fresh-bethgelab-298346,1e1f2ac3d1cc9101be937c5fc899581b9a9a3042a1ffcfd6b35966b74280a758,generated,10,10,False,7,0.07804878048780488,11,11
gemma12_r128_ku1000_bt,gemma12_r128_ku1000_bt,scientific-ku-backtranslation-search-20261010,fresh-bethgelab-298333,47abc6ae797ba27368959af8acda4b50cbed1f93b28a6b5b52aa16aee02ab783,generated,9,10,False,35,0.089058524173028,16,35
gemma12_r128_ku500_full_greedy,gemma12_r128_ku500_full_greedy,scientific-ku-backtranslation-search-20261010,fresh-arxiv-1599059,978fab3d0eab3ab39b2d03c4ed801eb64741b9abd4c2f231e188fb5dbc5a6dd0,generated,10,10,False,12,0.06413124533929904,11,12
gemma12_r128_ku500_full_greedy,gemma12_r128_ku500_full_greedy,scientific-ku-backtranslation-search-20261010,fresh-arxiv-1599067,037114a3d9cc82c9a07232e13f93afd9b946895215cbf9ad2aed2ef6fe9f5203,generated,8,10,False,14,0.054901960784313725,13,14
gemma12_r128_ku500_full_greedy,gemma12_r128_ku500_full_greedy,scientific-ku-backtranslation-search-20261010,fresh-arxiv-1599052,d7a126611c83d5c6d3bc74ac21a6f61cba909d8ccefc316e9e0fc40a29c9ce80,generated,9,10,False,13,0.053249475890985325,22,22
gemma12_r128_ku500_full_greedy,gemma12_r128_ku500_full_greedy,scientific-ku-backtranslation-search-20261010,fresh-arxiv-1599053,4d9cb93b33594d618cf1543b060021e491b2411de270ae615a02b7428f2f8ebd,generated,9,10,False,11,0.016882386043894203,16,11
gemma12_r128_ku500_full_greedy,gemma12_r128_ku500_full_greedy,scientific-ku-backtranslation-search-20261010,fresh-arxiv-1599072,69607792a05b1ebb4f5f0a55c42fde76ec004efcb944fc6e10c5af5623ddd3e8,generated,10,10,False,7,0.03028467595396729,8,7
gemma12_r128_ku500_full_greedy,gemma12_r128_ku500_full_greedy,scientific-ku-backtranslation-search-20261010,fresh-arxiv-1599097,d858b9bb0f49718b1e23994be451cb0129e05ec36ce46832a09e0a44ac091fc1,generated,9,10,False,10,0.051694178974804515,13,13
gemma12_r128_ku500_full_greedy,gemma12_r128_ku500_full_greedy,scientific-ku-backtranslation-search-20261010,fresh-arxiv-1599063,ccda26e9fdd23bb0e76e9584c75aef889c087aeed4f55be03958369447ce8e1e,generated,9,10,False,17,0.03981264637002342,10,17
gemma12_r128_ku500_full_greedy,gemma12_r128_ku500_full_greedy,scientific-ku-backtranslation-search-20261010,fresh-arxiv-1599075,2bdae8148a7101b61f43705f3711cf34f17bf94409996574f9ba3f9f9bcca81a,generated,9,10,False,8,0.05056179775280899,20,8
gemma12_r128_ku500_full_greedy,gemma12_r128_ku500_full_greedy,scientific-ku-backtranslation-search-20261010,fresh-arxiv-1599088,58f078a12f10e6eba8435223b8ee0c993df214f88798aae8c48750f71666a202,generated,8,10,False,9,0.03574033552151714,12,12
gemma12_r128_ku500_full_greedy,gemma12_r128_ku500_full_greedy,scientific-ku-backtranslation-search-20261010,fresh-arxiv-1599094,3f0f749365b45fbd1d9c3e2b1403c5416db6eae6d607388eb54cb3e3bf5bb327,generated,6,10,False,15,0.1427810335641982,6,15
gemma12_r128_ku500_full_greedy,gemma12_r128_ku500_full_greedy,scientific-ku-backtranslation-search-20261010,fresh-bethgelab-298315,116a736e368e08c1fea55e05b6701ca0b7493b0c6a0e2130f1066eb721937b67,generated,9,10,False,8,0.038176638176638175,18,18
gemma12_r128_ku500_full_greedy,gemma12_r128_ku500_full_greedy,scientific-ku-backtranslation-search-20261010,fresh-bethgelab-298313,0690496cadbcb6cfdb982f88313524335dc9619a9664096a9e8ebdb7c12b9f6f,generated,9,10,False,16,0.057328285559762035,11,16
gemma12_r128_ku500_full_greedy,gemma12_r128_ku500_full_greedy,scientific-ku-backtranslation-search-20261010,fresh-bethgelab-298331,b7eff773bb1f99e0ec70566688feff4ba5a0189784a14a115bf01994215833e7,generated,9,10,False,18,0.08865514650638617,23,23
gemma12_r128_ku500_full_greedy,gemma12_r128_ku500_full_greedy,scientific-ku-backtranslation-search-20261010,fresh-bethgelab-298348,1772fcc1ab95270aa7cf556121f9d9e8e7a51faef3daa49b9cbd014cc6bc888f,generated,7,10,False,19,0.0522181146025878,19,19
gemma12_r128_ku500_full_greedy,gemma12_r128_ku500_full_greedy,scientific-ku-backtranslation-search-20261010,fresh-bethgelab-298329,e82317ccc5846282768ba3aa221a3efe2a39e3ea8ba3aa388558fb0aa33b3272,generated,8,10,False,12,0.04514563106796116,12,12
gemma12_r128_ku500_full_greedy,gemma12_r128_ku500_full_greedy,scientific-ku-backtranslation-search-20261010,fresh-bethgelab-298328,153354fcb49dd95b0e53ee11e566e3844966d1decf81ab6546bed01a16b7dc60,generated,10,10,False,9,0.03948241539482415,10,9
gemma12_r128_ku500_full_greedy,gemma12_r128_ku500_full_greedy,scientific-ku-backtranslation-search-20261010,fresh-bethgelab-298314,3b0b1bc4a2a9d3ec44f9bf4c807085458ce2ab6c4f2643d11352e39b84de334e,generated,9,10,False,35,0.105,8,35
gemma12_r128_ku500_full_greedy,gemma12_r128_ku500_full_greedy,scientific-ku-backtranslation-search-20261010,fresh-bethgelab-298338,267e702fba238cba07248dd05079384a69ef77c7ffc0f75f670dbbb9a2980c30,generated,9,10,False,10,0.035246727089627394,17,17
gemma12_r128_ku500_full_greedy,gemma12_r128_ku500_full_greedy,scientific-ku-backtranslation-search-20261010,fresh-bethgelab-298346,1e1f2ac3d1cc9101be937c5fc899581b9a9a3042a1ffcfd6b35966b74280a758,generated,9,10,False,25,0.0583596214511041,11,25
gemma12_r128_ku500_full_greedy,gemma12_r128_ku500_full_greedy,scientific-ku-backtranslation-search-20261010,fresh-bethgelab-298333,47abc6ae797ba27368959af8acda4b50cbed1f93b28a6b5b52aa16aee02ab783,generated,10,10,False,11,0.06529017857142858,16,11
gemma12_r128_ku1000_full_greedy,gemma12_r128_ku1000_full_greedy,scientific-ku-backtranslation-search-20261010,fresh-arxiv-1599059,978fab3d0eab3ab39b2d03c4ed801eb64741b9abd4c2f231e188fb5dbc5a6dd0,generated,9,10,False,9,0.05324074074074074,11,11
gemma12_r128_ku1000_full_greedy,gemma12_r128_ku1000_full_greedy,scientific-ku-backtranslation-search-20261010,fresh-arxiv-1599067,037114a3d9cc82c9a07232e13f93afd9b946895215cbf9ad2aed2ef6fe9f5203,generated,8,10,False,14,0.06589147286821706,13,14
gemma12_r128_ku1000_full_greedy,gemma12_r128_ku1000_full_greedy,scientific-ku-backtranslation-search-20261010,fresh-arxiv-1599052,d7a126611c83d5c6d3bc74ac21a6f61cba909d8ccefc316e9e0fc40a29c9ce80,generated,7,10,False,8,0.045389048991354465,22,8
gemma12_r128_ku1000_full_greedy,gemma12_r128_ku1000_full_greedy,scientific-ku-backtranslation-search-20261010,fresh-arxiv-1599053,4d9cb93b33594d618cf1543b060021e491b2411de270ae615a02b7428f2f8ebd,generated,9,10,False,14,0.07107438016528926,16,14
gemma12_r128_ku1000_full_greedy,gemma12_r128_ku1000_full_greedy,scientific-ku-backtranslation-search-20261010,fresh-arxiv-1599072,69607792a05b1ebb4f5f0a55c42fde76ec004efcb944fc6e10c5af5623ddd3e8,generated,8,10,False,9,0.03125,8,9
gemma12_r128_ku1000_full_greedy,gemma12_r128_ku1000_full_greedy,scientific-ku-backtranslation-search-20261010,fresh-arxiv-1599097,d858b9bb0f49718b1e23994be451cb0129e05ec36ce46832a09e0a44ac091fc1,generated,6,10,False,8,0.05140507196710076,6,8
gemma12_r128_ku1000_full_greedy,gemma12_r128_ku1000_full_greedy,scientific-ku-backtranslation-search-20261010,fresh-arxiv-1599063,ccda26e9fdd23bb0e76e9584c75aef889c087aeed4f55be03958369447ce8e1e,generated,8,10,True,5,0.0,10,10
gemma12_r128_ku1000_full_greedy,gemma12_r128_ku1000_full_greedy,scientific-ku-backtranslation-search-20261010,fresh-arxiv-1599075,2bdae8148a7101b61f43705f3711cf34f17bf94409996574f9ba3f9f9bcca81a,generated,7,10,False,12,0.05427782888684453,20,12
gemma12_r128_ku1000_full_greedy,gemma12_r128_ku1000_full_greedy,scientific-ku-backtranslation-search-20261010,fresh-arxiv-1599088,58f078a12f10e6eba8435223b8ee0c993df214f88798aae8c48750f71666a202,generated,9,10,False,9,0.035227272727272725,12,12
gemma12_r128_ku1000_full_greedy,gemma12_r128_ku1000_full_greedy,scientific-ku-backtranslation-search-20261010,fresh-arxiv-1599094,3f0f749365b45fbd1d9c3e2b1403c5416db6eae6d607388eb54cb3e3bf5bb327,generated,7,10,False,15,0.1665174574753805,6,15
gemma12_r128_ku1000_full_greedy,gemma12_r128_ku1000_full_greedy,scientific-ku-backtranslation-search-20261010,fresh-bethgelab-298315,116a736e368e08c1fea55e05b6701ca0b7493b0c6a0e2130f1066eb721937b67,generated,9,10,False,6,0.005917159763313609,18,18
gemma12_r128_ku1000_full_greedy,gemma12_r128_ku1000_full_greedy,scientific-ku-backtranslation-search-20261010,fresh-bethgelab-298313,0690496cadbcb6cfdb982f88313524335dc9619a9664096a9e8ebdb7c12b9f6f,generated,10,10,False,11,0.033953997809419496,11,11
gemma12_r128_ku1000_full_greedy,gemma12_r128_ku1000_full_greedy,scientific-ku-backtranslation-search-20261010,fresh-bethgelab-298331,b7eff773bb1f99e0ec70566688feff4ba5a0189784a14a115bf01994215833e7,generated,8,10,False,18,0.07236842105263158,23,18
gemma12_r128_ku1000_full_greedy,gemma12_r128_ku1000_full_greedy,scientific-ku-backtranslation-search-20261010,fresh-bethgelab-298348,1772fcc1ab95270aa7cf556121f9d9e8e7a51faef3daa49b9cbd014cc6bc888f,generated,7,10,False,19,0.06408094435075885,19,19
gemma12_r128_ku1000_full_greedy,gemma12_r128_ku1000_full_greedy,scientific-ku-backtranslation-search-20261010,fresh-bethgelab-298329,e82317ccc5846282768ba3aa221a3efe2a39e3ea8ba3aa388558fb0aa33b3272,generated,9,10,False,12,0.01696165191740413,12,12
gemma12_r128_ku1000_full_greedy,gemma12_r128_ku1000_full_greedy,scientific-ku-backtranslation-search-20261010,fresh-bethgelab-298328,153354fcb49dd95b0e53ee11e566e3844966d1decf81ab6546bed01a16b7dc60,generated,9,10,False,12,0.0361145703611457,10,12
gemma12_r128_ku1000_full_greedy,gemma12_r128_ku1000_full_greedy,scientific-ku-backtranslation-search-20261010,fresh-bethgelab-298314,3b0b1bc4a2a9d3ec44f9bf4c807085458ce2ab6c4f2643d11352e39b84de334e,generated,10,10,False,37,0.11322463768115942,8,37
gemma12_r128_ku1000_full_greedy,gemma12_r128_ku1000_full_greedy,scientific-ku-backtranslation-search-20261010,fresh-bethgelab-298338,267e702fba238cba07248dd05079384a69ef77c7ffc0f75f670dbbb9a2980c30,generated,8,10,False,11,0.05722326454033771,17,17
gemma12_r128_ku1000_full_greedy,gemma12_r128_ku1000_full_greedy,scientific-ku-backtranslation-search-20261010,fresh-bethgelab-298346,1e1f2ac3d1cc9101be937c5fc899581b9a9a3042a1ffcfd6b35966b74280a758,generated,10,10,False,7,0.05573248407643312,11,11
gemma12_r128_ku1000_full_greedy,gemma12_r128_ku1000_full_greedy,scientific-ku-backtranslation-search-20261010,fresh-bethgelab-298333,47abc6ae797ba27368959af8acda4b50cbed1f93b28a6b5b52aa16aee02ab783,generated,9,10,False,35,0.077834179357022,16,35
gemma12_r128_ku500_sample035,gemma12_r128_ku500_sample035,scientific-ku-backtranslation-search-20261010,fresh-arxiv-1599059,978fab3d0eab3ab39b2d03c4ed801eb64741b9abd4c2f231e188fb5dbc5a6dd0,generated,10,10,False,12,0.05724907063197026,11,12
gemma12_r128_ku500_sample035,gemma12_r128_ku500_sample035,scientific-ku-backtranslation-search-20261010,fresh-arxiv-1599067,037114a3d9cc82c9a07232e13f93afd9b946895215cbf9ad2aed2ef6fe9f5203,generated,8,10,False,14,0.049448594806118816,13,14
gemma12_r128_ku500_sample035,gemma12_r128_ku500_sample035,scientific-ku-backtranslation-search-20261010,fresh-arxiv-1599052,d7a126611c83d5c6d3bc74ac21a6f61cba909d8ccefc316e9e0fc40a29c9ce80,generated,9,10,False,13,0.0497907949790795,22,22
gemma12_r128_ku500_sample035,gemma12_r128_ku500_sample035,scientific-ku-backtranslation-search-20261010,fresh-arxiv-1599053,4d9cb93b33594d618cf1543b060021e491b2411de270ae615a02b7428f2f8ebd,generated,9,10,False,11,0.024746906636670417,16,11
gemma12_r128_ku500_sample035,gemma12_r128_ku500_sample035,scientific-ku-backtranslation-search-20261010,fresh-arxiv-1599072,69607792a05b1ebb4f5f0a55c42fde76ec004efcb944fc6e10c5af5623ddd3e8,generated,10,10,False,6,0.02164762477450391,8,6
gemma12_r128_ku500_sample035,gemma12_r128_ku500_sample035,scientific-ku-backtranslation-search-20261010,fresh-arxiv-1599097,d858b9bb0f49718b1e23994be451cb0129e05ec36ce46832a09e0a44ac091fc1,generated,10,10,False,10,0.04660278745644599,13,13
gemma12_r128_ku500_sample035,gemma12_r128_ku500_sample035,scientific-ku-backtranslation-search-20261010,fresh-arxiv-1599063,ccda26e9fdd23bb0e76e9584c75aef889c087aeed4f55be03958369447ce8e1e,generated,9,10,False,17,0.03981264637002342,10,17
gemma12_r128_ku500_sample035,gemma12_r128_ku500_sample035,scientific-ku-backtranslation-search-20261010,fresh-arxiv-1599075,2bdae8148a7101b61f43705f3711cf34f17bf94409996574f9ba3f9f9bcca81a,generated,9,10,False,8,0.04752171691364333,20,8
gemma12_r128_ku500_sample035,gemma12_r128_ku500_sample035,scientific-ku-backtranslation-search-20261010,fresh-arxiv-1599088,58f078a12f10e6eba8435223b8ee0c993df214f88798aae8c48750f71666a202,generated,8,10,False,9,0.03587115666178624,12,12
gemma12_r128_ku500_sample035,gemma12_r128_ku500_sample035,scientific-ku-backtranslation-search-20261010,fresh-arxiv-1599094,3f0f749365b45fbd1d9c3e2b1403c5416db6eae6d607388eb54cb3e3bf5bb327,generated,6,10,False,15,0.13694267515923567,6,15
gemma12_r128_ku500_sample035,gemma12_r128_ku500_sample035,scientific-ku-backtranslation-search-20261010,fresh-bethgelab-298315,116a736e368e08c1fea55e05b6701ca0b7493b0c6a0e2130f1066eb721937b67,generated,9,10,False,8,0.03064699205448354,18,18
gemma12_r128_ku500_sample035,gemma12_r128_ku500_sample035,scientific-ku-backtranslation-search-20261010,fresh-bethgelab-298313,0690496cadbcb6cfdb982f88313524335dc9619a9664096a9e8ebdb7c12b9f6f,generated,9,10,False,15,0.04954227248249865,11,15
gemma12_r128_ku500_sample035,gemma12_r128_ku500_sample035,scientific-ku-backtranslation-search-20261010,fresh-bethgelab-298331,b7eff773bb1f99e0ec70566688feff4ba5a0189784a14a115bf01994215833e7,generated,9,10,False,18,0.06811377245508982,23,23
gemma12_r128_ku500_sample035,gemma12_r128_ku500_sample035,scientific-ku-backtranslation-search-20261010,fresh-bethgelab-298348,1772fcc1ab95270aa7cf556121f9d9e8e7a51faef3daa49b9cbd014cc6bc888f,generated,7,10,False,19,0.04568527918781726,19,19
gemma12_r128_ku500_sample035,gemma12_r128_ku500_sample035,scientific-ku-backtranslation-search-20261010,fresh-bethgelab-298329,e82317ccc5846282768ba3aa221a3efe2a39e3ea8ba3aa388558fb0aa33b3272,generated,9,10,False,12,0.03491755577109602,12,12
gemma12_r128_ku500_sample035,gemma12_r128_ku500_sample035,scientific-ku-backtranslation-search-20261010,fresh-bethgelab-298328,153354fcb49dd95b0e53ee11e566e3844966d1decf81ab6546bed01a16b7dc60,generated,10,10,False,9,0.03714759535655058,10,9
gemma12_r128_ku500_sample035,gemma12_r128_ku500_sample035,scientific-ku-backtranslation-search-20261010,fresh-bethgelab-298314,3b0b1bc4a2a9d3ec44f9bf4c807085458ce2ab6c4f2643d11352e39b84de334e,generated,9,10,False,35,0.09571508069003895,8,35
gemma12_r128_ku500_sample035,gemma12_r128_ku500_sample035,scientific-ku-backtranslation-search-20261010,fresh-bethgelab-298338,267e702fba238cba07248dd05079384a69ef77c7ffc0f75f670dbbb9a2980c30,generated,9,10,False,10,0.035443037974683546,17,17
gemma12_r128_ku500_sample035,gemma12_r128_ku500_sample035,scientific-ku-backtranslation-search-20261010,fresh-bethgelab-298346,1e1f2ac3d1cc9101be937c5fc899581b9a9a3042a1ffcfd6b35966b74280a758,generated,9,10,False,25,0.053712480252764615,11,25
gemma12_r128_ku500_sample035,gemma12_r128_ku500_sample035,scientific-ku-backtranslation-search-20261010,fresh-bethgelab-298333,47abc6ae797ba27368959af8acda4b50cbed1f93b28a6b5b52aa16aee02ab783,generated,10,10,False,11,0.06521739130434782,16,11
gemma12_r128_ku1000_sample035,gemma12_r128_ku1000_sample035,scientific-ku-backtranslation-search-20261010,fresh-arxiv-1599059,978fab3d0eab3ab39b2d03c4ed801eb64741b9abd4c2f231e188fb5dbc5a6dd0,generated,9,10,False,9,0.05324074074074074,11,11
gemma12_r128_ku1000_sample035,gemma12_r128_ku1000_sample035,scientific-ku-backtranslation-search-20261010,fresh-arxiv-1599067,037114a3d9cc82c9a07232e13f93afd9b946895215cbf9ad2aed2ef6fe9f5203,generated,8,10,False,14,0.057363485934914506,13,14
gemma12_r128_ku1000_sample035,gemma12_r128_ku1000_sample035,scientific-ku-backtranslation-search-20261010,fresh-arxiv-1599052,d7a126611c83d5c6d3bc74ac21a6f61cba909d8ccefc316e9e0fc40a29c9ce80,generated,7,10,False,8,0.040918880114860015,22,8
gemma12_r128_ku1000_sample035,gemma12_r128_ku1000_sample035,scientific-ku-backtranslation-search-20261010,fresh-arxiv-1599053,4d9cb93b33594d618cf1543b060021e491b2411de270ae615a02b7428f2f8ebd,generated,9,10,False,14,0.046052631578947366,16,14
gemma12_r128_ku1000_sample035,gemma12_r128_ku1000_sample035,scientific-ku-backtranslation-search-20261010,fresh-arxiv-1599072,69607792a05b1ebb4f5f0a55c42fde76ec004efcb944fc6e10c5af5623ddd3e8,generated,7,10,False,9,0.03125,8,9
gemma12_r128_ku1000_sample035,gemma12_r128_ku1000_sample035,scientific-ku-backtranslation-search-20261010,fresh-arxiv-1599097,d858b9bb0f49718b1e23994be451cb0129e05ec36ce46832a09e0a44ac091fc1,generated,6,10,False,8,0.038280725319006045,6,8
gemma12_r128_ku1000_sample035,gemma12_r128_ku1000_sample035,scientific-ku-backtranslation-search-20261010,fresh-arxiv-1599063,ccda26e9fdd23bb0e76e9584c75aef889c087aeed4f55be03958369447ce8e1e,generated,8,10,True,5,0.0,10,10
gemma12_r128_ku1000_sample035,gemma12_r128_ku1000_sample035,scientific-ku-backtranslation-search-20261010,fresh-arxiv-1599075,2bdae8148a7101b61f43705f3711cf34f17bf94409996574f9ba3f9f9bcca81a,generated,8,10,False,12,0.05427782888684453,20,12
gemma12_r128_ku1000_sample035,gemma12_r128_ku1000_sample035,scientific-ku-backtranslation-search-20261010,fresh-arxiv-1599088,58f078a12f10e6eba8435223b8ee0c993df214f88798aae8c48750f71666a202,generated,9,10,False,9,0.03542857142857143,12,12
gemma12_r128_ku1000_sample035,gemma12_r128_ku1000_sample035,scientific-ku-backtranslation-search-20261010,fresh-arxiv-1599094,3f0f749365b45fbd1d9c3e2b1403c5416db6eae6d607388eb54cb3e3bf5bb327,generated,6,10,False,15,0.1512981199641898,6,15
gemma12_r128_ku1000_sample035,gemma12_r128_ku1000_sample035,scientific-ku-backtranslation-search-20261010,fresh-bethgelab-298315,116a736e368e08c1fea55e05b6701ca0b7493b0c6a0e2130f1066eb721937b67,generated,9,10,False,6,0.005917159763313609,18,18
gemma12_r128_ku1000_sample035,gemma12_r128_ku1000_sample035,scientific-ku-backtranslation-search-20261010,fresh-bethgelab-298313,0690496cadbcb6cfdb982f88313524335dc9619a9664096a9e8ebdb7c12b9f6f,generated,10,10,False,11,0.033953997809419496,11,11
gemma12_r128_ku1000_sample035,gemma12_r128_ku1000_sample035,scientific-ku-backtranslation-search-20261010,fresh-bethgelab-298331,b7eff773bb1f99e0ec70566688feff4ba5a0189784a14a115bf01994215833e7,generated,9,10,False,18,0.06253722453841572,23,18
gemma12_r128_ku1000_sample035,gemma12_r128_ku1000_sample035,scientific-ku-backtranslation-search-20261010,fresh-bethgelab-298348,1772fcc1ab95270aa7cf556121f9d9e8e7a51faef3daa49b9cbd014cc6bc888f,generated,7,10,False,19,0.07093425605536333,19,19
gemma12_r128_ku1000_sample035,gemma12_r128_ku1000_sample035,scientific-ku-backtranslation-search-20261010,fresh-bethgelab-298329,e82317ccc5846282768ba3aa221a3efe2a39e3ea8ba3aa388558fb0aa33b3272,generated,9,10,False,12,0.01696165191740413,12,12
gemma12_r128_ku1000_sample035,gemma12_r128_ku1000_sample035,scientific-ku-backtranslation-search-20261010,fresh-bethgelab-298328,153354fcb49dd95b0e53ee11e566e3844966d1decf81ab6546bed01a16b7dc60,generated,9,10,False,12,0.031736154324828875,10,12
gemma12_r128_ku1000_sample035,gemma12_r128_ku1000_sample035,scientific-ku-backtranslation-search-20261010,fresh-bethgelab-298314,3b0b1bc4a2a9d3ec44f9bf4c807085458ce2ab6c4f2643d11352e39b84de334e,generated,10,10,False,37,0.10759493670886076,8,37
gemma12_r128_ku1000_sample035,gemma12_r128_ku1000_sample035,scientific-ku-backtranslation-search-20261010,fresh-bethgelab-298338,267e702fba238cba07248dd05079384a69ef77c7ffc0f75f670dbbb9a2980c30,generated,8,10,False,11,0.05722326454033771,17,17
gemma12_r128_ku1000_sample035,gemma12_r128_ku1000_sample035,scientific-ku-backtranslation-search-20261010,fresh-bethgelab-298346,1e1f2ac3d1cc9101be937c5fc899581b9a9a3042a1ffcfd6b35966b74280a758,generated,10,10,False,7,0.05582137161084529,11,11
gemma12_r128_ku1000_sample035,gemma12_r128_ku1000_sample035,scientific-ku-backtranslation-search-20261010,fresh-bethgelab-298333,47abc6ae797ba27368959af8acda4b50cbed1f93b28a6b5b52aa16aee02ab783,generated,9,10,False,35,0.07457627118644068,16,35
gemma12_r128_ku500_sample070,gemma12_r128_ku500_sample070,scientific-ku-backtranslation-search-20261010,fresh-arxiv-1599059,978fab3d0eab3ab39b2d03c4ed801eb64741b9abd4c2f231e188fb5dbc5a6dd0,generated,10,10,False,12,0.03714710252600297,11,12
gemma12_r128_ku500_sample070,gemma12_r128_ku500_sample070,scientific-ku-backtranslation-search-20261010,fresh-arxiv-1599067,037114a3d9cc82c9a07232e13f93afd9b946895215cbf9ad2aed2ef6fe9f5203,generated,9,10,False,14,0.03977272727272727,13,14
gemma12_r128_ku500_sample070,gemma12_r128_ku500_sample070,scientific-ku-backtranslation-search-20261010,fresh-arxiv-1599052,d7a126611c83d5c6d3bc74ac21a6f61cba909d8ccefc316e9e0fc40a29c9ce80,generated,9,10,False,13,0.04676409185803758,22,22
gemma12_r128_ku500_sample070,gemma12_r128_ku500_sample070,scientific-ku-backtranslation-search-20261010,fresh-arxiv-1599053,4d9cb93b33594d618cf1543b060021e491b2411de270ae615a02b7428f2f8ebd,generated,9,10,False,11,0.024760832864378166,16,11
gemma12_r128_ku500_sample070,gemma12_r128_ku500_sample070,scientific-ku-backtranslation-search-20261010,fresh-arxiv-1599072,69607792a05b1ebb4f5f0a55c42fde76ec004efcb944fc6e10c5af5623ddd3e8,generated,10,10,False,7,0.022410660205935795,8,7
gemma12_r128_ku500_sample070,gemma12_r128_ku500_sample070,scientific-ku-backtranslation-search-20261010,fresh-arxiv-1599097,d858b9bb0f49718b1e23994be451cb0129e05ec36ce46832a09e0a44ac091fc1,generated,9,10,False,10,0.04001739886907351,13,13
gemma12_r128_ku500_sample070,gemma12_r128_ku500_sample070,scientific-ku-backtranslation-search-20261010,fresh-arxiv-1599063,ccda26e9fdd23bb0e76e9584c75aef889c087aeed4f55be03958369447ce8e1e,generated,9,10,False,17,0.03507404520654715,10,17
gemma12_r128_ku500_sample070,gemma12_r128_ku500_sample070,scientific-ku-backtranslation-search-20261010,fresh-arxiv-1599075,2bdae8148a7101b61f43705f3711cf34f17bf94409996574f9ba3f9f9bcca81a,generated,9,10,False,8,0.04004054738976178,20,8
gemma12_r128_ku500_sample070,gemma12_r128_ku500_sample070,scientific-ku-backtranslation-search-20261010,fresh-arxiv-1599088,58f078a12f10e6eba8435223b8ee0c993df214f88798aae8c48750f71666a202,generated,7,10,False,9,0.03571428571428571,12,12
gemma12_r128_ku500_sample070,gemma12_r128_ku500_sample070,scientific-ku-backtranslation-search-20261010,fresh-arxiv-1599094,3f0f749365b45fbd1d9c3e2b1403c5416db6eae6d607388eb54cb3e3bf5bb327,generated,6,10,False,15,0.1332979288369623,6,15
gemma12_r128_ku500_sample070,gemma12_r128_ku500_sample070,scientific-ku-backtranslation-search-20261010,fresh-bethgelab-298315,116a736e368e08c1fea55e05b6701ca0b7493b0c6a0e2130f1066eb721937b67,generated,9,10,False,8,0.030612244897959183,18,18
gemma12_r128_ku500_sample070,gemma12_r128_ku500_sample070,scientific-ku-backtranslation-search-20261010,fresh-bethgelab-298313,0690496cadbcb6cfdb982f88313524335dc9619a9664096a9e8ebdb7c12b9f6f,generated,9,10,False,15,0.04938271604938271,11,15
gemma12_r128_ku500_sample070,gemma12_r128_ku500_sample070,scientific-ku-backtranslation-search-20261010,fresh-bethgelab-298331,b7eff773bb1f99e0ec70566688feff4ba5a0189784a14a115bf01994215833e7,generated,9,10,False,18,0.07328072153325817,23,23
gemma12_r128_ku500_sample070,gemma12_r128_ku500_sample070,scientific-ku-backtranslation-search-20261010,fresh-bethgelab-298348,1772fcc1ab95270aa7cf556121f9d9e8e7a51faef3daa49b9cbd014cc6bc888f,generated,7,10,False,9,0.034195933456561925,19,19
gemma12_r128_ku500_sample070,gemma12_r128_ku500_sample070,scientific-ku-backtranslation-search-20261010,fresh-bethgelab-298329,e82317ccc5846282768ba3aa221a3efe2a39e3ea8ba3aa388558fb0aa33b3272,generated,9,10,False,11,0.028971511347175277,12,12
gemma12_r128_ku500_sample070,gemma12_r128_ku500_sample070,scientific-ku-backtranslation-search-20261010,fresh-bethgelab-298328,153354fcb49dd95b0e53ee11e566e3844966d1decf81ab6546bed01a16b7dc60,generated,10,10,False,9,0.030453492221118834,10,9
gemma12_r128_ku500_sample070,gemma12_r128_ku500_sample070,scientific-ku-backtranslation-search-20261010,fresh-bethgelab-298314,3b0b1bc4a2a9d3ec44f9bf4c807085458ce2ab6c4f2643d11352e39b84de334e,generated,9,10,False,35,0.07951408061844285,8,35
gemma12_r128_ku500_sample070,gemma12_r128_ku500_sample070,scientific-ku-backtranslation-search-20261010,fresh-bethgelab-298338,267e702fba238cba07248dd05079384a69ef77c7ffc0f75f670dbbb9a2980c30,generated,9,10,False,10,0.02920443101711984,17,17
gemma12_r128_ku500_sample070,gemma12_r128_ku500_sample070,scientific-ku-backtranslation-search-20261010,fresh-bethgelab-298346,1e1f2ac3d1cc9101be937c5fc899581b9a9a3042a1ffcfd6b35966b74280a758,generated,9,10,False,25,0.043478260869565216,11,25
gemma12_r128_ku500_sample070,gemma12_r128_ku500_sample070,scientific-ku-backtranslation-search-20261010,fresh-bethgelab-298333,47abc6ae797ba27368959af8acda4b50cbed1f93b28a6b5b52aa16aee02ab783,generated,9,10,False,11,0.0509131156613171,16,11
gemma12_r128_ku1000_sample070,gemma12_r128_ku1000_sample070,scientific-ku-backtranslation-search-20261010,fresh-arxiv-1599059,978fab3d0eab3ab39b2d03c4ed801eb64741b9abd4c2f231e188fb5dbc5a6dd0,generated,9,10,False,9,0.028868360277136258,11,11
gemma12_r128_ku1000_sample070,gemma12_r128_ku1000_sample070,scientific-ku-backtranslation-search-20261010,fresh-arxiv-1599067,037114a3d9cc82c9a07232e13f93afd9b946895215cbf9ad2aed2ef6fe9f5203,generated,8,10,False,14,0.05063291139240506,13,14
gemma12_r128_ku1000_sample070,gemma12_r128_ku1000_sample070,scientific-ku-backtranslation-search-20261010,fresh-arxiv-1599052,d7a126611c83d5c6d3bc74ac21a6f61cba909d8ccefc316e9e0fc40a29c9ce80,generated,7,10,False,8,0.03017241379310345,22,8
gemma12_r128_ku1000_sample070,gemma12_r128_ku1000_sample070,scientific-ku-backtranslation-search-20261010,fresh-arxiv-1599053,4d9cb93b33594d618cf1543b060021e491b2411de270ae615a02b7428f2f8ebd,generated,9,10,False,14,0.030502885408079144,16,14
gemma12_r128_ku1000_sample070,gemma12_r128_ku1000_sample070,scientific-ku-backtranslation-search-20261010,fresh-arxiv-1599072,69607792a05b1ebb4f5f0a55c42fde76ec004efcb944fc6e10c5af5623ddd3e8,generated,7,10,False,9,0.03125,8,9
gemma12_r128_ku1000_sample070,gemma12_r128_ku1000_sample070,scientific-ku-backtranslation-search-20261010,fresh-arxiv-1599097,d858b9bb0f49718b1e23994be451cb0129e05ec36ce46832a09e0a44ac091fc1,generated,6,10,False,8,0.033063427800269905,6,8
gemma12_r128_ku1000_sample070,gemma12_r128_ku1000_sample070,scientific-ku-backtranslation-search-20261010,fresh-arxiv-1599063,ccda26e9fdd23bb0e76e9584c75aef889c087aeed4f55be03958369447ce8e1e,generated,8,10,True,5,0.0,10,10
gemma12_r128_ku1000_sample070,gemma12_r128_ku1000_sample070,scientific-ku-backtranslation-search-20261010,fresh-arxiv-1599075,2bdae8148a7101b61f43705f3711cf34f17bf94409996574f9ba3f9f9bcca81a,generated,7,10,False,12,0.04231830726770929,20,12
gemma12_r128_ku1000_sample070,gemma12_r128_ku1000_sample070,scientific-ku-backtranslation-search-20261010,fresh-arxiv-1599088,58f078a12f10e6eba8435223b8ee0c993df214f88798aae8c48750f71666a202,generated,9,10,False,9,0.03530751708428246,12,12
gemma12_r128_ku1000_sample070,gemma12_r128_ku1000_sample070,scientific-ku-backtranslation-search-20261010,fresh-arxiv-1599094,3f0f749365b45fbd1d9c3e2b1403c5416db6eae6d607388eb54cb3e3bf5bb327,generated,6,10,False,15,0.1512981199641898,6,15
gemma12_r128_ku1000_sample070,gemma12_r128_ku1000_sample070,scientific-ku-backtranslation-search-20261010,fresh-bethgelab-298315,116a736e368e08c1fea55e05b6701ca0b7493b0c6a0e2130f1066eb721937b67,generated,9,10,False,6,0.005917159763313609,18,18
gemma12_r128_ku1000_sample070,gemma12_r128_ku1000_sample070,scientific-ku-backtranslation-search-20261010,fresh-bethgelab-298313,0690496cadbcb6cfdb982f88313524335dc9619a9664096a9e8ebdb7c12b9f6f,generated,10,10,False,11,0.033953997809419496,11,11
gemma12_r128_ku1000_sample070,gemma12_r128_ku1000_sample070,scientific-ku-backtranslation-search-20261010,fresh-bethgelab-298331,b7eff773bb1f99e0ec70566688feff4ba5a0189784a14a115bf01994215833e7,generated,8,10,False,18,0.06035502958579882,23,18
gemma12_r128_ku1000_sample070,gemma12_r128_ku1000_sample070,scientific-ku-backtranslation-search-20261010,fresh-bethgelab-298348,1772fcc1ab95270aa7cf556121f9d9e8e7a51faef3daa49b9cbd014cc6bc888f,generated,7,10,False,9,0.0434412265758092,19,9
gemma12_r128_ku1000_sample070,gemma12_r128_ku1000_sample070,scientific-ku-backtranslation-search-20261010,fresh-bethgelab-298329,e82317ccc5846282768ba3aa221a3efe2a39e3ea8ba3aa388558fb0aa33b3272,generated,9,10,False,11,0.008082292432035268,12,12
gemma12_r128_ku1000_sample070,gemma12_r128_ku1000_sample070,scientific-ku-backtranslation-search-20261010,fresh-bethgelab-298328,153354fcb49dd95b0e53ee11e566e3844966d1decf81ab6546bed01a16b7dc60,generated,9,10,False,10,0.027346177750155375,10,10
gemma12_r128_ku1000_sample070,gemma12_r128_ku1000_sample070,scientific-ku-backtranslation-search-20261010,fresh-bethgelab-298314,3b0b1bc4a2a9d3ec44f9bf4c807085458ce2ab6c4f2643d11352e39b84de334e,generated,10,10,False,37,0.07464028776978417,8,37
gemma12_r128_ku1000_sample070,gemma12_r128_ku1000_sample070,scientific-ku-backtranslation-search-20261010,fresh-bethgelab-298338,267e702fba238cba07248dd05079384a69ef77c7ffc0f75f670dbbb9a2980c30,generated,8,10,False,10,0.04677268475210477,17,17
gemma12_r128_ku1000_sample070,gemma12_r128_ku1000_sample070,scientific-ku-backtranslation-search-20261010,fresh-bethgelab-298346,1e1f2ac3d1cc9101be937c5fc899581b9a9a3042a1ffcfd6b35966b74280a758,generated,10,10,False,7,0.05608974358974359,11,11
gemma12_r128_ku1000_sample070,gemma12_r128_ku1000_sample070,scientific-ku-backtranslation-search-20261010,fresh-bethgelab-298333,47abc6ae797ba27368959af8acda4b50cbed1f93b28a6b5b52aa16aee02ab783,generated,9,10,False,35,0.054484492875104776,16,35
gemma12_r128_ku500_chain100,gemma12_r128_ku500_chain100,scientific-ku-backtranslation-search-20261010,fresh-arxiv-1599059,978fab3d0eab3ab39b2d03c4ed801eb64741b9abd4c2f231e188fb5dbc5a6dd0,generated,10,10,False,12,0.04769001490312966,11,12
gemma12_r128_ku500_chain100,gemma12_r128_ku500_chain100,scientific-ku-backtranslation-search-20261010,fresh-arxiv-1599067,037114a3d9cc82c9a07232e13f93afd9b946895215cbf9ad2aed2ef6fe9f5203,generated,8,10,False,14,0.04624688722874422,13,14
gemma12_r128_ku500_chain100,gemma12_r128_ku500_chain100,scientific-ku-backtranslation-search-20261010,fresh-arxiv-1599052,d7a126611c83d5c6d3bc74ac21a6f61cba909d8ccefc316e9e0fc40a29c9ce80,generated,9,10,False,13,0.041353383458646614,22,22
gemma12_r128_ku500_chain100,gemma12_r128_ku500_chain100,scientific-ku-backtranslation-search-20261010,fresh-arxiv-1599053,4d9cb93b33594d618cf1543b060021e491b2411de270ae615a02b7428f2f8ebd,generated,9,10,False,11,0.024788732394366197,16,11
gemma12_r128_ku500_chain100,gemma12_r128_ku500_chain100,scientific-ku-backtranslation-search-20261010,fresh-arxiv-1599072,69607792a05b1ebb4f5f0a55c42fde76ec004efcb944fc6e10c5af5623ddd3e8,generated,10,10,False,8,0.026474127557160047,8,8
gemma12_r128_ku500_chain100,gemma12_r128_ku500_chain100,scientific-ku-backtranslation-search-20261010,fresh-arxiv-1599097,d858b9bb0f49718b1e23994be451cb0129e05ec36ce46832a09e0a44ac091fc1,generated,9,10,False,10,0.045434687636522496,13,13
gemma12_r128_ku500_chain100,gemma12_r128_ku500_chain100,scientific-ku-backtranslation-search-20261010,fresh-arxiv-1599063,ccda26e9fdd23bb0e76e9584c75aef889c087aeed4f55be03958369447ce8e1e,generated,9,10,False,17,0.027993779160186624,10,17
gemma12_r128_ku500_chain100,gemma12_r128_ku500_chain100,scientific-ku-backtranslation-search-20261010,fresh-arxiv-1599075,2bdae8148a7101b61f43705f3711cf34f17bf94409996574f9ba3f9f9bcca81a,generated,9,10,False,8,0.0426179604261796,20,8
gemma12_r128_ku500_chain100,gemma12_r128_ku500_chain100,scientific-ku-backtranslation-search-20261010,fresh-arxiv-1599088,58f078a12f10e6eba8435223b8ee0c993df214f88798aae8c48750f71666a202,generated,8,10,False,9,0.03076923076923077,12,12
gemma12_r128_ku500_chain100,gemma12_r128_ku500_chain100,scientific-ku-backtranslation-search-20261010,fresh-arxiv-1599094,3f0f749365b45fbd1d9c3e2b1403c5416db6eae6d607388eb54cb3e3bf5bb327,generated,6,10,False,15,0.1332979288369623,6,15
gemma12_r128_ku500_chain100,gemma12_r128_ku500_chain100,scientific-ku-backtranslation-search-20261010,fresh-bethgelab-298315,116a736e368e08c1fea55e05b6701ca0b7493b0c6a0e2130f1066eb721937b67,generated,9,10,False,8,0.030629608621667612,18,18
gemma12_r128_ku500_chain100,gemma12_r128_ku500_chain100,scientific-ku-backtranslation-search-20261010,fresh-bethgelab-298313,0690496cadbcb6cfdb982f88313524335dc9619a9664096a9e8ebdb7c12b9f6f,generated,9,10,False,16,0.04508856682769726,11,16
gemma12_r128_ku500_chain100,gemma12_r128_ku500_chain100,scientific-ku-backtranslation-search-20261010,fresh-bethgelab-298331,b7eff773bb1f99e0ec70566688feff4ba5a0189784a14a115bf01994215833e7,generated,9,10,False,11,0.06488691138301816,23,23
gemma12_r128_ku500_chain100,gemma12_r128_ku500_chain100,scientific-ku-backtranslation-search-20261010,fresh-bethgelab-298348,1772fcc1ab95270aa7cf556121f9d9e8e7a51faef3daa49b9cbd014cc6bc888f,generated,6,10,False,19,0.025956284153005466,19,19
gemma12_r128_ku500_chain100,gemma12_r128_ku500_chain100,scientific-ku-backtranslation-search-20261010,fresh-bethgelab-298329,e82317ccc5846282768ba3aa221a3efe2a39e3ea8ba3aa388558fb0aa33b3272,generated,8,10,False,12,0.04134241245136187,12,12
gemma12_r128_ku500_chain100,gemma12_r128_ku500_chain100,scientific-ku-backtranslation-search-20261010,fresh-bethgelab-298328,153354fcb49dd95b0e53ee11e566e3844966d1decf81ab6546bed01a16b7dc60,generated,9,10,False,9,0.03744201457919152,10,9
gemma12_r128_ku500_chain100,gemma12_r128_ku500_chain100,scientific-ku-backtranslation-search-20261010,fresh-bethgelab-298314,3b0b1bc4a2a9d3ec44f9bf4c807085458ce2ab6c4f2643d11352e39b84de334e,generated,9,10,False,35,0.09060955518945635,8,35
gemma12_r128_ku500_chain100,gemma12_r128_ku500_chain100,scientific-ku-backtranslation-search-20261010,fresh-bethgelab-298338,267e702fba238cba07248dd05079384a69ef77c7ffc0f75f670dbbb9a2980c30,generated,9,10,False,20,0.043010752688172046,17,20
gemma12_r128_ku500_chain100,gemma12_r128_ku500_chain100,scientific-ku-backtranslation-search-20261010,fresh-bethgelab-298346,1e1f2ac3d1cc9101be937c5fc899581b9a9a3042a1ffcfd6b35966b74280a758,generated,9,10,False,25,0.03767660910518053,11,25
gemma12_r128_ku500_chain100,gemma12_r128_ku500_chain100,scientific-ku-backtranslation-search-20261010,fresh-bethgelab-298333,47abc6ae797ba27368959af8acda4b50cbed1f93b28a6b5b52aa16aee02ab783,generated,10,10,False,11,0.04936217415418746,16,11
gemma12_r128_ku1000_chain100,gemma12_r128_ku1000_chain100,scientific-ku-backtranslation-search-20261010,fresh-arxiv-1599059,978fab3d0eab3ab39b2d03c4ed801eb64741b9abd4c2f231e188fb5dbc5a6dd0,generated,9,10,False,8,0.009142857142857144,11,11
gemma12_r128_ku1000_chain100,gemma12_r128_ku1000_chain100,scientific-ku-backtranslation-search-20261010,fresh-arxiv-1599067,037114a3d9cc82c9a07232e13f93afd9b946895215cbf9ad2aed2ef6fe9f5203,generated,8,10,False,14,0.059602649006622516,13,14
gemma12_r128_ku1000_chain100,gemma12_r128_ku1000_chain100,scientific-ku-backtranslation-search-20261010,fresh-arxiv-1599052,d7a126611c83d5c6d3bc74ac21a6f61cba909d8ccefc316e9e0fc40a29c9ce80,generated,7,10,False,8,0.03012912482065997,22,8
gemma12_r128_ku1000_chain100,gemma12_r128_ku1000_chain100,scientific-ku-backtranslation-search-20261010,fresh-arxiv-1599053,4d9cb93b33594d618cf1543b060021e491b2411de270ae615a02b7428f2f8ebd,generated,9,10,False,14,0.05550952775476388,16,14
gemma12_r128_ku1000_chain100,gemma12_r128_ku1000_chain100,scientific-ku-backtranslation-search-20261010,fresh-arxiv-1599072,69607792a05b1ebb4f5f0a55c42fde76ec004efcb944fc6e10c5af5623ddd3e8,generated,7,10,False,9,0.03125,8,9
gemma12_r128_ku1000_chain100,gemma12_r128_ku1000_chain100,scientific-ku-backtranslation-search-20261010,fresh-arxiv-1599097,d858b9bb0f49718b1e23994be451cb0129e05ec36ce46832a09e0a44ac091fc1,generated,6,10,False,8,0.03221384509938314,6,8
gemma12_r128_ku1000_chain100,gemma12_r128_ku1000_chain100,scientific-ku-backtranslation-search-20261010,fresh-arxiv-1599063,ccda26e9fdd23bb0e76e9584c75aef889c087aeed4f55be03958369447ce8e1e,generated,8,10,True,5,0.0,10,10
gemma12_r128_ku1000_chain100,gemma12_r128_ku1000_chain100,scientific-ku-backtranslation-search-20261010,fresh-arxiv-1599075,2bdae8148a7101b61f43705f3711cf34f17bf94409996574f9ba3f9f9bcca81a,generated,8,10,False,12,0.05427782888684453,20,12
gemma12_r128_ku1000_chain100,gemma12_r128_ku1000_chain100,scientific-ku-backtranslation-search-20261010,fresh-arxiv-1599088,58f078a12f10e6eba8435223b8ee0c993df214f88798aae8c48750f71666a202,generated,9,10,False,9,0.03555045871559633,12,12
gemma12_r128_ku1000_chain100,gemma12_r128_ku1000_chain100,scientific-ku-backtranslation-search-20261010,fresh-arxiv-1599094,3f0f749365b45fbd1d9c3e2b1403c5416db6eae6d607388eb54cb3e3bf5bb327,generated,6,10,False,15,0.1511627906976744,6,15
gemma12_r128_ku1000_chain100,gemma12_r128_ku1000_chain100,scientific-ku-backtranslation-search-20261010,fresh-bethgelab-298315,116a736e368e08c1fea55e05b6701ca0b7493b0c6a0e2130f1066eb721937b67,generated,9,10,True,5,0.0,18,18
gemma12_r128_ku1000_chain100,gemma12_r128_ku1000_chain100,scientific-ku-backtranslation-search-20261010,fresh-bethgelab-298313,0690496cadbcb6cfdb982f88313524335dc9619a9664096a9e8ebdb7c12b9f6f,generated,10,10,False,11,0.033953997809419496,11,11
gemma12_r128_ku1000_chain100,gemma12_r128_ku1000_chain100,scientific-ku-backtranslation-search-20261010,fresh-bethgelab-298331,b7eff773bb1f99e0ec70566688feff4ba5a0189784a14a115bf01994215833e7,generated,8,10,False,11,0.052349791790600834,23,11
gemma12_r128_ku1000_chain100,gemma12_r128_ku1000_chain100,scientific-ku-backtranslation-search-20261010,fresh-bethgelab-298348,1772fcc1ab95270aa7cf556121f9d9e8e7a51faef3daa49b9cbd014cc6bc888f,generated,8,10,False,19,0.052719665271966525,19,19
gemma12_r128_ku1000_chain100,gemma12_r128_ku1000_chain100,scientific-ku-backtranslation-search-20261010,fresh-bethgelab-298329,e82317ccc5846282768ba3aa221a3efe2a39e3ea8ba3aa388558fb0aa33b3272,generated,9,10,False,12,0.016999260901699925,12,12
gemma12_r128_ku1000_chain100,gemma12_r128_ku1000_chain100,scientific-ku-backtranslation-search-20261010,fresh-bethgelab-298328,153354fcb49dd95b0e53ee11e566e3844966d1decf81ab6546bed01a16b7dc60,generated,9,10,False,12,0.025371287128712873,10,12
gemma12_r128_ku1000_chain100,gemma12_r128_ku1000_chain100,scientific-ku-backtranslation-search-20261010,fresh-bethgelab-298314,3b0b1bc4a2a9d3ec44f9bf4c807085458ce2ab6c4f2643d11352e39b84de334e,generated,9,10,False,37,0.08597285067873303,8,37
gemma12_r128_ku1000_chain100,gemma12_r128_ku1000_chain100,scientific-ku-backtranslation-search-20261010,fresh-bethgelab-298338,267e702fba238cba07248dd05079384a69ef77c7ffc0f75f670dbbb9a2980c30,generated,8,10,False,10,0.041121495327102804,17,17
gemma12_r128_ku1000_chain100,gemma12_r128_ku1000_chain100,scientific-ku-backtranslation-search-20261010,fresh-bethgelab-298346,1e1f2ac3d1cc9101be937c5fc899581b9a9a3042a1ffcfd6b35966b74280a758,generated,10,10,False,7,0.05582137161084529,11,11
gemma12_r128_ku1000_chain100,gemma12_r128_ku1000_chain100,scientific-ku-backtranslation-search-20261010,fresh-bethgelab-298333,47abc6ae797ba27368959af8acda4b50cbed1f93b28a6b5b52aa16aee02ab783,generated,9,10,False,35,0.06846999154691462,16,35
gemma12_r128_ku500_union,gemma12_r128_ku500_union,scientific-ku-backtranslation-search-20261010,fresh-arxiv-1599059,978fab3d0eab3ab39b2d03c4ed801eb64741b9abd4c2f231e188fb5dbc5a6dd0,generated,10,10,False,12,0.03714710252600297,11,12
gemma12_r128_ku500_union,gemma12_r128_ku500_union,scientific-ku-backtranslation-search-20261010,fresh-arxiv-1599067,037114a3d9cc82c9a07232e13f93afd9b946895215cbf9ad2aed2ef6fe9f5203,generated,8,10,False,14,0.03554923569143263,13,14
gemma12_r128_ku500_union,gemma12_r128_ku500_union,scientific-ku-backtranslation-search-20261010,fresh-arxiv-1599052,d7a126611c83d5c6d3bc74ac21a6f61cba909d8ccefc316e9e0fc40a29c9ce80,generated,9,10,False,13,0.038317367763431906,22,22
gemma12_r128_ku500_union,gemma12_r128_ku500_union,scientific-ku-backtranslation-search-20261010,fresh-arxiv-1599053,4d9cb93b33594d618cf1543b060021e491b2411de270ae615a02b7428f2f8ebd,generated,9,10,False,11,0.016882386043894203,16,11
gemma12_r128_ku500_union,gemma12_r128_ku500_union,scientific-ku-backtranslation-search-20261010,fresh-arxiv-1599072,69607792a05b1ebb4f5f0a55c42fde76ec004efcb944fc6e10c5af5623ddd3e8,generated,10,10,False,6,0.014405762304921969,8,6
gemma12_r128_ku500_union,gemma12_r128_ku500_union,scientific-ku-backtranslation-search-20261010,fresh-arxiv-1599097,d858b9bb0f49718b1e23994be451cb0129e05ec36ce46832a09e0a44ac091fc1,generated,9,10,False,10,0.03686036426712923,13,13
gemma12_r128_ku500_union,gemma12_r128_ku500_union,scientific-ku-backtranslation-search-20261010,fresh-arxiv-1599063,ccda26e9fdd23bb0e76e9584c75aef889c087aeed4f55be03958369447ce8e1e,generated,9,10,False,17,0.023291925465838508,10,17
gemma12_r128_ku500_union,gemma12_r128_ku500_union,scientific-ku-backtranslation-search-20261010,fresh-arxiv-1599075,2bdae8148a7101b61f43705f3711cf34f17bf94409996574f9ba3f9f9bcca81a,generated,9,10,False,8,0.03224181360201511,20,8
gemma12_r128_ku500_union,gemma12_r128_ku500_union,scientific-ku-backtranslation-search-20261010,fresh-arxiv-1599088,58f078a12f10e6eba8435223b8ee0c993df214f88798aae8c48750f71666a202,generated,8,10,False,9,0.03056768558951965,12,12
gemma12_r128_ku500_union,gemma12_r128_ku500_union,scientific-ku-backtranslation-search-20261010,fresh-arxiv-1599094,3f0f749365b45fbd1d9c3e2b1403c5416db6eae6d607388eb54cb3e3bf5bb327,generated,6,10,False,15,0.1332979288369623,6,15
gemma12_r128_ku500_union,gemma12_r128_ku500_union,scientific-ku-backtranslation-search-20261010,fresh-bethgelab-298315,116a736e368e08c1fea55e05b6701ca0b7493b0c6a0e2130f1066eb721937b67,generated,9,10,False,8,0.030629608621667612,18,18
gemma12_r128_ku500_union,gemma12_r128_ku500_union,scientific-ku-backtranslation-search-20261010,fresh-bethgelab-298313,0690496cadbcb6cfdb982f88313524335dc9619a9664096a9e8ebdb7c12b9f6f,generated,9,10,False,15,0.03636363636363636,11,15
gemma12_r128_ku500_union,gemma12_r128_ku500_union,scientific-ku-backtranslation-search-20261010,fresh-bethgelab-298331,b7eff773bb1f99e0ec70566688feff4ba5a0189784a14a115bf01994215833e7,generated,9,10,False,11,0.056112969156447416,23,23
gemma12_r128_ku500_union,gemma12_r128_ku500_union,scientific-ku-backtranslation-search-20261010,fresh-bethgelab-298348,1772fcc1ab95270aa7cf556121f9d9e8e7a51faef3daa49b9cbd014cc6bc888f,generated,6,10,False,9,0.01731996353691887,19,19
gemma12_r128_ku500_union,gemma12_r128_ku500_union,scientific-ku-backtranslation-search-20261010,fresh-bethgelab-298329,e82317ccc5846282768ba3aa221a3efe2a39e3ea8ba3aa388558fb0aa33b3272,generated,9,10,False,11,0.029055690072639227,12,12
gemma12_r128_ku500_union,gemma12_r128_ku500_union,scientific-ku-backtranslation-search-20261010,fresh-bethgelab-298328,153354fcb49dd95b0e53ee11e566e3844966d1decf81ab6546bed01a16b7dc60,generated,9,10,False,9,0.030433344359907376,10,9
gemma12_r128_ku500_union,gemma12_r128_ku500_union,scientific-ku-backtranslation-search-20261010,fresh-bethgelab-298314,3b0b1bc4a2a9d3ec44f9bf4c807085458ce2ab6c4f2643d11352e39b84de334e,generated,9,10,False,35,0.07549234135667396,8,35
gemma12_r128_ku500_union,gemma12_r128_ku500_union,scientific-ku-backtranslation-search-20261010,fresh-bethgelab-298338,267e702fba238cba07248dd05079384a69ef77c7ffc0f75f670dbbb9a2980c30,generated,9,10,False,10,0.0291897332662305,17,17
gemma12_r128_ku500_union,gemma12_r128_ku500_union,scientific-ku-backtranslation-search-20261010,fresh-bethgelab-298346,1e1f2ac3d1cc9101be937c5fc899581b9a9a3042a1ffcfd6b35966b74280a758,generated,9,10,False,25,0.037884767166535126,11,25
gemma12_r128_ku500_union,gemma12_r128_ku500_union,scientific-ku-backtranslation-search-20261010,fresh-bethgelab-298333,47abc6ae797ba27368959af8acda4b50cbed1f93b28a6b5b52aa16aee02ab783,generated,9,10,False,11,0.04434589800443459,16,11
gemma12_r128_ku1000_union,gemma12_r128_ku1000_union,scientific-ku-backtranslation-search-20261010,fresh-arxiv-1599059,978fab3d0eab3ab39b2d03c4ed801eb64741b9abd4c2f231e188fb5dbc5a6dd0,generated,9,10,False,8,0.009142857142857144,11,11
gemma12_r128_ku1000_union,gemma12_r128_ku1000_union,scientific-ku-backtranslation-search-20261010,fresh-arxiv-1599067,037114a3d9cc82c9a07232e13f93afd9b946895215cbf9ad2aed2ef6fe9f5203,generated,8,10,False,14,0.046703296703296704,13,14
gemma12_r128_ku1000_union,gemma12_r128_ku1000_union,scientific-ku-backtranslation-search-20261010,fresh-arxiv-1599052,d7a126611c83d5c6d3bc74ac21a6f61cba909d8ccefc316e9e0fc40a29c9ce80,generated,7,10,False,8,0.024982155603140613,22,8
gemma12_r128_ku1000_union,gemma12_r128_ku1000_union,scientific-ku-backtranslation-search-20261010,fresh-arxiv-1599053,4d9cb93b33594d618cf1543b060021e491b2411de270ae615a02b7428f2f8ebd,generated,9,10,False,14,0.030502885408079144,16,14
gemma12_r128_ku1000_union,gemma12_r128_ku1000_union,scientific-ku-backtranslation-search-20261010,fresh-arxiv-1599072,69607792a05b1ebb4f5f0a55c42fde76ec004efcb944fc6e10c5af5623ddd3e8,generated,7,10,False,9,0.03125,8,9
gemma12_r128_ku1000_union,gemma12_r128_ku1000_union,scientific-ku-backtranslation-search-20261010,fresh-arxiv-1599097,d858b9bb0f49718b1e23994be451cb0129e05ec36ce46832a09e0a44ac091fc1,generated,6,10,False,8,0.02350570852921424,6,8
gemma12_r128_ku1000_union,gemma12_r128_ku1000_union,scientific-ku-backtranslation-search-20261010,fresh-arxiv-1599063,ccda26e9fdd23bb0e76e9584c75aef889c087aeed4f55be03958369447ce8e1e,generated,8,10,True,5,0.0,10,10
gemma12_r128_ku1000_union,gemma12_r128_ku1000_union,scientific-ku-backtranslation-search-20261010,fresh-arxiv-1599075,2bdae8148a7101b61f43705f3711cf34f17bf94409996574f9ba3f9f9bcca81a,generated,8,10,False,12,0.04231830726770929,20,12
gemma12_r128_ku1000_union,gemma12_r128_ku1000_union,scientific-ku-backtranslation-search-20261010,fresh-arxiv-1599088,58f078a12f10e6eba8435223b8ee0c993df214f88798aae8c48750f71666a202,generated,9,10,False,9,0.03530751708428246,12,12
gemma12_r128_ku1000_union,gemma12_r128_ku1000_union,scientific-ku-backtranslation-search-20261010,fresh-arxiv-1599094,3f0f749365b45fbd1d9c3e2b1403c5416db6eae6d607388eb54cb3e3bf5bb327,generated,6,10,False,15,0.1512981199641898,6,15
gemma12_r128_ku1000_union,gemma12_r128_ku1000_union,scientific-ku-backtranslation-search-20261010,fresh-bethgelab-298315,116a736e368e08c1fea55e05b6701ca0b7493b0c6a0e2130f1066eb721937b67,generated,9,10,True,5,0.0,18,18
gemma12_r128_ku1000_union,gemma12_r128_ku1000_union,scientific-ku-backtranslation-search-20261010,fresh-bethgelab-298313,0690496cadbcb6cfdb982f88313524335dc9619a9664096a9e8ebdb7c12b9f6f,generated,10,10,False,11,0.03399122807017544,11,11
gemma12_r128_ku1000_union,gemma12_r128_ku1000_union,scientific-ku-backtranslation-search-20261010,fresh-bethgelab-298331,b7eff773bb1f99e0ec70566688feff4ba5a0189784a14a115bf01994215833e7,generated,8,10,False,11,0.03664921465968586,23,11
gemma12_r128_ku1000_union,gemma12_r128_ku1000_union,scientific-ku-backtranslation-search-20261010,fresh-bethgelab-298348,1772fcc1ab95270aa7cf556121f9d9e8e7a51faef3daa49b9cbd014cc6bc888f,generated,8,10,False,9,0.037574722459436376,19,9
gemma12_r128_ku1000_union,gemma12_r128_ku1000_union,scientific-ku-backtranslation-search-20261010,fresh-bethgelab-298329,e82317ccc5846282768ba3aa221a3efe2a39e3ea8ba3aa388558fb0aa33b3272,generated,9,10,False,11,0.008088235294117648,12,12
gemma12_r128_ku1000_union,gemma12_r128_ku1000_union,scientific-ku-backtranslation-search-20261010,fresh-bethgelab-298328,153354fcb49dd95b0e53ee11e566e3844966d1decf81ab6546bed01a16b7dc60,generated,9,10,False,7,0.01668726823238566,10,7
gemma12_r128_ku1000_union,gemma12_r128_ku1000_union,scientific-ku-backtranslation-search-20261010,fresh-bethgelab-298314,3b0b1bc4a2a9d3ec44f9bf4c807085458ce2ab6c4f2643d11352e39b84de334e,generated,10,10,False,37,0.07477477477477477,8,37
gemma12_r128_ku1000_union,gemma12_r128_ku1000_union,scientific-ku-backtranslation-search-20261010,fresh-bethgelab-298338,267e702fba238cba07248dd05079384a69ef77c7ffc0f75f670dbbb9a2980c30,generated,8,10,False,10,0.041121495327102804,17,17
gemma12_r128_ku1000_union,gemma12_r128_ku1000_union,scientific-ku-backtranslation-search-20261010,fresh-bethgelab-298346,1e1f2ac3d1cc9101be937c5fc899581b9a9a3042a1ffcfd6b35966b74280a758,generated,10,10,False,7,0.05608974358974359,11,11
gemma12_r128_ku1000_union,gemma12_r128_ku1000_union,scientific-ku-backtranslation-search-20261010,fresh-bethgelab-298333,47abc6ae797ba27368959af8acda4b50cbed1f93b28a6b5b52aa16aee02ab783,generated,9,10,False,35,0.05443886097152429,16,35
gemma12_r128_ku500_hybrid,gemma12_r128_ku500_hybrid,scientific-ku-backtranslation-search-20261010,fresh-arxiv-1599059,978fab3d0eab3ab39b2d03c4ed801eb64741b9abd4c2f231e188fb5dbc5a6dd0,generated,10,10,False,9,0.022321428571428572,11,11
gemma12_r128_ku500_hybrid,gemma12_r128_ku500_hybrid,scientific-ku-backtranslation-search-20261010,fresh-arxiv-1599067,037114a3d9cc82c9a07232e13f93afd9b946895215cbf9ad2aed2ef6fe9f5203,generated,9,10,False,8,0.00809289232934553,13,13
gemma12_r128_ku500_hybrid,gemma12_r128_ku500_hybrid,scientific-ku-backtranslation-search-20261010,fresh-arxiv-1599052,d7a126611c83d5c6d3bc74ac21a6f61cba909d8ccefc316e9e0fc40a29c9ce80,generated,9,10,False,10,0.014166666666666666,22,22
gemma12_r128_ku500_hybrid,gemma12_r128_ku500_hybrid,scientific-ku-backtranslation-search-20261010,fresh-arxiv-1599053,4d9cb93b33594d618cf1543b060021e491b2411de270ae615a02b7428f2f8ebd,generated,9,10,False,11,0.010129431626336522,16,11
gemma12_r128_ku500_hybrid,gemma12_r128_ku500_hybrid,scientific-ku-backtranslation-search-20261010,fresh-arxiv-1599072,69607792a05b1ebb4f5f0a55c42fde76ec004efcb944fc6e10c5af5623ddd3e8,generated,10,10,False,6,0.00718132854578097,8,6
gemma12_r128_ku500_hybrid,gemma12_r128_ku500_hybrid,scientific-ku-backtranslation-search-20261010,fresh-arxiv-1599097,d858b9bb0f49718b1e23994be451cb0129e05ec36ce46832a09e0a44ac091fc1,generated,9,10,False,7,0.01468048359240069,13,13
gemma12_r128_ku500_hybrid,gemma12_r128_ku500_hybrid,scientific-ku-backtranslation-search-20261010,fresh-arxiv-1599063,ccda26e9fdd23bb0e76e9584c75aef889c087aeed4f55be03958369447ce8e1e,generated,9,10,False,17,0.01938610662358643,10,17
gemma12_r128_ku500_hybrid,gemma12_r128_ku500_hybrid,scientific-ku-backtranslation-search-20261010,fresh-arxiv-1599075,2bdae8148a7101b61f43705f3711cf34f17bf94409996574f9ba3f9f9bcca81a,generated,9,10,False,8,0.010983524712930605,20,8
gemma12_r128_ku500_hybrid,gemma12_r128_ku500_hybrid,scientific-ku-backtranslation-search-20261010,fresh-arxiv-1599088,58f078a12f10e6eba8435223b8ee0c993df214f88798aae8c48750f71666a202,generated,8,10,False,8,0.01012292118582791,12,12
gemma12_r128_ku500_hybrid,gemma12_r128_ku500_hybrid,scientific-ku-backtranslation-search-20261010,fresh-arxiv-1599094,3f0f749365b45fbd1d9c3e2b1403c5416db6eae6d607388eb54cb3e3bf5bb327,generated,6,10,False,11,0.07970244420828905,6,11
gemma12_r128_ku500_hybrid,gemma12_r128_ku500_hybrid,scientific-ku-backtranslation-search-20261010,fresh-bethgelab-298315,116a736e368e08c1fea55e05b6701ca0b7493b0c6a0e2130f1066eb721937b67,generated,9,10,False,7,0.014156285390713477,18,18
gemma12_r128_ku500_hybrid,gemma12_r128_ku500_hybrid,scientific-ku-backtranslation-search-20261010,fresh-bethgelab-298313,0690496cadbcb6cfdb982f88313524335dc9619a9664096a9e8ebdb7c12b9f6f,generated,9,10,False,11,0.005863539445628998,11,11
gemma12_r128_ku500_hybrid,gemma12_r128_ku500_hybrid,scientific-ku-backtranslation-search-20261010,fresh-bethgelab-298331,b7eff773bb1f99e0ec70566688feff4ba5a0189784a14a115bf01994215833e7,generated,9,10,False,11,0.02629601803155522,23,23
gemma12_r128_ku500_hybrid,gemma12_r128_ku500_hybrid,scientific-ku-backtranslation-search-20261010,fresh-bethgelab-298348,1772fcc1ab95270aa7cf556121f9d9e8e7a51faef3daa49b9cbd014cc6bc888f,generated,7,10,False,6,0.00272975432211101,19,19
gemma12_r128_ku500_hybrid,gemma12_r128_ku500_hybrid,scientific-ku-backtranslation-search-20261010,fresh-bethgelab-298329,e82317ccc5846282768ba3aa221a3efe2a39e3ea8ba3aa388558fb0aa33b3272,generated,9,10,False,11,0.025690741638390694,12,12
gemma12_r128_ku500_hybrid,gemma12_r128_ku500_hybrid,scientific-ku-backtranslation-search-20261010,fresh-bethgelab-298328,153354fcb49dd95b0e53ee11e566e3844966d1decf81ab6546bed01a16b7dc60,generated,9,10,False,7,0.010557571758495546,10,7
gemma12_r128_ku500_hybrid,gemma12_r128_ku500_hybrid,scientific-ku-backtranslation-search-20261010,fresh-bethgelab-298314,3b0b1bc4a2a9d3ec44f9bf4c807085458ce2ab6c4f2643d11352e39b84de334e,generated,9,10,False,8,0.019522776572668113,8,8
gemma12_r128_ku500_hybrid,gemma12_r128_ku500_hybrid,scientific-ku-backtranslation-search-20261010,fresh-bethgelab-298338,267e702fba238cba07248dd05079384a69ef77c7ffc0f75f670dbbb9a2980c30,generated,9,10,True,5,0.0,17,17
gemma12_r128_ku500_hybrid,gemma12_r128_ku500_hybrid,scientific-ku-backtranslation-search-20261010,fresh-bethgelab-298346,1e1f2ac3d1cc9101be937c5fc899581b9a9a3042a1ffcfd6b35966b74280a758,generated,9,10,False,6,0.004765687053216839,11,11
gemma12_r128_ku500_hybrid,gemma12_r128_ku500_hybrid,scientific-ku-backtranslation-search-20261010,fresh-bethgelab-298333,47abc6ae797ba27368959af8acda4b50cbed1f93b28a6b5b52aa16aee02ab783,generated,9,10,False,11,0.018191841234840134,16,11
gemma12_r128_ku1000_hybrid,gemma12_r128_ku1000_hybrid,scientific-ku-backtranslation-search-20261010,fresh-arxiv-1599059,978fab3d0eab3ab39b2d03c4ed801eb64741b9abd4c2f231e188fb5dbc5a6dd0,generated,9,10,True,5,0.0,11,11
gemma12_r128_ku1000_hybrid,gemma12_r128_ku1000_hybrid,scientific-ku-backtranslation-search-20261010,fresh-arxiv-1599067,037114a3d9cc82c9a07232e13f93afd9b946895215cbf9ad2aed2ef6fe9f5203,generated,8,10,False,8,0.016893732970027248,13,13
gemma12_r128_ku1000_hybrid,gemma12_r128_ku1000_hybrid,scientific-ku-backtranslation-search-20261010,fresh-arxiv-1599052,d7a126611c83d5c6d3bc74ac21a6f61cba909d8ccefc316e9e0fc40a29c9ce80,generated,7,10,False,6,0.004457652303120356,22,6
gemma12_r128_ku1000_hybrid,gemma12_r128_ku1000_hybrid,scientific-ku-backtranslation-search-20261010,fresh-arxiv-1599053,4d9cb93b33594d618cf1543b060021e491b2411de270ae615a02b7428f2f8ebd,generated,9,10,True,5,0.0,16,5
gemma12_r128_ku1000_hybrid,gemma12_r128_ku1000_hybrid,scientific-ku-backtranslation-search-20261010,fresh-arxiv-1599072,69607792a05b1ebb4f5f0a55c42fde76ec004efcb944fc6e10c5af5623ddd3e8,generated,8,10,True,5,0.0,8,8
gemma12_r128_ku1000_hybrid,gemma12_r128_ku1000_hybrid,scientific-ku-backtranslation-search-20261010,fresh-arxiv-1599097,d858b9bb0f49718b1e23994be451cb0129e05ec36ce46832a09e0a44ac091fc1,generated,6,10,True,5,0.0,6,6
gemma12_r128_ku1000_hybrid,gemma12_r128_ku1000_hybrid,scientific-ku-backtranslation-search-20261010,fresh-arxiv-1599063,ccda26e9fdd23bb0e76e9584c75aef889c087aeed4f55be03958369447ce8e1e,generated,8,10,True,5,0.0,10,10
gemma12_r128_ku1000_hybrid,gemma12_r128_ku1000_hybrid,scientific-ku-backtranslation-search-20261010,fresh-arxiv-1599075,2bdae8148a7101b61f43705f3711cf34f17bf94409996574f9ba3f9f9bcca81a,generated,8,10,False,12,0.024702653247941447,20,12
gemma12_r128_ku1000_hybrid,gemma12_r128_ku1000_hybrid,scientific-ku-backtranslation-search-20261010,fresh-arxiv-1599088,58f078a12f10e6eba8435223b8ee0c993df214f88798aae8c48750f71666a202,generated,9,10,True,5,0.0,12,12
gemma12_r128_ku1000_hybrid,gemma12_r128_ku1000_hybrid,scientific-ku-backtranslation-search-20261010,fresh-arxiv-1599094,3f0f749365b45fbd1d9c3e2b1403c5416db6eae6d607388eb54cb3e3bf5bb327,generated,7,10,False,11,0.07971656333038087,6,11
gemma12_r128_ku1000_hybrid,gemma12_r128_ku1000_hybrid,scientific-ku-backtranslation-search-20261010,fresh-bethgelab-298315,116a736e368e08c1fea55e05b6701ca0b7493b0c6a0e2130f1066eb721937b67,generated,9,10,True,5,0.0,18,18
gemma12_r128_ku1000_hybrid,gemma12_r128_ku1000_hybrid,scientific-ku-backtranslation-search-20261010,fresh-bethgelab-298313,0690496cadbcb6cfdb982f88313524335dc9619a9664096a9e8ebdb7c12b9f6f,generated,10,10,False,11,0.03399122807017544,11,11
gemma12_r128_ku1000_hybrid,gemma12_r128_ku1000_hybrid,scientific-ku-backtranslation-search-20261010,fresh-bethgelab-298331,b7eff773bb1f99e0ec70566688feff4ba5a0189784a14a115bf01994215833e7,generated,9,10,False,8,0.016705069124423964,23,8
gemma12_r128_ku1000_hybrid,gemma12_r128_ku1000_hybrid,scientific-ku-backtranslation-search-20261010,fresh-bethgelab-298348,1772fcc1ab95270aa7cf556121f9d9e8e7a51faef3daa49b9cbd014cc6bc888f,generated,8,10,False,6,0.005097706032285472,19,6
gemma12_r128_ku1000_hybrid,gemma12_r128_ku1000_hybrid,scientific-ku-backtranslation-search-20261010,fresh-bethgelab-298329,e82317ccc5846282768ba3aa221a3efe2a39e3ea8ba3aa388558fb0aa33b3272,generated,9,10,False,11,0.008088235294117648,12,12
gemma12_r128_ku1000_hybrid,gemma12_r128_ku1000_hybrid,scientific-ku-backtranslation-search-20261010,fresh-bethgelab-298328,153354fcb49dd95b0e53ee11e566e3844966d1decf81ab6546bed01a16b7dc60,generated,9,10,False,6,0.0036719706242350062,10,6
gemma12_r128_ku1000_hybrid,gemma12_r128_ku1000_hybrid,scientific-ku-backtranslation-search-20261010,fresh-bethgelab-298314,3b0b1bc4a2a9d3ec44f9bf4c807085458ce2ab6c4f2643d11352e39b84de334e,generated,10,10,False,8,0.019766397124887692,8,8
gemma12_r128_ku1000_hybrid,gemma12_r128_ku1000_hybrid,scientific-ku-backtranslation-search-20261010,fresh-bethgelab-298338,267e702fba238cba07248dd05079384a69ef77c7ffc0f75f670dbbb9a2980c30,generated,8,10,True,5,0.0,17,17
gemma12_r128_ku1000_hybrid,gemma12_r128_ku1000_hybrid,scientific-ku-backtranslation-search-20261010,fresh-bethgelab-298346,1e1f2ac3d1cc9101be937c5fc899581b9a9a3042a1ffcfd6b35966b74280a758,generated,10,10,True,5,0.0,11,11
gemma12_r128_ku1000_hybrid,gemma12_r128_ku1000_hybrid,scientific-ku-backtranslation-search-20261010,fresh-bethgelab-298333,47abc6ae797ba27368959af8acda4b50cbed1f93b28a6b5b52aa16aee02ab783,generated,9,10,False,35,0.048535564853556486,16,35
gemma12_r128_ku500_hybrid080,gemma12_r128_ku500_hybrid080,scientific-ku-backtranslation-search-20261010,fresh-arxiv-1599059,978fab3d0eab3ab39b2d03c4ed801eb64741b9abd4c2f231e188fb5dbc5a6dd0,generated,10,10,False,9,0.022321428571428572,11,11
gemma12_r128_ku500_hybrid080,gemma12_r128_ku500_hybrid080,scientific-ku-backtranslation-search-20261010,fresh-arxiv-1599067,037114a3d9cc82c9a07232e13f93afd9b946895215cbf9ad2aed2ef6fe9f5203,generated,8,10,False,8,0.005625879043600563,13,13
gemma12_r128_ku500_hybrid080,gemma12_r128_ku500_hybrid080,scientific-ku-backtranslation-search-20261010,fresh-arxiv-1599052,d7a126611c83d5c6d3bc74ac21a6f61cba909d8ccefc316e9e0fc40a29c9ce80,generated,9,10,False,10,0.014166666666666666,22,22
gemma12_r128_ku500_hybrid080,gemma12_r128_ku500_hybrid080,scientific-ku-backtranslation-search-20261010,fresh-arxiv-1599053,4d9cb93b33594d618cf1543b060021e491b2411de270ae615a02b7428f2f8ebd,generated,9,10,False,7,0.003937007874015748,16,8
gemma12_r128_ku500_hybrid080,gemma12_r128_ku500_hybrid080,scientific-ku-backtranslation-search-20261010,fresh-arxiv-1599072,69607792a05b1ebb4f5f0a55c42fde76ec004efcb944fc6e10c5af5623ddd3e8,generated,10,10,False,6,0.00718132854578097,8,6
gemma12_r128_ku500_hybrid080,gemma12_r128_ku500_hybrid080,scientific-ku-backtranslation-search-20261010,fresh-arxiv-1599097,d858b9bb0f49718b1e23994be451cb0129e05ec36ce46832a09e0a44ac091fc1,generated,9,10,False,7,0.01468048359240069,13,13
gemma12_r128_ku500_hybrid080,gemma12_r128_ku500_hybrid080,scientific-ku-backtranslation-search-20261010,fresh-arxiv-1599063,ccda26e9fdd23bb0e76e9584c75aef889c087aeed4f55be03958369447ce8e1e,generated,9,10,False,17,0.01938610662358643,10,17
gemma12_r128_ku500_hybrid080,gemma12_r128_ku500_hybrid080,scientific-ku-backtranslation-search-20261010,fresh-arxiv-1599075,2bdae8148a7101b61f43705f3711cf34f17bf94409996574f9ba3f9f9bcca81a,generated,9,10,False,8,0.010983524712930605,20,8
gemma12_r128_ku500_hybrid080,gemma12_r128_ku500_hybrid080,scientific-ku-backtranslation-search-20261010,fresh-arxiv-1599088,58f078a12f10e6eba8435223b8ee0c993df214f88798aae8c48750f71666a202,generated,8,10,False,8,0.01012292118582791,12,12
gemma12_r128_ku500_hybrid080,gemma12_r128_ku500_hybrid080,scientific-ku-backtranslation-search-20261010,fresh-arxiv-1599094,3f0f749365b45fbd1d9c3e2b1403c5416db6eae6d607388eb54cb3e3bf5bb327,generated,7,10,False,11,0.07655502392344497,6,11
gemma12_r128_ku500_hybrid080,gemma12_r128_ku500_hybrid080,scientific-ku-backtranslation-search-20261010,fresh-bethgelab-298315,116a736e368e08c1fea55e05b6701ca0b7493b0c6a0e2130f1066eb721937b67,generated,9,10,False,7,0.014156285390713477,18,18
gemma12_r128_ku500_hybrid080,gemma12_r128_ku500_hybrid080,scientific-ku-backtranslation-search-20261010,fresh-bethgelab-298313,0690496cadbcb6cfdb982f88313524335dc9619a9664096a9e8ebdb7c12b9f6f,generated,9,10,False,11,0.005863539445628998,11,11
gemma12_r128_ku500_hybrid080,gemma12_r128_ku500_hybrid080,scientific-ku-backtranslation-search-20261010,fresh-bethgelab-298331,b7eff773bb1f99e0ec70566688feff4ba5a0189784a14a115bf01994215833e7,generated,9,10,False,11,0.02629601803155522,23,23
gemma12_r128_ku500_hybrid080,gemma12_r128_ku500_hybrid080,scientific-ku-backtranslation-search-20261010,fresh-bethgelab-298348,1772fcc1ab95270aa7cf556121f9d9e8e7a51faef3daa49b9cbd014cc6bc888f,generated,7,10,False,6,0.00272975432211101,19,19
gemma12_r128_ku500_hybrid080,gemma12_r128_ku500_hybrid080,scientific-ku-backtranslation-search-20261010,fresh-bethgelab-298329,e82317ccc5846282768ba3aa221a3efe2a39e3ea8ba3aa388558fb0aa33b3272,generated,9,10,False,11,0.022782355792535142,12,12
gemma12_r128_ku500_hybrid080,gemma12_r128_ku500_hybrid080,scientific-ku-backtranslation-search-20261010,fresh-bethgelab-298328,153354fcb49dd95b0e53ee11e566e3844966d1decf81ab6546bed01a16b7dc60,generated,10,10,False,7,0.010557571758495546,10,7
gemma12_r128_ku500_hybrid080,gemma12_r128_ku500_hybrid080,scientific-ku-backtranslation-search-20261010,fresh-bethgelab-298314,3b0b1bc4a2a9d3ec44f9bf4c807085458ce2ab6c4f2643d11352e39b84de334e,generated,9,10,False,8,0.019522776572668113,8,8
gemma12_r128_ku500_hybrid080,gemma12_r128_ku500_hybrid080,scientific-ku-backtranslation-search-20261010,fresh-bethgelab-298338,267e702fba238cba07248dd05079384a69ef77c7ffc0f75f670dbbb9a2980c30,generated,9,10,True,5,0.0,17,17
gemma12_r128_ku500_hybrid080,gemma12_r128_ku500_hybrid080,scientific-ku-backtranslation-search-20261010,fresh-bethgelab-298346,1e1f2ac3d1cc9101be937c5fc899581b9a9a3042a1ffcfd6b35966b74280a758,generated,9,10,False,6,0.004765687053216839,11,11
gemma12_r128_ku500_hybrid080,gemma12_r128_ku500_hybrid080,scientific-ku-backtranslation-search-20261010,fresh-bethgelab-298333,47abc6ae797ba27368959af8acda4b50cbed1f93b28a6b5b52aa16aee02ab783,generated,9,10,False,11,0.018191841234840134,16,11
gemma12_r128_ku1000_hybrid080,gemma12_r128_ku1000_hybrid080,scientific-ku-backtranslation-search-20261010,fresh-arxiv-1599059,978fab3d0eab3ab39b2d03c4ed801eb64741b9abd4c2f231e188fb5dbc5a6dd0,generated,9,10,True,5,0.0,11,11
gemma12_r128_ku1000_hybrid080,gemma12_r128_ku1000_hybrid080,scientific-ku-backtranslation-search-20261010,fresh-arxiv-1599067,037114a3d9cc82c9a07232e13f93afd9b946895215cbf9ad2aed2ef6fe9f5203,generated,8,10,False,8,0.016893732970027248,13,13
gemma12_r128_ku1000_hybrid080,gemma12_r128_ku1000_hybrid080,scientific-ku-backtranslation-search-20261010,fresh-arxiv-1599052,d7a126611c83d5c6d3bc74ac21a6f61cba909d8ccefc316e9e0fc40a29c9ce80,generated,7,10,False,6,0.004457652303120356,22,6
gemma12_r128_ku1000_hybrid080,gemma12_r128_ku1000_hybrid080,scientific-ku-backtranslation-search-20261010,fresh-arxiv-1599053,4d9cb93b33594d618cf1543b060021e491b2411de270ae615a02b7428f2f8ebd,generated,9,10,True,5,0.0,16,5
gemma12_r128_ku1000_hybrid080,gemma12_r128_ku1000_hybrid080,scientific-ku-backtranslation-search-20261010,fresh-arxiv-1599072,69607792a05b1ebb4f5f0a55c42fde76ec004efcb944fc6e10c5af5623ddd3e8,generated,8,10,True,5,0.0,8,8
gemma12_r128_ku1000_hybrid080,gemma12_r128_ku1000_hybrid080,scientific-ku-backtranslation-search-20261010,fresh-arxiv-1599097,d858b9bb0f49718b1e23994be451cb0129e05ec36ce46832a09e0a44ac091fc1,generated,6,10,True,5,0.0,6,6
gemma12_r128_ku1000_hybrid080,gemma12_r128_ku1000_hybrid080,scientific-ku-backtranslation-search-20261010,fresh-arxiv-1599063,ccda26e9fdd23bb0e76e9584c75aef889c087aeed4f55be03958369447ce8e1e,generated,8,10,True,5,0.0,10,10
gemma12_r128_ku1000_hybrid080,gemma12_r128_ku1000_hybrid080,scientific-ku-backtranslation-search-20261010,fresh-arxiv-1599075,2bdae8148a7101b61f43705f3711cf34f17bf94409996574f9ba3f9f9bcca81a,generated,8,10,False,12,0.024702653247941447,20,12
gemma12_r128_ku1000_hybrid080,gemma12_r128_ku1000_hybrid080,scientific-ku-backtranslation-search-20261010,fresh-arxiv-1599088,58f078a12f10e6eba8435223b8ee0c993df214f88798aae8c48750f71666a202,generated,9,10,True,5,0.0,12,12
gemma12_r128_ku1000_hybrid080,gemma12_r128_ku1000_hybrid080,scientific-ku-backtranslation-search-20261010,fresh-arxiv-1599094,3f0f749365b45fbd1d9c3e2b1403c5416db6eae6d607388eb54cb3e3bf5bb327,generated,7,10,False,11,0.07971656333038087,6,11
gemma12_r128_ku1000_hybrid080,gemma12_r128_ku1000_hybrid080,scientific-ku-backtranslation-search-20261010,fresh-bethgelab-298315,116a736e368e08c1fea55e05b6701ca0b7493b0c6a0e2130f1066eb721937b67,generated,9,10,True,5,0.0,18,18
gemma12_r128_ku1000_hybrid080,gemma12_r128_ku1000_hybrid080,scientific-ku-backtranslation-search-20261010,fresh-bethgelab-298313,0690496cadbcb6cfdb982f88313524335dc9619a9664096a9e8ebdb7c12b9f6f,generated,10,10,False,11,0.03399122807017544,11,11
gemma12_r128_ku1000_hybrid080,gemma12_r128_ku1000_hybrid080,scientific-ku-backtranslation-search-20261010,fresh-bethgelab-298331,b7eff773bb1f99e0ec70566688feff4ba5a0189784a14a115bf01994215833e7,generated,9,10,False,8,0.016705069124423964,23,8
gemma12_r128_ku1000_hybrid080,gemma12_r128_ku1000_hybrid080,scientific-ku-backtranslation-search-20261010,fresh-bethgelab-298348,1772fcc1ab95270aa7cf556121f9d9e8e7a51faef3daa49b9cbd014cc6bc888f,generated,8,10,False,6,0.005097706032285472,19,6
gemma12_r128_ku1000_hybrid080,gemma12_r128_ku1000_hybrid080,scientific-ku-backtranslation-search-20261010,fresh-bethgelab-298329,e82317ccc5846282768ba3aa221a3efe2a39e3ea8ba3aa388558fb0aa33b3272,generated,9,10,False,11,0.008088235294117648,12,12
gemma12_r128_ku1000_hybrid080,gemma12_r128_ku1000_hybrid080,scientific-ku-backtranslation-search-20261010,fresh-bethgelab-298328,153354fcb49dd95b0e53ee11e566e3844966d1decf81ab6546bed01a16b7dc60,generated,9,10,False,6,0.0036719706242350062,10,6
gemma12_r128_ku1000_hybrid080,gemma12_r128_ku1000_hybrid080,scientific-ku-backtranslation-search-20261010,fresh-bethgelab-298314,3b0b1bc4a2a9d3ec44f9bf4c807085458ce2ab6c4f2643d11352e39b84de334e,generated,10,10,False,8,0.019766397124887692,8,8
gemma12_r128_ku1000_hybrid080,gemma12_r128_ku1000_hybrid080,scientific-ku-backtranslation-search-20261010,fresh-bethgelab-298338,267e702fba238cba07248dd05079384a69ef77c7ffc0f75f670dbbb9a2980c30,generated,8,10,True,5,0.0,17,17
gemma12_r128_ku1000_hybrid080,gemma12_r128_ku1000_hybrid080,scientific-ku-backtranslation-search-20261010,fresh-bethgelab-298346,1e1f2ac3d1cc9101be937c5fc899581b9a9a3042a1ffcfd6b35966b74280a758,generated,10,10,True,5,0.0,11,11
gemma12_r128_ku1000_hybrid080,gemma12_r128_ku1000_hybrid080,scientific-ku-backtranslation-search-20261010,fresh-bethgelab-298333,47abc6ae797ba27368959af8acda4b50cbed1f93b28a6b5b52aa16aee02ab783,generated,9,10,False,35,0.048535564853556486,16,35
gemma12_r128_ku500_hybrid070,gemma12_r128_ku500_hybrid070,scientific-ku-backtranslation-search-20261010,fresh-arxiv-1599059,978fab3d0eab3ab39b2d03c4ed801eb64741b9abd4c2f231e188fb5dbc5a6dd0,generated,10,10,False,9,0.022321428571428572,11,11
gemma12_r128_ku500_hybrid070,gemma12_r128_ku500_hybrid070,scientific-ku-backtranslation-search-20261010,fresh-arxiv-1599067,037114a3d9cc82c9a07232e13f93afd9b946895215cbf9ad2aed2ef6fe9f5203,generated,8,10,False,8,0.005625879043600563,13,13
gemma12_r128_ku500_hybrid070,gemma12_r128_ku500_hybrid070,scientific-ku-backtranslation-search-20261010,fresh-arxiv-1599052,d7a126611c83d5c6d3bc74ac21a6f61cba909d8ccefc316e9e0fc40a29c9ce80,generated,9,10,False,10,0.014166666666666666,22,22
gemma12_r128_ku500_hybrid070,gemma12_r128_ku500_hybrid070,scientific-ku-backtranslation-search-20261010,fresh-arxiv-1599053,4d9cb93b33594d618cf1543b060021e491b2411de270ae615a02b7428f2f8ebd,generated,9,10,False,7,0.003937007874015748,16,8
gemma12_r128_ku500_hybrid070,gemma12_r128_ku500_hybrid070,scientific-ku-backtranslation-search-20261010,fresh-arxiv-1599072,69607792a05b1ebb4f5f0a55c42fde76ec004efcb944fc6e10c5af5623ddd3e8,generated,10,10,False,6,0.0035949670461354103,8,6
gemma12_r128_ku500_hybrid070,gemma12_r128_ku500_hybrid070,scientific-ku-backtranslation-search-20261010,fresh-arxiv-1599097,d858b9bb0f49718b1e23994be451cb0129e05ec36ce46832a09e0a44ac091fc1,generated,9,10,False,7,0.01468048359240069,13,13
gemma12_r128_ku500_hybrid070,gemma12_r128_ku500_hybrid070,scientific-ku-backtranslation-search-20261010,fresh-arxiv-1599063,ccda26e9fdd23bb0e76e9584c75aef889c087aeed4f55be03958369447ce8e1e,generated,9,10,False,17,0.01938610662358643,10,17
gemma12_r128_ku500_hybrid070,gemma12_r128_ku500_hybrid070,scientific-ku-backtranslation-search-20261010,fresh-arxiv-1599075,2bdae8148a7101b61f43705f3711cf34f17bf94409996574f9ba3f9f9bcca81a,generated,9,10,False,8,0.010983524712930605,20,8
gemma12_r128_ku500_hybrid070,gemma12_r128_ku500_hybrid070,scientific-ku-backtranslation-search-20261010,fresh-arxiv-1599088,58f078a12f10e6eba8435223b8ee0c993df214f88798aae8c48750f71666a202,generated,8,10,False,8,0.01012292118582791,12,12
gemma12_r128_ku500_hybrid070,gemma12_r128_ku500_hybrid070,scientific-ku-backtranslation-search-20261010,fresh-arxiv-1599094,3f0f749365b45fbd1d9c3e2b1403c5416db6eae6d607388eb54cb3e3bf5bb327,generated,6,10,False,11,0.07655502392344497,6,11
gemma12_r128_ku500_hybrid070,gemma12_r128_ku500_hybrid070,scientific-ku-backtranslation-search-20261010,fresh-bethgelab-298315,116a736e368e08c1fea55e05b6701ca0b7493b0c6a0e2130f1066eb721937b67,generated,9,10,False,6,0.010477299185098952,18,18
gemma12_r128_ku500_hybrid070,gemma12_r128_ku500_hybrid070,scientific-ku-backtranslation-search-20261010,fresh-bethgelab-298313,0690496cadbcb6cfdb982f88313524335dc9619a9664096a9e8ebdb7c12b9f6f,generated,9,10,False,11,0.005863539445628998,11,11
gemma12_r128_ku500_hybrid070,gemma12_r128_ku500_hybrid070,scientific-ku-backtranslation-search-20261010,fresh-bethgelab-298331,b7eff773bb1f99e0ec70566688feff4ba5a0189784a14a115bf01994215833e7,generated,9,10,False,11,0.023273273273273273,23,23
gemma12_r128_ku500_hybrid070,gemma12_r128_ku500_hybrid070,scientific-ku-backtranslation-search-20261010,fresh-bethgelab-298348,1772fcc1ab95270aa7cf556121f9d9e8e7a51faef3daa49b9cbd014cc6bc888f,generated,7,10,False,6,0.00272975432211101,19,19
gemma12_r128_ku500_hybrid070,gemma12_r128_ku500_hybrid070,scientific-ku-backtranslation-search-20261010,fresh-bethgelab-298329,e82317ccc5846282768ba3aa221a3efe2a39e3ea8ba3aa388558fb0aa33b3272,generated,9,10,False,11,0.022782355792535142,12,12
gemma12_r128_ku500_hybrid070,gemma12_r128_ku500_hybrid070,scientific-ku-backtranslation-search-20261010,fresh-bethgelab-298328,153354fcb49dd95b0e53ee11e566e3844966d1decf81ab6546bed01a16b7dc60,generated,9,10,False,7,0.010557571758495546,10,7
gemma12_r128_ku500_hybrid070,gemma12_r128_ku500_hybrid070,scientific-ku-backtranslation-search-20261010,fresh-bethgelab-298314,3b0b1bc4a2a9d3ec44f9bf4c807085458ce2ab6c4f2643d11352e39b84de334e,generated,9,10,False,8,0.019522776572668113,8,8
gemma12_r128_ku500_hybrid070,gemma12_r128_ku500_hybrid070,scientific-ku-backtranslation-search-20261010,fresh-bethgelab-298338,267e702fba238cba07248dd05079384a69ef77c7ffc0f75f670dbbb9a2980c30,generated,9,10,True,5,0.0,17,17
gemma12_r128_ku500_hybrid070,gemma12_r128_ku500_hybrid070,scientific-ku-backtranslation-search-20261010,fresh-bethgelab-298346,1e1f2ac3d1cc9101be937c5fc899581b9a9a3042a1ffcfd6b35966b74280a758,generated,9,10,False,6,0.004765687053216839,11,11
gemma12_r128_ku500_hybrid070,gemma12_r128_ku500_hybrid070,scientific-ku-backtranslation-search-20261010,fresh-bethgelab-298333,47abc6ae797ba27368959af8acda4b50cbed1f93b28a6b5b52aa16aee02ab783,generated,9,10,False,11,0.018191841234840134,16,11
gemma12_r128_ku1000_hybrid070,gemma12_r128_ku1000_hybrid070,scientific-ku-backtranslation-search-20261010,fresh-arxiv-1599059,978fab3d0eab3ab39b2d03c4ed801eb64741b9abd4c2f231e188fb5dbc5a6dd0,generated,9,10,True,5,0.0,11,11
gemma12_r128_ku1000_hybrid070,gemma12_r128_ku1000_hybrid070,scientific-ku-backtranslation-search-20261010,fresh-arxiv-1599067,037114a3d9cc82c9a07232e13f93afd9b946895215cbf9ad2aed2ef6fe9f5203,generated,8,10,False,8,0.016893732970027248,13,13
gemma12_r128_ku1000_hybrid070,gemma12_r128_ku1000_hybrid070,scientific-ku-backtranslation-search-20261010,fresh-arxiv-1599052,d7a126611c83d5c6d3bc74ac21a6f61cba909d8ccefc316e9e0fc40a29c9ce80,generated,7,10,False,6,0.004457652303120356,22,6
gemma12_r128_ku1000_hybrid070,gemma12_r128_ku1000_hybrid070,scientific-ku-backtranslation-search-20261010,fresh-arxiv-1599053,4d9cb93b33594d618cf1543b060021e491b2411de270ae615a02b7428f2f8ebd,generated,9,10,True,5,0.0,16,5
gemma12_r128_ku1000_hybrid070,gemma12_r128_ku1000_hybrid070,scientific-ku-backtranslation-search-20261010,fresh-arxiv-1599072,69607792a05b1ebb4f5f0a55c42fde76ec004efcb944fc6e10c5af5623ddd3e8,generated,8,10,True,5,0.0,8,8
gemma12_r128_ku1000_hybrid070,gemma12_r128_ku1000_hybrid070,scientific-ku-backtranslation-search-20261010,fresh-arxiv-1599097,d858b9bb0f49718b1e23994be451cb0129e05ec36ce46832a09e0a44ac091fc1,generated,6,10,True,5,0.0,6,6
gemma12_r128_ku1000_hybrid070,gemma12_r128_ku1000_hybrid070,scientific-ku-backtranslation-search-20261010,fresh-arxiv-1599063,ccda26e9fdd23bb0e76e9584c75aef889c087aeed4f55be03958369447ce8e1e,generated,8,10,True,5,0.0,10,10
gemma12_r128_ku1000_hybrid070,gemma12_r128_ku1000_hybrid070,scientific-ku-backtranslation-search-20261010,fresh-arxiv-1599075,2bdae8148a7101b61f43705f3711cf34f17bf94409996574f9ba3f9f9bcca81a,generated,8,10,False,12,0.024702653247941447,20,12
gemma12_r128_ku1000_hybrid070,gemma12_r128_ku1000_hybrid070,scientific-ku-backtranslation-search-20261010,fresh-arxiv-1599088,58f078a12f10e6eba8435223b8ee0c993df214f88798aae8c48750f71666a202,generated,9,10,True,5,0.0,12,12
gemma12_r128_ku1000_hybrid070,gemma12_r128_ku1000_hybrid070,scientific-ku-backtranslation-search-20261010,fresh-arxiv-1599094,3f0f749365b45fbd1d9c3e2b1403c5416db6eae6d607388eb54cb3e3bf5bb327,generated,7,10,False,11,0.07971656333038087,6,11
gemma12_r128_ku1000_hybrid070,gemma12_r128_ku1000_hybrid070,scientific-ku-backtranslation-search-20261010,fresh-bethgelab-298315,116a736e368e08c1fea55e05b6701ca0b7493b0c6a0e2130f1066eb721937b67,generated,9,10,True,5,0.0,18,18
gemma12_r128_ku1000_hybrid070,gemma12_r128_ku1000_hybrid070,scientific-ku-backtranslation-search-20261010,fresh-bethgelab-298313,0690496cadbcb6cfdb982f88313524335dc9619a9664096a9e8ebdb7c12b9f6f,generated,10,10,False,11,0.03399122807017544,11,11
gemma12_r128_ku1000_hybrid070,gemma12_r128_ku1000_hybrid070,scientific-ku-backtranslation-search-20261010,fresh-bethgelab-298331,b7eff773bb1f99e0ec70566688feff4ba5a0189784a14a115bf01994215833e7,generated,9,10,False,8,0.016705069124423964,23,8
gemma12_r128_ku1000_hybrid070,gemma12_r128_ku1000_hybrid070,scientific-ku-backtranslation-search-20261010,fresh-bethgelab-298348,1772fcc1ab95270aa7cf556121f9d9e8e7a51faef3daa49b9cbd014cc6bc888f,generated,8,10,False,6,0.005097706032285472,19,6
gemma12_r128_ku1000_hybrid070,gemma12_r128_ku1000_hybrid070,scientific-ku-backtranslation-search-20261010,fresh-bethgelab-298329,e82317ccc5846282768ba3aa221a3efe2a39e3ea8ba3aa388558fb0aa33b3272,generated,9,10,False,11,0.008088235294117648,12,12
gemma12_r128_ku1000_hybrid070,gemma12_r128_ku1000_hybrid070,scientific-ku-backtranslation-search-20261010,fresh-bethgelab-298328,153354fcb49dd95b0e53ee11e566e3844966d1decf81ab6546bed01a16b7dc60,generated,9,10,False,6,0.0036719706242350062,10,6
gemma12_r128_ku1000_hybrid070,gemma12_r128_ku1000_hybrid070,scientific-ku-backtranslation-search-20261010,fresh-bethgelab-298314,3b0b1bc4a2a9d3ec44f9bf4c807085458ce2ab6c4f2643d11352e39b84de334e,generated,9,10,False,8,0.019766397124887692,8,8
gemma12_r128_ku1000_hybrid070,gemma12_r128_ku1000_hybrid070,scientific-ku-backtranslation-search-20261010,fresh-bethgelab-298338,267e702fba238cba07248dd05079384a69ef77c7ffc0f75f670dbbb9a2980c30,generated,8,10,True,5,0.0,17,17
gemma12_r128_ku1000_hybrid070,gemma12_r128_ku1000_hybrid070,scientific-ku-backtranslation-search-20261010,fresh-bethgelab-298346,1e1f2ac3d1cc9101be937c5fc899581b9a9a3042a1ffcfd6b35966b74280a758,generated,10,10,True,5,0.0,11,11
gemma12_r128_ku1000_hybrid070,gemma12_r128_ku1000_hybrid070,scientific-ku-backtranslation-search-20261010,fresh-bethgelab-298333,47abc6ae797ba27368959af8acda4b50cbed1f93b28a6b5b52aa16aee02ab783,generated,9,10,False,35,0.048535564853556486,16,35
gemma12_r128_ku500_union_after_hybrid,gemma12_r128_ku500_union,scientific-ku-backtranslation-search-localedit-20261010,fresh-arxiv-1599059,978fab3d0eab3ab39b2d03c4ed801eb64741b9abd4c2f231e188fb5dbc5a6dd0,generated,10,10,False,9,0.022321428571428572,11,11
gemma12_r128_ku500_union_after_hybrid,gemma12_r128_ku500_union,scientific-ku-backtranslation-search-localedit-20261010,fresh-arxiv-1599067,037114a3d9cc82c9a07232e13f93afd9b946895215cbf9ad2aed2ef6fe9f5203,generated,8,10,False,8,0.00809289232934553,13,13
gemma12_r128_ku500_union_after_hybrid,gemma12_r128_ku500_union,scientific-ku-backtranslation-search-localedit-20261010,fresh-arxiv-1599052,d7a126611c83d5c6d3bc74ac21a6f61cba909d8ccefc316e9e0fc40a29c9ce80,generated,9,10,False,10,0.014166666666666666,22,22
gemma12_r128_ku500_union_after_hybrid,gemma12_r128_ku500_union,scientific-ku-backtranslation-search-localedit-20261010,fresh-arxiv-1599053,4d9cb93b33594d618cf1543b060021e491b2411de270ae615a02b7428f2f8ebd,generated,9,10,False,11,0.010129431626336522,16,11
gemma12_r128_ku500_union_after_hybrid,gemma12_r128_ku500_union,scientific-ku-backtranslation-search-localedit-20261010,fresh-arxiv-1599072,69607792a05b1ebb4f5f0a55c42fde76ec004efcb944fc6e10c5af5623ddd3e8,generated,10,10,False,6,0.00718132854578097,8,6
gemma12_r128_ku500_union_after_hybrid,gemma12_r128_ku500_union,scientific-ku-backtranslation-search-localedit-20261010,fresh-arxiv-1599097,d858b9bb0f49718b1e23994be451cb0129e05ec36ce46832a09e0a44ac091fc1,generated,9,10,False,7,0.01468048359240069,13,13
gemma12_r128_ku500_union_after_hybrid,gemma12_r128_ku500_union,scientific-ku-backtranslation-search-localedit-20261010,fresh-arxiv-1599063,ccda26e9fdd23bb0e76e9584c75aef889c087aeed4f55be03958369447ce8e1e,generated,9,10,False,17,0.01938610662358643,10,17
gemma12_r128_ku500_union_after_hybrid,gemma12_r128_ku500_union,scientific-ku-backtranslation-search-localedit-20261010,fresh-arxiv-1599075,2bdae8148a7101b61f43705f3711cf34f17bf94409996574f9ba3f9f9bcca81a,generated,9,10,False,8,0.010983524712930605,20,8
gemma12_r128_ku500_union_after_hybrid,gemma12_r128_ku500_union,scientific-ku-backtranslation-search-localedit-20261010,fresh-arxiv-1599088,58f078a12f10e6eba8435223b8ee0c993df214f88798aae8c48750f71666a202,generated,8,10,False,8,0.01012292118582791,12,12
gemma12_r128_ku500_union_after_hybrid,gemma12_r128_ku500_union,scientific-ku-backtranslation-search-localedit-20261010,fresh-arxiv-1599094,3f0f749365b45fbd1d9c3e2b1403c5416db6eae6d607388eb54cb3e3bf5bb327,generated,6,10,False,11,0.07970244420828905,6,11
gemma12_r128_ku500_union_after_hybrid,gemma12_r128_ku500_union,scientific-ku-backtranslation-search-localedit-20261010,fresh-bethgelab-298315,116a736e368e08c1fea55e05b6701ca0b7493b0c6a0e2130f1066eb721937b67,generated,9,10,False,7,0.014156285390713477,18,18
gemma12_r128_ku500_union_after_hybrid,gemma12_r128_ku500_union,scientific-ku-backtranslation-search-localedit-20261010,fresh-bethgelab-298313,0690496cadbcb6cfdb982f88313524335dc9619a9664096a9e8ebdb7c12b9f6f,generated,9,10,False,11,0.005863539445628998,11,11
gemma12_r128_ku500_union_after_hybrid,gemma12_r128_ku500_union,scientific-ku-backtranslation-search-localedit-20261010,fresh-bethgelab-298331,b7eff773bb1f99e0ec70566688feff4ba5a0189784a14a115bf01994215833e7,generated,9,10,False,11,0.02629601803155522,23,23
gemma12_r128_ku500_union_after_hybrid,gemma12_r128_ku500_union,scientific-ku-backtranslation-search-localedit-20261010,fresh-bethgelab-298348,1772fcc1ab95270aa7cf556121f9d9e8e7a51faef3daa49b9cbd014cc6bc888f,generated,7,10,False,6,0.00272975432211101,19,19
gemma12_r128_ku500_union_after_hybrid,gemma12_r128_ku500_union,scientific-ku-backtranslation-search-localedit-20261010,fresh-bethgelab-298329,e82317ccc5846282768ba3aa221a3efe2a39e3ea8ba3aa388558fb0aa33b3272,generated,9,10,False,11,0.025690741638390694,12,12
gemma12_r128_ku500_union_after_hybrid,gemma12_r128_ku500_union,scientific-ku-backtranslation-search-localedit-20261010,fresh-bethgelab-298328,153354fcb49dd95b0e53ee11e566e3844966d1decf81ab6546bed01a16b7dc60,generated,9,10,False,7,0.010557571758495546,10,7
gemma12_r128_ku500_union_after_hybrid,gemma12_r128_ku500_union,scientific-ku-backtranslation-search-localedit-20261010,fresh-bethgelab-298314,3b0b1bc4a2a9d3ec44f9bf4c807085458ce2ab6c4f2643d11352e39b84de334e,generated,9,10,False,8,0.019522776572668113,8,8
gemma12_r128_ku500_union_after_hybrid,gemma12_r128_ku500_union,scientific-ku-backtranslation-search-localedit-20261010,fresh-bethgelab-298338,267e702fba238cba07248dd05079384a69ef77c7ffc0f75f670dbbb9a2980c30,generated,9,10,True,5,0.0,17,17
gemma12_r128_ku500_union_after_hybrid,gemma12_r128_ku500_union,scientific-ku-backtranslation-search-localedit-20261010,fresh-bethgelab-298346,1e1f2ac3d1cc9101be937c5fc899581b9a9a3042a1ffcfd6b35966b74280a758,generated,9,10,False,6,0.004765687053216839,11,11
gemma12_r128_ku500_union_after_hybrid,gemma12_r128_ku500_union,scientific-ku-backtranslation-search-localedit-20261010,fresh-bethgelab-298333,47abc6ae797ba27368959af8acda4b50cbed1f93b28a6b5b52aa16aee02ab783,generated,9,10,False,11,0.018191841234840134,16,11
gemma12_r128_ku1000_union_after_hybrid,gemma12_r128_ku1000_union,scientific-ku-backtranslation-search-localedit-20261010,fresh-arxiv-1599059,978fab3d0eab3ab39b2d03c4ed801eb64741b9abd4c2f231e188fb5dbc5a6dd0,generated,9,10,True,5,0.0,11,11
gemma12_r128_ku1000_union_after_hybrid,gemma12_r128_ku1000_union,scientific-ku-backtranslation-search-localedit-20261010,fresh-arxiv-1599067,037114a3d9cc82c9a07232e13f93afd9b946895215cbf9ad2aed2ef6fe9f5203,generated,7,10,False,8,0.016893732970027248,13,13
gemma12_r128_ku1000_union_after_hybrid,gemma12_r128_ku1000_union,scientific-ku-backtranslation-search-localedit-20261010,fresh-arxiv-1599052,d7a126611c83d5c6d3bc74ac21a6f61cba909d8ccefc316e9e0fc40a29c9ce80,generated,7,10,False,6,0.004457652303120356,22,6
gemma12_r128_ku1000_union_after_hybrid,gemma12_r128_ku1000_union,scientific-ku-backtranslation-search-localedit-20261010,fresh-arxiv-1599053,4d9cb93b33594d618cf1543b060021e491b2411de270ae615a02b7428f2f8ebd,generated,9,10,True,5,0.0,16,5
gemma12_r128_ku1000_union_after_hybrid,gemma12_r128_ku1000_union,scientific-ku-backtranslation-search-localedit-20261010,fresh-arxiv-1599072,69607792a05b1ebb4f5f0a55c42fde76ec004efcb944fc6e10c5af5623ddd3e8,generated,8,10,True,5,0.0,8,8
gemma12_r128_ku1000_union_after_hybrid,gemma12_r128_ku1000_union,scientific-ku-backtranslation-search-localedit-20261010,fresh-arxiv-1599097,d858b9bb0f49718b1e23994be451cb0129e05ec36ce46832a09e0a44ac091fc1,generated,7,10,True,5,0.0,6,6
gemma12_r128_ku1000_union_after_hybrid,gemma12_r128_ku1000_union,scientific-ku-backtranslation-search-localedit-20261010,fresh-arxiv-1599063,ccda26e9fdd23bb0e76e9584c75aef889c087aeed4f55be03958369447ce8e1e,generated,8,10,True,5,0.0,10,10
gemma12_r128_ku1000_union_after_hybrid,gemma12_r128_ku1000_union,scientific-ku-backtranslation-search-localedit-20261010,fresh-arxiv-1599075,2bdae8148a7101b61f43705f3711cf34f17bf94409996574f9ba3f9f9bcca81a,generated,8,10,False,12,0.024702653247941447,20,12
gemma12_r128_ku1000_union_after_hybrid,gemma12_r128_ku1000_union,scientific-ku-backtranslation-search-localedit-20261010,fresh-arxiv-1599088,58f078a12f10e6eba8435223b8ee0c993df214f88798aae8c48750f71666a202,generated,9,10,True,5,0.0,12,12
gemma12_r128_ku1000_union_after_hybrid,gemma12_r128_ku1000_union,scientific-ku-backtranslation-search-localedit-20261010,fresh-arxiv-1599094,3f0f749365b45fbd1d9c3e2b1403c5416db6eae6d607388eb54cb3e3bf5bb327,generated,7,10,False,11,0.07971656333038087,6,11
gemma12_r128_ku1000_union_after_hybrid,gemma12_r128_ku1000_union,scientific-ku-backtranslation-search-localedit-20261010,fresh-bethgelab-298315,116a736e368e08c1fea55e05b6701ca0b7493b0c6a0e2130f1066eb721937b67,generated,9,10,True,5,0.0,18,18
gemma12_r128_ku1000_union_after_hybrid,gemma12_r128_ku1000_union,scientific-ku-backtranslation-search-localedit-20261010,fresh-bethgelab-298313,0690496cadbcb6cfdb982f88313524335dc9619a9664096a9e8ebdb7c12b9f6f,generated,10,10,False,11,0.03399122807017544,11,11
gemma12_r128_ku1000_union_after_hybrid,gemma12_r128_ku1000_union,scientific-ku-backtranslation-search-localedit-20261010,fresh-bethgelab-298331,b7eff773bb1f99e0ec70566688feff4ba5a0189784a14a115bf01994215833e7,generated,9,10,False,8,0.016705069124423964,23,8
gemma12_r128_ku1000_union_after_hybrid,gemma12_r128_ku1000_union,scientific-ku-backtranslation-search-localedit-20261010,fresh-bethgelab-298348,1772fcc1ab95270aa7cf556121f9d9e8e7a51faef3daa49b9cbd014cc6bc888f,generated,8,10,False,6,0.005097706032285472,19,6
gemma12_r128_ku1000_union_after_hybrid,gemma12_r128_ku1000_union,scientific-ku-backtranslation-search-localedit-20261010,fresh-bethgelab-298329,e82317ccc5846282768ba3aa221a3efe2a39e3ea8ba3aa388558fb0aa33b3272,generated,9,10,False,11,0.008088235294117648,12,12
gemma12_r128_ku1000_union_after_hybrid,gemma12_r128_ku1000_union,scientific-ku-backtranslation-search-localedit-20261010,fresh-bethgelab-298328,153354fcb49dd95b0e53ee11e566e3844966d1decf81ab6546bed01a16b7dc60,generated,9,10,False,6,0.0036719706242350062,10,6
gemma12_r128_ku1000_union_after_hybrid,gemma12_r128_ku1000_union,scientific-ku-backtranslation-search-localedit-20261010,fresh-bethgelab-298314,3b0b1bc4a2a9d3ec44f9bf4c807085458ce2ab6c4f2643d11352e39b84de334e,generated,10,10,False,8,0.019766397124887692,8,8
gemma12_r128_ku1000_union_after_hybrid,gemma12_r128_ku1000_union,scientific-ku-backtranslation-search-localedit-20261010,fresh-bethgelab-298338,267e702fba238cba07248dd05079384a69ef77c7ffc0f75f670dbbb9a2980c30,generated,8,10,True,5,0.0,17,17
gemma12_r128_ku1000_union_after_hybrid,gemma12_r128_ku1000_union,scientific-ku-backtranslation-search-localedit-20261010,fresh-bethgelab-298346,1e1f2ac3d1cc9101be937c5fc899581b9a9a3042a1ffcfd6b35966b74280a758,generated,10,10,True,5,0.0,11,11
gemma12_r128_ku1000_union_after_hybrid,gemma12_r128_ku1000_union,scientific-ku-backtranslation-search-localedit-20261010,fresh-bethgelab-298333,47abc6ae797ba27368959af8acda4b50cbed1f93b28a6b5b52aa16aee02ab783,generated,9,10,False,35,0.048535564853556486,16,35
gemma12_r128_ku500_localedit,gemma12_r128_ku500_localedit,scientific-ku-backtranslation-search-localedit-20261010,fresh-arxiv-1599059,978fab3d0eab3ab39b2d03c4ed801eb64741b9abd4c2f231e188fb5dbc5a6dd0,generated,10,10,False,9,0.017843866171003718,11,11
gemma12_r128_ku500_localedit,gemma12_r128_ku500_localedit,scientific-ku-backtranslation-search-localedit-20261010,fresh-arxiv-1599067,037114a3d9cc82c9a07232e13f93afd9b946895215cbf9ad2aed2ef6fe9f5203,generated,8,10,False,7,0.0028169014084507044,13,13
gemma12_r128_ku500_localedit,gemma12_r128_ku500_localedit,scientific-ku-backtranslation-search-localedit-20261010,fresh-arxiv-1599052,d7a126611c83d5c6d3bc74ac21a6f61cba909d8ccefc316e9e0fc40a29c9ce80,generated,9,10,False,6,0.002497918401332223,22,22
gemma12_r128_ku500_localedit,gemma12_r128_ku500_localedit,scientific-ku-backtranslation-search-localedit-20261010,fresh-arxiv-1599053,4d9cb93b33594d618cf1543b060021e491b2411de270ae615a02b7428f2f8ebd,generated,9,10,False,11,0.0061902082160945416,16,11
gemma12_r128_ku500_localedit,gemma12_r128_ku500_localedit,scientific-ku-backtranslation-search-localedit-20261010,fresh-arxiv-1599072,69607792a05b1ebb4f5f0a55c42fde76ec004efcb944fc6e10c5af5623ddd3e8,generated,10,10,True,5,0.0,8,5
gemma12_r128_ku500_localedit,gemma12_r128_ku500_localedit,scientific-ku-backtranslation-search-localedit-20261010,fresh-arxiv-1599097,d858b9bb0f49718b1e23994be451cb0129e05ec36ce46832a09e0a44ac091fc1,generated,9,10,False,7,0.009067357512953367,13,13
gemma12_r128_ku500_localedit,gemma12_r128_ku500_localedit,scientific-ku-backtranslation-search-localedit-20261010,fresh-arxiv-1599063,ccda26e9fdd23bb0e76e9584c75aef889c087aeed4f55be03958369447ce8e1e,generated,9,10,False,17,0.01938610662358643,10,17
gemma12_r128_ku500_localedit,gemma12_r128_ku500_localedit,scientific-ku-backtranslation-search-localedit-20261010,fresh-arxiv-1599075,2bdae8148a7101b61f43705f3711cf34f17bf94409996574f9ba3f9f9bcca81a,generated,9,10,False,7,0.0069965017491254375,20,7
gemma12_r128_ku500_localedit,gemma12_r128_ku500_localedit,scientific-ku-backtranslation-search-localedit-20261010,fresh-arxiv-1599088,58f078a12f10e6eba8435223b8ee0c993df214f88798aae8c48750f71666a202,generated,8,10,False,8,0.005772005772005772,12,12
gemma12_r128_ku500_localedit,gemma12_r128_ku500_localedit,scientific-ku-backtranslation-search-localedit-20261010,fresh-arxiv-1599094,3f0f749365b45fbd1d9c3e2b1403c5416db6eae6d607388eb54cb3e3bf5bb327,generated,6,10,False,9,0.05826271186440678,6,9
gemma12_r128_ku500_localedit,gemma12_r128_ku500_localedit,scientific-ku-backtranslation-search-localedit-20261010,fresh-bethgelab-298315,116a736e368e08c1fea55e05b6701ca0b7493b0c6a0e2130f1066eb721937b67,generated,9,10,False,6,0.0033917467495760316,18,18
gemma12_r128_ku500_localedit,gemma12_r128_ku500_localedit,scientific-ku-backtranslation-search-localedit-20261010,fresh-bethgelab-298313,0690496cadbcb6cfdb982f88313524335dc9619a9664096a9e8ebdb7c12b9f6f,generated,9,10,False,11,0.005863539445628998,11,11
gemma12_r128_ku500_localedit,gemma12_r128_ku500_localedit,scientific-ku-backtranslation-search-localedit-20261010,fresh-bethgelab-298331,b7eff773bb1f99e0ec70566688feff4ba5a0189784a14a115bf01994215833e7,generated,9,10,False,11,0.016485575121768452,23,23
gemma12_r128_ku500_localedit,gemma12_r128_ku500_localedit,scientific-ku-backtranslation-search-localedit-20261010,fresh-bethgelab-298348,1772fcc1ab95270aa7cf556121f9d9e8e7a51faef3daa49b9cbd014cc6bc888f,generated,7,10,False,6,0.00272975432211101,19,19
gemma12_r128_ku500_localedit,gemma12_r128_ku500_localedit,scientific-ku-backtranslation-search-localedit-20261010,fresh-bethgelab-298329,e82317ccc5846282768ba3aa221a3efe2a39e3ea8ba3aa388558fb0aa33b3272,generated,9,10,False,11,0.02279340446168768,12,12
gemma12_r128_ku500_localedit,gemma12_r128_ku500_localedit,scientific-ku-backtranslation-search-localedit-20261010,fresh-bethgelab-298328,153354fcb49dd95b0e53ee11e566e3844966d1decf81ab6546bed01a16b7dc60,generated,9,10,False,7,0.006262359920896506,10,7
gemma12_r128_ku500_localedit,gemma12_r128_ku500_localedit,scientific-ku-backtranslation-search-localedit-20261010,fresh-bethgelab-298314,3b0b1bc4a2a9d3ec44f9bf4c807085458ce2ab6c4f2643d11352e39b84de334e,generated,9,10,False,8,0.019522776572668113,8,8
gemma12_r128_ku500_localedit,gemma12_r128_ku500_localedit,scientific-ku-backtranslation-search-localedit-20261010,fresh-bethgelab-298338,267e702fba238cba07248dd05079384a69ef77c7ffc0f75f670dbbb9a2980c30,generated,9,10,True,5,0.0,17,17
gemma12_r128_ku500_localedit,gemma12_r128_ku500_localedit,scientific-ku-backtranslation-search-localedit-20261010,fresh-bethgelab-298346,1e1f2ac3d1cc9101be937c5fc899581b9a9a3042a1ffcfd6b35966b74280a758,generated,9,10,True,5,0.0,11,11
gemma12_r128_ku500_localedit,gemma12_r128_ku500_localedit,scientific-ku-backtranslation-search-localedit-20261010,fresh-bethgelab-298333,47abc6ae797ba27368959af8acda4b50cbed1f93b28a6b5b52aa16aee02ab783,generated,9,10,False,11,0.01487603305785124,16,11
gemma12_r128_ku1000_localedit,gemma12_r128_ku1000_localedit,scientific-ku-backtranslation-search-localedit-20261010,fresh-arxiv-1599059,978fab3d0eab3ab39b2d03c4ed801eb64741b9abd4c2f231e188fb5dbc5a6dd0,generated,9,10,True,5,0.0,11,11
gemma12_r128_ku1000_localedit,gemma12_r128_ku1000_localedit,scientific-ku-backtranslation-search-localedit-20261010,fresh-arxiv-1599067,037114a3d9cc82c9a07232e13f93afd9b946895215cbf9ad2aed2ef6fe9f5203,generated,8,10,False,8,0.013071895424836602,13,13
gemma12_r128_ku1000_localedit,gemma12_r128_ku1000_localedit,scientific-ku-backtranslation-search-localedit-20261010,fresh-arxiv-1599052,d7a126611c83d5c6d3bc74ac21a6f61cba909d8ccefc316e9e0fc40a29c9ce80,generated,7,10,True,5,0.0,22,5
gemma12_r128_ku1000_localedit,gemma12_r128_ku1000_localedit,scientific-ku-backtranslation-search-localedit-20261010,fresh-arxiv-1599053,4d9cb93b33594d618cf1543b060021e491b2411de270ae615a02b7428f2f8ebd,generated,9,10,True,5,0.0,16,5
gemma12_r128_ku1000_localedit,gemma12_r128_ku1000_localedit,scientific-ku-backtranslation-search-localedit-20261010,fresh-arxiv-1599072,69607792a05b1ebb4f5f0a55c42fde76ec004efcb944fc6e10c5af5623ddd3e8,generated,8,10,True,5,0.0,8,8
gemma12_r128_ku1000_localedit,gemma12_r128_ku1000_localedit,scientific-ku-backtranslation-search-localedit-20261010,fresh-arxiv-1599097,d858b9bb0f49718b1e23994be451cb0129e05ec36ce46832a09e0a44ac091fc1,generated,6,10,True,5,0.0,6,6
gemma12_r128_ku1000_localedit,gemma12_r128_ku1000_localedit,scientific-ku-backtranslation-search-localedit-20261010,fresh-arxiv-1599063,ccda26e9fdd23bb0e76e9584c75aef889c087aeed4f55be03958369447ce8e1e,generated,8,10,True,5,0.0,10,10
gemma12_r128_ku1000_localedit,gemma12_r128_ku1000_localedit,scientific-ku-backtranslation-search-localedit-20261010,fresh-arxiv-1599075,2bdae8148a7101b61f43705f3711cf34f17bf94409996574f9ba3f9f9bcca81a,generated,8,10,False,12,0.024702653247941447,20,12
gemma12_r128_ku1000_localedit,gemma12_r128_ku1000_localedit,scientific-ku-backtranslation-search-localedit-20261010,fresh-arxiv-1599088,58f078a12f10e6eba8435223b8ee0c993df214f88798aae8c48750f71666a202,generated,9,10,True,5,0.0,12,12
gemma12_r128_ku1000_localedit,gemma12_r128_ku1000_localedit,scientific-ku-backtranslation-search-localedit-20261010,fresh-arxiv-1599094,3f0f749365b45fbd1d9c3e2b1403c5416db6eae6d607388eb54cb3e3bf5bb327,generated,7,10,False,9,0.05398230088495575,6,9
gemma12_r128_ku1000_localedit,gemma12_r128_ku1000_localedit,scientific-ku-backtranslation-search-localedit-20261010,fresh-bethgelab-298315,116a736e368e08c1fea55e05b6701ca0b7493b0c6a0e2130f1066eb721937b67,generated,9,10,True,5,0.0,18,18
gemma12_r128_ku1000_localedit,gemma12_r128_ku1000_localedit,scientific-ku-backtranslation-search-localedit-20261010,fresh-bethgelab-298313,0690496cadbcb6cfdb982f88313524335dc9619a9664096a9e8ebdb7c12b9f6f,generated,10,10,False,11,0.024149286498353458,11,11
gemma12_r128_ku1000_localedit,gemma12_r128_ku1000_localedit,scientific-ku-backtranslation-search-localedit-20261010,fresh-bethgelab-298331,b7eff773bb1f99e0ec70566688feff4ba5a0189784a14a115bf01994215833e7,generated,8,10,False,8,0.016705069124423964,23,8
gemma12_r128_ku1000_localedit,gemma12_r128_ku1000_localedit,scientific-ku-backtranslation-search-localedit-20261010,fresh-bethgelab-298348,1772fcc1ab95270aa7cf556121f9d9e8e7a51faef3daa49b9cbd014cc6bc888f,generated,8,10,False,6,0.005097706032285472,19,6
gemma12_r128_ku1000_localedit,gemma12_r128_ku1000_localedit,scientific-ku-backtranslation-search-localedit-20261010,fresh-bethgelab-298329,e82317ccc5846282768ba3aa221a3efe2a39e3ea8ba3aa388558fb0aa33b3272,generated,9,10,False,11,0.008088235294117648,12,12
gemma12_r128_ku1000_localedit,gemma12_r128_ku1000_localedit,scientific-ku-backtranslation-search-localedit-20261010,fresh-bethgelab-298328,153354fcb49dd95b0e53ee11e566e3844966d1decf81ab6546bed01a16b7dc60,generated,9,10,True,5,0.0,10,5
gemma12_r128_ku1000_localedit,gemma12_r128_ku1000_localedit,scientific-ku-backtranslation-search-localedit-20261010,fresh-bethgelab-298314,3b0b1bc4a2a9d3ec44f9bf4c807085458ce2ab6c4f2643d11352e39b84de334e,generated,10,10,False,8,0.019766397124887692,8,8
gemma12_r128_ku1000_localedit,gemma12_r128_ku1000_localedit,scientific-ku-backtranslation-search-localedit-20261010,fresh-bethgelab-298338,267e702fba238cba07248dd05079384a69ef77c7ffc0f75f670dbbb9a2980c30,generated,8,10,True,5,0.0,17,17
gemma12_r128_ku1000_localedit,gemma12_r128_ku1000_localedit,scientific-ku-backtranslation-search-localedit-20261010,fresh-bethgelab-298346,1e1f2ac3d1cc9101be937c5fc899581b9a9a3042a1ffcfd6b35966b74280a758,generated,10,10,True,5,0.0,11,11
gemma12_r128_ku1000_localedit,gemma12_r128_ku1000_localedit,scientific-ku-backtranslation-search-localedit-20261010,fresh-bethgelab-298333,47abc6ae797ba27368959af8acda4b50cbed1f93b28a6b5b52aa16aee02ab783,generated,9,10,False,35,0.03762541806020067,16,35
gemma12_r128_ku500_localedit080,gemma12_r128_ku500_localedit080,scientific-ku-backtranslation-search-localedit-20261010,fresh-arxiv-1599059,978fab3d0eab3ab39b2d03c4ed801eb64741b9abd4c2f231e188fb5dbc5a6dd0,generated,10,10,False,9,0.017843866171003718,11,11
gemma12_r128_ku500_localedit080,gemma12_r128_ku500_localedit080,scientific-ku-backtranslation-search-localedit-20261010,fresh-arxiv-1599067,037114a3d9cc82c9a07232e13f93afd9b946895215cbf9ad2aed2ef6fe9f5203,generated,8,10,False,7,0.0028169014084507044,13,13
gemma12_r128_ku500_localedit080,gemma12_r128_ku500_localedit080,scientific-ku-backtranslation-search-localedit-20261010,fresh-arxiv-1599052,d7a126611c83d5c6d3bc74ac21a6f61cba909d8ccefc316e9e0fc40a29c9ce80,generated,9,10,False,6,0.002497918401332223,22,22
gemma12_r128_ku500_localedit080,gemma12_r128_ku500_localedit080,scientific-ku-backtranslation-search-localedit-20261010,fresh-arxiv-1599053,4d9cb93b33594d618cf1543b060021e491b2411de270ae615a02b7428f2f8ebd,generated,9,10,False,11,0.0061902082160945416,16,11
gemma12_r128_ku500_localedit080,gemma12_r128_ku500_localedit080,scientific-ku-backtranslation-search-localedit-20261010,fresh-arxiv-1599072,69607792a05b1ebb4f5f0a55c42fde76ec004efcb944fc6e10c5af5623ddd3e8,generated,10,10,True,5,0.0,8,5
gemma12_r128_ku500_localedit080,gemma12_r128_ku500_localedit080,scientific-ku-backtranslation-search-localedit-20261010,fresh-arxiv-1599097,d858b9bb0f49718b1e23994be451cb0129e05ec36ce46832a09e0a44ac091fc1,generated,9,10,False,7,0.00603708495040966,13,13
gemma12_r128_ku500_localedit080,gemma12_r128_ku500_localedit080,scientific-ku-backtranslation-search-localedit-20261010,fresh-arxiv-1599063,ccda26e9fdd23bb0e76e9584c75aef889c087aeed4f55be03958369447ce8e1e,generated,9,10,False,17,0.01938610662358643,10,17
gemma12_r128_ku500_localedit080,gemma12_r128_ku500_localedit080,scientific-ku-backtranslation-search-localedit-20261010,fresh-arxiv-1599075,2bdae8148a7101b61f43705f3711cf34f17bf94409996574f9ba3f9f9bcca81a,generated,9,10,False,7,0.0069965017491254375,20,7
gemma12_r128_ku500_localedit080,gemma12_r128_ku500_localedit080,scientific-ku-backtranslation-search-localedit-20261010,fresh-arxiv-1599088,58f078a12f10e6eba8435223b8ee0c993df214f88798aae8c48750f71666a202,generated,8,10,False,8,0.005772005772005772,12,12
gemma12_r128_ku500_localedit080,gemma12_r128_ku500_localedit080,scientific-ku-backtranslation-search-localedit-20261010,fresh-arxiv-1599094,3f0f749365b45fbd1d9c3e2b1403c5416db6eae6d607388eb54cb3e3bf5bb327,generated,6,10,False,9,0.05826271186440678,6,9
gemma12_r128_ku500_localedit080,gemma12_r128_ku500_localedit080,scientific-ku-backtranslation-search-localedit-20261010,fresh-bethgelab-298315,116a736e368e08c1fea55e05b6701ca0b7493b0c6a0e2130f1066eb721937b67,generated,9,10,True,5,0.0,18,18
gemma12_r128_ku500_localedit080,gemma12_r128_ku500_localedit080,scientific-ku-backtranslation-search-localedit-20261010,fresh-bethgelab-298313,0690496cadbcb6cfdb982f88313524335dc9619a9664096a9e8ebdb7c12b9f6f,generated,9,10,False,11,0.005863539445628998,11,11
gemma12_r128_ku500_localedit080,gemma12_r128_ku500_localedit080,scientific-ku-backtranslation-search-localedit-20261010,fresh-bethgelab-298331,b7eff773bb1f99e0ec70566688feff4ba5a0189784a14a115bf01994215833e7,generated,9,10,False,11,0.01348314606741573,23,23
gemma12_r128_ku500_localedit080,gemma12_r128_ku500_localedit080,scientific-ku-backtranslation-search-localedit-20261010,fresh-bethgelab-298348,1772fcc1ab95270aa7cf556121f9d9e8e7a51faef3daa49b9cbd014cc6bc888f,generated,7,10,False,6,0.00272975432211101,19,19
gemma12_r128_ku500_localedit080,gemma12_r128_ku500_localedit080,scientific-ku-backtranslation-search-localedit-20261010,fresh-bethgelab-298329,e82317ccc5846282768ba3aa221a3efe2a39e3ea8ba3aa388558fb0aa33b3272,generated,9,10,False,11,0.02279340446168768,12,12
gemma12_r128_ku500_localedit080,gemma12_r128_ku500_localedit080,scientific-ku-backtranslation-search-localedit-20261010,fresh-bethgelab-298328,153354fcb49dd95b0e53ee11e566e3844966d1decf81ab6546bed01a16b7dc60,generated,9,10,False,7,0.0042833607907743,10,7
gemma12_r128_ku500_localedit080,gemma12_r128_ku500_localedit080,scientific-ku-backtranslation-search-localedit-20261010,fresh-bethgelab-298314,3b0b1bc4a2a9d3ec44f9bf4c807085458ce2ab6c4f2643d11352e39b84de334e,generated,9,10,False,8,0.019522776572668113,8,8
gemma12_r128_ku500_localedit080,gemma12_r128_ku500_localedit080,scientific-ku-backtranslation-search-localedit-20261010,fresh-bethgelab-298338,267e702fba238cba07248dd05079384a69ef77c7ffc0f75f670dbbb9a2980c30,generated,9,10,True,5,0.0,17,17
gemma12_r128_ku500_localedit080,gemma12_r128_ku500_localedit080,scientific-ku-backtranslation-search-localedit-20261010,fresh-bethgelab-298346,1e1f2ac3d1cc9101be937c5fc899581b9a9a3042a1ffcfd6b35966b74280a758,generated,9,10,True,5,0.0,11,11
gemma12_r128_ku500_localedit080,gemma12_r128_ku500_localedit080,scientific-ku-backtranslation-search-localedit-20261010,fresh-bethgelab-298333,47abc6ae797ba27368959af8acda4b50cbed1f93b28a6b5b52aa16aee02ab783,generated,9,10,False,11,0.01487603305785124,16,11
gemma12_r128_ku1000_localedit080,gemma12_r128_ku1000_localedit080,scientific-ku-backtranslation-search-localedit-20261010,fresh-arxiv-1599059,978fab3d0eab3ab39b2d03c4ed801eb64741b9abd4c2f231e188fb5dbc5a6dd0,generated,9,10,True,5,0.0,11,11
gemma12_r128_ku1000_localedit080,gemma12_r128_ku1000_localedit080,scientific-ku-backtranslation-search-localedit-20261010,fresh-arxiv-1599067,037114a3d9cc82c9a07232e13f93afd9b946895215cbf9ad2aed2ef6fe9f5203,generated,8,10,False,8,0.013071895424836602,13,13
gemma12_r128_ku1000_localedit080,gemma12_r128_ku1000_localedit080,scientific-ku-backtranslation-search-localedit-20261010,fresh-arxiv-1599052,d7a126611c83d5c6d3bc74ac21a6f61cba909d8ccefc316e9e0fc40a29c9ce80,generated,7,10,True,5,0.0,22,5
gemma12_r128_ku1000_localedit080,gemma12_r128_ku1000_localedit080,scientific-ku-backtranslation-search-localedit-20261010,fresh-arxiv-1599053,4d9cb93b33594d618cf1543b060021e491b2411de270ae615a02b7428f2f8ebd,generated,9,10,True,5,0.0,16,5
gemma12_r128_ku1000_localedit080,gemma12_r128_ku1000_localedit080,scientific-ku-backtranslation-search-localedit-20261010,fresh-arxiv-1599072,69607792a05b1ebb4f5f0a55c42fde76ec004efcb944fc6e10c5af5623ddd3e8,generated,8,10,True,5,0.0,8,8
gemma12_r128_ku1000_localedit080,gemma12_r128_ku1000_localedit080,scientific-ku-backtranslation-search-localedit-20261010,fresh-arxiv-1599097,d858b9bb0f49718b1e23994be451cb0129e05ec36ce46832a09e0a44ac091fc1,generated,6,10,True,5,0.0,6,6
gemma12_r128_ku1000_localedit080,gemma12_r128_ku1000_localedit080,scientific-ku-backtranslation-search-localedit-20261010,fresh-arxiv-1599063,ccda26e9fdd23bb0e76e9584c75aef889c087aeed4f55be03958369447ce8e1e,generated,8,10,True,5,0.0,10,10
gemma12_r128_ku1000_localedit080,gemma12_r128_ku1000_localedit080,scientific-ku-backtranslation-search-localedit-20261010,fresh-arxiv-1599075,2bdae8148a7101b61f43705f3711cf34f17bf94409996574f9ba3f9f9bcca81a,generated,8,10,False,12,0.024702653247941447,20,12
gemma12_r128_ku1000_localedit080,gemma12_r128_ku1000_localedit080,scientific-ku-backtranslation-search-localedit-20261010,fresh-arxiv-1599088,58f078a12f10e6eba8435223b8ee0c993df214f88798aae8c48750f71666a202,generated,9,10,True,5,0.0,12,12
gemma12_r128_ku1000_localedit080,gemma12_r128_ku1000_localedit080,scientific-ku-backtranslation-search-localedit-20261010,fresh-arxiv-1599094,3f0f749365b45fbd1d9c3e2b1403c5416db6eae6d607388eb54cb3e3bf5bb327,generated,7,10,False,9,0.05398230088495575,6,9
gemma12_r128_ku1000_localedit080,gemma12_r128_ku1000_localedit080,scientific-ku-backtranslation-search-localedit-20261010,fresh-bethgelab-298315,116a736e368e08c1fea55e05b6701ca0b7493b0c6a0e2130f1066eb721937b67,generated,9,10,True,5,0.0,18,18
gemma12_r128_ku1000_localedit080,gemma12_r128_ku1000_localedit080,scientific-ku-backtranslation-search-localedit-20261010,fresh-bethgelab-298313,0690496cadbcb6cfdb982f88313524335dc9619a9664096a9e8ebdb7c12b9f6f,generated,10,10,False,11,0.024149286498353458,11,11
gemma12_r128_ku1000_localedit080,gemma12_r128_ku1000_localedit080,scientific-ku-backtranslation-search-localedit-20261010,fresh-bethgelab-298331,b7eff773bb1f99e0ec70566688feff4ba5a0189784a14a115bf01994215833e7,generated,9,10,False,8,0.016705069124423964,23,8
gemma12_r128_ku1000_localedit080,gemma12_r128_ku1000_localedit080,scientific-ku-backtranslation-search-localedit-20261010,fresh-bethgelab-298348,1772fcc1ab95270aa7cf556121f9d9e8e7a51faef3daa49b9cbd014cc6bc888f,generated,8,10,False,6,0.005097706032285472,19,6
gemma12_r128_ku1000_localedit080,gemma12_r128_ku1000_localedit080,scientific-ku-backtranslation-search-localedit-20261010,fresh-bethgelab-298329,e82317ccc5846282768ba3aa221a3efe2a39e3ea8ba3aa388558fb0aa33b3272,generated,9,10,False,11,0.008088235294117648,12,12
gemma12_r128_ku1000_localedit080,gemma12_r128_ku1000_localedit080,scientific-ku-backtranslation-search-localedit-20261010,fresh-bethgelab-298328,153354fcb49dd95b0e53ee11e566e3844966d1decf81ab6546bed01a16b7dc60,generated,9,10,True,5,0.0,10,5
gemma12_r128_ku1000_localedit080,gemma12_r128_ku1000_localedit080,scientific-ku-backtranslation-search-localedit-20261010,fresh-bethgelab-298314,3b0b1bc4a2a9d3ec44f9bf4c807085458ce2ab6c4f2643d11352e39b84de334e,generated,10,10,False,8,0.019766397124887692,8,8
gemma12_r128_ku1000_localedit080,gemma12_r128_ku1000_localedit080,scientific-ku-backtranslation-search-localedit-20261010,fresh-bethgelab-298338,267e702fba238cba07248dd05079384a69ef77c7ffc0f75f670dbbb9a2980c30,generated,8,10,True,5,0.0,17,17
gemma12_r128_ku1000_localedit080,gemma12_r128_ku1000_localedit080,scientific-ku-backtranslation-search-localedit-20261010,fresh-bethgelab-298346,1e1f2ac3d1cc9101be937c5fc899581b9a9a3042a1ffcfd6b35966b74280a758,generated,10,10,True,5,0.0,11,11
gemma12_r128_ku1000_localedit080,gemma12_r128_ku1000_localedit080,scientific-ku-backtranslation-search-localedit-20261010,fresh-bethgelab-298333,47abc6ae797ba27368959af8acda4b50cbed1f93b28a6b5b52aa16aee02ab783,generated,9,10,False,35,0.03762541806020067,16,35
gemma12_r128_ku500_localedit070,gemma12_r128_ku500_localedit070,scientific-ku-backtranslation-search-localedit-20261010,fresh-arxiv-1599059,978fab3d0eab3ab39b2d03c4ed801eb64741b9abd4c2f231e188fb5dbc5a6dd0,generated,10,10,False,9,0.017843866171003718,11,11
gemma12_r128_ku500_localedit070,gemma12_r128_ku500_localedit070,scientific-ku-backtranslation-search-localedit-20261010,fresh-arxiv-1599067,037114a3d9cc82c9a07232e13f93afd9b946895215cbf9ad2aed2ef6fe9f5203,generated,8,10,False,7,0.0028169014084507044,13,13
gemma12_r128_ku500_localedit070,gemma12_r128_ku500_localedit070,scientific-ku-backtranslation-search-localedit-20261010,fresh-arxiv-1599052,d7a126611c83d5c6d3bc74ac21a6f61cba909d8ccefc316e9e0fc40a29c9ce80,generated,9,10,False,6,0.002497918401332223,22,22
gemma12_r128_ku500_localedit070,gemma12_r128_ku500_localedit070,scientific-ku-backtranslation-search-localedit-20261010,fresh-arxiv-1599053,4d9cb93b33594d618cf1543b060021e491b2411de270ae615a02b7428f2f8ebd,generated,9,10,False,11,0.0061902082160945416,16,11
gemma12_r128_ku500_localedit070,gemma12_r128_ku500_localedit070,scientific-ku-backtranslation-search-localedit-20261010,fresh-arxiv-1599072,69607792a05b1ebb4f5f0a55c42fde76ec004efcb944fc6e10c5af5623ddd3e8,generated,10,10,True,5,0.0,8,5
gemma12_r128_ku500_localedit070,gemma12_r128_ku500_localedit070,scientific-ku-backtranslation-search-localedit-20261010,fresh-arxiv-1599097,d858b9bb0f49718b1e23994be451cb0129e05ec36ce46832a09e0a44ac091fc1,generated,9,10,False,7,0.00603708495040966,13,13
gemma12_r128_ku500_localedit070,gemma12_r128_ku500_localedit070,scientific-ku-backtranslation-search-localedit-20261010,fresh-arxiv-1599063,ccda26e9fdd23bb0e76e9584c75aef889c087aeed4f55be03958369447ce8e1e,generated,9,10,False,17,0.01938610662358643,10,17
gemma12_r128_ku500_localedit070,gemma12_r128_ku500_localedit070,scientific-ku-backtranslation-search-localedit-20261010,fresh-arxiv-1599075,2bdae8148a7101b61f43705f3711cf34f17bf94409996574f9ba3f9f9bcca81a,generated,9,10,False,7,0.0069965017491254375,20,7
gemma12_r128_ku500_localedit070,gemma12_r128_ku500_localedit070,scientific-ku-backtranslation-search-localedit-20261010,fresh-arxiv-1599088,58f078a12f10e6eba8435223b8ee0c993df214f88798aae8c48750f71666a202,generated,8,10,False,8,0.005772005772005772,12,12
gemma12_r128_ku500_localedit070,gemma12_r128_ku500_localedit070,scientific-ku-backtranslation-search-localedit-20261010,fresh-arxiv-1599094,3f0f749365b45fbd1d9c3e2b1403c5416db6eae6d607388eb54cb3e3bf5bb327,generated,6,10,False,9,0.05826271186440678,6,9
gemma12_r128_ku500_localedit070,gemma12_r128_ku500_localedit070,scientific-ku-backtranslation-search-localedit-20261010,fresh-bethgelab-298315,116a736e368e08c1fea55e05b6701ca0b7493b0c6a0e2130f1066eb721937b67,generated,9,10,True,5,0.0,18,18
gemma12_r128_ku500_localedit070,gemma12_r128_ku500_localedit070,scientific-ku-backtranslation-search-localedit-20261010,fresh-bethgelab-298313,0690496cadbcb6cfdb982f88313524335dc9619a9664096a9e8ebdb7c12b9f6f,generated,9,10,False,11,0.005863539445628998,11,11
gemma12_r128_ku500_localedit070,gemma12_r128_ku500_localedit070,scientific-ku-backtranslation-search-localedit-20261010,fresh-bethgelab-298331,b7eff773bb1f99e0ec70566688feff4ba5a0189784a14a115bf01994215833e7,generated,9,10,False,11,0.01348314606741573,23,23
gemma12_r128_ku500_localedit070,gemma12_r128_ku500_localedit070,scientific-ku-backtranslation-search-localedit-20261010,fresh-bethgelab-298348,1772fcc1ab95270aa7cf556121f9d9e8e7a51faef3daa49b9cbd014cc6bc888f,generated,7,10,False,6,0.00272975432211101,19,19
gemma12_r128_ku500_localedit070,gemma12_r128_ku500_localedit070,scientific-ku-backtranslation-search-localedit-20261010,fresh-bethgelab-298329,e82317ccc5846282768ba3aa221a3efe2a39e3ea8ba3aa388558fb0aa33b3272,generated,9,10,False,11,0.02279340446168768,12,12
gemma12_r128_ku500_localedit070,gemma12_r128_ku500_localedit070,scientific-ku-backtranslation-search-localedit-20261010,fresh-bethgelab-298328,153354fcb49dd95b0e53ee11e566e3844966d1decf81ab6546bed01a16b7dc60,generated,9,10,False,7,0.0042833607907743,10,7
gemma12_r128_ku500_localedit070,gemma12_r128_ku500_localedit070,scientific-ku-backtranslation-search-localedit-20261010,fresh-bethgelab-298314,3b0b1bc4a2a9d3ec44f9bf4c807085458ce2ab6c4f2643d11352e39b84de334e,generated,9,10,False,8,0.019522776572668113,8,8
gemma12_r128_ku500_localedit070,gemma12_r128_ku500_localedit070,scientific-ku-backtranslation-search-localedit-20261010,fresh-bethgelab-298338,267e702fba238cba07248dd05079384a69ef77c7ffc0f75f670dbbb9a2980c30,generated,9,10,True,5,0.0,17,17
gemma12_r128_ku500_localedit070,gemma12_r128_ku500_localedit070,scientific-ku-backtranslation-search-localedit-20261010,fresh-bethgelab-298346,1e1f2ac3d1cc9101be937c5fc899581b9a9a3042a1ffcfd6b35966b74280a758,generated,9,10,True,5,0.0,11,11
gemma12_r128_ku500_localedit070,gemma12_r128_ku500_localedit070,scientific-ku-backtranslation-search-localedit-20261010,fresh-bethgelab-298333,47abc6ae797ba27368959af8acda4b50cbed1f93b28a6b5b52aa16aee02ab783,generated,9,10,False,11,0.01487603305785124,16,11
gemma12_r128_ku1000_localedit070,gemma12_r128_ku1000_localedit070,scientific-ku-backtranslation-search-localedit-20261010,fresh-arxiv-1599059,978fab3d0eab3ab39b2d03c4ed801eb64741b9abd4c2f231e188fb5dbc5a6dd0,generated,9,10,True,5,0.0,11,11
gemma12_r128_ku1000_localedit070,gemma12_r128_ku1000_localedit070,scientific-ku-backtranslation-search-localedit-20261010,fresh-arxiv-1599067,037114a3d9cc82c9a07232e13f93afd9b946895215cbf9ad2aed2ef6fe9f5203,generated,8,10,False,8,0.013071895424836602,13,13
gemma12_r128_ku1000_localedit070,gemma12_r128_ku1000_localedit070,scientific-ku-backtranslation-search-localedit-20261010,fresh-arxiv-1599052,d7a126611c83d5c6d3bc74ac21a6f61cba909d8ccefc316e9e0fc40a29c9ce80,generated,7,10,True,5,0.0,22,5
gemma12_r128_ku1000_localedit070,gemma12_r128_ku1000_localedit070,scientific-ku-backtranslation-search-localedit-20261010,fresh-arxiv-1599053,4d9cb93b33594d618cf1543b060021e491b2411de270ae615a02b7428f2f8ebd,generated,9,10,True,5,0.0,16,5
gemma12_r128_ku1000_localedit070,gemma12_r128_ku1000_localedit070,scientific-ku-backtranslation-search-localedit-20261010,fresh-arxiv-1599072,69607792a05b1ebb4f5f0a55c42fde76ec004efcb944fc6e10c5af5623ddd3e8,generated,8,10,True,5,0.0,8,8
gemma12_r128_ku1000_localedit070,gemma12_r128_ku1000_localedit070,scientific-ku-backtranslation-search-localedit-20261010,fresh-arxiv-1599097,d858b9bb0f49718b1e23994be451cb0129e05ec36ce46832a09e0a44ac091fc1,generated,6,10,True,5,0.0,6,6
gemma12_r128_ku1000_localedit070,gemma12_r128_ku1000_localedit070,scientific-ku-backtranslation-search-localedit-20261010,fresh-arxiv-1599063,ccda26e9fdd23bb0e76e9584c75aef889c087aeed4f55be03958369447ce8e1e,generated,8,10,True,5,0.0,10,10
gemma12_r128_ku1000_localedit070,gemma12_r128_ku1000_localedit070,scientific-ku-backtranslation-search-localedit-20261010,fresh-arxiv-1599075,2bdae8148a7101b61f43705f3711cf34f17bf94409996574f9ba3f9f9bcca81a,generated,8,10,False,12,0.024702653247941447,20,12
gemma12_r128_ku1000_localedit070,gemma12_r128_ku1000_localedit070,scientific-ku-backtranslation-search-localedit-20261010,fresh-arxiv-1599088,58f078a12f10e6eba8435223b8ee0c993df214f88798aae8c48750f71666a202,generated,9,10,True,5,0.0,12,12
gemma12_r128_ku1000_localedit070,gemma12_r128_ku1000_localedit070,scientific-ku-backtranslation-search-localedit-20261010,fresh-arxiv-1599094,3f0f749365b45fbd1d9c3e2b1403c5416db6eae6d607388eb54cb3e3bf5bb327,generated,7,10,False,9,0.05398230088495575,6,9
gemma12_r128_ku1000_localedit070,gemma12_r128_ku1000_localedit070,scientific-ku-backtranslation-search-localedit-20261010,fresh-bethgelab-298315,116a736e368e08c1fea55e05b6701ca0b7493b0c6a0e2130f1066eb721937b67,generated,9,10,True,5,0.0,18,18
gemma12_r128_ku1000_localedit070,gemma12_r128_ku1000_localedit070,scientific-ku-backtranslation-search-localedit-20261010,fresh-bethgelab-298313,0690496cadbcb6cfdb982f88313524335dc9619a9664096a9e8ebdb7c12b9f6f,generated,10,10,False,11,0.024149286498353458,11,11
gemma12_r128_ku1000_localedit070,gemma12_r128_ku1000_localedit070,scientific-ku-backtranslation-search-localedit-20261010,fresh-bethgelab-298331,b7eff773bb1f99e0ec70566688feff4ba5a0189784a14a115bf01994215833e7,generated,9,10,False,8,0.016705069124423964,23,8
gemma12_r128_ku1000_localedit070,gemma12_r128_ku1000_localedit070,scientific-ku-backtranslation-search-localedit-20261010,fresh-bethgelab-298348,1772fcc1ab95270aa7cf556121f9d9e8e7a51faef3daa49b9cbd014cc6bc888f,generated,8,10,False,6,0.005097706032285472,19,6
gemma12_r128_ku1000_localedit070,gemma12_r128_ku1000_localedit070,scientific-ku-backtranslation-search-localedit-20261010,fresh-bethgelab-298329,e82317ccc5846282768ba3aa221a3efe2a39e3ea8ba3aa388558fb0aa33b3272,generated,9,10,False,11,0.008088235294117648,12,12
gemma12_r128_ku1000_localedit070,gemma12_r128_ku1000_localedit070,scientific-ku-backtranslation-search-localedit-20261010,fresh-bethgelab-298328,153354fcb49dd95b0e53ee11e566e3844966d1decf81ab6546bed01a16b7dc60,generated,9,10,True,5,0.0,10,5
gemma12_r128_ku1000_localedit070,gemma12_r128_ku1000_localedit070,scientific-ku-backtranslation-search-localedit-20261010,fresh-bethgelab-298314,3b0b1bc4a2a9d3ec44f9bf4c807085458ce2ab6c4f2643d11352e39b84de334e,generated,10,10,False,8,0.019766397124887692,8,8
gemma12_r128_ku1000_localedit070,gemma12_r128_ku1000_localedit070,scientific-ku-backtranslation-search-localedit-20261010,fresh-bethgelab-298338,267e702fba238cba07248dd05079384a69ef77c7ffc0f75f670dbbb9a2980c30,generated,8,10,True,5,0.0,17,17
gemma12_r128_ku1000_localedit070,gemma12_r128_ku1000_localedit070,scientific-ku-backtranslation-search-localedit-20261010,fresh-bethgelab-298346,1e1f2ac3d1cc9101be937c5fc899581b9a9a3042a1ffcfd6b35966b74280a758,generated,10,10,True,5,0.0,11,11
gemma12_r128_ku1000_localedit070,gemma12_r128_ku1000_localedit070,scientific-ku-backtranslation-search-localedit-20261010,fresh-bethgelab-298333,47abc6ae797ba27368959af8acda4b50cbed1f93b28a6b5b52aa16aee02ab783,generated,9,10,False,35,0.03762541806020067,16,35
gemma12_r128_ku500_union_after_localedit,gemma12_r128_ku500_union,scientific-ku-backtranslation-search-gemmaedit-20261010,fresh-arxiv-1599059,978fab3d0eab3ab39b2d03c4ed801eb64741b9abd4c2f231e188fb5dbc5a6dd0,generated,10,10,False,9,0.017843866171003718,11,11
gemma12_r128_ku500_union_after_localedit,gemma12_r128_ku500_union,scientific-ku-backtranslation-search-gemmaedit-20261010,fresh-arxiv-1599067,037114a3d9cc82c9a07232e13f93afd9b946895215cbf9ad2aed2ef6fe9f5203,generated,8,10,False,7,0.0028169014084507044,13,13
gemma12_r128_ku500_union_after_localedit,gemma12_r128_ku500_union,scientific-ku-backtranslation-search-gemmaedit-20261010,fresh-arxiv-1599052,d7a126611c83d5c6d3bc74ac21a6f61cba909d8ccefc316e9e0fc40a29c9ce80,generated,9,10,False,6,0.002497918401332223,22,22
gemma12_r128_ku500_union_after_localedit,gemma12_r128_ku500_union,scientific-ku-backtranslation-search-gemmaedit-20261010,fresh-arxiv-1599053,4d9cb93b33594d618cf1543b060021e491b2411de270ae615a02b7428f2f8ebd,generated,9,10,False,11,0.0061902082160945416,16,11
gemma12_r128_ku500_union_after_localedit,gemma12_r128_ku500_union,scientific-ku-backtranslation-search-gemmaedit-20261010,fresh-arxiv-1599072,69607792a05b1ebb4f5f0a55c42fde76ec004efcb944fc6e10c5af5623ddd3e8,generated,10,10,True,5,0.0,8,5
gemma12_r128_ku500_union_after_localedit,gemma12_r128_ku500_union,scientific-ku-backtranslation-search-gemmaedit-20261010,fresh-arxiv-1599097,d858b9bb0f49718b1e23994be451cb0129e05ec36ce46832a09e0a44ac091fc1,generated,9,10,False,7,0.009067357512953367,13,13
gemma12_r128_ku500_union_after_localedit,gemma12_r128_ku500_union,scientific-ku-backtranslation-search-gemmaedit-20261010,fresh-arxiv-1599063,ccda26e9fdd23bb0e76e9584c75aef889c087aeed4f55be03958369447ce8e1e,generated,9,10,False,17,0.01938610662358643,10,17
gemma12_r128_ku500_union_after_localedit,gemma12_r128_ku500_union,scientific-ku-backtranslation-search-gemmaedit-20261010,fresh-arxiv-1599075,2bdae8148a7101b61f43705f3711cf34f17bf94409996574f9ba3f9f9bcca81a,generated,9,10,False,7,0.0069965017491254375,20,7
gemma12_r128_ku500_union_after_localedit,gemma12_r128_ku500_union,scientific-ku-backtranslation-search-gemmaedit-20261010,fresh-arxiv-1599088,58f078a12f10e6eba8435223b8ee0c993df214f88798aae8c48750f71666a202,generated,8,10,False,8,0.005772005772005772,12,12
gemma12_r128_ku500_union_after_localedit,gemma12_r128_ku500_union,scientific-ku-backtranslation-search-gemmaedit-20261010,fresh-arxiv-1599094,3f0f749365b45fbd1d9c3e2b1403c5416db6eae6d607388eb54cb3e3bf5bb327,generated,6,10,False,9,0.05826271186440678,6,9
gemma12_r128_ku500_union_after_localedit,gemma12_r128_ku500_union,scientific-ku-backtranslation-search-gemmaedit-20261010,fresh-bethgelab-298315,116a736e368e08c1fea55e05b6701ca0b7493b0c6a0e2130f1066eb721937b67,generated,9,10,False,6,0.0033917467495760316,18,18
gemma12_r128_ku500_union_after_localedit,gemma12_r128_ku500_union,scientific-ku-backtranslation-search-gemmaedit-20261010,fresh-bethgelab-298313,0690496cadbcb6cfdb982f88313524335dc9619a9664096a9e8ebdb7c12b9f6f,generated,9,10,False,11,0.005863539445628998,11,11
gemma12_r128_ku500_union_after_localedit,gemma12_r128_ku500_union,scientific-ku-backtranslation-search-gemmaedit-20261010,fresh-bethgelab-298331,b7eff773bb1f99e0ec70566688feff4ba5a0189784a14a115bf01994215833e7,generated,9,10,False,11,0.016485575121768452,23,23
gemma12_r128_ku500_union_after_localedit,gemma12_r128_ku500_union,scientific-ku-backtranslation-search-gemmaedit-20261010,fresh-bethgelab-298348,1772fcc1ab95270aa7cf556121f9d9e8e7a51faef3daa49b9cbd014cc6bc888f,generated,7,10,False,6,0.00272975432211101,19,19
gemma12_r128_ku500_union_after_localedit,gemma12_r128_ku500_union,scientific-ku-backtranslation-search-gemmaedit-20261010,fresh-bethgelab-298329,e82317ccc5846282768ba3aa221a3efe2a39e3ea8ba3aa388558fb0aa33b3272,generated,9,10,False,11,0.02279340446168768,12,12
gemma12_r128_ku500_union_after_localedit,gemma12_r128_ku500_union,scientific-ku-backtranslation-search-gemmaedit-20261010,fresh-bethgelab-298328,153354fcb49dd95b0e53ee11e566e3844966d1decf81ab6546bed01a16b7dc60,generated,10,10,False,7,0.006262359920896506,10,7
gemma12_r128_ku500_union_after_localedit,gemma12_r128_ku500_union,scientific-ku-backtranslation-search-gemmaedit-20261010,fresh-bethgelab-298314,3b0b1bc4a2a9d3ec44f9bf4c807085458ce2ab6c4f2643d11352e39b84de334e,generated,9,10,False,8,0.019522776572668113,8,8
gemma12_r128_ku500_union_after_localedit,gemma12_r128_ku500_union,scientific-ku-backtranslation-search-gemmaedit-20261010,fresh-bethgelab-298338,267e702fba238cba07248dd05079384a69ef77c7ffc0f75f670dbbb9a2980c30,generated,9,10,True,5,0.0,17,17
gemma12_r128_ku500_union_after_localedit,gemma12_r128_ku500_union,scientific-ku-backtranslation-search-gemmaedit-20261010,fresh-bethgelab-298346,1e1f2ac3d1cc9101be937c5fc899581b9a9a3042a1ffcfd6b35966b74280a758,generated,9,10,True,5,0.0,11,11
gemma12_r128_ku500_union_after_localedit,gemma12_r128_ku500_union,scientific-ku-backtranslation-search-gemmaedit-20261010,fresh-bethgelab-298333,47abc6ae797ba27368959af8acda4b50cbed1f93b28a6b5b52aa16aee02ab783,generated,9,10,False,11,0.01487603305785124,16,11
gemma12_r128_ku1000_union_after_localedit,gemma12_r128_ku1000_union,scientific-ku-backtranslation-search-gemmaedit-20261010,fresh-arxiv-1599059,978fab3d0eab3ab39b2d03c4ed801eb64741b9abd4c2f231e188fb5dbc5a6dd0,generated,9,10,True,5,0.0,11,11
gemma12_r128_ku1000_union_after_localedit,gemma12_r128_ku1000_union,scientific-ku-backtranslation-search-gemmaedit-20261010,fresh-arxiv-1599067,037114a3d9cc82c9a07232e13f93afd9b946895215cbf9ad2aed2ef6fe9f5203,generated,8,10,False,8,0.013071895424836602,13,13
gemma12_r128_ku1000_union_after_localedit,gemma12_r128_ku1000_union,scientific-ku-backtranslation-search-gemmaedit-20261010,fresh-arxiv-1599052,d7a126611c83d5c6d3bc74ac21a6f61cba909d8ccefc316e9e0fc40a29c9ce80,generated,7,10,True,5,0.0,22,5
gemma12_r128_ku1000_union_after_localedit,gemma12_r128_ku1000_union,scientific-ku-backtranslation-search-gemmaedit-20261010,fresh-arxiv-1599053,4d9cb93b33594d618cf1543b060021e491b2411de270ae615a02b7428f2f8ebd,generated,9,10,True,5,0.0,16,5
gemma12_r128_ku1000_union_after_localedit,gemma12_r128_ku1000_union,scientific-ku-backtranslation-search-gemmaedit-20261010,fresh-arxiv-1599072,69607792a05b1ebb4f5f0a55c42fde76ec004efcb944fc6e10c5af5623ddd3e8,generated,8,10,True,5,0.0,8,8
gemma12_r128_ku1000_union_after_localedit,gemma12_r128_ku1000_union,scientific-ku-backtranslation-search-gemmaedit-20261010,fresh-arxiv-1599097,d858b9bb0f49718b1e23994be451cb0129e05ec36ce46832a09e0a44ac091fc1,generated,6,10,True,5,0.0,6,6
gemma12_r128_ku1000_union_after_localedit,gemma12_r128_ku1000_union,scientific-ku-backtranslation-search-gemmaedit-20261010,fresh-arxiv-1599063,ccda26e9fdd23bb0e76e9584c75aef889c087aeed4f55be03958369447ce8e1e,generated,8,10,True,5,0.0,10,10
gemma12_r128_ku1000_union_after_localedit,gemma12_r128_ku1000_union,scientific-ku-backtranslation-search-gemmaedit-20261010,fresh-arxiv-1599075,2bdae8148a7101b61f43705f3711cf34f17bf94409996574f9ba3f9f9bcca81a,generated,8,10,False,12,0.024702653247941447,20,12
gemma12_r128_ku1000_union_after_localedit,gemma12_r128_ku1000_union,scientific-ku-backtranslation-search-gemmaedit-20261010,fresh-arxiv-1599088,58f078a12f10e6eba8435223b8ee0c993df214f88798aae8c48750f71666a202,generated,9,10,True,5,0.0,12,12
gemma12_r128_ku1000_union_after_localedit,gemma12_r128_ku1000_union,scientific-ku-backtranslation-search-gemmaedit-20261010,fresh-arxiv-1599094,3f0f749365b45fbd1d9c3e2b1403c5416db6eae6d607388eb54cb3e3bf5bb327,generated,7,10,False,9,0.05398230088495575,6,9
gemma12_r128_ku1000_union_after_localedit,gemma12_r128_ku1000_union,scientific-ku-backtranslation-search-gemmaedit-20261010,fresh-bethgelab-298315,116a736e368e08c1fea55e05b6701ca0b7493b0c6a0e2130f1066eb721937b67,generated,9,10,True,5,0.0,18,18
gemma12_r128_ku1000_union_after_localedit,gemma12_r128_ku1000_union,scientific-ku-backtranslation-search-gemmaedit-20261010,fresh-bethgelab-298313,0690496cadbcb6cfdb982f88313524335dc9619a9664096a9e8ebdb7c12b9f6f,generated,10,10,False,11,0.024149286498353458,11,11
gemma12_r128_ku1000_union_after_localedit,gemma12_r128_ku1000_union,scientific-ku-backtranslation-search-gemmaedit-20261010,fresh-bethgelab-298331,b7eff773bb1f99e0ec70566688feff4ba5a0189784a14a115bf01994215833e7,generated,9,10,False,8,0.016705069124423964,23,8
gemma12_r128_ku1000_union_after_localedit,gemma12_r128_ku1000_union,scientific-ku-backtranslation-search-gemmaedit-20261010,fresh-bethgelab-298348,1772fcc1ab95270aa7cf556121f9d9e8e7a51faef3daa49b9cbd014cc6bc888f,generated,8,10,False,6,0.005097706032285472,19,6
gemma12_r128_ku1000_union_after_localedit,gemma12_r128_ku1000_union,scientific-ku-backtranslation-search-gemmaedit-20261010,fresh-bethgelab-298329,e82317ccc5846282768ba3aa221a3efe2a39e3ea8ba3aa388558fb0aa33b3272,generated,9,10,False,11,0.008088235294117648,12,12
gemma12_r128_ku1000_union_after_localedit,gemma12_r128_ku1000_union,scientific-ku-backtranslation-search-gemmaedit-20261010,fresh-bethgelab-298328,153354fcb49dd95b0e53ee11e566e3844966d1decf81ab6546bed01a16b7dc60,generated,9,10,True,5,0.0,10,5
gemma12_r128_ku1000_union_after_localedit,gemma12_r128_ku1000_union,scientific-ku-backtranslation-search-gemmaedit-20261010,fresh-bethgelab-298314,3b0b1bc4a2a9d3ec44f9bf4c807085458ce2ab6c4f2643d11352e39b84de334e,generated,10,10,False,8,0.019766397124887692,8,8
gemma12_r128_ku1000_union_after_localedit,gemma12_r128_ku1000_union,scientific-ku-backtranslation-search-gemmaedit-20261010,fresh-bethgelab-298338,267e702fba238cba07248dd05079384a69ef77c7ffc0f75f670dbbb9a2980c30,generated,8,10,True,5,0.0,17,17
gemma12_r128_ku1000_union_after_localedit,gemma12_r128_ku1000_union,scientific-ku-backtranslation-search-gemmaedit-20261010,fresh-bethgelab-298346,1e1f2ac3d1cc9101be937c5fc899581b9a9a3042a1ffcfd6b35966b74280a758,generated,10,10,True,5,0.0,11,11
gemma12_r128_ku1000_union_after_localedit,gemma12_r128_ku1000_union,scientific-ku-backtranslation-search-gemmaedit-20261010,fresh-bethgelab-298333,47abc6ae797ba27368959af8acda4b50cbed1f93b28a6b5b52aa16aee02ab783,generated,9,10,False,35,0.03762541806020067,16,35
gemma12_r128_ku500_gemmaedit,gemma12_r128_ku500_gemmaedit,scientific-ku-backtranslation-search-gemmaedit-20261010,fresh-arxiv-1599059,978fab3d0eab3ab39b2d03c4ed801eb64741b9abd4c2f231e188fb5dbc5a6dd0,generated,10,10,False,9,0.017843866171003718,11,11
gemma12_r128_ku500_gemmaedit,gemma12_r128_ku500_gemmaedit,scientific-ku-backtranslation-search-gemmaedit-20261010,fresh-arxiv-1599067,037114a3d9cc82c9a07232e13f93afd9b946895215cbf9ad2aed2ef6fe9f5203,generated,8,10,True,5,0.0,13,13
gemma12_r128_ku500_gemmaedit,gemma12_r128_ku500_gemmaedit,scientific-ku-backtranslation-search-gemmaedit-20261010,fresh-arxiv-1599052,d7a126611c83d5c6d3bc74ac21a6f61cba909d8ccefc316e9e0fc40a29c9ce80,generated,9,10,True,5,0.0,22,22
gemma12_r128_ku500_gemmaedit,gemma12_r128_ku500_gemmaedit,scientific-ku-backtranslation-search-gemmaedit-20261010,fresh-arxiv-1599053,4d9cb93b33594d618cf1543b060021e491b2411de270ae615a02b7428f2f8ebd,generated,9,10,True,5,0.0,16,8
gemma12_r128_ku500_gemmaedit,gemma12_r128_ku500_gemmaedit,scientific-ku-backtranslation-search-gemmaedit-20261010,fresh-arxiv-1599072,69607792a05b1ebb4f5f0a55c42fde76ec004efcb944fc6e10c5af5623ddd3e8,generated,10,10,True,5,0.0,8,5
gemma12_r128_ku500_gemmaedit,gemma12_r128_ku500_gemmaedit,scientific-ku-backtranslation-search-gemmaedit-20261010,fresh-arxiv-1599097,d858b9bb0f49718b1e23994be451cb0129e05ec36ce46832a09e0a44ac091fc1,generated,9,10,False,7,0.003023758099352052,13,13
gemma12_r128_ku500_gemmaedit,gemma12_r128_ku500_gemmaedit,scientific-ku-backtranslation-search-gemmaedit-20261010,fresh-arxiv-1599063,ccda26e9fdd23bb0e76e9584c75aef889c087aeed4f55be03958369447ce8e1e,generated,9,10,False,17,0.0137429264349232,10,17
gemma12_r128_ku500_gemmaedit,gemma12_r128_ku500_gemmaedit,scientific-ku-backtranslation-search-gemmaedit-20261010,fresh-arxiv-1599075,2bdae8148a7101b61f43705f3711cf34f17bf94409996574f9ba3f9f9bcca81a,generated,9,10,True,5,0.0,20,5
gemma12_r128_ku500_gemmaedit,gemma12_r128_ku500_gemmaedit,scientific-ku-backtranslation-search-gemmaedit-20261010,fresh-arxiv-1599088,58f078a12f10e6eba8435223b8ee0c993df214f88798aae8c48750f71666a202,generated,8,10,True,5,0.0,12,12
gemma12_r128_ku500_gemmaedit,gemma12_r128_ku500_gemmaedit,scientific-ku-backtranslation-search-gemmaedit-20261010,fresh-arxiv-1599094,3f0f749365b45fbd1d9c3e2b1403c5416db6eae6d607388eb54cb3e3bf5bb327,generated,6,10,False,9,0.02872340425531915,6,9
gemma12_r128_ku500_gemmaedit,gemma12_r128_ku500_gemmaedit,scientific-ku-backtranslation-search-gemmaedit-20261010,fresh-bethgelab-298315,116a736e368e08c1fea55e05b6701ca0b7493b0c6a0e2130f1066eb721937b67,generated,9,10,True,5,0.0,18,18
gemma12_r128_ku500_gemmaedit,gemma12_r128_ku500_gemmaedit,scientific-ku-backtranslation-search-gemmaedit-20261010,fresh-bethgelab-298313,0690496cadbcb6cfdb982f88313524335dc9619a9664096a9e8ebdb7c12b9f6f,generated,9,10,False,11,0.005863539445628998,11,11
gemma12_r128_ku500_gemmaedit,gemma12_r128_ku500_gemmaedit,scientific-ku-backtranslation-search-gemmaedit-20261010,fresh-bethgelab-298331,b7eff773bb1f99e0ec70566688feff4ba5a0189784a14a115bf01994215833e7,generated,9,10,False,11,0.011235955056179775,23,23
gemma12_r128_ku500_gemmaedit,gemma12_r128_ku500_gemmaedit,scientific-ku-backtranslation-search-gemmaedit-20261010,fresh-bethgelab-298348,1772fcc1ab95270aa7cf556121f9d9e8e7a51faef3daa49b9cbd014cc6bc888f,generated,7,10,True,5,0.0,19,19
gemma12_r128_ku500_gemmaedit,gemma12_r128_ku500_gemmaedit,scientific-ku-backtranslation-search-gemmaedit-20261010,fresh-bethgelab-298329,e82317ccc5846282768ba3aa221a3efe2a39e3ea8ba3aa388558fb0aa33b3272,generated,9,10,False,11,0.018932038834951457,12,12
gemma12_r128_ku500_gemmaedit,gemma12_r128_ku500_gemmaedit,scientific-ku-backtranslation-search-gemmaedit-20261010,fresh-bethgelab-298328,153354fcb49dd95b0e53ee11e566e3844966d1decf81ab6546bed01a16b7dc60,generated,9,10,False,7,0.0042847725774555045,10,7
gemma12_r128_ku500_gemmaedit,gemma12_r128_ku500_gemmaedit,scientific-ku-backtranslation-search-gemmaedit-20261010,fresh-bethgelab-298314,3b0b1bc4a2a9d3ec44f9bf4c807085458ce2ab6c4f2643d11352e39b84de334e,generated,9,10,False,7,0.015192620727075421,8,8
gemma12_r128_ku500_gemmaedit,gemma12_r128_ku500_gemmaedit,scientific-ku-backtranslation-search-gemmaedit-20261010,fresh-bethgelab-298338,267e702fba238cba07248dd05079384a69ef77c7ffc0f75f670dbbb9a2980c30,generated,9,10,True,5,0.0,17,17
gemma12_r128_ku500_gemmaedit,gemma12_r128_ku500_gemmaedit,scientific-ku-backtranslation-search-gemmaedit-20261010,fresh-bethgelab-298346,1e1f2ac3d1cc9101be937c5fc899581b9a9a3042a1ffcfd6b35966b74280a758,generated,9,10,True,5,0.0,11,11
gemma12_r128_ku500_gemmaedit,gemma12_r128_ku500_gemmaedit,scientific-ku-backtranslation-search-gemmaedit-20261010,fresh-bethgelab-298333,47abc6ae797ba27368959af8acda4b50cbed1f93b28a6b5b52aa16aee02ab783,generated,9,10,False,11,0.01487603305785124,16,11
gemma12_r128_ku1000_gemmaedit,gemma12_r128_ku1000_gemmaedit,scientific-ku-backtranslation-search-gemmaedit-20261010,fresh-arxiv-1599059,978fab3d0eab3ab39b2d03c4ed801eb64741b9abd4c2f231e188fb5dbc5a6dd0,generated,9,10,True,5,0.0,11,11
gemma12_r128_ku1000_gemmaedit,gemma12_r128_ku1000_gemmaedit,scientific-ku-backtranslation-search-gemmaedit-20261010,fresh-arxiv-1599067,037114a3d9cc82c9a07232e13f93afd9b946895215cbf9ad2aed2ef6fe9f5203,generated,8,10,False,8,0.013071895424836602,13,13
gemma12_r128_ku1000_gemmaedit,gemma12_r128_ku1000_gemmaedit,scientific-ku-backtranslation-search-gemmaedit-20261010,fresh-arxiv-1599052,d7a126611c83d5c6d3bc74ac21a6f61cba909d8ccefc316e9e0fc40a29c9ce80,generated,7,10,True,5,0.0,22,5
gemma12_r128_ku1000_gemmaedit,gemma12_r128_ku1000_gemmaedit,scientific-ku-backtranslation-search-gemmaedit-20261010,fresh-arxiv-1599053,4d9cb93b33594d618cf1543b060021e491b2411de270ae615a02b7428f2f8ebd,generated,9,10,True,5,0.0,16,5
gemma12_r128_ku1000_gemmaedit,gemma12_r128_ku1000_gemmaedit,scientific-ku-backtranslation-search-gemmaedit-20261010,fresh-arxiv-1599072,69607792a05b1ebb4f5f0a55c42fde76ec004efcb944fc6e10c5af5623ddd3e8,generated,8,10,True,5,0.0,8,8
gemma12_r128_ku1000_gemmaedit,gemma12_r128_ku1000_gemmaedit,scientific-ku-backtranslation-search-gemmaedit-20261010,fresh-arxiv-1599097,d858b9bb0f49718b1e23994be451cb0129e05ec36ce46832a09e0a44ac091fc1,generated,6,10,True,5,0.0,6,6
gemma12_r128_ku1000_gemmaedit,gemma12_r128_ku1000_gemmaedit,scientific-ku-backtranslation-search-gemmaedit-20261010,fresh-arxiv-1599063,ccda26e9fdd23bb0e76e9584c75aef889c087aeed4f55be03958369447ce8e1e,generated,8,10,True,5,0.0,10,10
gemma12_r128_ku1000_gemmaedit,gemma12_r128_ku1000_gemmaedit,scientific-ku-backtranslation-search-gemmaedit-20261010,fresh-arxiv-1599075,2bdae8148a7101b61f43705f3711cf34f17bf94409996574f9ba3f9f9bcca81a,generated,8,10,False,12,0.024702653247941447,20,12
gemma12_r128_ku1000_gemmaedit,gemma12_r128_ku1000_gemmaedit,scientific-ku-backtranslation-search-gemmaedit-20261010,fresh-arxiv-1599088,58f078a12f10e6eba8435223b8ee0c993df214f88798aae8c48750f71666a202,generated,9,10,True,5,0.0,12,12
gemma12_r128_ku1000_gemmaedit,gemma12_r128_ku1000_gemmaedit,scientific-ku-backtranslation-search-gemmaedit-20261010,fresh-arxiv-1599094,3f0f749365b45fbd1d9c3e2b1403c5416db6eae6d607388eb54cb3e3bf5bb327,generated,7,10,False,9,0.03454384410983171,6,9
gemma12_r128_ku1000_gemmaedit,gemma12_r128_ku1000_gemmaedit,scientific-ku-backtranslation-search-gemmaedit-20261010,fresh-bethgelab-298315,116a736e368e08c1fea55e05b6701ca0b7493b0c6a0e2130f1066eb721937b67,generated,9,10,True,5,0.0,18,18
gemma12_r128_ku1000_gemmaedit,gemma12_r128_ku1000_gemmaedit,scientific-ku-backtranslation-search-gemmaedit-20261010,fresh-bethgelab-298313,0690496cadbcb6cfdb982f88313524335dc9619a9664096a9e8ebdb7c12b9f6f,generated,10,10,False,11,0.024149286498353458,11,11
gemma12_r128_ku1000_gemmaedit,gemma12_r128_ku1000_gemmaedit,scientific-ku-backtranslation-search-gemmaedit-20261010,fresh-bethgelab-298331,b7eff773bb1f99e0ec70566688feff4ba5a0189784a14a115bf01994215833e7,generated,9,10,False,8,0.013248847926267281,23,8
gemma12_r128_ku1000_gemmaedit,gemma12_r128_ku1000_gemmaedit,scientific-ku-backtranslation-search-gemmaedit-20261010,fresh-bethgelab-298348,1772fcc1ab95270aa7cf556121f9d9e8e7a51faef3daa49b9cbd014cc6bc888f,generated,8,10,True,5,0.0,19,5
gemma12_r128_ku1000_gemmaedit,gemma12_r128_ku1000_gemmaedit,scientific-ku-backtranslation-search-gemmaedit-20261010,fresh-bethgelab-298329,e82317ccc5846282768ba3aa221a3efe2a39e3ea8ba3aa388558fb0aa33b3272,generated,9,10,False,11,0.008088235294117648,12,12
gemma12_r128_ku1000_gemmaedit,gemma12_r128_ku1000_gemmaedit,scientific-ku-backtranslation-search-gemmaedit-20261010,fresh-bethgelab-298328,153354fcb49dd95b0e53ee11e566e3844966d1decf81ab6546bed01a16b7dc60,generated,9,10,True,5,0.0,10,5
gemma12_r128_ku1000_gemmaedit,gemma12_r128_ku1000_gemmaedit,scientific-ku-backtranslation-search-gemmaedit-20261010,fresh-bethgelab-298314,3b0b1bc4a2a9d3ec44f9bf4c807085458ce2ab6c4f2643d11352e39b84de334e,generated,10,10,False,7,0.012589928057553957,8,8
gemma12_r128_ku1000_gemmaedit,gemma12_r128_ku1000_gemmaedit,scientific-ku-backtranslation-search-gemmaedit-20261010,fresh-bethgelab-298338,267e702fba238cba07248dd05079384a69ef77c7ffc0f75f670dbbb9a2980c30,generated,8,10,True,5,0.0,17,17
gemma12_r128_ku1000_gemmaedit,gemma12_r128_ku1000_gemmaedit,scientific-ku-backtranslation-search-gemmaedit-20261010,fresh-bethgelab-298346,1e1f2ac3d1cc9101be937c5fc899581b9a9a3042a1ffcfd6b35966b74280a758,generated,10,10,True,5,0.0,11,11
gemma12_r128_ku1000_gemmaedit,gemma12_r128_ku1000_gemmaedit,scientific-ku-backtranslation-search-gemmaedit-20261010,fresh-bethgelab-298333,47abc6ae797ba27368959af8acda4b50cbed1f93b28a6b5b52aa16aee02ab783,generated,9,10,False,35,0.02921535893155259,16,35
gemma12_r128_ku500_gemmaedit080,gemma12_r128_ku500_gemmaedit080,scientific-ku-backtranslation-search-gemmaedit-20261010,fresh-arxiv-1599059,978fab3d0eab3ab39b2d03c4ed801eb64741b9abd4c2f231e188fb5dbc5a6dd0,generated,10,10,False,9,0.017843866171003718,11,11
gemma12_r128_ku500_gemmaedit080,gemma12_r128_ku500_gemmaedit080,scientific-ku-backtranslation-search-gemmaedit-20261010,fresh-arxiv-1599067,037114a3d9cc82c9a07232e13f93afd9b946895215cbf9ad2aed2ef6fe9f5203,generated,8,10,True,5,0.0,13,13
gemma12_r128_ku500_gemmaedit080,gemma12_r128_ku500_gemmaedit080,scientific-ku-backtranslation-search-gemmaedit-20261010,fresh-arxiv-1599052,d7a126611c83d5c6d3bc74ac21a6f61cba909d8ccefc316e9e0fc40a29c9ce80,generated,9,10,True,5,0.0,22,22
gemma12_r128_ku500_gemmaedit080,gemma12_r128_ku500_gemmaedit080,scientific-ku-backtranslation-search-gemmaedit-20261010,fresh-arxiv-1599053,4d9cb93b33594d618cf1543b060021e491b2411de270ae615a02b7428f2f8ebd,generated,9,10,True,5,0.0,16,8
gemma12_r128_ku500_gemmaedit080,gemma12_r128_ku500_gemmaedit080,scientific-ku-backtranslation-search-gemmaedit-20261010,fresh-arxiv-1599072,69607792a05b1ebb4f5f0a55c42fde76ec004efcb944fc6e10c5af5623ddd3e8,generated,10,10,True,5,0.0,8,5
gemma12_r128_ku500_gemmaedit080,gemma12_r128_ku500_gemmaedit080,scientific-ku-backtranslation-search-gemmaedit-20261010,fresh-arxiv-1599097,d858b9bb0f49718b1e23994be451cb0129e05ec36ce46832a09e0a44ac091fc1,generated,9,10,False,7,0.003023758099352052,13,13
gemma12_r128_ku500_gemmaedit080,gemma12_r128_ku500_gemmaedit080,scientific-ku-backtranslation-search-gemmaedit-20261010,fresh-arxiv-1599063,ccda26e9fdd23bb0e76e9584c75aef889c087aeed4f55be03958369447ce8e1e,generated,9,10,False,17,0.0137429264349232,10,17
gemma12_r128_ku500_gemmaedit080,gemma12_r128_ku500_gemmaedit080,scientific-ku-backtranslation-search-gemmaedit-20261010,fresh-arxiv-1599075,2bdae8148a7101b61f43705f3711cf34f17bf94409996574f9ba3f9f9bcca81a,generated,9,10,True,5,0.0,20,5
gemma12_r128_ku500_gemmaedit080,gemma12_r128_ku500_gemmaedit080,scientific-ku-backtranslation-search-gemmaedit-20261010,fresh-arxiv-1599088,58f078a12f10e6eba8435223b8ee0c993df214f88798aae8c48750f71666a202,generated,8,10,True,5,0.0,12,12
gemma12_r128_ku500_gemmaedit080,gemma12_r128_ku500_gemmaedit080,scientific-ku-backtranslation-search-gemmaedit-20261010,fresh-arxiv-1599094,3f0f749365b45fbd1d9c3e2b1403c5416db6eae6d607388eb54cb3e3bf5bb327,generated,6,10,False,9,0.02872340425531915,6,9
gemma12_r128_ku500_gemmaedit080,gemma12_r128_ku500_gemmaedit080,scientific-ku-backtranslation-search-gemmaedit-20261010,fresh-bethgelab-298315,116a736e368e08c1fea55e05b6701ca0b7493b0c6a0e2130f1066eb721937b67,generated,9,10,True,5,0.0,18,18
gemma12_r128_ku500_gemmaedit080,gemma12_r128_ku500_gemmaedit080,scientific-ku-backtranslation-search-gemmaedit-20261010,fresh-bethgelab-298313,0690496cadbcb6cfdb982f88313524335dc9619a9664096a9e8ebdb7c12b9f6f,generated,9,10,False,11,0.005863539445628998,11,11
gemma12_r128_ku500_gemmaedit080,gemma12_r128_ku500_gemmaedit080,scientific-ku-backtranslation-search-gemmaedit-20261010,fresh-bethgelab-298331,b7eff773bb1f99e0ec70566688feff4ba5a0189784a14a115bf01994215833e7,generated,9,10,False,11,0.011235955056179775,23,23
gemma12_r128_ku500_gemmaedit080,gemma12_r128_ku500_gemmaedit080,scientific-ku-backtranslation-search-gemmaedit-20261010,fresh-bethgelab-298348,1772fcc1ab95270aa7cf556121f9d9e8e7a51faef3daa49b9cbd014cc6bc888f,generated,7,10,True,5,0.0,19,19
gemma12_r128_ku500_gemmaedit080,gemma12_r128_ku500_gemmaedit080,scientific-ku-backtranslation-search-gemmaedit-20261010,fresh-bethgelab-298329,e82317ccc5846282768ba3aa221a3efe2a39e3ea8ba3aa388558fb0aa33b3272,generated,9,10,False,11,0.018932038834951457,12,12
gemma12_r128_ku500_gemmaedit080,gemma12_r128_ku500_gemmaedit080,scientific-ku-backtranslation-search-gemmaedit-20261010,fresh-bethgelab-298328,153354fcb49dd95b0e53ee11e566e3844966d1decf81ab6546bed01a16b7dc60,generated,10,10,False,7,0.0042847725774555045,10,7
gemma12_r128_ku500_gemmaedit080,gemma12_r128_ku500_gemmaedit080,scientific-ku-backtranslation-search-gemmaedit-20261010,fresh-bethgelab-298314,3b0b1bc4a2a9d3ec44f9bf4c807085458ce2ab6c4f2643d11352e39b84de334e,generated,9,10,False,7,0.015192620727075421,8,8
gemma12_r128_ku500_gemmaedit080,gemma12_r128_ku500_gemmaedit080,scientific-ku-backtranslation-search-gemmaedit-20261010,fresh-bethgelab-298338,267e702fba238cba07248dd05079384a69ef77c7ffc0f75f670dbbb9a2980c30,generated,9,10,True,5,0.0,17,17
gemma12_r128_ku500_gemmaedit080,gemma12_r128_ku500_gemmaedit080,scientific-ku-backtranslation-search-gemmaedit-20261010,fresh-bethgelab-298346,1e1f2ac3d1cc9101be937c5fc899581b9a9a3042a1ffcfd6b35966b74280a758,generated,9,10,True,5,0.0,11,11
gemma12_r128_ku500_gemmaedit080,gemma12_r128_ku500_gemmaedit080,scientific-ku-backtranslation-search-gemmaedit-20261010,fresh-bethgelab-298333,47abc6ae797ba27368959af8acda4b50cbed1f93b28a6b5b52aa16aee02ab783,generated,9,10,False,11,0.01487603305785124,16,11
gemma12_r128_ku1000_gemmaedit080,gemma12_r128_ku1000_gemmaedit080,scientific-ku-backtranslation-search-gemmaedit-20261010,fresh-arxiv-1599059,978fab3d0eab3ab39b2d03c4ed801eb64741b9abd4c2f231e188fb5dbc5a6dd0,generated,9,10,True,5,0.0,11,11
gemma12_r128_ku1000_gemmaedit080,gemma12_r128_ku1000_gemmaedit080,scientific-ku-backtranslation-search-gemmaedit-20261010,fresh-arxiv-1599067,037114a3d9cc82c9a07232e13f93afd9b946895215cbf9ad2aed2ef6fe9f5203,generated,8,10,False,8,0.013071895424836602,13,13
gemma12_r128_ku1000_gemmaedit080,gemma12_r128_ku1000_gemmaedit080,scientific-ku-backtranslation-search-gemmaedit-20261010,fresh-arxiv-1599052,d7a126611c83d5c6d3bc74ac21a6f61cba909d8ccefc316e9e0fc40a29c9ce80,generated,7,10,True,5,0.0,22,5
gemma12_r128_ku1000_gemmaedit080,gemma12_r128_ku1000_gemmaedit080,scientific-ku-backtranslation-search-gemmaedit-20261010,fresh-arxiv-1599053,4d9cb93b33594d618cf1543b060021e491b2411de270ae615a02b7428f2f8ebd,generated,9,10,True,5,0.0,16,5
gemma12_r128_ku1000_gemmaedit080,gemma12_r128_ku1000_gemmaedit080,scientific-ku-backtranslation-search-gemmaedit-20261010,fresh-arxiv-1599072,69607792a05b1ebb4f5f0a55c42fde76ec004efcb944fc6e10c5af5623ddd3e8,generated,8,10,True,5,0.0,8,8
gemma12_r128_ku1000_gemmaedit080,gemma12_r128_ku1000_gemmaedit080,scientific-ku-backtranslation-search-gemmaedit-20261010,fresh-arxiv-1599097,d858b9bb0f49718b1e23994be451cb0129e05ec36ce46832a09e0a44ac091fc1,generated,6,10,True,5,0.0,6,6
gemma12_r128_ku1000_gemmaedit080,gemma12_r128_ku1000_gemmaedit080,scientific-ku-backtranslation-search-gemmaedit-20261010,fresh-arxiv-1599063,ccda26e9fdd23bb0e76e9584c75aef889c087aeed4f55be03958369447ce8e1e,generated,8,10,True,5,0.0,10,10
gemma12_r128_ku1000_gemmaedit080,gemma12_r128_ku1000_gemmaedit080,scientific-ku-backtranslation-search-gemmaedit-20261010,fresh-arxiv-1599075,2bdae8148a7101b61f43705f3711cf34f17bf94409996574f9ba3f9f9bcca81a,generated,8,10,False,12,0.010978956999085087,20,12
gemma12_r128_ku1000_gemmaedit080,gemma12_r128_ku1000_gemmaedit080,scientific-ku-backtranslation-search-gemmaedit-20261010,fresh-arxiv-1599088,58f078a12f10e6eba8435223b8ee0c993df214f88798aae8c48750f71666a202,generated,9,10,True,5,0.0,12,12
gemma12_r128_ku1000_gemmaedit080,gemma12_r128_ku1000_gemmaedit080,scientific-ku-backtranslation-search-gemmaedit-20261010,fresh-arxiv-1599094,3f0f749365b45fbd1d9c3e2b1403c5416db6eae6d607388eb54cb3e3bf5bb327,generated,7,10,False,9,0.03454384410983171,6,9
gemma12_r128_ku1000_gemmaedit080,gemma12_r128_ku1000_gemmaedit080,scientific-ku-backtranslation-search-gemmaedit-20261010,fresh-bethgelab-298315,116a736e368e08c1fea55e05b6701ca0b7493b0c6a0e2130f1066eb721937b67,generated,9,10,True,5,0.0,18,18
gemma12_r128_ku1000_gemmaedit080,gemma12_r128_ku1000_gemmaedit080,scientific-ku-backtranslation-search-gemmaedit-20261010,fresh-bethgelab-298313,0690496cadbcb6cfdb982f88313524335dc9619a9664096a9e8ebdb7c12b9f6f,generated,10,10,False,11,0.024149286498353458,11,11
gemma12_r128_ku1000_gemmaedit080,gemma12_r128_ku1000_gemmaedit080,scientific-ku-backtranslation-search-gemmaedit-20261010,fresh-bethgelab-298331,b7eff773bb1f99e0ec70566688feff4ba5a0189784a14a115bf01994215833e7,generated,9,10,False,8,0.013248847926267281,23,8
gemma12_r128_ku1000_gemmaedit080,gemma12_r128_ku1000_gemmaedit080,scientific-ku-backtranslation-search-gemmaedit-20261010,fresh-bethgelab-298348,1772fcc1ab95270aa7cf556121f9d9e8e7a51faef3daa49b9cbd014cc6bc888f,generated,8,10,True,5,0.0,19,5
gemma12_r128_ku1000_gemmaedit080,gemma12_r128_ku1000_gemmaedit080,scientific-ku-backtranslation-search-gemmaedit-20261010,fresh-bethgelab-298329,e82317ccc5846282768ba3aa221a3efe2a39e3ea8ba3aa388558fb0aa33b3272,generated,9,10,False,11,0.008088235294117648,12,12
gemma12_r128_ku1000_gemmaedit080,gemma12_r128_ku1000_gemmaedit080,scientific-ku-backtranslation-search-gemmaedit-20261010,fresh-bethgelab-298328,153354fcb49dd95b0e53ee11e566e3844966d1decf81ab6546bed01a16b7dc60,generated,9,10,True,5,0.0,10,5
gemma12_r128_ku1000_gemmaedit080,gemma12_r128_ku1000_gemmaedit080,scientific-ku-backtranslation-search-gemmaedit-20261010,fresh-bethgelab-298314,3b0b1bc4a2a9d3ec44f9bf4c807085458ce2ab6c4f2643d11352e39b84de334e,generated,10,10,False,7,0.012589928057553957,8,8
gemma12_r128_ku1000_gemmaedit080,gemma12_r128_ku1000_gemmaedit080,scientific-ku-backtranslation-search-gemmaedit-20261010,fresh-bethgelab-298338,267e702fba238cba07248dd05079384a69ef77c7ffc0f75f670dbbb9a2980c30,generated,8,10,True,5,0.0,17,17
gemma12_r128_ku1000_gemmaedit080,gemma12_r128_ku1000_gemmaedit080,scientific-ku-backtranslation-search-gemmaedit-20261010,fresh-bethgelab-298346,1e1f2ac3d1cc9101be937c5fc899581b9a9a3042a1ffcfd6b35966b74280a758,generated,10,10,True,5,0.0,11,11
gemma12_r128_ku1000_gemmaedit080,gemma12_r128_ku1000_gemmaedit080,scientific-ku-backtranslation-search-gemmaedit-20261010,fresh-bethgelab-298333,47abc6ae797ba27368959af8acda4b50cbed1f93b28a6b5b52aa16aee02ab783,generated,9,10,False,35,0.02921535893155259,16,35
gemma12_r128_ku500_gemmaedit070,gemma12_r128_ku500_gemmaedit070,scientific-ku-backtranslation-search-gemmaedit-20261010,fresh-arxiv-1599059,978fab3d0eab3ab39b2d03c4ed801eb64741b9abd4c2f231e188fb5dbc5a6dd0,generated,10,10,False,9,0.017843866171003718,11,11
gemma12_r128_ku500_gemmaedit070,gemma12_r128_ku500_gemmaedit070,scientific-ku-backtranslation-search-gemmaedit-20261010,fresh-arxiv-1599067,037114a3d9cc82c9a07232e13f93afd9b946895215cbf9ad2aed2ef6fe9f5203,generated,8,10,True,5,0.0,13,13
gemma12_r128_ku500_gemmaedit070,gemma12_r128_ku500_gemmaedit070,scientific-ku-backtranslation-search-gemmaedit-20261010,fresh-arxiv-1599052,d7a126611c83d5c6d3bc74ac21a6f61cba909d8ccefc316e9e0fc40a29c9ce80,generated,9,10,True,5,0.0,22,22
gemma12_r128_ku500_gemmaedit070,gemma12_r128_ku500_gemmaedit070,scientific-ku-backtranslation-search-gemmaedit-20261010,fresh-arxiv-1599053,4d9cb93b33594d618cf1543b060021e491b2411de270ae615a02b7428f2f8ebd,generated,9,10,True,5,0.0,16,8
gemma12_r128_ku500_gemmaedit070,gemma12_r128_ku500_gemmaedit070,scientific-ku-backtranslation-search-gemmaedit-20261010,fresh-arxiv-1599072,69607792a05b1ebb4f5f0a55c42fde76ec004efcb944fc6e10c5af5623ddd3e8,generated,10,10,True,5,0.0,8,5
gemma12_r128_ku500_gemmaedit070,gemma12_r128_ku500_gemmaedit070,scientific-ku-backtranslation-search-gemmaedit-20261010,fresh-arxiv-1599097,d858b9bb0f49718b1e23994be451cb0129e05ec36ce46832a09e0a44ac091fc1,generated,10,10,False,7,0.003023758099352052,13,13
gemma12_r128_ku500_gemmaedit070,gemma12_r128_ku500_gemmaedit070,scientific-ku-backtranslation-search-gemmaedit-20261010,fresh-arxiv-1599063,ccda26e9fdd23bb0e76e9584c75aef889c087aeed4f55be03958369447ce8e1e,generated,9,10,False,17,0.0137429264349232,10,17
gemma12_r128_ku500_gemmaedit070,gemma12_r128_ku500_gemmaedit070,scientific-ku-backtranslation-search-gemmaedit-20261010,fresh-arxiv-1599075,2bdae8148a7101b61f43705f3711cf34f17bf94409996574f9ba3f9f9bcca81a,generated,9,10,True,5,0.0,20,5
gemma12_r128_ku500_gemmaedit070,gemma12_r128_ku500_gemmaedit070,scientific-ku-backtranslation-search-gemmaedit-20261010,fresh-arxiv-1599088,58f078a12f10e6eba8435223b8ee0c993df214f88798aae8c48750f71666a202,generated,8,10,True,5,0.0,12,12
gemma12_r128_ku500_gemmaedit070,gemma12_r128_ku500_gemmaedit070,scientific-ku-backtranslation-search-gemmaedit-20261010,fresh-arxiv-1599094,3f0f749365b45fbd1d9c3e2b1403c5416db6eae6d607388eb54cb3e3bf5bb327,generated,6,10,False,9,0.02872340425531915,6,9
gemma12_r128_ku500_gemmaedit070,gemma12_r128_ku500_gemmaedit070,scientific-ku-backtranslation-search-gemmaedit-20261010,fresh-bethgelab-298315,116a736e368e08c1fea55e05b6701ca0b7493b0c6a0e2130f1066eb721937b67,generated,9,10,True,5,0.0,18,18
gemma12_r128_ku500_gemmaedit070,gemma12_r128_ku500_gemmaedit070,scientific-ku-backtranslation-search-gemmaedit-20261010,fresh-bethgelab-298313,0690496cadbcb6cfdb982f88313524335dc9619a9664096a9e8ebdb7c12b9f6f,generated,9,10,False,11,0.005863539445628998,11,11
gemma12_r128_ku500_gemmaedit070,gemma12_r128_ku500_gemmaedit070,scientific-ku-backtranslation-search-gemmaedit-20261010,fresh-bethgelab-298331,b7eff773bb1f99e0ec70566688feff4ba5a0189784a14a115bf01994215833e7,generated,9,10,False,11,0.011235955056179775,23,23
gemma12_r128_ku500_gemmaedit070,gemma12_r128_ku500_gemmaedit070,scientific-ku-backtranslation-search-gemmaedit-20261010,fresh-bethgelab-298348,1772fcc1ab95270aa7cf556121f9d9e8e7a51faef3daa49b9cbd014cc6bc888f,generated,7,10,True,5,0.0,19,19
gemma12_r128_ku500_gemmaedit070,gemma12_r128_ku500_gemmaedit070,scientific-ku-backtranslation-search-gemmaedit-20261010,fresh-bethgelab-298329,e82317ccc5846282768ba3aa221a3efe2a39e3ea8ba3aa388558fb0aa33b3272,generated,9,10,False,11,0.018932038834951457,12,12
gemma12_r128_ku500_gemmaedit070,gemma12_r128_ku500_gemmaedit070,scientific-ku-backtranslation-search-gemmaedit-20261010,fresh-bethgelab-298328,153354fcb49dd95b0e53ee11e566e3844966d1decf81ab6546bed01a16b7dc60,generated,9,10,False,7,0.0042847725774555045,10,7
gemma12_r128_ku500_gemmaedit070,gemma12_r128_ku500_gemmaedit070,scientific-ku-backtranslation-search-gemmaedit-20261010,fresh-bethgelab-298314,3b0b1bc4a2a9d3ec44f9bf4c807085458ce2ab6c4f2643d11352e39b84de334e,generated,9,10,False,7,0.015192620727075421,8,8
gemma12_r128_ku500_gemmaedit070,gemma12_r128_ku500_gemmaedit070,scientific-ku-backtranslation-search-gemmaedit-20261010,fresh-bethgelab-298338,267e702fba238cba07248dd05079384a69ef77c7ffc0f75f670dbbb9a2980c30,generated,9,10,True,5,0.0,17,17
gemma12_r128_ku500_gemmaedit070,gemma12_r128_ku500_gemmaedit070,scientific-ku-backtranslation-search-gemmaedit-20261010,fresh-bethgelab-298346,1e1f2ac3d1cc9101be937c5fc899581b9a9a3042a1ffcfd6b35966b74280a758,generated,9,10,True,5,0.0,11,11
gemma12_r128_ku500_gemmaedit070,gemma12_r128_ku500_gemmaedit070,scientific-ku-backtranslation-search-gemmaedit-20261010,fresh-bethgelab-298333,47abc6ae797ba27368959af8acda4b50cbed1f93b28a6b5b52aa16aee02ab783,generated,9,10,False,11,0.01487603305785124,16,11
gemma12_r128_ku1000_gemmaedit070,gemma12_r128_ku1000_gemmaedit070,scientific-ku-backtranslation-search-gemmaedit-20261010,fresh-arxiv-1599059,978fab3d0eab3ab39b2d03c4ed801eb64741b9abd4c2f231e188fb5dbc5a6dd0,generated,9,10,True,5,0.0,11,11
gemma12_r128_ku1000_gemmaedit070,gemma12_r128_ku1000_gemmaedit070,scientific-ku-backtranslation-search-gemmaedit-20261010,fresh-arxiv-1599067,037114a3d9cc82c9a07232e13f93afd9b946895215cbf9ad2aed2ef6fe9f5203,generated,8,10,False,8,0.013071895424836602,13,13
gemma12_r128_ku1000_gemmaedit070,gemma12_r128_ku1000_gemmaedit070,scientific-ku-backtranslation-search-gemmaedit-20261010,fresh-arxiv-1599052,d7a126611c83d5c6d3bc74ac21a6f61cba909d8ccefc316e9e0fc40a29c9ce80,generated,7,10,True,5,0.0,22,5
gemma12_r128_ku1000_gemmaedit070,gemma12_r128_ku1000_gemmaedit070,scientific-ku-backtranslation-search-gemmaedit-20261010,fresh-arxiv-1599053,4d9cb93b33594d618cf1543b060021e491b2411de270ae615a02b7428f2f8ebd,generated,9,10,True,5,0.0,16,5
gemma12_r128_ku1000_gemmaedit070,gemma12_r128_ku1000_gemmaedit070,scientific-ku-backtranslation-search-gemmaedit-20261010,fresh-arxiv-1599072,69607792a05b1ebb4f5f0a55c42fde76ec004efcb944fc6e10c5af5623ddd3e8,generated,8,10,True,5,0.0,8,8
gemma12_r128_ku1000_gemmaedit070,gemma12_r128_ku1000_gemmaedit070,scientific-ku-backtranslation-search-gemmaedit-20261010,fresh-arxiv-1599097,d858b9bb0f49718b1e23994be451cb0129e05ec36ce46832a09e0a44ac091fc1,generated,6,10,True,5,0.0,6,6
gemma12_r128_ku1000_gemmaedit070,gemma12_r128_ku1000_gemmaedit070,scientific-ku-backtranslation-search-gemmaedit-20261010,fresh-arxiv-1599063,ccda26e9fdd23bb0e76e9584c75aef889c087aeed4f55be03958369447ce8e1e,generated,8,10,True,5,0.0,10,10
gemma12_r128_ku1000_gemmaedit070,gemma12_r128_ku1000_gemmaedit070,scientific-ku-backtranslation-search-gemmaedit-20261010,fresh-arxiv-1599075,2bdae8148a7101b61f43705f3711cf34f17bf94409996574f9ba3f9f9bcca81a,generated,8,10,False,12,0.010978956999085087,20,12
gemma12_r128_ku1000_gemmaedit070,gemma12_r128_ku1000_gemmaedit070,scientific-ku-backtranslation-search-gemmaedit-20261010,fresh-arxiv-1599088,58f078a12f10e6eba8435223b8ee0c993df214f88798aae8c48750f71666a202,generated,9,10,True,5,0.0,12,12
gemma12_r128_ku1000_gemmaedit070,gemma12_r128_ku1000_gemmaedit070,scientific-ku-backtranslation-search-gemmaedit-20261010,fresh-arxiv-1599094,3f0f749365b45fbd1d9c3e2b1403c5416db6eae6d607388eb54cb3e3bf5bb327,generated,7,10,False,9,0.03454384410983171,6,9
gemma12_r128_ku1000_gemmaedit070,gemma12_r128_ku1000_gemmaedit070,scientific-ku-backtranslation-search-gemmaedit-20261010,fresh-bethgelab-298315,116a736e368e08c1fea55e05b6701ca0b7493b0c6a0e2130f1066eb721937b67,generated,9,10,True,5,0.0,18,18
gemma12_r128_ku1000_gemmaedit070,gemma12_r128_ku1000_gemmaedit070,scientific-ku-backtranslation-search-gemmaedit-20261010,fresh-bethgelab-298313,0690496cadbcb6cfdb982f88313524335dc9619a9664096a9e8ebdb7c12b9f6f,generated,10,10,False,11,0.024149286498353458,11,11
gemma12_r128_ku1000_gemmaedit070,gemma12_r128_ku1000_gemmaedit070,scientific-ku-backtranslation-search-gemmaedit-20261010,fresh-bethgelab-298331,b7eff773bb1f99e0ec70566688feff4ba5a0189784a14a115bf01994215833e7,generated,9,10,False,8,0.013248847926267281,23,8
gemma12_r128_ku1000_gemmaedit070,gemma12_r128_ku1000_gemmaedit070,scientific-ku-backtranslation-search-gemmaedit-20261010,fresh-bethgelab-298348,1772fcc1ab95270aa7cf556121f9d9e8e7a51faef3daa49b9cbd014cc6bc888f,generated,8,10,True,5,0.0,19,5
gemma12_r128_ku1000_gemmaedit070,gemma12_r128_ku1000_gemmaedit070,scientific-ku-backtranslation-search-gemmaedit-20261010,fresh-bethgelab-298329,e82317ccc5846282768ba3aa221a3efe2a39e3ea8ba3aa388558fb0aa33b3272,generated,9,10,False,11,0.008088235294117648,12,12
gemma12_r128_ku1000_gemmaedit070,gemma12_r128_ku1000_gemmaedit070,scientific-ku-backtranslation-search-gemmaedit-20261010,fresh-bethgelab-298328,153354fcb49dd95b0e53ee11e566e3844966d1decf81ab6546bed01a16b7dc60,generated,9,10,True,5,0.0,10,5
gemma12_r128_ku1000_gemmaedit070,gemma12_r128_ku1000_gemmaedit070,scientific-ku-backtranslation-search-gemmaedit-20261010,fresh-bethgelab-298314,3b0b1bc4a2a9d3ec44f9bf4c807085458ce2ab6c4f2643d11352e39b84de334e,generated,10,10,False,7,0.012589928057553957,8,8
gemma12_r128_ku1000_gemmaedit070,gemma12_r128_ku1000_gemmaedit070,scientific-ku-backtranslation-search-gemmaedit-20261010,fresh-bethgelab-298338,267e702fba238cba07248dd05079384a69ef77c7ffc0f75f670dbbb9a2980c30,generated,8,10,True,5,0.0,17,17
gemma12_r128_ku1000_gemmaedit070,gemma12_r128_ku1000_gemmaedit070,scientific-ku-backtranslation-search-gemmaedit-20261010,fresh-bethgelab-298346,1e1f2ac3d1cc9101be937c5fc899581b9a9a3042a1ffcfd6b35966b74280a758,generated,10,10,True,5,0.0,11,11
gemma12_r128_ku1000_gemmaedit070,gemma12_r128_ku1000_gemmaedit070,scientific-ku-backtranslation-search-gemmaedit-20261010,fresh-bethgelab-298333,47abc6ae797ba27368959af8acda4b50cbed1f93b28a6b5b52aa16aee02ab783,generated,9,10,False,35,0.02921535893155259,16,35
gemma12_r128_ku500_union_after_gemmaedit,gemma12_r128_ku500_union,scientific-ku-backtranslation-search-iterative-20261010,fresh-arxiv-1599059,978fab3d0eab3ab39b2d03c4ed801eb64741b9abd4c2f231e188fb5dbc5a6dd0,generated,10,10,False,9,0.017843866171003718,11,11
gemma12_r128_ku500_union_after_gemmaedit,gemma12_r128_ku500_union,scientific-ku-backtranslation-search-iterative-20261010,fresh-arxiv-1599067,037114a3d9cc82c9a07232e13f93afd9b946895215cbf9ad2aed2ef6fe9f5203,generated,8,10,True,5,0.0,13,13
gemma12_r128_ku500_union_after_gemmaedit,gemma12_r128_ku500_union,scientific-ku-backtranslation-search-iterative-20261010,fresh-arxiv-1599052,d7a126611c83d5c6d3bc74ac21a6f61cba909d8ccefc316e9e0fc40a29c9ce80,generated,9,10,True,5,0.0,22,22
gemma12_r128_ku500_union_after_gemmaedit,gemma12_r128_ku500_union,scientific-ku-backtranslation-search-iterative-20261010,fresh-arxiv-1599053,4d9cb93b33594d618cf1543b060021e491b2411de270ae615a02b7428f2f8ebd,generated,9,10,True,5,0.0,16,8
gemma12_r128_ku500_union_after_gemmaedit,gemma12_r128_ku500_union,scientific-ku-backtranslation-search-iterative-20261010,fresh-arxiv-1599072,69607792a05b1ebb4f5f0a55c42fde76ec004efcb944fc6e10c5af5623ddd3e8,generated,10,10,True,5,0.0,8,5
gemma12_r128_ku500_union_after_gemmaedit,gemma12_r128_ku500_union,scientific-ku-backtranslation-search-iterative-20261010,fresh-arxiv-1599097,d858b9bb0f49718b1e23994be451cb0129e05ec36ce46832a09e0a44ac091fc1,generated,9,10,False,7,0.003023758099352052,13,13
gemma12_r128_ku500_union_after_gemmaedit,gemma12_r128_ku500_union,scientific-ku-backtranslation-search-iterative-20261010,fresh-arxiv-1599063,ccda26e9fdd23bb0e76e9584c75aef889c087aeed4f55be03958369447ce8e1e,generated,9,10,False,17,0.0137429264349232,10,17
gemma12_r128_ku500_union_after_gemmaedit,gemma12_r128_ku500_union,scientific-ku-backtranslation-search-iterative-20261010,fresh-arxiv-1599075,2bdae8148a7101b61f43705f3711cf34f17bf94409996574f9ba3f9f9bcca81a,generated,9,10,True,5,0.0,20,5
gemma12_r128_ku500_union_after_gemmaedit,gemma12_r128_ku500_union,scientific-ku-backtranslation-search-iterative-20261010,fresh-arxiv-1599088,58f078a12f10e6eba8435223b8ee0c993df214f88798aae8c48750f71666a202,generated,8,10,True,5,0.0,12,12
gemma12_r128_ku500_union_after_gemmaedit,gemma12_r128_ku500_union,scientific-ku-backtranslation-search-iterative-20261010,fresh-arxiv-1599094,3f0f749365b45fbd1d9c3e2b1403c5416db6eae6d607388eb54cb3e3bf5bb327,generated,6,10,False,9,0.02872340425531915,6,9
gemma12_r128_ku500_union_after_gemmaedit,gemma12_r128_ku500_union,scientific-ku-backtranslation-search-iterative-20261010,fresh-bethgelab-298315,116a736e368e08c1fea55e05b6701ca0b7493b0c6a0e2130f1066eb721937b67,generated,9,10,True,5,0.0,18,18
gemma12_r128_ku500_union_after_gemmaedit,gemma12_r128_ku500_union,scientific-ku-backtranslation-search-iterative-20261010,fresh-bethgelab-298313,0690496cadbcb6cfdb982f88313524335dc9619a9664096a9e8ebdb7c12b9f6f,generated,9,10,False,11,0.005863539445628998,11,11
gemma12_r128_ku500_union_after_gemmaedit,gemma12_r128_ku500_union,scientific-ku-backtranslation-search-iterative-20261010,fresh-bethgelab-298331,b7eff773bb1f99e0ec70566688feff4ba5a0189784a14a115bf01994215833e7,generated,9,10,False,11,0.011235955056179775,23,23
gemma12_r128_ku500_union_after_gemmaedit,gemma12_r128_ku500_union,scientific-ku-backtranslation-search-iterative-20261010,fresh-bethgelab-298348,1772fcc1ab95270aa7cf556121f9d9e8e7a51faef3daa49b9cbd014cc6bc888f,generated,7,10,True,5,0.0,19,19
gemma12_r128_ku500_union_after_gemmaedit,gemma12_r128_ku500_union,scientific-ku-backtranslation-search-iterative-20261010,fresh-bethgelab-298329,e82317ccc5846282768ba3aa221a3efe2a39e3ea8ba3aa388558fb0aa33b3272,generated,9,10,False,11,0.018932038834951457,12,12
gemma12_r128_ku500_union_after_gemmaedit,gemma12_r128_ku500_union,scientific-ku-backtranslation-search-iterative-20261010,fresh-bethgelab-298328,153354fcb49dd95b0e53ee11e566e3844966d1decf81ab6546bed01a16b7dc60,generated,10,10,False,7,0.0042847725774555045,10,7
gemma12_r128_ku500_union_after_gemmaedit,gemma12_r128_ku500_union,scientific-ku-backtranslation-search-iterative-20261010,fresh-bethgelab-298314,3b0b1bc4a2a9d3ec44f9bf4c807085458ce2ab6c4f2643d11352e39b84de334e,generated,9,10,False,7,0.015192620727075421,8,8
gemma12_r128_ku500_union_after_gemmaedit,gemma12_r128_ku500_union,scientific-ku-backtranslation-search-iterative-20261010,fresh-bethgelab-298338,267e702fba238cba07248dd05079384a69ef77c7ffc0f75f670dbbb9a2980c30,generated,9,10,True,5,0.0,17,17
gemma12_r128_ku500_union_after_gemmaedit,gemma12_r128_ku500_union,scientific-ku-backtranslation-search-iterative-20261010,fresh-bethgelab-298346,1e1f2ac3d1cc9101be937c5fc899581b9a9a3042a1ffcfd6b35966b74280a758,generated,9,10,True,5,0.0,11,11
gemma12_r128_ku500_union_after_gemmaedit,gemma12_r128_ku500_union,scientific-ku-backtranslation-search-iterative-20261010,fresh-bethgelab-298333,47abc6ae797ba27368959af8acda4b50cbed1f93b28a6b5b52aa16aee02ab783,generated,9,10,False,11,0.01487603305785124,16,11
gemma12_r128_ku1000_union_after_gemmaedit,gemma12_r128_ku1000_union,scientific-ku-backtranslation-search-iterative-20261010,fresh-arxiv-1599059,978fab3d0eab3ab39b2d03c4ed801eb64741b9abd4c2f231e188fb5dbc5a6dd0,generated,9,10,True,5,0.0,11,11
gemma12_r128_ku1000_union_after_gemmaedit,gemma12_r128_ku1000_union,scientific-ku-backtranslation-search-iterative-20261010,fresh-arxiv-1599067,037114a3d9cc82c9a07232e13f93afd9b946895215cbf9ad2aed2ef6fe9f5203,generated,8,10,False,8,0.013071895424836602,13,13
gemma12_r128_ku1000_union_after_gemmaedit,gemma12_r128_ku1000_union,scientific-ku-backtranslation-search-iterative-20261010,fresh-arxiv-1599052,d7a126611c83d5c6d3bc74ac21a6f61cba909d8ccefc316e9e0fc40a29c9ce80,generated,7,10,True,5,0.0,22,5
gemma12_r128_ku1000_union_after_gemmaedit,gemma12_r128_ku1000_union,scientific-ku-backtranslation-search-iterative-20261010,fresh-arxiv-1599053,4d9cb93b33594d618cf1543b060021e491b2411de270ae615a02b7428f2f8ebd,generated,9,10,True,5,0.0,16,5
gemma12_r128_ku1000_union_after_gemmaedit,gemma12_r128_ku1000_union,scientific-ku-backtranslation-search-iterative-20261010,fresh-arxiv-1599072,69607792a05b1ebb4f5f0a55c42fde76ec004efcb944fc6e10c5af5623ddd3e8,generated,8,10,True,5,0.0,8,8
gemma12_r128_ku1000_union_after_gemmaedit,gemma12_r128_ku1000_union,scientific-ku-backtranslation-search-iterative-20261010,fresh-arxiv-1599097,d858b9bb0f49718b1e23994be451cb0129e05ec36ce46832a09e0a44ac091fc1,generated,6,10,True,5,0.0,6,6
gemma12_r128_ku1000_union_after_gemmaedit,gemma12_r128_ku1000_union,scientific-ku-backtranslation-search-iterative-20261010,fresh-arxiv-1599063,ccda26e9fdd23bb0e76e9584c75aef889c087aeed4f55be03958369447ce8e1e,generated,8,10,True,5,0.0,10,10
gemma12_r128_ku1000_union_after_gemmaedit,gemma12_r128_ku1000_union,scientific-ku-backtranslation-search-iterative-20261010,fresh-arxiv-1599075,2bdae8148a7101b61f43705f3711cf34f17bf94409996574f9ba3f9f9bcca81a,generated,8,10,False,12,0.024702653247941447,20,12
gemma12_r128_ku1000_union_after_gemmaedit,gemma12_r128_ku1000_union,scientific-ku-backtranslation-search-iterative-20261010,fresh-arxiv-1599088,58f078a12f10e6eba8435223b8ee0c993df214f88798aae8c48750f71666a202,generated,9,10,True,5,0.0,12,12
gemma12_r128_ku1000_union_after_gemmaedit,gemma12_r128_ku1000_union,scientific-ku-backtranslation-search-iterative-20261010,fresh-arxiv-1599094,3f0f749365b45fbd1d9c3e2b1403c5416db6eae6d607388eb54cb3e3bf5bb327,generated,7,10,False,9,0.03454384410983171,6,9
gemma12_r128_ku1000_union_after_gemmaedit,gemma12_r128_ku1000_union,scientific-ku-backtranslation-search-iterative-20261010,fresh-bethgelab-298315,116a736e368e08c1fea55e05b6701ca0b7493b0c6a0e2130f1066eb721937b67,generated,9,10,True,5,0.0,18,18
gemma12_r128_ku1000_union_after_gemmaedit,gemma12_r128_ku1000_union,scientific-ku-backtranslation-search-iterative-20261010,fresh-bethgelab-298313,0690496cadbcb6cfdb982f88313524335dc9619a9664096a9e8ebdb7c12b9f6f,generated,10,10,False,11,0.024149286498353458,11,11
gemma12_r128_ku1000_union_after_gemmaedit,gemma12_r128_ku1000_union,scientific-ku-backtranslation-search-iterative-20261010,fresh-bethgelab-298331,b7eff773bb1f99e0ec70566688feff4ba5a0189784a14a115bf01994215833e7,generated,9,10,False,8,0.013248847926267281,23,8
gemma12_r128_ku1000_union_after_gemmaedit,gemma12_r128_ku1000_union,scientific-ku-backtranslation-search-iterative-20261010,fresh-bethgelab-298348,1772fcc1ab95270aa7cf556121f9d9e8e7a51faef3daa49b9cbd014cc6bc888f,generated,8,10,True,5,0.0,19,5
gemma12_r128_ku1000_union_after_gemmaedit,gemma12_r128_ku1000_union,scientific-ku-backtranslation-search-iterative-20261010,fresh-bethgelab-298329,e82317ccc5846282768ba3aa221a3efe2a39e3ea8ba3aa388558fb0aa33b3272,generated,9,10,False,11,0.008088235294117648,12,12
gemma12_r128_ku1000_union_after_gemmaedit,gemma12_r128_ku1000_union,scientific-ku-backtranslation-search-iterative-20261010,fresh-bethgelab-298328,153354fcb49dd95b0e53ee11e566e3844966d1decf81ab6546bed01a16b7dc60,generated,9,10,True,5,0.0,10,5
gemma12_r128_ku1000_union_after_gemmaedit,gemma12_r128_ku1000_union,scientific-ku-backtranslation-search-iterative-20261010,fresh-bethgelab-298314,3b0b1bc4a2a9d3ec44f9bf4c807085458ce2ab6c4f2643d11352e39b84de334e,generated,10,10,False,7,0.012589928057553957,8,8
gemma12_r128_ku1000_union_after_gemmaedit,gemma12_r128_ku1000_union,scientific-ku-backtranslation-search-iterative-20261010,fresh-bethgelab-298338,267e702fba238cba07248dd05079384a69ef77c7ffc0f75f670dbbb9a2980c30,generated,8,10,True,5,0.0,17,17
gemma12_r128_ku1000_union_after_gemmaedit,gemma12_r128_ku1000_union,scientific-ku-backtranslation-search-iterative-20261010,fresh-bethgelab-298346,1e1f2ac3d1cc9101be937c5fc899581b9a9a3042a1ffcfd6b35966b74280a758,generated,10,10,True,5,0.0,11,11
gemma12_r128_ku1000_union_after_gemmaedit,gemma12_r128_ku1000_union,scientific-ku-backtranslation-search-iterative-20261010,fresh-bethgelab-298333,47abc6ae797ba27368959af8acda4b50cbed1f93b28a6b5b52aa16aee02ab783,generated,9,10,False,35,0.02921535893155259,16,35
gemma12_r128_ku500_iterative,gemma12_r128_ku500_iterative,scientific-ku-backtranslation-search-iterative-20261010,fresh-arxiv-1599059,978fab3d0eab3ab39b2d03c4ed801eb64741b9abd4c2f231e188fb5dbc5a6dd0,generated,10,10,False,7,0.005200594353640416,11,11
gemma12_r128_ku500_iterative,gemma12_r128_ku500_iterative,scientific-ku-backtranslation-search-iterative-20261010,fresh-arxiv-1599067,037114a3d9cc82c9a07232e13f93afd9b946895215cbf9ad2aed2ef6fe9f5203,generated,8,10,True,5,0.0,13,13
gemma12_r128_ku500_iterative,gemma12_r128_ku500_iterative,scientific-ku-backtranslation-search-iterative-20261010,fresh-arxiv-1599052,d7a126611c83d5c6d3bc74ac21a6f61cba909d8ccefc316e9e0fc40a29c9ce80,generated,9,10,True,5,0.0,22,22
gemma12_r128_ku500_iterative,gemma12_r128_ku500_iterative,scientific-ku-backtranslation-search-iterative-20261010,fresh-arxiv-1599053,4d9cb93b33594d618cf1543b060021e491b2411de270ae615a02b7428f2f8ebd,generated,9,10,True,5,0.0,16,8
gemma12_r128_ku500_iterative,gemma12_r128_ku500_iterative,scientific-ku-backtranslation-search-iterative-20261010,fresh-arxiv-1599072,69607792a05b1ebb4f5f0a55c42fde76ec004efcb944fc6e10c5af5623ddd3e8,generated,10,10,True,5,0.0,8,5
gemma12_r128_ku500_iterative,gemma12_r128_ku500_iterative,scientific-ku-backtranslation-search-iterative-20261010,fresh-arxiv-1599097,d858b9bb0f49718b1e23994be451cb0129e05ec36ce46832a09e0a44ac091fc1,generated,9,10,False,7,0.003023758099352052,13,13
gemma12_r128_ku500_iterative,gemma12_r128_ku500_iterative,scientific-ku-backtranslation-search-iterative-20261010,fresh-arxiv-1599063,ccda26e9fdd23bb0e76e9584c75aef889c087aeed4f55be03958369447ce8e1e,generated,9,10,False,17,0.0137429264349232,10,17
gemma12_r128_ku500_iterative,gemma12_r128_ku500_iterative,scientific-ku-backtranslation-search-iterative-20261010,fresh-arxiv-1599075,2bdae8148a7101b61f43705f3711cf34f17bf94409996574f9ba3f9f9bcca81a,generated,9,10,True,5,0.0,20,5
gemma12_r128_ku500_iterative,gemma12_r128_ku500_iterative,scientific-ku-backtranslation-search-iterative-20261010,fresh-arxiv-1599088,58f078a12f10e6eba8435223b8ee0c993df214f88798aae8c48750f71666a202,generated,8,10,True,5,0.0,12,12
gemma12_r128_ku500_iterative,gemma12_r128_ku500_iterative,scientific-ku-backtranslation-search-iterative-20261010,fresh-arxiv-1599094,3f0f749365b45fbd1d9c3e2b1403c5416db6eae6d607388eb54cb3e3bf5bb327,generated,6,10,False,7,0.023936170212765957,6,7
gemma12_r128_ku500_iterative,gemma12_r128_ku500_iterative,scientific-ku-backtranslation-search-iterative-20261010,fresh-bethgelab-298315,116a736e368e08c1fea55e05b6701ca0b7493b0c6a0e2130f1066eb721937b67,generated,9,10,True,5,0.0,18,18
gemma12_r128_ku500_iterative,gemma12_r128_ku500_iterative,scientific-ku-backtranslation-search-iterative-20261010,fresh-bethgelab-298313,0690496cadbcb6cfdb982f88313524335dc9619a9664096a9e8ebdb7c12b9f6f,generated,9,10,False,9,0.004794885455514118,11,11
gemma12_r128_ku500_iterative,gemma12_r128_ku500_iterative,scientific-ku-backtranslation-search-iterative-20261010,fresh-bethgelab-298331,b7eff773bb1f99e0ec70566688feff4ba5a0189784a14a115bf01994215833e7,generated,9,10,True,5,0.0,23,23
gemma12_r128_ku500_iterative,gemma12_r128_ku500_iterative,scientific-ku-backtranslation-search-iterative-20261010,fresh-bethgelab-298348,1772fcc1ab95270aa7cf556121f9d9e8e7a51faef3daa49b9cbd014cc6bc888f,generated,7,10,True,5,0.0,19,19
gemma12_r128_ku500_iterative,gemma12_r128_ku500_iterative,scientific-ku-backtranslation-search-iterative-20261010,fresh-bethgelab-298329,e82317ccc5846282768ba3aa221a3efe2a39e3ea8ba3aa388558fb0aa33b3272,generated,9,10,False,7,0.009223300970873786,12,12
gemma12_r128_ku500_iterative,gemma12_r128_ku500_iterative,scientific-ku-backtranslation-search-iterative-20261010,fresh-bethgelab-298328,153354fcb49dd95b0e53ee11e566e3844966d1decf81ab6546bed01a16b7dc60,generated,10,10,False,6,0.001976284584980237,10,6
gemma12_r128_ku500_iterative,gemma12_r128_ku500_iterative,scientific-ku-backtranslation-search-iterative-20261010,fresh-bethgelab-298314,3b0b1bc4a2a9d3ec44f9bf4c807085458ce2ab6c4f2643d11352e39b84de334e,generated,9,10,False,7,0.015192620727075421,8,8
gemma12_r128_ku500_iterative,gemma12_r128_ku500_iterative,scientific-ku-backtranslation-search-iterative-20261010,fresh-bethgelab-298338,267e702fba238cba07248dd05079384a69ef77c7ffc0f75f670dbbb9a2980c30,generated,9,10,True,5,0.0,17,17
gemma12_r128_ku500_iterative,gemma12_r128_ku500_iterative,scientific-ku-backtranslation-search-iterative-20261010,fresh-bethgelab-298346,1e1f2ac3d1cc9101be937c5fc899581b9a9a3042a1ffcfd6b35966b74280a758,generated,9,10,True,5,0.0,11,11
gemma12_r128_ku500_iterative,gemma12_r128_ku500_iterative,scientific-ku-backtranslation-search-iterative-20261010,fresh-bethgelab-298333,47abc6ae797ba27368959af8acda4b50cbed1f93b28a6b5b52aa16aee02ab783,generated,9,10,False,10,0.005500550055005501,16,10
gemma12_r128_ku1000_iterative,gemma12_r128_ku1000_iterative,scientific-ku-backtranslation-search-iterative-20261010,fresh-arxiv-1599059,978fab3d0eab3ab39b2d03c4ed801eb64741b9abd4c2f231e188fb5dbc5a6dd0,generated,9,10,True,5,0.0,11,11
gemma12_r128_ku1000_iterative,gemma12_r128_ku1000_iterative,scientific-ku-backtranslation-search-iterative-20261010,fresh-arxiv-1599067,037114a3d9cc82c9a07232e13f93afd9b946895215cbf9ad2aed2ef6fe9f5203,generated,8,10,False,8,0.013071895424836602,13,13
gemma12_r128_ku1000_iterative,gemma12_r128_ku1000_iterative,scientific-ku-backtranslation-search-iterative-20261010,fresh-arxiv-1599052,d7a126611c83d5c6d3bc74ac21a6f61cba909d8ccefc316e9e0fc40a29c9ce80,generated,7,10,True,5,0.0,22,5
gemma12_r128_ku1000_iterative,gemma12_r128_ku1000_iterative,scientific-ku-backtranslation-search-iterative-20261010,fresh-arxiv-1599053,4d9cb93b33594d618cf1543b060021e491b2411de270ae615a02b7428f2f8ebd,generated,9,10,True,5,0.0,16,5
gemma12_r128_ku1000_iterative,gemma12_r128_ku1000_iterative,scientific-ku-backtranslation-search-iterative-20261010,fresh-arxiv-1599072,69607792a05b1ebb4f5f0a55c42fde76ec004efcb944fc6e10c5af5623ddd3e8,generated,8,10,True,5,0.0,8,8
gemma12_r128_ku1000_iterative,gemma12_r128_ku1000_iterative,scientific-ku-backtranslation-search-iterative-20261010,fresh-arxiv-1599097,d858b9bb0f49718b1e23994be451cb0129e05ec36ce46832a09e0a44ac091fc1,generated,6,10,True,5,0.0,6,6
gemma12_r128_ku1000_iterative,gemma12_r128_ku1000_iterative,scientific-ku-backtranslation-search-iterative-20261010,fresh-arxiv-1599063,ccda26e9fdd23bb0e76e9584c75aef889c087aeed4f55be03958369447ce8e1e,generated,8,10,True,5,0.0,10,10
gemma12_r128_ku1000_iterative,gemma12_r128_ku1000_iterative,scientific-ku-backtranslation-search-iterative-20261010,fresh-arxiv-1599075,2bdae8148a7101b61f43705f3711cf34f17bf94409996574f9ba3f9f9bcca81a,generated,7,10,False,7,0.006398537477148081,20,7
gemma12_r128_ku1000_iterative,gemma12_r128_ku1000_iterative,scientific-ku-backtranslation-search-iterative-20261010,fresh-arxiv-1599088,58f078a12f10e6eba8435223b8ee0c993df214f88798aae8c48750f71666a202,generated,9,10,True,5,0.0,12,12
gemma12_r128_ku1000_iterative,gemma12_r128_ku1000_iterative,scientific-ku-backtranslation-search-iterative-20261010,fresh-arxiv-1599094,3f0f749365b45fbd1d9c3e2b1403c5416db6eae6d607388eb54cb3e3bf5bb327,generated,8,10,False,7,0.020353982300884955,6,7
gemma12_r128_ku1000_iterative,gemma12_r128_ku1000_iterative,scientific-ku-backtranslation-search-iterative-20261010,fresh-bethgelab-298315,116a736e368e08c1fea55e05b6701ca0b7493b0c6a0e2130f1066eb721937b67,generated,9,10,True,5,0.0,18,18
gemma12_r128_ku1000_iterative,gemma12_r128_ku1000_iterative,scientific-ku-backtranslation-search-iterative-20261010,fresh-bethgelab-298313,0690496cadbcb6cfdb982f88313524335dc9619a9664096a9e8ebdb7c12b9f6f,generated,10,10,False,9,0.019715224534501644,11,11
gemma12_r128_ku1000_iterative,gemma12_r128_ku1000_iterative,scientific-ku-backtranslation-search-iterative-20261010,fresh-bethgelab-298331,b7eff773bb1f99e0ec70566688feff4ba5a0189784a14a115bf01994215833e7,generated,8,10,False,7,0.004032258064516129,23,7
gemma12_r128_ku1000_iterative,gemma12_r128_ku1000_iterative,scientific-ku-backtranslation-search-iterative-20261010,fresh-bethgelab-298348,1772fcc1ab95270aa7cf556121f9d9e8e7a51faef3daa49b9cbd014cc6bc888f,generated,8,10,True,5,0.0,19,5
gemma12_r128_ku1000_iterative,gemma12_r128_ku1000_iterative,scientific-ku-backtranslation-search-iterative-20261010,fresh-bethgelab-298329,e82317ccc5846282768ba3aa221a3efe2a39e3ea8ba3aa388558fb0aa33b3272,generated,9,10,False,11,0.008088235294117648,12,12
gemma12_r128_ku1000_iterative,gemma12_r128_ku1000_iterative,scientific-ku-backtranslation-search-iterative-20261010,fresh-bethgelab-298328,153354fcb49dd95b0e53ee11e566e3844966d1decf81ab6546bed01a16b7dc60,generated,9,10,True,5,0.0,10,5
gemma12_r128_ku1000_iterative,gemma12_r128_ku1000_iterative,scientific-ku-backtranslation-search-iterative-20261010,fresh-bethgelab-298314,3b0b1bc4a2a9d3ec44f9bf4c807085458ce2ab6c4f2643d11352e39b84de334e,generated,10,10,False,7,0.012589928057553957,8,8
gemma12_r128_ku1000_iterative,gemma12_r128_ku1000_iterative,scientific-ku-backtranslation-search-iterative-20261010,fresh-bethgelab-298338,267e702fba238cba07248dd05079384a69ef77c7ffc0f75f670dbbb9a2980c30,generated,8,10,True,5,0.0,17,17
gemma12_r128_ku1000_iterative,gemma12_r128_ku1000_iterative,scientific-ku-backtranslation-search-iterative-20261010,fresh-bethgelab-298346,1e1f2ac3d1cc9101be937c5fc899581b9a9a3042a1ffcfd6b35966b74280a758,generated,10,10,True,5,0.0,11,11
gemma12_r128_ku1000_iterative,gemma12_r128_ku1000_iterative,scientific-ku-backtranslation-search-iterative-20261010,fresh-bethgelab-298333,47abc6ae797ba27368959af8acda4b50cbed1f93b28a6b5b52aa16aee02ab783,generated,9,10,False,31,0.025919732441471572,16,31
gemma12_r128_ku500_iterative080,gemma12_r128_ku500_iterative080,scientific-ku-backtranslation-search-iterative-20261010,fresh-arxiv-1599059,978fab3d0eab3ab39b2d03c4ed801eb64741b9abd4c2f231e188fb5dbc5a6dd0,generated,10,10,False,7,0.005200594353640416,11,11
gemma12_r128_ku500_iterative080,gemma12_r128_ku500_iterative080,scientific-ku-backtranslation-search-iterative-20261010,fresh-arxiv-1599067,037114a3d9cc82c9a07232e13f93afd9b946895215cbf9ad2aed2ef6fe9f5203,generated,8,10,True,5,0.0,13,13
gemma12_r128_ku500_iterative080,gemma12_r128_ku500_iterative080,scientific-ku-backtranslation-search-iterative-20261010,fresh-arxiv-1599052,d7a126611c83d5c6d3bc74ac21a6f61cba909d8ccefc316e9e0fc40a29c9ce80,generated,9,10,True,5,0.0,22,22
gemma12_r128_ku500_iterative080,gemma12_r128_ku500_iterative080,scientific-ku-backtranslation-search-iterative-20261010,fresh-arxiv-1599053,4d9cb93b33594d618cf1543b060021e491b2411de270ae615a02b7428f2f8ebd,generated,9,10,True,5,0.0,16,8
gemma12_r128_ku500_iterative080,gemma12_r128_ku500_iterative080,scientific-ku-backtranslation-search-iterative-20261010,fresh-arxiv-1599072,69607792a05b1ebb4f5f0a55c42fde76ec004efcb944fc6e10c5af5623ddd3e8,generated,10,10,True,5,0.0,8,5
gemma12_r128_ku500_iterative080,gemma12_r128_ku500_iterative080,scientific-ku-backtranslation-search-iterative-20261010,fresh-arxiv-1599097,d858b9bb0f49718b1e23994be451cb0129e05ec36ce46832a09e0a44ac091fc1,generated,9,10,False,7,0.003023758099352052,13,13
gemma12_r128_ku500_iterative080,gemma12_r128_ku500_iterative080,scientific-ku-backtranslation-search-iterative-20261010,fresh-arxiv-1599063,ccda26e9fdd23bb0e76e9584c75aef889c087aeed4f55be03958369447ce8e1e,generated,9,10,False,17,0.0137429264349232,10,17
gemma12_r128_ku500_iterative080,gemma12_r128_ku500_iterative080,scientific-ku-backtranslation-search-iterative-20261010,fresh-arxiv-1599075,2bdae8148a7101b61f43705f3711cf34f17bf94409996574f9ba3f9f9bcca81a,generated,9,10,True,5,0.0,20,5
gemma12_r128_ku500_iterative080,gemma12_r128_ku500_iterative080,scientific-ku-backtranslation-search-iterative-20261010,fresh-arxiv-1599088,58f078a12f10e6eba8435223b8ee0c993df214f88798aae8c48750f71666a202,generated,8,10,True,5,0.0,12,12
gemma12_r128_ku500_iterative080,gemma12_r128_ku500_iterative080,scientific-ku-backtranslation-search-iterative-20261010,fresh-arxiv-1599094,3f0f749365b45fbd1d9c3e2b1403c5416db6eae6d607388eb54cb3e3bf5bb327,generated,6,10,False,7,0.023936170212765957,6,7
gemma12_r128_ku500_iterative080,gemma12_r128_ku500_iterative080,scientific-ku-backtranslation-search-iterative-20261010,fresh-bethgelab-298315,116a736e368e08c1fea55e05b6701ca0b7493b0c6a0e2130f1066eb721937b67,generated,9,10,True,5,0.0,18,18
gemma12_r128_ku500_iterative080,gemma12_r128_ku500_iterative080,scientific-ku-backtranslation-search-iterative-20261010,fresh-bethgelab-298313,0690496cadbcb6cfdb982f88313524335dc9619a9664096a9e8ebdb7c12b9f6f,generated,9,10,False,9,0.004794885455514118,11,11
gemma12_r128_ku500_iterative080,gemma12_r128_ku500_iterative080,scientific-ku-backtranslation-search-iterative-20261010,fresh-bethgelab-298331,b7eff773bb1f99e0ec70566688feff4ba5a0189784a14a115bf01994215833e7,generated,9,10,True,5,0.0,23,23
gemma12_r128_ku500_iterative080,gemma12_r128_ku500_iterative080,scientific-ku-backtranslation-search-iterative-20261010,fresh-bethgelab-298348,1772fcc1ab95270aa7cf556121f9d9e8e7a51faef3daa49b9cbd014cc6bc888f,generated,7,10,True,5,0.0,19,19
gemma12_r128_ku500_iterative080,gemma12_r128_ku500_iterative080,scientific-ku-backtranslation-search-iterative-20261010,fresh-bethgelab-298329,e82317ccc5846282768ba3aa221a3efe2a39e3ea8ba3aa388558fb0aa33b3272,generated,9,10,False,7,0.009223300970873786,12,12
gemma12_r128_ku500_iterative080,gemma12_r128_ku500_iterative080,scientific-ku-backtranslation-search-iterative-20261010,fresh-bethgelab-298328,153354fcb49dd95b0e53ee11e566e3844966d1decf81ab6546bed01a16b7dc60,generated,9,10,False,6,0.001976284584980237,10,6
gemma12_r128_ku500_iterative080,gemma12_r128_ku500_iterative080,scientific-ku-backtranslation-search-iterative-20261010,fresh-bethgelab-298314,3b0b1bc4a2a9d3ec44f9bf4c807085458ce2ab6c4f2643d11352e39b84de334e,generated,9,10,False,7,0.015192620727075421,8,8
gemma12_r128_ku500_iterative080,gemma12_r128_ku500_iterative080,scientific-ku-backtranslation-search-iterative-20261010,fresh-bethgelab-298338,267e702fba238cba07248dd05079384a69ef77c7ffc0f75f670dbbb9a2980c30,generated,9,10,True,5,0.0,17,17
gemma12_r128_ku500_iterative080,gemma12_r128_ku500_iterative080,scientific-ku-backtranslation-search-iterative-20261010,fresh-bethgelab-298346,1e1f2ac3d1cc9101be937c5fc899581b9a9a3042a1ffcfd6b35966b74280a758,generated,9,10,True,5,0.0,11,11
gemma12_r128_ku500_iterative080,gemma12_r128_ku500_iterative080,scientific-ku-backtranslation-search-iterative-20261010,fresh-bethgelab-298333,47abc6ae797ba27368959af8acda4b50cbed1f93b28a6b5b52aa16aee02ab783,generated,9,10,False,10,0.005500550055005501,16,10
gemma12_r128_ku1000_iterative080,gemma12_r128_ku1000_iterative080,scientific-ku-backtranslation-search-iterative-20261010,fresh-arxiv-1599059,978fab3d0eab3ab39b2d03c4ed801eb64741b9abd4c2f231e188fb5dbc5a6dd0,generated,9,10,True,5,0.0,11,11
gemma12_r128_ku1000_iterative080,gemma12_r128_ku1000_iterative080,scientific-ku-backtranslation-search-iterative-20261010,fresh-arxiv-1599067,037114a3d9cc82c9a07232e13f93afd9b946895215cbf9ad2aed2ef6fe9f5203,generated,8,10,False,8,0.013071895424836602,13,13
gemma12_r128_ku1000_iterative080,gemma12_r128_ku1000_iterative080,scientific-ku-backtranslation-search-iterative-20261010,fresh-arxiv-1599052,d7a126611c83d5c6d3bc74ac21a6f61cba909d8ccefc316e9e0fc40a29c9ce80,generated,7,10,True,5,0.0,22,5
gemma12_r128_ku1000_iterative080,gemma12_r128_ku1000_iterative080,scientific-ku-backtranslation-search-iterative-20261010,fresh-arxiv-1599053,4d9cb93b33594d618cf1543b060021e491b2411de270ae615a02b7428f2f8ebd,generated,9,10,True,5,0.0,16,5
gemma12_r128_ku1000_iterative080,gemma12_r128_ku1000_iterative080,scientific-ku-backtranslation-search-iterative-20261010,fresh-arxiv-1599072,69607792a05b1ebb4f5f0a55c42fde76ec004efcb944fc6e10c5af5623ddd3e8,generated,8,10,True,5,0.0,8,8
gemma12_r128_ku1000_iterative080,gemma12_r128_ku1000_iterative080,scientific-ku-backtranslation-search-iterative-20261010,fresh-arxiv-1599097,d858b9bb0f49718b1e23994be451cb0129e05ec36ce46832a09e0a44ac091fc1,generated,6,10,True,5,0.0,6,6
gemma12_r128_ku1000_iterative080,gemma12_r128_ku1000_iterative080,scientific-ku-backtranslation-search-iterative-20261010,fresh-arxiv-1599063,ccda26e9fdd23bb0e76e9584c75aef889c087aeed4f55be03958369447ce8e1e,generated,8,10,True,5,0.0,10,10
gemma12_r128_ku1000_iterative080,gemma12_r128_ku1000_iterative080,scientific-ku-backtranslation-search-iterative-20261010,fresh-arxiv-1599075,2bdae8148a7101b61f43705f3711cf34f17bf94409996574f9ba3f9f9bcca81a,generated,8,10,False,7,0.006398537477148081,20,7
gemma12_r128_ku1000_iterative080,gemma12_r128_ku1000_iterative080,scientific-ku-backtranslation-search-iterative-20261010,fresh-arxiv-1599088,58f078a12f10e6eba8435223b8ee0c993df214f88798aae8c48750f71666a202,generated,9,10,True,5,0.0,12,12
gemma12_r128_ku1000_iterative080,gemma12_r128_ku1000_iterative080,scientific-ku-backtranslation-search-iterative-20261010,fresh-arxiv-1599094,3f0f749365b45fbd1d9c3e2b1403c5416db6eae6d607388eb54cb3e3bf5bb327,generated,7,10,False,7,0.020353982300884955,6,7
gemma12_r128_ku1000_iterative080,gemma12_r128_ku1000_iterative080,scientific-ku-backtranslation-search-iterative-20261010,fresh-bethgelab-298315,116a736e368e08c1fea55e05b6701ca0b7493b0c6a0e2130f1066eb721937b67,generated,9,10,True,5,0.0,18,18
gemma12_r128_ku1000_iterative080,gemma12_r128_ku1000_iterative080,scientific-ku-backtranslation-search-iterative-20261010,fresh-bethgelab-298313,0690496cadbcb6cfdb982f88313524335dc9619a9664096a9e8ebdb7c12b9f6f,generated,10,10,False,9,0.019715224534501644,11,11
gemma12_r128_ku1000_iterative080,gemma12_r128_ku1000_iterative080,scientific-ku-backtranslation-search-iterative-20261010,fresh-bethgelab-298331,b7eff773bb1f99e0ec70566688feff4ba5a0189784a14a115bf01994215833e7,generated,9,10,False,7,0.004032258064516129,23,7
gemma12_r128_ku1000_iterative080,gemma12_r128_ku1000_iterative080,scientific-ku-backtranslation-search-iterative-20261010,fresh-bethgelab-298348,1772fcc1ab95270aa7cf556121f9d9e8e7a51faef3daa49b9cbd014cc6bc888f,generated,8,10,True,5,0.0,19,5
gemma12_r128_ku1000_iterative080,gemma12_r128_ku1000_iterative080,scientific-ku-backtranslation-search-iterative-20261010,fresh-bethgelab-298329,e82317ccc5846282768ba3aa221a3efe2a39e3ea8ba3aa388558fb0aa33b3272,generated,9,10,False,11,0.008088235294117648,12,12
gemma12_r128_ku1000_iterative080,gemma12_r128_ku1000_iterative080,scientific-ku-backtranslation-search-iterative-20261010,fresh-bethgelab-298328,153354fcb49dd95b0e53ee11e566e3844966d1decf81ab6546bed01a16b7dc60,generated,9,10,True,5,0.0,10,5
gemma12_r128_ku1000_iterative080,gemma12_r128_ku1000_iterative080,scientific-ku-backtranslation-search-iterative-20261010,fresh-bethgelab-298314,3b0b1bc4a2a9d3ec44f9bf4c807085458ce2ab6c4f2643d11352e39b84de334e,generated,10,10,False,7,0.012589928057553957,8,8
gemma12_r128_ku1000_iterative080,gemma12_r128_ku1000_iterative080,scientific-ku-backtranslation-search-iterative-20261010,fresh-bethgelab-298338,267e702fba238cba07248dd05079384a69ef77c7ffc0f75f670dbbb9a2980c30,generated,8,10,True,5,0.0,17,17
gemma12_r128_ku1000_iterative080,gemma12_r128_ku1000_iterative080,scientific-ku-backtranslation-search-iterative-20261010,fresh-bethgelab-298346,1e1f2ac3d1cc9101be937c5fc899581b9a9a3042a1ffcfd6b35966b74280a758,generated,10,10,True,5,0.0,11,11
gemma12_r128_ku1000_iterative080,gemma12_r128_ku1000_iterative080,scientific-ku-backtranslation-search-iterative-20261010,fresh-bethgelab-298333,47abc6ae797ba27368959af8acda4b50cbed1f93b28a6b5b52aa16aee02ab783,generated,9,10,False,31,0.025919732441471572,16,31
gemma12_r128_ku500_iterative070,gemma12_r128_ku500_iterative070,scientific-ku-backtranslation-search-iterative-20261010,fresh-arxiv-1599059,978fab3d0eab3ab39b2d03c4ed801eb64741b9abd4c2f231e188fb5dbc5a6dd0,generated,10,10,False,7,0.005200594353640416,11,11
gemma12_r128_ku500_iterative070,gemma12_r128_ku500_iterative070,scientific-ku-backtranslation-search-iterative-20261010,fresh-arxiv-1599067,037114a3d9cc82c9a07232e13f93afd9b946895215cbf9ad2aed2ef6fe9f5203,generated,8,10,True,5,0.0,13,13
gemma12_r128_ku500_iterative070,gemma12_r128_ku500_iterative070,scientific-ku-backtranslation-search-iterative-20261010,fresh-arxiv-1599052,d7a126611c83d5c6d3bc74ac21a6f61cba909d8ccefc316e9e0fc40a29c9ce80,generated,9,10,True,5,0.0,22,22
gemma12_r128_ku500_iterative070,gemma12_r128_ku500_iterative070,scientific-ku-backtranslation-search-iterative-20261010,fresh-arxiv-1599053,4d9cb93b33594d618cf1543b060021e491b2411de270ae615a02b7428f2f8ebd,generated,9,10,True,5,0.0,16,8
gemma12_r128_ku500_iterative070,gemma12_r128_ku500_iterative070,scientific-ku-backtranslation-search-iterative-20261010,fresh-arxiv-1599072,69607792a05b1ebb4f5f0a55c42fde76ec004efcb944fc6e10c5af5623ddd3e8,generated,10,10,True,5,0.0,8,5
gemma12_r128_ku500_iterative070,gemma12_r128_ku500_iterative070,scientific-ku-backtranslation-search-iterative-20261010,fresh-arxiv-1599097,d858b9bb0f49718b1e23994be451cb0129e05ec36ce46832a09e0a44ac091fc1,generated,10,10,False,7,0.003023758099352052,13,13
gemma12_r128_ku500_iterative070,gemma12_r128_ku500_iterative070,scientific-ku-backtranslation-search-iterative-20261010,fresh-arxiv-1599063,ccda26e9fdd23bb0e76e9584c75aef889c087aeed4f55be03958369447ce8e1e,generated,9,10,False,17,0.0137429264349232,10,17
gemma12_r128_ku500_iterative070,gemma12_r128_ku500_iterative070,scientific-ku-backtranslation-search-iterative-20261010,fresh-arxiv-1599075,2bdae8148a7101b61f43705f3711cf34f17bf94409996574f9ba3f9f9bcca81a,generated,9,10,True,5,0.0,20,5
gemma12_r128_ku500_iterative070,gemma12_r128_ku500_iterative070,scientific-ku-backtranslation-search-iterative-20261010,fresh-arxiv-1599088,58f078a12f10e6eba8435223b8ee0c993df214f88798aae8c48750f71666a202,generated,8,10,True,5,0.0,12,12
gemma12_r128_ku500_iterative070,gemma12_r128_ku500_iterative070,scientific-ku-backtranslation-search-iterative-20261010,fresh-arxiv-1599094,3f0f749365b45fbd1d9c3e2b1403c5416db6eae6d607388eb54cb3e3bf5bb327,generated,6,10,False,7,0.023936170212765957,6,7
gemma12_r128_ku500_iterative070,gemma12_r128_ku500_iterative070,scientific-ku-backtranslation-search-iterative-20261010,fresh-bethgelab-298315,116a736e368e08c1fea55e05b6701ca0b7493b0c6a0e2130f1066eb721937b67,generated,9,10,True,5,0.0,18,18
gemma12_r128_ku500_iterative070,gemma12_r128_ku500_iterative070,scientific-ku-backtranslation-search-iterative-20261010,fresh-bethgelab-298313,0690496cadbcb6cfdb982f88313524335dc9619a9664096a9e8ebdb7c12b9f6f,generated,9,10,False,9,0.004794885455514118,11,11
gemma12_r128_ku500_iterative070,gemma12_r128_ku500_iterative070,scientific-ku-backtranslation-search-iterative-20261010,fresh-bethgelab-298331,b7eff773bb1f99e0ec70566688feff4ba5a0189784a14a115bf01994215833e7,generated,9,10,True,5,0.0,23,23
gemma12_r128_ku500_iterative070,gemma12_r128_ku500_iterative070,scientific-ku-backtranslation-search-iterative-20261010,fresh-bethgelab-298348,1772fcc1ab95270aa7cf556121f9d9e8e7a51faef3daa49b9cbd014cc6bc888f,generated,7,10,True,5,0.0,19,19
gemma12_r128_ku500_iterative070,gemma12_r128_ku500_iterative070,scientific-ku-backtranslation-search-iterative-20261010,fresh-bethgelab-298329,e82317ccc5846282768ba3aa221a3efe2a39e3ea8ba3aa388558fb0aa33b3272,generated,9,10,False,7,0.009223300970873786,12,12
gemma12_r128_ku500_iterative070,gemma12_r128_ku500_iterative070,scientific-ku-backtranslation-search-iterative-20261010,fresh-bethgelab-298328,153354fcb49dd95b0e53ee11e566e3844966d1decf81ab6546bed01a16b7dc60,generated,9,10,False,6,0.001976284584980237,10,6
gemma12_r128_ku500_iterative070,gemma12_r128_ku500_iterative070,scientific-ku-backtranslation-search-iterative-20261010,fresh-bethgelab-298314,3b0b1bc4a2a9d3ec44f9bf4c807085458ce2ab6c4f2643d11352e39b84de334e,generated,9,10,False,7,0.015192620727075421,8,8
gemma12_r128_ku500_iterative070,gemma12_r128_ku500_iterative070,scientific-ku-backtranslation-search-iterative-20261010,fresh-bethgelab-298338,267e702fba238cba07248dd05079384a69ef77c7ffc0f75f670dbbb9a2980c30,generated,9,10,True,5,0.0,17,17
gemma12_r128_ku500_iterative070,gemma12_r128_ku500_iterative070,scientific-ku-backtranslation-search-iterative-20261010,fresh-bethgelab-298346,1e1f2ac3d1cc9101be937c5fc899581b9a9a3042a1ffcfd6b35966b74280a758,generated,9,10,True,5,0.0,11,11
gemma12_r128_ku500_iterative070,gemma12_r128_ku500_iterative070,scientific-ku-backtranslation-search-iterative-20261010,fresh-bethgelab-298333,47abc6ae797ba27368959af8acda4b50cbed1f93b28a6b5b52aa16aee02ab783,generated,9,10,False,10,0.005500550055005501,16,10
gemma12_r128_ku1000_iterative070,gemma12_r128_ku1000_iterative070,scientific-ku-backtranslation-search-iterative-20261010,fresh-arxiv-1599059,978fab3d0eab3ab39b2d03c4ed801eb64741b9abd4c2f231e188fb5dbc5a6dd0,generated,9,10,True,5,0.0,11,11
gemma12_r128_ku1000_iterative070,gemma12_r128_ku1000_iterative070,scientific-ku-backtranslation-search-iterative-20261010,fresh-arxiv-1599067,037114a3d9cc82c9a07232e13f93afd9b946895215cbf9ad2aed2ef6fe9f5203,generated,8,10,False,8,0.013071895424836602,13,13
gemma12_r128_ku1000_iterative070,gemma12_r128_ku1000_iterative070,scientific-ku-backtranslation-search-iterative-20261010,fresh-arxiv-1599052,d7a126611c83d5c6d3bc74ac21a6f61cba909d8ccefc316e9e0fc40a29c9ce80,generated,7,10,True,5,0.0,22,5
gemma12_r128_ku1000_iterative070,gemma12_r128_ku1000_iterative070,scientific-ku-backtranslation-search-iterative-20261010,fresh-arxiv-1599053,4d9cb93b33594d618cf1543b060021e491b2411de270ae615a02b7428f2f8ebd,generated,9,10,True,5,0.0,16,5
gemma12_r128_ku1000_iterative070,gemma12_r128_ku1000_iterative070,scientific-ku-backtranslation-search-iterative-20261010,fresh-arxiv-1599072,69607792a05b1ebb4f5f0a55c42fde76ec004efcb944fc6e10c5af5623ddd3e8,generated,8,10,True,5,0.0,8,8
gemma12_r128_ku1000_iterative070,gemma12_r128_ku1000_iterative070,scientific-ku-backtranslation-search-iterative-20261010,fresh-arxiv-1599097,d858b9bb0f49718b1e23994be451cb0129e05ec36ce46832a09e0a44ac091fc1,generated,6,10,True,5,0.0,6,6
gemma12_r128_ku1000_iterative070,gemma12_r128_ku1000_iterative070,scientific-ku-backtranslation-search-iterative-20261010,fresh-arxiv-1599063,ccda26e9fdd23bb0e76e9584c75aef889c087aeed4f55be03958369447ce8e1e,generated,8,10,True,5,0.0,10,10
gemma12_r128_ku1000_iterative070,gemma12_r128_ku1000_iterative070,scientific-ku-backtranslation-search-iterative-20261010,fresh-arxiv-1599075,2bdae8148a7101b61f43705f3711cf34f17bf94409996574f9ba3f9f9bcca81a,generated,8,10,False,7,0.006398537477148081,20,7
gemma12_r128_ku1000_iterative070,gemma12_r128_ku1000_iterative070,scientific-ku-backtranslation-search-iterative-20261010,fresh-arxiv-1599088,58f078a12f10e6eba8435223b8ee0c993df214f88798aae8c48750f71666a202,generated,9,10,True,5,0.0,12,12
gemma12_r128_ku1000_iterative070,gemma12_r128_ku1000_iterative070,scientific-ku-backtranslation-search-iterative-20261010,fresh-arxiv-1599094,3f0f749365b45fbd1d9c3e2b1403c5416db6eae6d607388eb54cb3e3bf5bb327,generated,8,10,False,7,0.020353982300884955,6,7
gemma12_r128_ku1000_iterative070,gemma12_r128_ku1000_iterative070,scientific-ku-backtranslation-search-iterative-20261010,fresh-bethgelab-298315,116a736e368e08c1fea55e05b6701ca0b7493b0c6a0e2130f1066eb721937b67,generated,9,10,True,5,0.0,18,18
gemma12_r128_ku1000_iterative070,gemma12_r128_ku1000_iterative070,scientific-ku-backtranslation-search-iterative-20261010,fresh-bethgelab-298313,0690496cadbcb6cfdb982f88313524335dc9619a9664096a9e8ebdb7c12b9f6f,generated,10,10,False,9,0.019715224534501644,11,11
gemma12_r128_ku1000_iterative070,gemma12_r128_ku1000_iterative070,scientific-ku-backtranslation-search-iterative-20261010,fresh-bethgelab-298331,b7eff773bb1f99e0ec70566688feff4ba5a0189784a14a115bf01994215833e7,generated,9,10,False,7,0.004032258064516129,23,7
gemma12_r128_ku1000_iterative070,gemma12_r128_ku1000_iterative070,scientific-ku-backtranslation-search-iterative-20261010,fresh-bethgelab-298348,1772fcc1ab95270aa7cf556121f9d9e8e7a51faef3daa49b9cbd014cc6bc888f,generated,8,10,True,5,0.0,19,5
gemma12_r128_ku1000_iterative070,gemma12_r128_ku1000_iterative070,scientific-ku-backtranslation-search-iterative-20261010,fresh-bethgelab-298329,e82317ccc5846282768ba3aa221a3efe2a39e3ea8ba3aa388558fb0aa33b3272,generated,9,10,False,11,0.008088235294117648,12,12
gemma12_r128_ku1000_iterative070,gemma12_r128_ku1000_iterative070,scientific-ku-backtranslation-search-iterative-20261010,fresh-bethgelab-298328,153354fcb49dd95b0e53ee11e566e3844966d1decf81ab6546bed01a16b7dc60,generated,9,10,True,5,0.0,10,5
gemma12_r128_ku1000_iterative070,gemma12_r128_ku1000_iterative070,scientific-ku-backtranslation-search-iterative-20261010,fresh-bethgelab-298314,3b0b1bc4a2a9d3ec44f9bf4c807085458ce2ab6c4f2643d11352e39b84de334e,generated,10,10,False,7,0.012589928057553957,8,8
gemma12_r128_ku1000_iterative070,gemma12_r128_ku1000_iterative070,scientific-ku-backtranslation-search-iterative-20261010,fresh-bethgelab-298338,267e702fba238cba07248dd05079384a69ef77c7ffc0f75f670dbbb9a2980c30,generated,8,10,True,5,0.0,17,17
gemma12_r128_ku1000_iterative070,gemma12_r128_ku1000_iterative070,scientific-ku-backtranslation-search-iterative-20261010,fresh-bethgelab-298346,1e1f2ac3d1cc9101be937c5fc899581b9a9a3042a1ffcfd6b35966b74280a758,generated,10,10,True,5,0.0,11,11
gemma12_r128_ku1000_iterative070,gemma12_r128_ku1000_iterative070,scientific-ku-backtranslation-search-iterative-20261010,fresh-bethgelab-298333,47abc6ae797ba27368959af8acda4b50cbed1f93b28a6b5b52aa16aee02ab783,generated,9,10,False,31,0.025919732441471572,16,31
