document_id,condition,correct,total,invalid,latest_condition_seconds,context_sha256
arxiv-121,no_context,8,10,0,0.1997851700289175,e3b0c44298fc1c149afbf4c8996fb92427ae41e4649b934ca495991b7852b855
arxiv-121,original,10,10,0,0.5061210819985718,d3a694eff94f3b4b16cb0b402152cc9c29d7beea9452d1d41f2e94d279cf97fc
arxiv-121,summary,10,10,0,0.31835423497250304,ffa097d008b424f9e298bf98c727a9d0efe895fb537efcae5da529c99f682ecb
arxiv-121,qwen38_reference,9,10,0,0.2452567580039613,059d16b46d3b6a296db34656ae3448b3809d962664c269ff9035575fd04e1f75
arxiv-121,ornith_raw,10,10,0,0.29854364902712405,8b6d7dd241bc1e56dcbe7e6fbb322f5fe468731bf7c1f92273e8e941d4745c2e
arxiv-121,ornith_corrected,10,10,0,0.3175858670147136,f484a500620992a70cdaa3bfccff90e0e12dd9ad1c1c594e8f75638b4cea5be8
arxiv-121,qwen38_raw,9,10,0,0.28288661199621856,6cec6172afd3398289394591d995a5113f6b9e086d840eb9470a242d7f7dc30c
arxiv-121,qwen38_corrected,9,10,0,0.2022758739767596,6cec6172afd3398289394591d995a5113f6b9e086d840eb9470a242d7f7dc30c
arxiv-121,ornith35_raw,10,10,0,0.3207996250130236,f2c5ff1867ed6f2d79bee946423936c718038fe350bf2dd9b01dd3273395cfbc
arxiv-121,ornith35_corrected,10,10,0,0.28359760699095204,0e21aeb305388914d7ab253844fdffe5149abfd4d9cc2b65a4a82e241f116dc6
arxiv-126,no_context,4,10,0,1.8238245490356348,e3b0c44298fc1c149afbf4c8996fb92427ae41e4649b934ca495991b7852b855
arxiv-126,original,9,10,0,0.30969632597407326,1930d76ba55aeb0001455f2343b31339a7ebd4c1eaa1881c3cc97bef9f4572d8
arxiv-126,summary,6,10,0,0.30969421402551234,3ddfa84f8beed15ffd467bb43132c09a67ea21e2f331bb8fec2d3a5c0a44aa42
arxiv-126,qwen38_reference,5,10,0,0.2607772540068254,72dcf025278f941f0cfde11f82febc52138ae6d5123c607032827315c66d5b62
arxiv-126,ornith_raw,7,10,0,0.3597294900100678,efdad732517911c54b0604cf4049808d9370aae17d5f21ca487ba82dc1961055
arxiv-126,qwen38_raw,6,10,0,0.23668358201393858,92cc6ec1bdf160ffeeb1d4b759a695960705dcf0cc1084bffcdf893a07f097c7
arxiv-126,qwen38_corrected,6,10,0,0.24460534699028358,6d3f6360682752f5a1777b38773fa73e7260d23fa813347189158b9c6832c86c
arxiv-126,ornith_corrected,7,10,0,0.38092020503245294,2883e1d5588d2f788e7f5fb6329cfac5cbf0d33c4dfdb924501e956f252adf93
arxiv-126,ornith35_raw,6,10,0,0.257585275976453,b52a9c6e2e160a0b638755c00308afa96eefa2406207c1e568b7fa77c9004bfe
arxiv-126,ornith35_corrected,6,10,0,0.21721992397215217,c75bc4d0e43293dd86653f9fd6c9e00014eaf43db7a38ce5cc81ab6a22baaee3
arxiv-107,no_context,6,10,0,0.18349585699616,e3b0c44298fc1c149afbf4c8996fb92427ae41e4649b934ca495991b7852b855
arxiv-107,original,10,10,0,0.39247787097701803,0cd232f1e6f19c1c792956fba6b6706d8bea94915ea3ed46590d6db698f415ec
arxiv-107,summary,8,10,0,0.29211235098773614,d4fe6a687c4b02bd55b1db92d637ad39849f1d94c67bfceb618bad353cab787e
arxiv-107,qwen38_reference,9,10,0,0.2471754400175996,b4225fa634ff4e6baa7f8d7bc7aa3eebdac75bca4ab716e9e19b8cd8e8286ecf
arxiv-107,ornith_raw,10,10,0,0.3349943580105901,04f8c85d9fc63720406e88af7c1631b3d1792cd195208ed74c98c59b340969ce
arxiv-107,ornith_corrected,9,10,0,0.31598916300572455,02a79574383235e886d31f0785097000d55fe250443f102ee8bba9c14d095ead
arxiv-107,qwen38_raw,8,10,0,0.2296080730156973,de5dd19a1c5a8e7407c095fe285aa1a6ced8ea21a98f72f6a329f6f225891981
arxiv-107,qwen38_corrected,8,10,0,0.21231977199204266,981db1f3e84acd9fe608bb0b44bdd6b05a80a40ca6b860e8c7a3c92a3ce4f6a5
arxiv-107,ornith35_raw,7,10,0,0.2395888640312478,9bd1f70e16001e7720dcee1ffb3b03d5f5227d08899ec99b6a30f1cbfaaed4ed
arxiv-107,ornith35_corrected,8,10,0,0.17645170004107058,9bd1f70e16001e7720dcee1ffb3b03d5f5227d08899ec99b6a30f1cbfaaed4ed
arxiv-102,no_context,5,10,1,2.8777507600025274,e3b0c44298fc1c149afbf4c8996fb92427ae41e4649b934ca495991b7852b855
arxiv-102,original,9,10,0,0.36269823100883514,0c59df13d1c8367c898c64adf0337dbe33ef3a348ba4acfd31151d353d722102
arxiv-102,summary,8,10,0,0.29316909797489643,625b32f3ca71c77224b1aa0ddb56e8a28d6603b1febb75afed85ca534b5cad24
arxiv-102,qwen38_reference,7,10,0,0.23281940195010975,900576c6dc5b694109c92c7f2c7ec769e184f5136e5a37ea9342ba3326d6de85
arxiv-102,ornith_raw,9,10,0,0.3248367970227264,3ecd9367d5ece6713d0a1a1d53428cffcd2a123669495dc5fcf5e3855a305abc
arxiv-102,ornith_corrected,9,10,0,0.23823820700636134,15fee09922067ef1edcb96dd2550421ab96c9e622d7deb70a509caaedfe4ddcb
arxiv-102,qwen38_raw,9,10,0,0.229391147964634,310e8e97882c9b220d55988fa92db9f37214e605634f75325238868528f2a214
arxiv-102,qwen38_corrected,9,10,0,0.18199991900473833,310e8e97882c9b220d55988fa92db9f37214e605634f75325238868528f2a214
arxiv-102,ornith35_raw,8,10,0,0.2678352679940872,1b5127ce45879ab334ce5acbd51d09afe0a2ac25584626e381f90b83450cad51
arxiv-102,ornith35_corrected,9,10,0,0.21524152799975127,2fc980dd96111c3409b7f44be24d229e56d511df2deac1851c6006dd1ffde2ae
arxiv-136,no_context,5,10,0,0.15468384698033333,e3b0c44298fc1c149afbf4c8996fb92427ae41e4649b934ca495991b7852b855
arxiv-136,original,10,10,0,0.40277715696720406,675c74bc3e304a4e6d1d06fd23fa795e5096b7bc80ba498817dfc0d663e7a07e
arxiv-136,summary,8,10,0,0.31418362900149077,643d73eab6281957f7f38cc21013071add60793e98d4d1dc27989b24182ed61d
arxiv-136,qwen38_reference,10,10,0,0.31473098002607003,4f30b5eabe8109daa532a278f601149934d269d795f027070f8adaec9bb06d41
arxiv-136,ornith_raw,10,10,0,0.3214581750216894,d8d8ae6b0bca513d5419f89c5331d43054e207e4a57a22ec9ca1f51462a24a05
arxiv-136,ornith_corrected,10,10,0,0.2700215840013698,cb8a7e7eebce698c7c294f7399c730c3c6a97b8e90831c2c33aeb7bb5fe4afd8
arxiv-136,qwen38_raw,9,10,0,0.2783472769660875,39c168b54c85074adb89cb4efd89f2df757538345874fe0dabbb5ff4576b824f
arxiv-136,qwen38_corrected,9,10,0,0.21458296000491828,39c168b54c85074adb89cb4efd89f2df757538345874fe0dabbb5ff4576b824f
arxiv-136,ornith35_raw,9,10,0,0.26625276799313724,9357f393b0d24283cf5c8ef4466413dc39da5b8594bcbd21db44b99ccd6b9430
arxiv-136,ornith35_corrected,9,10,0,0.20971321099204943,e926f0aaea3f175dd5b56f45b4f1be808b6d09aac7afadbcd30bbeba7e0dc754
arxiv-149,no_context,5,10,1,2.8908909499878064,e3b0c44298fc1c149afbf4c8996fb92427ae41e4649b934ca495991b7852b855
arxiv-149,original,9,10,0,0.530753878003452,f45fbb1a667f04eaf047241d43a42805720ec0b274912115cad01d051ceff4d0
arxiv-149,summary,6,10,0,0.2849056440172717,2d88ac1d92d49cd7438aadd203cd35dcf0c724ea0ed95e088fd07a0c22c0ad1c
arxiv-149,qwen38_reference,8,10,0,0.22341981099452823,82417dae0de9c9599d8bd94caf716b1a64b6b037dacbb8226422df146dee4531
arxiv-149,ornith_raw,7,10,0,0.3100948149804026,b2309b43d2a8668c6961b6879a0a188ae34ae02f053241c9b2ffa326874e72de
arxiv-149,ornith_corrected,7,10,0,0.2587187649914995,c19b18e516829621e50e994bb37730608c62c2bd68dc9b40dbcd4e5c2f7af994
arxiv-149,qwen38_raw,6,10,0,0.23606378497788683,8baf9547fd035d76b0b65c3f414ef101a4d829f9d04f3dcf697634ddff3ea479
arxiv-149,qwen38_corrected,9,10,0,0.2275194739922881,ef7c94f2857d4c6d415418c6074b707157ca1dc4a0c0ebb310ea1e9656c11bfe
arxiv-149,ornith35_raw,7,10,0,0.23932966799475253,732a97f388e5ef80ab2d0829741d0f3c147fcf5fae2ad4b4d60c5e6d8d61a029
arxiv-149,ornith35_corrected,6,10,0,0.20642536599189043,63b0170fba368aa6a12c23edff8abe2da17bdcab08a374174c4ae57a291ba72a
arxiv-105,no_context,8,10,0,0.20004436501767486,e3b0c44298fc1c149afbf4c8996fb92427ae41e4649b934ca495991b7852b855
arxiv-105,original,10,10,0,0.34042317897547036,a5125841febadab67901bd0b1697be29074d729a764def41ec6ee04627b65c60
arxiv-105,summary,9,10,0,0.30159498000284657,3da835a505acf46a09daf4f09b8ddc673aea6fa1330dcbc60df5dc0bf67098f6
arxiv-105,qwen38_reference,9,10,0,0.23590638197492808,97b780824b15dde0f833c678b7e28dece201533c0e0977bca8d2366a62d31a8f
arxiv-105,ornith_raw,10,10,0,0.4545256130513735,1553ed2bee07aa15bac3b4c42d40ad2ab5c60f9aa57649a3fdbc04b8cc943f14
arxiv-105,ornith_corrected,10,10,0,0.4126979539869353,913a447885871fa04d7308c6095168ca45fac37e84c3d59b897ee5b678e63d3f
arxiv-105,qwen38_raw,10,10,0,0.29209468699991703,7c4d74c4715532f98f9c2857be148d9c49e46a4213a05a18168ee06b64fe091a
arxiv-105,qwen38_corrected,10,10,0,0.2711830330081284,a86482b42cb61dfb3970d6891ace61afada75b84e012bda5b8455992e9eb4f07
arxiv-105,ornith35_raw,9,10,0,0.2614912540302612,8b8d40ffbf9f2c8511ce47f0e7518ec83c71fce501cd0a030ce0a5c24e0ad6ba
arxiv-105,ornith35_corrected,10,10,0,0.2052457089885138,0692fd400ce2a7f1d7f6ba9a7b39759aecec10cd8a6f9e3f4708b94859890d1d
arxiv-115,no_context,5,10,0,0.20444517396390438,e3b0c44298fc1c149afbf4c8996fb92427ae41e4649b934ca495991b7852b855
arxiv-115,original,10,10,0,0.4681285149999894,42a1ca2ea10daa973bd16846721085d97a9ffe654e95422012ca5159ba4e4b5d
arxiv-115,summary,9,10,0,0.3338191810180433,685e600067f5665ab6acaac5dd2fcd76c95d43df77a4f00c2d285415a4cc35b3
arxiv-115,qwen38_reference,7,10,0,0.23757383704651147,1f9aba229d63cd114bb8ae665e6c294b04c45e4d2cc9125dea93c8704983bbd6
arxiv-115,ornith_raw,9,10,0,0.6434660669765435,e4bb80439d90a8dc865bba26198ef0f0f69850392a8c3ddcba356d879a06de05
arxiv-115,ornith_corrected,10,10,0,0.5930173289962113,a2f3cf942c0cc53b9db1488cd3cf5d83892a39cb330793e08ce798dacbe35709
arxiv-115,qwen38_raw,7,10,0,0.30028978997142985,ffce2fcfbc7e76a3790c9c0d4d8b4de208f940d5eff4bd4385eb989ab3437d4c
arxiv-115,qwen38_corrected,7,10,0,0.25674894801340997,ebece61ed093725b7ae9f84de9c87b2e88385865577dc331678aa291bbff8bd0
arxiv-115,ornith35_raw,6,10,0,0.24445325700799003,e49491003dd95688787d9254912949449607f5fb4989ecd069935ca195c1895a
arxiv-115,ornith35_corrected,6,10,0,0.17139153403695673,e49491003dd95688787d9254912949449607f5fb4989ecd069935ca195c1895a
arxiv-109,no_context,3,10,0,0.16009817301528528,e3b0c44298fc1c149afbf4c8996fb92427ae41e4649b934ca495991b7852b855
arxiv-109,original,8,10,0,0.48680808499921113,efc50660ddd10578ac93db24ab78998d80637d2a0e59f77a07d910d3fc627bd3
arxiv-109,summary,8,10,0,0.32857701199827716,28e2cbe9a0f3e4fac3139c3d1d7402d6cd8fd470cdec88a3100339abc3e73445
arxiv-109,qwen38_reference,8,10,0,0.2875689510256052,9112baea5a883cae8f8a9e48362952ca72e20faf9faf70e7f5bdf5c5cc8cec7b
arxiv-109,ornith_raw,8,10,0,0.3374921340146102,56024159fb20a3189397d5344a0b0391fa7e91ca42d43c41a9093d8eedb8f6b9
arxiv-109,ornith_corrected,8,10,0,0.2670360429910943,8ba2342604375e963b03407d6f8e975cdf0e0fd3246196e941107f3d47ea22ec
arxiv-109,qwen38_raw,9,10,0,0.26891398895531893,f1cdbe2b001cf622f225b7c4da2f1b811502baa78ada44e5eddeb8462402aae3
arxiv-109,qwen38_corrected,9,10,0,0.2265439410111867,f1cdbe2b001cf622f225b7c4da2f1b811502baa78ada44e5eddeb8462402aae3
arxiv-109,ornith35_raw,8,10,0,0.25564892700640485,5097b7896b3eb943e15abb8062d872f4fced5e42bdfd27c1b0e023250b817668
arxiv-109,ornith35_corrected,8,10,0,0.1638419740484096,5097b7896b3eb943e15abb8062d872f4fced5e42bdfd27c1b0e023250b817668
arxiv-140,no_context,8,10,0,0.18003586097620428,e3b0c44298fc1c149afbf4c8996fb92427ae41e4649b934ca495991b7852b855
arxiv-140,original,10,10,0,0.5505492669763044,60d9760b31c6d22c99e9bd030affca4a6c991004c5b68c4be05b0afcb39308d4
arxiv-140,summary,9,10,0,0.3029880730318837,3bcd7a5c566c06d02d97844cfc2b43a1dcb8bc3c3baf60496abdd6ddc7280b93
arxiv-140,qwen38_reference,10,10,0,0.30015414499212056,69949cee00db28a53ea12f873d845852d2fab4bc8e718bf739de8aaefde51184
arxiv-140,ornith_raw,9,10,0,0.22574952495051548,fecce3e8e6f20b29e2d63aa4345a8abdc5052d861bb9d2e03ab3665d7745961c
arxiv-140,ornith_corrected,10,10,0,0.2179026390076615,9f6146312994a2de22bcaee81f40a1dc8a0db6eab6fee0cebe4f89125542c6c2
arxiv-140,qwen38_raw,9,10,0,0.33813471300527453,271f8b50f277304d76ed29a9afa33f68505337f75c922cb33d37b9497053dd03
arxiv-140,qwen38_corrected,9,10,0,0.2596932740416378,271f8b50f277304d76ed29a9afa33f68505337f75c922cb33d37b9497053dd03
arxiv-140,ornith35_raw,10,10,0,0.24391141097294167,910f93a05fc92cc39a310e10ff50519291f88a0b63e49f29962fdb0676f35ec0
arxiv-140,ornith35_corrected,10,10,0,0.1763989949831739,910f93a05fc92cc39a310e10ff50519291f88a0b63e49f29962fdb0676f35ec0
arxiv-10033,no_context,3,10,0,0.7482510209665634,e3b0c44298fc1c149afbf4c8996fb92427ae41e4649b934ca495991b7852b855
arxiv-10033,original,8,10,0,0.5138216980267316,0ab4201a9ac28ed2854d07b9664a6dbb22ed10afdbb21ce3e4e96927a50d1667
arxiv-10033,summary,8,10,0,0.3545443419716321,6f0ae3d6afb6c5db5903c0db896a51896f731938756aa6b092aa0c48f772164f
arxiv-10033,qwen38_reference,8,10,0,0.251004517020192,703d0e9281975c8758e933ebc97562e2f08f1bf90e716f62f985a47f462bf735
arxiv-10033,ornith_raw,8,10,0,0.3183951640385203,20e8fb30dfa738cfa97cb119a6600dbd1992704956aa577b0d8ba1ed9fe95e23
arxiv-10033,ornith_corrected,8,10,0,0.24484658997971565,b0fbcfac2b63423ad535c41e4ca4e820c91b857624899a4fcd4196758cb4b624
arxiv-10033,qwen38_raw,6,10,0,0.32322453998494893,e9d97f8b3112d64582854bbcf8f51dccfbb7597d411b946f2de63ad22b7d2f88
arxiv-10033,qwen38_corrected,8,10,0,0.2739289839519188,d1658417d4ceddce15a46cf4602f3735c42b6bb3f6e500168f592748ee5fffb4
arxiv-10033,ornith35_raw,8,10,0,0.2751112010446377,6d13a9a97214cbadf299be445f952cbb35ccca1b709e06dfd5386c857b4fa6c8
arxiv-10033,ornith35_corrected,8,10,0,0.23389223194681108,f4f2ea41ba12c07e1d653b2e0b752c4eba08f97d10a04abb1f23d869d3153c25
arxiv-10019,no_context,6,10,0,0.1981714089633897,e3b0c44298fc1c149afbf4c8996fb92427ae41e4649b934ca495991b7852b855
arxiv-10019,original,10,10,0,0.5700004040263593,e417f9d8113e4f9e3d4d71d407c61db9b570026bd9f7b6668fc1e8c16d596cf1
arxiv-10019,summary,9,10,0,0.3083389450330287,21ed7b8021130eaf57fc1bf215d94ba9bea152bd8cd8ed55804ae20dc3874047
arxiv-10019,qwen38_reference,9,10,0,0.2590730630327016,5f369f851a432e93fd52bc2b7c3a2c9ef72fc0b15d0c4d06650037800708e77a
arxiv-10019,ornith_raw,9,10,0,0.29026467399671674,d3a20b0b2e13d02b43799b361caf9785ed77e6fa8089411ca88285e311241a20
arxiv-10019,ornith_corrected,9,10,0,0.24702533200616017,fc75fe6e4522b84020d67117d910d287c7360949566a0b674d290f05036cad6b
arxiv-10019,qwen38_raw,9,10,0,0.25749267800711095,5ce0216e219e2377f00427b5b5bab78d9128e98d17d40d18bd7a971fe151660d
arxiv-10019,qwen38_corrected,9,10,0,0.26290470000822097,50d6e265e96c520adb3240f7e4519ebd9e9853c0479b989191b7a7c6b5009458
arxiv-10019,ornith35_raw,9,10,0,0.24046299298061058,457f5b8806221af4e72399c2aba433fd43a0c765f1328535dc19c644f839f3c6
arxiv-10019,ornith35_corrected,10,10,0,0.1789344379794784,457f5b8806221af4e72399c2aba433fd43a0c765f1328535dc19c644f839f3c6
arxiv-10021,no_context,5,10,0,0.17233185202348977,e3b0c44298fc1c149afbf4c8996fb92427ae41e4649b934ca495991b7852b855
arxiv-10021,original,10,10,0,0.5134668580139987,45486df054ce4e8cb8f4e3990eef1766b9bdc7b2e85e15db69e9ddb8f396c118
arxiv-10021,summary,10,10,0,0.3081791080185212,c4d2db8e2c83986cbc3389e1eecefd1a73cd9740bfb049069f671d46c610b074
arxiv-10021,qwen38_reference,9,10,0,0.27850324200699106,27dc9cfe611465d8a7cc1e87a06bde8db654dd1b6767c9b39cda61c8d288912e
arxiv-10021,qwen38_raw,10,10,0,0.2903587860055268,49f8fad0ac4e38089968b0165d72e785b61c1eccc9cc8f2688329503b10ffbb2
arxiv-10021,qwen38_corrected,10,10,0,0.3040901949862018,2caf2b3661a4250702def2ebcacbfdda5b1c0652f454d4cb6930f0cd5dfb275c
arxiv-10021,ornith_raw,10,10,0,0.3202163690002635,8223983d8a7f0d3e021b3ecd555f8ac7ffad6f41face2148ab470eda28643c4e
arxiv-10021,ornith_corrected,10,10,0,0.2700970269506797,fbcf5f174f46684fe69d10a577bdf4ec7356834f9bab83dc5474423a62ff20dc
arxiv-10021,ornith35_raw,10,10,0,0.3444708139868453,314e7b5552e67903cd9525111cb14ce8b2b2c03d773ffa3b7c1f9e64ef864e23
arxiv-10021,ornith35_corrected,10,10,0,0.301317895995453,36c736ed36f69f0501c9135f20a42d03b4e0a13c280c97c8994a885e69f37bd3
arxiv-10024,no_context,7,10,0,0.19083916896488518,e3b0c44298fc1c149afbf4c8996fb92427ae41e4649b934ca495991b7852b855
arxiv-10024,original,10,10,0,0.4372111370321363,53e0b1725cb5a75993acc2d9a053ebfbccabab6198d7da1c710d31441855428c
arxiv-10024,summary,10,10,0,0.327021776989568,d08317f69e54568c59e5fb3345cfaeaa51a28fa6b1de91fffe0f009319584c5d
arxiv-10024,qwen38_reference,9,10,0,0.26157358998898417,798f1624d2834ae6e7481f82c5791ccc1e4fd14c7fd5b824505c93b9ab75c85b
arxiv-10024,ornith_raw,10,10,0,0.3067200320074335,443231b3c215022cd856f29061f858979751703918d2c6e2e8baa218f7869826
arxiv-10024,ornith_corrected,10,10,0,0.2684190559666604,fe5bde9689b092bc8069f3e4b2942f3ec58229dc4824287a796c41b298240e35
arxiv-10024,qwen38_raw,10,10,0,0.24373528396245092,b09ed4aa1ed74824cf3ea0f40f5702b83bbddfccf1c23cae03ea2baa8844499e
arxiv-10024,qwen38_corrected,10,10,0,0.23668834997806698,a3368fea913aafdc6847dd8851dc562b421ab08b209a629be858e09744de44cd
arxiv-10024,ornith35_raw,10,10,0,0.2912595809902996,7233db720f823b65fe2a3696a0c17a0ac6f2250c2efcef5e698e9ee36912011c
arxiv-10024,ornith35_corrected,10,10,0,0.250138817995321,1510256e352df960cbc9f387882b2f311cd7f4708694e8de7cebe69050260e85
arxiv-10047,no_context,5,10,1,2.678192241990473,e3b0c44298fc1c149afbf4c8996fb92427ae41e4649b934ca495991b7852b855
arxiv-10047,original,10,10,0,0.4310683460207656,d9ebb43f108cf77cf2a314ef4344f7dc8ec16aed525065dc3c64ebe64506ee96
arxiv-10047,summary,8,10,0,0.34487419499782845,1fc2bab18e2b888ac21249db099d2635e2705e70e86df945c7d3616705983a1f
arxiv-10047,qwen38_reference,8,10,0,0.24513013695832342,40553ed871a27e2ee66904bba251d02c9f9400b3898eabcdf906ff9c7e0f16df
arxiv-10047,ornith_raw,10,10,0,0.6004677750170231,128b907566847687882cb571e305e2406d5e15ae26a98ae4c62ba2230fa8c43e
arxiv-10047,ornith_corrected,10,10,0,0.38828812894644216,00c247047ff1acfa9baa1fb489fb94d308132d14d9c81f5f419bb3c653238400
arxiv-10047,qwen38_raw,10,10,0,0.2767588600399904,add97f9e64227990d116632a2f88381ab1cb67fd36d08fadbf8a979a3c159a4f
arxiv-10047,qwen38_corrected,10,10,0,0.2475837210076861,add97f9e64227990d116632a2f88381ab1cb67fd36d08fadbf8a979a3c159a4f
arxiv-10047,ornith35_raw,10,10,0,0.25485553400358185,a03a7329ec2f57fb0486886b5c5edb01642657a62163a0108426934b8ee1efdb
arxiv-10047,ornith35_corrected,10,10,0,0.2150156120187603,ff63c6bdf19b29cf8a3d181877602b2f9e97d0a9321c7e5334406614349d5286
arxiv-10038,no_context,5,10,0,0.19997495698044077,e3b0c44298fc1c149afbf4c8996fb92427ae41e4649b934ca495991b7852b855
arxiv-10038,original,10,10,0,0.6327185349655338,24a37c6b6db0ee62ff090f572c9194655408da9a292e549fdc74619fc8b81100
arxiv-10038,summary,9,10,0,0.312435696949251,638e228dcd53d5ed30b7b07060033f47796558ab0715b8893795cbe05295e4a3
arxiv-10038,qwen38_reference,9,10,0,0.2626220500096679,773302cdb48dec5af2ffde2128c9d575eda07f254c0acc207de7a76ac629671c
arxiv-10038,ornith_raw,10,10,0,0.4355306249926798,3ff89ecf46ea9dacc92f950f911271df457f200cbf22781fdb5752f211434781
arxiv-10038,ornith_corrected,10,10,0,0.3763170029851608,16d769dde6cef355722dbc5276a9d61db09d0e19433f57680515b7de4f40d9f6
arxiv-10038,qwen38_raw,9,10,0,0.267199334979523,332d37afba5da453f09ee97cd348e8cdc23c789dded858ed9ddadf30f5b1e97a
arxiv-10038,qwen38_corrected,9,10,0,0.1984594669775106,332d37afba5da453f09ee97cd348e8cdc23c789dded858ed9ddadf30f5b1e97a
arxiv-10038,ornith35_raw,10,10,0,0.2537551380228251,a644d9ae259be481ae9df41645f4e2b81bd49b23c82ca1a51fa57adc3bf7c86e
arxiv-10038,ornith35_corrected,10,10,0,0.1719197179772891,a644d9ae259be481ae9df41645f4e2b81bd49b23c82ca1a51fa57adc3bf7c86e
arxiv-10037,no_context,7,10,0,0.17901223298395053,e3b0c44298fc1c149afbf4c8996fb92427ae41e4649b934ca495991b7852b855
arxiv-10037,original,10,10,0,0.5004473369917832,4742c32509e14797f67241eafe278edcd5977dac8bc1a7f17e82b40cfc01c37c
arxiv-10037,summary,9,10,0,0.3569579910254106,b742c3843a3448be1ec602be4c663f11ea3e71c9de3f2731992ae6c601f0e505
arxiv-10037,qwen38_reference,9,10,0,0.24673413700656965,dabbf5b564930a92009a947f1b699045d9cb2e049d413a7677c96f99d2a1110c
arxiv-10037,ornith_raw,8,10,0,0.2922612110269256,9cba6793cdc6036378e962f09fb20c6da854e6eaf88e66781c204ba187eeb35d
arxiv-10037,ornith_corrected,8,10,0,0.24283638899214566,9cba6793cdc6036378e962f09fb20c6da854e6eaf88e66781c204ba187eeb35d
arxiv-10037,qwen38_raw,9,10,0,0.25561159499920905,53f0325fa30fe3f9ec768d2733f6e1306a37472e31ca3e4055bef2e1d7a27da0
arxiv-10037,qwen38_corrected,9,10,0,0.23033429798670113,75f1a4ab167bff6db0a040f2c8e8ba7d29f05e1176f62a868677ffab1893295d
arxiv-10037,ornith35_raw,8,10,0,0.34819989901734516,13c9a01b1768c85bee60dbd7f953d27879ed9cdc496cec781d932a56adf03f4f
arxiv-10037,ornith35_corrected,8,10,0,0.20392339600948617,13c9a01b1768c85bee60dbd7f953d27879ed9cdc496cec781d932a56adf03f4f
arxiv-10035,no_context,5,10,0,0.17297257500467822,e3b0c44298fc1c149afbf4c8996fb92427ae41e4649b934ca495991b7852b855
arxiv-10035,original,10,10,0,0.5234096060157754,576e1d1a7a5d04977a3ea5472092f893edc8b9cd3f962da42c568548c54287e9
arxiv-10035,summary,9,10,0,0.3225532579817809,ec650218f8febfd51e59ddf0137cb0ee9bf94a3625208dfb25591a9134fd378d
arxiv-10035,qwen38_reference,7,10,0,0.25562628300394863,1cc600fae153ef9394475072f29474a93296483d4e0b962d6c1136c7269a374b
arxiv-10035,ornith_raw,9,10,0,0.3660555729875341,ba5f1124e3aac0a9efac6f14b2eeeb82dca37e1e3a7918408e1a406e69640721
arxiv-10035,ornith_corrected,9,10,0,0.3304136790102348,96c64565fedcfe125abfd48a9fb4055cf1b929f58a947e99bfbd074dcc7b38cd
arxiv-10035,qwen38_raw,8,10,0,0.2561328320298344,09ba4d849010b51e2a57e284b61838db7473c112d5a4ded3e93a95e488e13c4c
arxiv-10035,qwen38_corrected,8,10,0,0.24059355299687013,a55664b1bc216389660cc425969d53b6eed3db3e743ebe418e205a297fbf79cc
arxiv-10035,ornith35_raw,9,10,0,0.2508045029826462,ee6123da3f283fa14ff422f6b6f91ffeccb0378d79bc2a2e277ef7b042d37df2
arxiv-10035,ornith35_corrected,9,10,0,0.24948407796910033,eaad5e67cbbab005d6ae1899e8cf02dae54a9986e3b00597ad9a417a0140d4e5
arxiv-10023,no_context,7,10,0,0.17360414698487148,e3b0c44298fc1c149afbf4c8996fb92427ae41e4649b934ca495991b7852b855
arxiv-10023,original,9,10,0,0.5332944680121727,2e0938c2a41926f92e2466e0544b029849f927591ee0d8767ffd9ecbc103db18
arxiv-10023,summary,7,10,0,0.3094885229947977,988f92d19b8dd11f926a411f7fced0bd3711f3f4ef355e9e512182cc76c853a3
arxiv-10023,qwen38_reference,9,10,0,0.21055676601827145,4c47198a3633a2b3591f98ebb7c3baa1ef487393998fcef8d3195e505aaf9836
arxiv-10023,ornith_raw,8,10,0,0.27384762099245563,21c26faae227ef92c5ada14e5219864c54f80dc81e823b0bd5cc57469515e70c
arxiv-10023,ornith_corrected,8,10,0,0.22335808299249038,908031c67a52bc8b2ca1af1fd13580122eecf631f6fdb2c9cb958709dc487dbf
arxiv-10023,qwen38_raw,9,10,0,0.2682553469785489,55c99ee7ff786f994f06e27ae83addea6530ac889a56885c53600ecaa5c73cea
arxiv-10023,qwen38_corrected,9,10,0,0.2285077749984339,18e878e30a050e0b49ea67f7ae5bd0a2e58387f0a87b2da86b422aacfdafd13b
arxiv-10023,ornith35_raw,9,10,0,0.23494168400065973,54e1e954f6775d5183e58ac494743f0e6b8338e49efb6585581644d526a9641f
arxiv-10023,ornith35_corrected,9,10,0,0.16769931197632104,54e1e954f6775d5183e58ac494743f0e6b8338e49efb6585581644d526a9641f
arxiv-10040,no_context,8,10,0,0.7291330919833854,e3b0c44298fc1c149afbf4c8996fb92427ae41e4649b934ca495991b7852b855
arxiv-10040,original,9,10,0,0.475526608992368,82667fc126300ebcdfcd41e1d482add7d0306db9ccf1f24ee5893398882f0f5d
arxiv-10040,summary,10,10,0,0.32422170595964417,829281b36281efae601254cdef190bea83e5286fc678395f8af4113c3038be65
arxiv-10040,qwen38_reference,9,10,0,0.2659844160079956,1e8528ddeef649f8334b76b908296a9785e97313496f82e40920873ed82b5c98
arxiv-10040,ornith_raw,10,10,0,0.34035751601913944,625ab54bd1b765ea20787094ba97c1b4cd71a2771aa3863ad2e18dd8b2e7b1e1
arxiv-10040,qwen38_raw,10,10,0,0.23486332996981218,52e3efbfa5b5626d3775c2ced08969de52d10c598e67275ee1a5685cd2efe70a
arxiv-10040,qwen38_corrected,10,10,0,0.18045380496187136,52e3efbfa5b5626d3775c2ced08969de52d10c598e67275ee1a5685cd2efe70a
arxiv-10040,ornith_corrected,10,10,0,0.3212694029789418,625ab54bd1b765ea20787094ba97c1b4cd71a2771aa3863ad2e18dd8b2e7b1e1
arxiv-10040,ornith35_raw,10,10,0,0.3217789040063508,badb65b5c99047d860b89a1fd7a27c10c0be5b462f0c456a53fd0775b144b1e6
arxiv-10040,ornith35_corrected,10,10,0,0.2970516679924913,97a080b4ad9f68e4c0c28a995e5b06749a702ff1f9c5ce92f2e97c7876db67d9
arxiv-100022,no_context,8,10,0,1.1914205679786392,e3b0c44298fc1c149afbf4c8996fb92427ae41e4649b934ca495991b7852b855
arxiv-100022,original,10,10,0,0.4733864279696718,849f8fb357f0e0f5725b4fadd1192d05ee4562e6f85d70db7fe0c514b144989b
arxiv-100022,summary,10,10,0,0.3162070150137879,3b3bb0125477d065216d51ce8a2f84bf6657e85284933c55c99a6858ac5ff4cd
arxiv-100022,qwen38_reference,10,10,0,0.2345817350433208,6bfea9f90d2eb971d770c94ab61e6895319bb92c965f7241e913e06049e1686a
arxiv-100022,ornith_raw,10,10,0,0.34908745798747987,a7797580f8515f2a6008b83205315a4dc4a7dfe12377767cd70f7173dab44d97
arxiv-100022,ornith_corrected,10,10,0,0.28856883698608726,29f8e08e24f1eb000534e5ef761a5a050c615fcb43c0d69ce33f756d6111ef89
arxiv-100022,qwen38_raw,10,10,0,0.2996066049672663,235ad90ee157727e837245dc2e7ed4f349fd5b169cb9825253ad21e2d03cdd6c
arxiv-100022,qwen38_corrected,10,10,0,0.2725024959654547,235ad90ee157727e837245dc2e7ed4f349fd5b169cb9825253ad21e2d03cdd6c
arxiv-100022,ornith35_raw,10,10,0,0.24596916500013322,bff6acbcdc932f2ed1b8155f48d8b0b26694120f3d311ffdf046a033481c6ea2
arxiv-100022,ornith35_corrected,9,10,0,0.20354576996760443,fbea792c5892398c304701bcfc15b2166f48b5cceafa031e47f9e6428ffd0e0c
arxiv-100005,no_context,6,10,0,0.1848602460231632,e3b0c44298fc1c149afbf4c8996fb92427ae41e4649b934ca495991b7852b855
arxiv-100005,original,10,10,0,0.571471608011052,c99c8ef8d540f2442ee1cc38b65eb306ffc9147b2f33ae5af536c20bbfcef5df
arxiv-100005,summary,9,10,0,0.32922867900924757,b13dc12c777213e154f61d922566fa9f027ba4e0d2a65acfa19faa6928104814
arxiv-100005,qwen38_reference,8,10,0,0.24915805697673932,a94aef7ac192e25247f0fce712eff5ed1d60689b66b68f56db0d37f407356fee
arxiv-100005,ornith_raw,8,10,0,0.3974132299772464,389dfb58db4651e398833092a71af968adc36bd68aaa63ee499e9a99233c189c
arxiv-100005,ornith_corrected,8,10,0,0.29619431804167107,5ee3e337126b1b93b6c2d4a6798c64cc6ba20a20f60c235168e3645d16a8376e
arxiv-100005,qwen38_raw,7,10,0,0.2392232760321349,2f6320e16e4b3582da853fc26518dd5a80ad2ffbe52bf32ac7ab3aed5799c859
arxiv-100005,qwen38_corrected,7,10,0,0.2084671760094352,0c77469ac4162e2bfebf12b0d08bea45a619c117350893622d0ed13a64190f2b
arxiv-100005,ornith35_raw,7,10,0,0.2110914600198157,155d4280cdcabc7769ceb1ffa034d403f73d77d0412fca81c475d1ffe29dd694
arxiv-100005,ornith35_corrected,7,10,0,0.19787796796299517,a6efd893085e47c031e357f76f8069cf36a07069c1db79a02318eb884fdecc61
arxiv-100002,no_context,3,10,0,0.16121450101491064,e3b0c44298fc1c149afbf4c8996fb92427ae41e4649b934ca495991b7852b855
arxiv-100002,original,10,10,0,0.6129954020143487,48161c34c18da95667d55f6acd365bca2bfb5ca5f2e07486f24e2b5e80788de4
arxiv-100002,summary,6,10,0,0.3607985569979064,cc2b6ffebbd185fc36707afe74c33dc66eee341189b5b05d8892313c3f235762
arxiv-100002,qwen38_reference,6,10,0,0.31199784798081964,4600c45e98d158eba437b10af4d7ce0f67b6563b4cb44c240cdfd2ae579fb571
arxiv-100002,ornith_raw,6,10,0,0.31315484998049214,ad2015392cc851d11972646198d789ec54a3877c304e45cff2e5870a5bf0bd5d
arxiv-100002,ornith_corrected,7,10,0,0.22704290703404695,ab68b3072eefc0a4e1008c6be9e89dc5ac1207f996cb1764f55c323604398597
arxiv-100002,qwen38_raw,6,10,0,0.28358883800683543,605e7034b2d7d5fa599087f1a2108ac62a30a0f7be0d260f94fc5e5b48f620ea
arxiv-100002,qwen38_corrected,7,10,0,0.2679701040033251,8fd34befad94f675f24a5196b29e9a29be370f6b4789da9f3293ba570ef15cb2
arxiv-100002,ornith35_raw,8,10,0,0.25504928996087983,d35e46b281481bca5a832103a67a23d91a3422ef8de6fd9aae5ef9d94117ce1d
arxiv-100002,ornith35_corrected,8,10,0,0.22631422500126064,9ce6f76be12e36c046d4c58c79b3dcbd1f8b7c4bb4a56dd230f92ae6617bc631
arxiv-100013,no_context,6,10,0,0.17793839803198352,e3b0c44298fc1c149afbf4c8996fb92427ae41e4649b934ca495991b7852b855
arxiv-100013,original,10,10,0,0.47108167299302295,a09d3a64f663c1d4bba2d15747baec32ba117644925ac104850214037c68ac77
arxiv-100013,summary,9,10,0,0.41041585395578295,84402477badf6f64be42ad89ace668eb78f8d03b20161aa443f2941f459c9853
arxiv-100013,qwen38_reference,10,10,0,0.2843151920242235,5c1f59a66f17c5f18a647c57728d9c14840a8e31efb393ea1380b0c7801e5b2e
arxiv-100013,ornith_raw,10,10,0,0.33702311804518104,90a558ef19c54875a1dd6556109ab62d0341e7088d1ab0f5914a4dbadadc6c6c
arxiv-100013,ornith_corrected,10,10,0,0.30350009602261707,6c232b2df5e28a0bf1ff945f1dbcc318067c47c7099384b85c595cef594a8556
arxiv-100013,qwen38_raw,10,10,0,0.26634709601057693,27667032e5e72cdcb9ee9ac95aeda2b91f2c6cfa32b8d15505fec923b0013fc6
arxiv-100013,qwen38_corrected,10,10,0,0.2173136249766685,b98179053732dab700ee5fee9049888a63d11a30c9f98614609585bc745363f2
arxiv-100013,ornith35_raw,10,10,0,0.304618923983071,7ac500b2de28203eef156f2f9fa4be36f10ddedb32a81f8fb5ada1f92c9c58ed
arxiv-100013,ornith35_corrected,10,10,0,0.284872367978096,93b1065b8dbd72de23006417d30cc729ae154550b77547bebfb23b8c908f0244
arxiv-100003,no_context,7,10,0,0.17861419299151748,e3b0c44298fc1c149afbf4c8996fb92427ae41e4649b934ca495991b7852b855
arxiv-100003,original,8,10,0,0.4324544630362652,98ecac623691281924734347b65ae77ea7b06a53e2f3e0ef1c2288b0401412d2
arxiv-100003,summary,8,10,0,0.36639633402228355,e6d776a5de6ad8c6db07549358e9af17593a7dbacdda4b28cae6c41cf907ae22
arxiv-100003,qwen38_reference,9,10,0,0.25528676895191893,275a7d2356f5b5772c4a9765d49880bf61ba4854b6196be061fc800f6b6face4
arxiv-100003,ornith_raw,9,10,0,0.31711525202263147,f801e692609e3883e8d4eeadc7e8696ea4cf09a3f7f53aae0ac02e270490bad8
arxiv-100003,ornith_corrected,9,10,0,0.24623958702431992,2949feed5f24430b6f45f3488e83b975ddf668f246a50c50efec41d20a1bbf6b
arxiv-100003,qwen38_raw,9,10,0,0.23562885099090636,7e1a0d03aada70ce6754e15f57affe33d5844f66f7d235374b3fb396ac762a22
arxiv-100003,qwen38_corrected,9,10,0,0.20476072002202272,7e1a0d03aada70ce6754e15f57affe33d5844f66f7d235374b3fb396ac762a22
arxiv-100003,ornith35_raw,10,10,0,0.24176796100800857,48b8b4d2bb91d6cdd4879cf2bc0086606e07ba710653e214791861a234186e31
arxiv-100003,ornith35_corrected,10,10,0,0.2183928630547598,5fbc5171968498ea956060b2cab704a92ae33daee75b130371f68c24b0e7b012
arxiv-100028,no_context,4,10,0,0.16838088899385184,e3b0c44298fc1c149afbf4c8996fb92427ae41e4649b934ca495991b7852b855
arxiv-100028,original,10,10,0,0.5520296859904192,df0eed742fa165138e0bd4fa631c1a11933277b0bf57cf1ae9e4f5e3128c0688
arxiv-100028,summary,6,10,0,0.3295419199857861,6a144501e10ee7c2ca93987f9694f4ea899922d9fe16124d95d64bd74dbe403a
arxiv-100028,qwen38_reference,7,10,0,0.22314736701082438,8e24e8526404a0ee99205952eb8a014e8856dd8fb81a45def41a5f8b159f58f8
arxiv-100028,ornith_raw,9,10,0,0.3153565030079335,95df58737d0ef045528134ef191d72089216fe61aa0cd168a12be8932f4dc5c6
arxiv-100028,ornith_corrected,9,10,0,0.2950430780183524,5979fbab0e14c8af8d5d72c8b238c6367c2571074650aca3df48ee01a396242f
arxiv-100028,qwen38_raw,7,10,0,0.24270842398982495,6e403c5064697c1f8af2f6f35f1d62fc12ba767722176941edfc37e6375ee40d
arxiv-100028,qwen38_corrected,7,10,0,0.17908893601270393,6e403c5064697c1f8af2f6f35f1d62fc12ba767722176941edfc37e6375ee40d
arxiv-100028,ornith35_raw,9,10,0,0.2568006820511073,574c0a8cc6bc1f09530802baa3618655b1071e413064f3a4a3777cc7a35020cf
arxiv-100028,ornith35_corrected,9,10,0,0.19369749998440966,574c0a8cc6bc1f09530802baa3618655b1071e413064f3a4a3777cc7a35020cf
arxiv-100047,no_context,7,10,0,0.14650548005010933,e3b0c44298fc1c149afbf4c8996fb92427ae41e4649b934ca495991b7852b855
arxiv-100047,original,10,10,0,0.311197672970593,5008943785a879dff3b825b0b1f76d681e559f718a5a5cf88b79d1fdc8ef85a9
arxiv-100047,summary,9,10,0,0.26979502802714705,c9db254d34456c48059c810735492059a15ec1178633736e17d9ed9e62a5b21b
arxiv-100047,qwen38_reference,10,10,0,0.20257020299322903,4b87d9597cf5c33998ac381a894b54e025bd3d6b7c34e719671969dab3020f3f
arxiv-100047,ornith_raw,10,10,0,0.2797888799686916,4fd00927a8a244243901c3ab0e072f31b4725f27ff09183996ff63884fe422b6
arxiv-100047,ornith_corrected,10,10,0,0.25505179702304304,e7e00f42268724834a4367947c29880b5301e2ed9cf6c329e52b7e917c440ecc
arxiv-100047,qwen38_raw,8,10,0,0.20737874798942357,1a30ad71b2cefad4b30f717c2163e065c319c48e1ad1fbf43bb0252078fa05c7
arxiv-100047,qwen38_corrected,8,10,0,0.1915708029991947,c1d84f595afd303b329da3bdb3c626415951fb8e6c1640feff45640496cd9a11
arxiv-100047,ornith35_raw,10,10,0,0.22345987596781924,2eec7bd1c9fef21c9b34cf143ebba754882ea27939a40a6306f511e12776f972
arxiv-100047,ornith35_corrected,10,10,0,0.16420660796575248,2eec7bd1c9fef21c9b34cf143ebba754882ea27939a40a6306f511e12776f972
arxiv-100029,no_context,7,10,0,0.150458233023528,e3b0c44298fc1c149afbf4c8996fb92427ae41e4649b934ca495991b7852b855
arxiv-100029,original,10,10,0,0.5256619459833018,805aff9ab8daa1e0ba72c8611b3a1cf73e83cdcc2507cb1cf9b8cceb3ca4bc50
arxiv-100029,summary,10,10,0,0.3166698860004544,bca345170c256ee12d20677b20b7fdc423887086dc7cb03ec969d1c3d2b6ed23
arxiv-100029,qwen38_reference,10,10,0,0.2848396929912269,e5b990772a3729e20680026bdd540b2831beaa463fa0a170098be45882b74272
arxiv-100029,ornith_raw,10,10,0,0.34579456300707534,ea08c2a69f3dc30fb4c32685035d4327b4f875666beffdc598ce87c95230cd30
arxiv-100029,ornith_corrected,10,10,0,0.27220694901188836,bdde7b675ada1418312f375a89b2de403cd45efa1c131fdd8e6b956f4ba54494
arxiv-100029,qwen38_raw,10,10,0,0.2988392910338007,b4dd63634302fd1b1e4c1e582c8cef33c905d7964981b427c2253a8cd272bca0
arxiv-100029,qwen38_corrected,10,10,0,0.2452098790090531,8b0242477323865b2a108a09cde87384d3831105d7177f306876c11b97787b2a
arxiv-100029,ornith35_raw,10,10,0,0.3071917740162462,84ba134791a584a6d5f80b975450db666bc99336c9466bfbf5507c3920a71cd1
arxiv-100029,ornith35_corrected,10,10,0,0.1998721080017276,84ba134791a584a6d5f80b975450db666bc99336c9466bfbf5507c3920a71cd1
arxiv-100009,no_context,4,10,0,0.16478483198443428,e3b0c44298fc1c149afbf4c8996fb92427ae41e4649b934ca495991b7852b855
arxiv-100009,original,10,10,0,0.6729116989881732,50c1e8ac081aeeac1db401611a6a7ad2dd62bb1a91d0f5826fc0e5a99c9806f5
arxiv-100009,summary,8,10,0,0.32343400904210284,dd73a4f8995e7b62a71bfb2aaed5971b015de381b153fd37623fb1ede94a2829
arxiv-100009,qwen38_reference,8,10,0,0.29375129501568154,27b661541fbcc69a40f17bccf65c952894b700bc265adfb905ad28d3b5e1a3c8
arxiv-100009,ornith_raw,7,10,0,0.3569822460412979,c9e9421b57d2037e9813a8736d1bfd8021c8f1167efa65b4fc8b44b48108a0ac
arxiv-100009,ornith_corrected,8,10,0,0.29484717798186466,dcb2dbfab61cfb40775392c4538f6013864c5478e1b081a27296013caff632d0
arxiv-100009,qwen38_raw,8,10,0,0.29888552997726947,774b53c9017a7232228e8cb98131661f8a981ea83833e19bf70c75fef7ecc3e3
arxiv-100009,qwen38_corrected,8,10,0,0.23976432101335377,41118cb387d0b3810b5a1fbb97df5d06ad6a92985ca11ab32ace5949e740f1c9
arxiv-100009,ornith35_raw,7,10,0,0.30289418704342097,d599eeec8cb118dc38ee156b1b3650280f543d614a7820a312819ea01d498501
arxiv-100009,ornith35_corrected,7,10,0,0.24583569599781185,e1f8fd81d3fa9666b9056909042eac253492fbe007f97d778bd25a14ea08d87b
arxiv-100036,no_context,4,10,0,0.174465507036075,e3b0c44298fc1c149afbf4c8996fb92427ae41e4649b934ca495991b7852b855
arxiv-100036,original,9,10,0,0.4790280129527673,92aae2b55db58f528280e5898ac540696eb179c2f5db27eed035ef6775edb4e4
arxiv-100036,summary,7,10,0,0.30130334000568837,689b88cb466b1142e19f48861d24fe15376e740f591def6cc72aa55c6a6fba25
arxiv-100036,qwen38_reference,10,10,0,0.25027739501092583,c8f10432f09889a2fe7822a398d94cba8b14c13ae9353d2c49a8c2000227b0ed
arxiv-100036,ornith_raw,10,10,0,0.3839732700143941,82a2a5a0ca3d60aec3fc48cd2a028eb5e00dfcb5afd77066ecd0c7d7dba0bf8b
arxiv-100036,ornith_corrected,10,10,0,0.31277002597926185,cf2521ce175a14f43a2852b20797b077a64535c19243155fad10ba0eeebdf3c6
arxiv-100036,qwen38_raw,8,10,0,0.22849679802311584,0ea87346bb0874ded4698ac6513a91fd3f5374720b028c3b658c34cc51270bdd
arxiv-100036,qwen38_corrected,8,10,0,0.21566661802353337,745e5be0560bd807935741e276f07bfcc871d0428b3acda919433cc060fc12bf
arxiv-100036,ornith35_raw,10,10,0,0.2652307060197927,adb967d4ee7f213d0d67bbbbe717ec2475ba460fb83f738b72d2f1a0dcd9957b
arxiv-100036,ornith35_corrected,10,10,0,0.21360862901201472,fcd54721cd299085912068660d9354a77e528e03844700d99a1ee447202f7965
arxiv-500031,no_context,5,10,0,0.17036952200578526,e3b0c44298fc1c149afbf4c8996fb92427ae41e4649b934ca495991b7852b855
arxiv-500031,original,9,10,0,0.5633721830090508,26128d1d0622a6266f5a2de1b96b53a1f15de0e79b2ece9f0dbb18fa2e1aecaa
arxiv-500031,summary,6,10,0,0.3002097600256093,d04d62f78b419de10a344fa40d43d1086e3d71874b4c69323fc59037c002eb48
arxiv-500031,qwen38_reference,8,10,0,0.2557098009856418,38bb68e6956cf2c41a7b334289dbc8dc0dd284c4afc6673dea2e1a191a02c1e4
arxiv-500031,ornith_raw,8,10,0,0.313097924052272,3ba5b6bd89f38d42a0efe478eaa5d951e381907d210213cafeea5f9454708e67
arxiv-500031,ornith_corrected,8,10,0,0.304340367030818,a20a0c496baca4e5a02b4036414fd04f79c4b4ae8e121fe95c4cff3fac2daf12
arxiv-500031,qwen38_raw,8,10,0,0.24563454202143475,84c90fe4cb90a173ef24a4297be3d41ee3113fa9f7425bc822a0ca8a4e1e5fe1
arxiv-500031,qwen38_corrected,8,10,0,0.25164568895706907,224db4a008c07d740db7548adce8c95e355737bf3d513b41887bf90a0ce39f6d
arxiv-500031,ornith35_raw,9,10,0,0.2531172930030152,fd57ab523fa71178d795be895a63d057b16ec2d4068371830b91b40b4855824c
arxiv-500031,ornith35_corrected,9,10,0,0.21485619095619768,eb4b792ee1224fabdde3f2b889dfa6a52f89fa013e15aad96ed4580f718984e8
arxiv-500027,no_context,10,10,0,0.17275568295735866,e3b0c44298fc1c149afbf4c8996fb92427ae41e4649b934ca495991b7852b855
arxiv-500027,original,10,10,0,0.44604974798858166,b665fc66e1cb91a50fcc5a4ed005b97e5e1f1e8b98558ac2502d4cfc41ac193f
arxiv-500027,summary,8,10,0,0.3310682270093821,b53e2f01df2b36a6acf84aaa20cc7bb13ef0bc64b5bbfb9deeb2322b87ab7db0
arxiv-500027,qwen38_reference,10,10,0,0.29081755998777226,0ad52df0ba809a83ad63bb37c203a716092f8f3bbc8f61182d5945b1566b2c4f
arxiv-500027,ornith_raw,9,10,0,0.32630150398472324,f744265cbba73d1d881798d3628e887680d13e287af5edd42e022f59a5c52ca0
arxiv-500027,ornith_corrected,9,10,0,0.2514862359967083,31758ce42ef5ee2c9a977819835f0bcca749b469ccd75f40ad6f33408fd14ec7
arxiv-500027,qwen38_raw,10,10,0,0.2672154320171103,8732cd3776ff830a631cd8d167670b142f07b4f9b01acef228f82b67158573c8
arxiv-500027,qwen38_corrected,10,10,0,0.2535516670322977,95222064a49dcf659a93a5f4ef9ed84c008b19eaaa6f4b07ab85a4b3da7fc849
arxiv-500027,ornith35_raw,10,10,0,0.23687611299101263,13cb0db2db80c49a8c5caa1e05bbea0aacac6f55436d4eb0329554ca63d63feb
arxiv-500027,ornith35_corrected,10,10,0,0.2279540019808337,82120b88a90a2e8cbc545bdccf4c8c71dcd7f79d73b8f0e911bb5bd43d8f013b
arxiv-500010,no_context,4,10,0,0.18866564298514277,e3b0c44298fc1c149afbf4c8996fb92427ae41e4649b934ca495991b7852b855
arxiv-500010,original,9,10,0,0.5651618760311976,a3e79e376c3caf7997a3ef0aec9fc03cc1cdcf5886a5fa5887fc80a022b0b1ef
arxiv-500010,summary,6,10,0,0.2919383060070686,da0b420e5f298b923de4ae37118b36a0dad225cfe4de719612b48e78c1b81cb1
arxiv-500010,qwen38_reference,9,10,0,0.3280794220045209,17694b951aa6dc63018c6d8d65ecfc2c77e0eec6cd4f01884eea379ff1650675
arxiv-500010,ornith_raw,8,10,0,0.3982009580358863,6ae42f038d3ec95f2f1d23dbf31b5efbfe2a154f2032b25ba5917ee76c24e65f
arxiv-500010,qwen38_raw,9,10,0,0.24282125401077792,591d0288e354e90d784bab0330ce11340b132f98705caccb1592456ba494d172
arxiv-500010,qwen38_corrected,9,10,0,0.20737430098233745,591d0288e354e90d784bab0330ce11340b132f98705caccb1592456ba494d172
arxiv-500010,ornith_corrected,8,10,0,0.36247899202862754,ffb393c9529d8c919a0ed50c5c10fdafe6bf83c9c19301c11badf829d306c267
arxiv-500010,ornith35_raw,8,10,0,0.2835857030004263,117bf11b716b86b28f833b7762456c76bb5af64afea3bc3c860d6f5402d04f8a
arxiv-500010,ornith35_corrected,8,10,0,0.18948842398822308,117bf11b716b86b28f833b7762456c76bb5af64afea3bc3c860d6f5402d04f8a
arxiv-500028,no_context,8,10,0,0.1601041560061276,e3b0c44298fc1c149afbf4c8996fb92427ae41e4649b934ca495991b7852b855
arxiv-500028,original,9,10,0,0.52485213795444,081560f8dd75126479ea817a0aad4ef1f7c90b9becafc12485cc1ef16eb40dc7
arxiv-500028,summary,9,10,0,0.3418382869567722,262adb6aefb5ff7c3c7ccef223c6e3b59af0394dfbf8fefcfcd0a84f9bb17d6b
arxiv-500028,qwen38_reference,8,10,0,0.25428672501584515,60175073507ece92b54bb44798ba183168e0528462aa602b5cd1d1514b9421cf
arxiv-500028,ornith_raw,9,10,0,0.614948034984991,7eb45bcf9a1058f0ef1a7443285d3ce153e70b0b107ec99bbf7036da96e56525
arxiv-500028,ornith_corrected,9,10,0,0.8062894979957491,6d57c623ac10e1193ad2e2e7fe859d7223303cfdf6cb2715bea3dad81973c1bc
arxiv-500028,qwen38_raw,8,10,0,0.2805847050040029,c6114719e0ab4a1c925b53395050d06cab343a951c19b7480ba6b2c07eda6db0
arxiv-500028,qwen38_corrected,8,10,0,0.23862901597749442,bac6a1ffb6ab4a1daf32ce47b7a8d316f2eb8850940d82d853616bf3fd289023
arxiv-500028,ornith35_raw,10,10,0,0.5040905600180849,20932a2d95f1a40a695c4d894797fa92b16c787a7dae91209006cbaa45021581
arxiv-500028,ornith35_corrected,10,10,0,0.5080133370356634,71a5eab5ea55f15582cff3ba9fc88a4c69ce64881d8eea7a57c63be51f36af14
arxiv-500009,no_context,5,10,0,0.17277440399629995,e3b0c44298fc1c149afbf4c8996fb92427ae41e4649b934ca495991b7852b855
arxiv-500009,original,9,10,0,0.5811765699763782,21535e0a8bab103ef820a0175907f93de3d4252149ec393b8005af9d8050e457
arxiv-500009,summary,7,10,0,0.3438738950062543,91402f8aa77c475bfef307413f97e34a14399f915495fccc972b03dc32f71db6
arxiv-500009,qwen38_reference,9,10,0,0.3006575269973837,9e3ce139b4f1a4918e83117fc67035e016dc2107d1471c3b4f3a9a48115e6a42
arxiv-500009,ornith_raw,9,10,0,0.3584632419515401,55b1525b79ca62f4e2ebaf9679b8fcb1c43efbb06cd186439633a001db4a555c
arxiv-500009,ornith_corrected,8,10,0,0.33065034699393436,876c4ab76d1dbef3327b9207c40421cba414d1ab11cfd65c72d75446b4c3caae
arxiv-500009,qwen38_raw,8,10,0,0.2633530119783245,2a28464dfc7583c47847224c506d21d7216866f88c0c25f0d3750fafa52f10ac
arxiv-500009,qwen38_corrected,8,10,0,0.23402561800321564,dd8330dc1bfdf92174a196b5303a8dae756d725c4f37465dd0f435b6d65d9682
arxiv-500009,ornith35_raw,9,10,0,0.24972445802995935,03dd5dc1aee7a4e12d6693a5abf3d88253135741a0afb8e0b9e334ff0342930e
arxiv-500009,ornith35_corrected,9,10,0,0.18085917097050697,03dd5dc1aee7a4e12d6693a5abf3d88253135741a0afb8e0b9e334ff0342930e
arxiv-500000,no_context,5,10,0,0.660095822007861,e3b0c44298fc1c149afbf4c8996fb92427ae41e4649b934ca495991b7852b855
arxiv-500000,original,9,10,0,0.5235387879656628,6912cbedf8f04208025ba08266b821d48303208ffaece7c2b95c447a34e58896
arxiv-500000,summary,7,10,0,0.2944230560096912,c36d44e975058ced2b7e3ad3b46025968714496729177edefea27b0496153941
arxiv-500000,qwen38_reference,9,10,0,0.24813996499869972,1a27820effaf014600f2d8e52a4bc8ecd20818bd3a40ae18a91e9707eaaf9ed4
arxiv-500000,ornith_raw,9,10,0,0.3084572149673477,a9592360ca63046c5bf6911b9d7bb1cd270f0159742eb8bbce732d29e6619578
arxiv-500000,ornith_corrected,9,10,0,0.25650053698336706,957a8de8e7247ee932d642d02c76f119f5afb892ef1886003823f6d649002a7e
arxiv-500000,qwen38_raw,7,10,0,0.2738462130073458,ae89c93baacc6bf2458c067eefbbe460f941f5cf826e8ad1f0ac7a75b93763fa
arxiv-500000,qwen38_corrected,7,10,0,0.22185535996686667,ae89c93baacc6bf2458c067eefbbe460f941f5cf826e8ad1f0ac7a75b93763fa
arxiv-500000,ornith35_raw,9,10,0,0.22601083701010793,820964059cfef2559bc058eddb6e9d7ef15ca755664cfe0490789ec6f4c00b4b
arxiv-500000,ornith35_corrected,9,10,0,0.20056191901676357,497b3d4ee993ac939b0e94bc31a71e9187f3144bf4da2a948ac31a1255fe4afe
arxiv-500043,no_context,3,10,0,0.2045005650143139,e3b0c44298fc1c149afbf4c8996fb92427ae41e4649b934ca495991b7852b855
arxiv-500043,original,10,10,0,0.6207000819849782,5395e7bceb485d4a9d02119c58850809aa9a6b719e5777744ca5bd0dcbacbc79
arxiv-500043,summary,7,10,0,0.37946545297745615,1323afd458e843346851c2933e7f9b7c114f308000ed696ce1a23f584d0738a9
arxiv-500043,qwen38_reference,6,10,0,0.28582696994999424,5f447565ed70faf5746516817d1cb0d992e264871f06f8bfe4e4db4b1fb4cd42
arxiv-500043,ornith_raw,9,10,0,0.30646323796827346,ec30a0259955c109a511f04dc54613c8cb4872673bdb8614ae38033c034292e1
arxiv-500043,ornith_corrected,9,10,0,0.2602078240015544,ade25a94735519e06da1fc35f7bddac02f762a5ed0e9fae1f39ad7128b325720
arxiv-500043,qwen38_raw,7,10,0,0.26146610401337966,1499824d3ce02f5da7a566bdc6605a8ccfc901b9adaa49ada704fb1d424112e3
arxiv-500043,qwen38_corrected,9,10,0,0.23156780999852344,db3e54cf5b5210a3ca1af388a7e7be54ed9e03a12e547d38d6a965b3c350ff4d
arxiv-500043,ornith35_raw,8,10,0,0.22523216396803036,4fdf1892bb9314534251edc01b68cabd28370e8277459dfda3b57e57806152d8
arxiv-500043,ornith35_corrected,8,10,0,0.20019104599487036,ec7d33c41807b8aca4c7568a0c1e22721f599ab85d122768521e9b69faec218f
arxiv-500047,no_context,7,10,0,0.1883846889832057,e3b0c44298fc1c149afbf4c8996fb92427ae41e4649b934ca495991b7852b855
arxiv-500047,original,10,10,0,0.5324599249870516,fcff490a64b2456f6c33424fb8d3c475d4f6fb19c9718bdd608d8cb06844c31b
arxiv-500047,summary,10,10,0,0.32449827599339187,718c0375e3eef2ddff7b03c7da4f4cf9772fa918595dcdef7eacd768255060d2
arxiv-500047,qwen38_reference,10,10,0,0.29389205999905244,e2f293ed9ad36c9da21c34a0f1db94f7b9ea54760c1412b0c7ff6b6d646ffecc
arxiv-500047,ornith_raw,10,10,0,0.4274351369822398,1e22730a3521c684dec8dcd563f959d1d80b248d5416a50b95f6b87de9e9de01
arxiv-500047,ornith_corrected,10,10,0,0.37671427603345364,b12be6edbcbec92bd74e9466e0cdc348fddc50092b0b4c2d30d99c8237f40674
arxiv-500047,qwen38_raw,10,10,0,0.28531200502766296,6b52e2fca7996377968cf6322ab3a574c1805356f93278c5e753137ceb0330f5
arxiv-500047,qwen38_corrected,10,10,0,0.25092877401039004,983a7ae790f6c0a332fa12a2343c7d4d77b4810e6d6e240a3385fd1545235d52
arxiv-500047,ornith35_raw,10,10,0,0.29339877498568967,226c0a423ef52a49b16dde90d3548079d0fcbb2b2a3c54d4889cc637052c3011
arxiv-500047,ornith35_corrected,10,10,0,0.22889635403407738,cb64fbdb690a7beb04af93d76a4beba70c43e5e2b536eb00252671b0efed161d
arxiv-500036,no_context,4,10,0,0.16444538300856948,e3b0c44298fc1c149afbf4c8996fb92427ae41e4649b934ca495991b7852b855
arxiv-500036,original,9,10,0,0.6834893470513634,29d9c187ebc8397560f4d9b30bccb3efe0ad2e824bcda7cc6ea9d1dde565d8a6
arxiv-500036,summary,9,10,0,0.33527534402674064,b658042b5124c9fb0c74a07c91b2753c1f3c8d71184d9f3d4b06dd99da672618
arxiv-500036,qwen38_reference,8,10,0,0.24489017203450203,078a07a92184ea109b6c85b2bfd20fcdca78d1d2b3f2427777593e940fe04872
arxiv-500036,ornith_raw,9,10,0,0.25855150597635657,0888dd25f4c8fe15a4c1f5ab1170cd959f55fe5528a6887940343849796d223c
arxiv-500036,qwen38_raw,8,10,0,0.27435980300651863,ce99b69f2a1e00c6fad580b74aaed61dc82e5dd6b2aa82b16983dc9132a26a7e
arxiv-500036,qwen38_corrected,9,10,0,0.2383924769819714,d1471aa9b9af9ee0dd0fff68a08c01f23d505de8c1b3592b7453bf3f1b83b4a7
arxiv-500036,ornith_corrected,9,10,0,0.22423741000238806,aab973fece36be1c6a886566a73294ea8cae850ecfd82482ccc8c6276b48c7f1
arxiv-500036,ornith35_raw,7,10,0,0.2335167499841191,9bae3c5a86e295473b7f993256835b7a3f0922b6c1e159ac77c10ba2d10bcdbb
arxiv-500036,ornith35_corrected,8,10,0,0.20398182701319456,1b995188381511d886c79f35f6d4ea433fb2f25c4bdd42590fe353466fa9d5f4
arxiv-500030,no_context,6,10,0,0.19091027200920507,e3b0c44298fc1c149afbf4c8996fb92427ae41e4649b934ca495991b7852b855
arxiv-500030,original,10,10,0,1.04602770897327,b5889e3e8fb1883fb09a26e1e0a3c1857839a889bd31c95b9c3e95a930a8c804
arxiv-500030,summary,9,10,0,0.3006929539842531,69be84bfdd56e8cdd40e8389ac7cd485c022d4a891fad86abcfc5562b61637a9
arxiv-500030,qwen38_reference,9,10,0,0.2623757850378752,c4e7a2f5c1ffa3e1a52219631031a7b815ee24f824fc9e2f6c7731e99f72f92c
arxiv-500030,ornith_raw,9,10,0,0.40052725200075656,fe4632d0cc2e56c5d5a5ecc0b1f4c142d5e27dfa10d5bc2a1cee18fa94d81576
arxiv-500030,ornith_corrected,9,10,0,0.30685907299630344,962b5f3d53655b7b61be63adaa5d63c5ad4f3ceca3ddd9bfee36e75d2536bc96
arxiv-500030,qwen38_raw,9,10,0,0.2726199689786881,11d56acc84c9d143a47c93e9507cf8883a77b43c3bdd0fc64d300133ac8eee9d
arxiv-500030,qwen38_corrected,9,10,0,0.24820620700484142,da0fc280065d61030f45b664caf0b5a771aecd1b0c7e1a77326a264b292d0d6c
arxiv-500030,ornith35_raw,9,10,0,0.23235206701792777,ffc00327026ee915c6d074e9e74a95a8635115164aed9043d33f956866b26d21
arxiv-500030,ornith35_corrected,9,10,0,0.18429693300276995,ffc00327026ee915c6d074e9e74a95a8635115164aed9043d33f956866b26d21
arxiv-1000004,no_context,6,10,0,0.1739759820047766,e3b0c44298fc1c149afbf4c8996fb92427ae41e4649b934ca495991b7852b855
arxiv-1000004,original,10,10,0,0.4696186669752933,17d72cf5012a446db91cee13599eb989610d1f655e1baf57d7fb98691bd0f20f
arxiv-1000004,summary,8,10,0,0.3593427479499951,dec2745b72cb4335d845e9327038dc9b8819cbf5a506bc2c4ec586de8edba73c
arxiv-1000004,qwen38_reference,10,10,0,0.2823483209940605,15583da8000f03df870d3a9221178f011a980ce34e7a53f87102bc7045031094
arxiv-1000004,ornith_raw,10,10,0,0.4409090850385837,9aa5ab94d8d75f32c6522c35eb918b017d6fd7b11f97d5ab46a59f8dd810060b
arxiv-1000004,ornith_corrected,9,10,0,0.3450276370276697,4debea69b3dff8fcb55a4b6e5b8d511400ea944d5a2afd3f622b11d43747efb5
arxiv-1000004,qwen38_raw,10,10,0,0.32288503099698573,ed14d40a1a481913f168ee23f94c48f5f1ef88c30263ed1a9a6666f7ea544edb
arxiv-1000004,qwen38_corrected,10,10,0,0.2610483869793825,5f93a734c55b5620e0e3802155d1d2d063fd7693ed91b6fa4d61ac2ad0f56626
arxiv-1000004,ornith35_raw,10,10,0,0.2802806749823503,b4c08226c2a4cb3974ec9fa508bec6e134c7b7d6118df52522d5d5205462bc1d
arxiv-1000004,ornith35_corrected,10,10,0,0.18625196994980797,b4c08226c2a4cb3974ec9fa508bec6e134c7b7d6118df52522d5d5205462bc1d
arxiv-1000037,no_context,8,10,0,0.19304520898731425,e3b0c44298fc1c149afbf4c8996fb92427ae41e4649b934ca495991b7852b855
arxiv-1000037,original,10,10,0,0.6752921389997937,755fec684fcd75ff65b30b7913aa52f89c97f586ad8268ada81e9061329c82ad
arxiv-1000037,summary,9,10,0,0.39282366004772484,63acbca7d5736152b27c019d5a916030fb8047f51e3b67e1574bcf40a481e77b
arxiv-1000037,qwen38_reference,10,10,0,0.2552484690095298,8b5ed61b81e976e14e8d55be333f71756d232228241eae85fe7562376c1dc5af
arxiv-1000037,ornith_raw,10,10,0,0.3930417359806597,da5193340121cc95b73e4760a19e74ec3adb4bbdd31c5f80f60d548db83181a0
arxiv-1000037,ornith_corrected,10,10,0,0.3208845900371671,e4f173fa32f1fba220310ffff29ca63fd0ede90eb4aa9e316b11ec110e545f77
arxiv-1000037,qwen38_raw,10,10,0,0.3115715559688397,aa6f9ca1fb00930a6c2517b4580ff4d6bc69f73f0bcc70543e70341be8059442
arxiv-1000037,qwen38_corrected,9,10,0,0.2651317630079575,c0b45a11651e0e9ff682820c56ea3afbdb6800b6a131f8ad185b0b78dc5a28af
arxiv-1000037,ornith35_raw,10,10,0,0.23286332201678306,3cd17dc6e9b4dc71d77f12e44ded2243ad3d6c90af9d440d0cf7ff72b50d170a
arxiv-1000037,ornith35_corrected,10,10,0,0.15641222096746787,3cd17dc6e9b4dc71d77f12e44ded2243ad3d6c90af9d440d0cf7ff72b50d170a
arxiv-1000013,no_context,4,10,0,0.17151014204137027,e3b0c44298fc1c149afbf4c8996fb92427ae41e4649b934ca495991b7852b855
arxiv-1000013,original,9,10,0,0.7303841789835133,5883b007b76782e8c6cf78987394168c6022487c81122a403f4a2b4ca8940ca7
arxiv-1000013,summary,8,10,0,0.35425977502018213,bb1c70800623126b517f53f355c8c81bd6ec6f9bddd21ef86c008a98f9643bc6
arxiv-1000013,qwen38_reference,8,10,0,0.27677252696594223,38e9bea5a2f22dc0b37abf07269c40b5f3f0e048f0f9692fa7aa591253d7e4d4
arxiv-1000013,ornith_raw,8,10,0,0.3022222360013984,634125670f6b66d26bc68d991b754c748860491549eb2231084f4272606703c3
arxiv-1000013,qwen38_raw,6,10,0,0.24682489002589136,e6f37e923d193c7340033c82c824f8decfd386a00cdf6b85b606b9a7771abca6
arxiv-1000013,qwen38_corrected,6,10,0,0.23381618497660384,bce0fd5a11a525e49d7c103214b8fde8510636be3418771d197cc3a4334eba2b
arxiv-1000013,ornith_corrected,9,10,0,0.2722673850366846,c49569988bfae749cf17c8519f2c6dda5af35977e8274ea7b9ebe48f2f1fcfeb
arxiv-1000013,ornith35_raw,8,10,0,0.26692145998822525,095353cd51455429492bc79f4c8b8d973177581124b5fed65fce826252db79e5
arxiv-1000013,ornith35_corrected,8,10,0,0.22172605094965547,60896bffd6272989bb1b2e552a0b5c6e22d84ea69b7a0438cae87b3b2f9cd777
arxiv-1000041,no_context,7,10,0,0.2309757280163467,e3b0c44298fc1c149afbf4c8996fb92427ae41e4649b934ca495991b7852b855
arxiv-1000041,original,10,10,0,0.4301730399602093,83257df2ae2813b5e8b11ee8aafef662ef858be938ea333bae7f7e44fcd56b78
arxiv-1000041,summary,9,10,0,0.3302120870212093,3b7c8c0d416dd61acb3eb8bc8533b6fb6f1aee6b228fa663639715f3ee84d883
arxiv-1000041,qwen38_reference,10,10,0,0.2711597720044665,c0c7acaf5e747f85cc43c4c7f063410eecffd8f645a7f7deb66fcd3b0fdb016b
arxiv-1000041,ornith_raw,10,10,0,0.39694735599914566,ac64d3f4654ef8c3f09d18e5ded1272e0726d4aa630d3ed4dbf8fdfc41ac92f2
arxiv-1000041,ornith_corrected,10,10,0,0.4138126239995472,4ed7a9b8efe6a3eb9343927309697675c4c73f4731240266bb3cadaad4c23254
arxiv-1000041,qwen38_raw,9,10,0,0.2633958930382505,426060b077b9a6e97cc6fbe31e1d932660d0e1b3076b6eb037093dc643e645ec
arxiv-1000041,qwen38_corrected,9,10,0,0.24994812399381772,132ad7ef2d5f42056497cabc9ff2b8151d9af30304cb475d1ecf634a2d53bafe
arxiv-1000041,ornith35_raw,10,10,0,0.29973648401210085,3b18c2c5f475cc8f406c4570a8f6e160e7927007af52e6c093801f757ff12a37
arxiv-1000041,ornith35_corrected,10,10,0,0.24939316901145503,d6d73b51867a411a7fe6f469648b6dc839b859b53685a2e8f0c0620d72cdcd5f
arxiv-1000016,no_context,5,10,0,0.17348623101133853,e3b0c44298fc1c149afbf4c8996fb92427ae41e4649b934ca495991b7852b855
arxiv-1000016,original,10,10,0,0.5288929289672524,895157f678d1f98628533078c0ff15f6dfccc12ebb1d01affd68efeb091022b8
arxiv-1000016,summary,9,10,0,0.36281656799837947,9f38d79aee07d1306b73f47c30e225066ad2f61128f5c70e02687495db7029d2
arxiv-1000016,qwen38_reference,8,10,0,0.2689942790311761,c4a291b3e5aa44ef665de51cfb729e4485211efbb5b412da9a46e97bb5bcf1a8
arxiv-1000016,ornith_raw,8,10,0,0.32068302598781884,7be59e9a063fdcf4a2725cd166fd945753e9eb456a726ccb0db3c45b31b72240
arxiv-1000016,ornith_corrected,8,10,0,0.2683552200323902,56dd97b1089d555614d10935ae4e0966faaa17ca16fd7e7e984ffba211e60a43
arxiv-1000016,qwen38_raw,8,10,0,0.2946612959494814,00581d2ff2be2a07f8b9859a2e23b62f0dba32f3719a9746f3e38fb82adc0e68
arxiv-1000016,qwen38_corrected,7,10,0,0.2320868429960683,00581d2ff2be2a07f8b9859a2e23b62f0dba32f3719a9746f3e38fb82adc0e68
arxiv-1000016,ornith35_raw,9,10,0,0.2370677890139632,c7a0cc202eb786c87f0308349c3258787d31220bfc48281387f9154b34dc639b
arxiv-1000016,ornith35_corrected,9,10,0,0.21352405397919938,4a9583dbdb15245e8b2f20368ddb700142f6287aaba0c81c36e52e8bdb8ac7a9
arxiv-1000035,no_context,4,10,0,0.17682175000663847,e3b0c44298fc1c149afbf4c8996fb92427ae41e4649b934ca495991b7852b855
arxiv-1000035,original,10,10,0,0.5297798549872823,1f0cd82fa179996cf6211f5cafa614d12406a9b9ad999aea9e5c982c6e9ebd7a
arxiv-1000035,summary,8,10,0,0.3644421999924816,eaa4612fde20da24eefdf367ceb8a3a35939b7840850cfc824d1be9e8d0fb8e3
arxiv-1000035,qwen38_reference,9,10,0,0.2911690760520287,cc5c870f8c666de84e5c193e6f4919d0bb7a41513f2173d5532dbfd47337527f
arxiv-1000035,ornith_raw,9,10,0,0.37313828500919044,884c921bc4bcaf72d4f54f278e0d1b7f8ad9a20a1d0150b9de4793266100b93d
arxiv-1000035,qwen38_raw,9,10,0,0.335754698025994,61e1ec608065b63ca0a622915aa20540d7ace415135c74a06bec91813c2c84f8
arxiv-1000035,qwen38_corrected,9,10,0,0.2714993819827214,5cb1796261598d9502382811e6669f2c0a3704175b4846cfc665fe0036925a6f
arxiv-1000035,ornith_corrected,9,10,0,0.32888983096927404,99e002190f0930a72e019e7d64cba5e3560d0e16bdd89d7baaaae49d7dcaa8fd
arxiv-1000035,ornith35_raw,9,10,0,0.3219414599589072,eaee50c98c6e402b6bc46e18e74b394f0874b3202eafc17e2b8ad4092e29f4d4
arxiv-1000035,ornith35_corrected,9,10,0,0.27655527100432664,b574a8c4accb4fa7145f0e03e03a8657648144334eb2f81618cc274fbd4f2f44
arxiv-1000024,no_context,7,10,0,0.18459052598336712,e3b0c44298fc1c149afbf4c8996fb92427ae41e4649b934ca495991b7852b855
arxiv-1000024,original,10,10,0,0.7997638750239275,599bf9c0cb59667f6e1d97602cff49892b150a1a768b407d89b5a4a15d83b103
arxiv-1000024,summary,10,10,0,0.3739540139795281,716038724a8b451cbf51f22507926c25ebf85f5580e5ecb18ef3e0fb3fcf03e0
arxiv-1000024,qwen38_reference,9,10,0,0.29400754894595593,ebda52917adf7618ab199cd2d93ebe25bfaaaa1d156c821af1bfd8d255eacd1f
arxiv-1000024,ornith_raw,10,10,0,0.45624801702797413,b8e2630721420e91fd871249c552c3fb3eca2864a3e445082e8f3863bfeaee80
arxiv-1000024,ornith_corrected,10,10,0,0.371797192026861,097888e94c4eb76daf50776781854abf5d0551117ac09a894fa4f59c3e1486d7
arxiv-1000024,qwen38_raw,9,10,0,0.31102350301807746,bac553bbad1dbb9b8b1852d0df14df883d9758bdeb9abc5d76dcc725531e93aa
arxiv-1000024,qwen38_corrected,9,10,0,0.26561719400342554,519574f291e653065bff41fea24e03a906f6147f60f60a6bbaecd738697a1863
arxiv-1000024,ornith35_raw,10,10,0,0.2795961429947056,e50ddb75365996793fe6acda640a03b416f4be71c53bedbc7734537218221f52
arxiv-1000024,ornith35_corrected,10,10,0,0.19540950196096674,e50ddb75365996793fe6acda640a03b416f4be71c53bedbc7734537218221f52
arxiv-1000038,no_context,6,10,0,0.200134155980777,e3b0c44298fc1c149afbf4c8996fb92427ae41e4649b934ca495991b7852b855
arxiv-1000038,original,10,10,0,0.43496987398248166,1d94ea2f41736241eee87a5cf9912c731985b0db95c2bd110a04f9caee97a949
arxiv-1000038,summary,9,10,0,0.3520452909870073,b6bd6d2da803dd42575cf389f1d93b90c1c305d5f905396a970daefa13da0d6f
arxiv-1000038,qwen38_reference,8,10,0,0.28266226703999564,cf1e1103ec3120178ea87eebff24a7f268d6e4fd68c5d02a43579e88dffd243b
arxiv-1000038,ornith_raw,10,10,0,0.4147696939762682,d7369e8ffd35d34d3580ba6ff3d8cd6c1df917515e87cf0e2feee257526bce0f
arxiv-1000038,ornith_corrected,10,10,0,0.33988392900209874,1cdffcf06b3c5eb38d29fe24219c298952f34ef4908d623e68aad4a674a95d58
arxiv-1000038,qwen38_raw,8,10,0,0.29049421002855524,57454f847cfbc30e19b3b1bb38ef2205e3eb9fcca33c810af18b4cb810f0c593
arxiv-1000038,qwen38_corrected,8,10,0,0.2619243370136246,788fdd5300f5e42093b360ee94c06e98c24d4fc4553c7208f1c16006f8bb991e
arxiv-1000038,ornith35_raw,10,10,0,0.29515221499605104,a5fde736f49d7baf5ceb8102712583bb1b03d8e71cdd3bd114cdadba20f59b86
arxiv-1000038,ornith35_corrected,10,10,0,0.2009779450017959,a5fde736f49d7baf5ceb8102712583bb1b03d8e71cdd3bd114cdadba20f59b86
arxiv-1000040,no_context,9,10,0,0.18004056601785123,e3b0c44298fc1c149afbf4c8996fb92427ae41e4649b934ca495991b7852b855
arxiv-1000040,original,10,10,0,0.4247948739794083,a673a3a82861713ab0ba826f13508772952a2099f33c04c2a149062ac687db61
arxiv-1000040,summary,10,10,0,0.33075678104069084,d6c453f72508d93d120359bd804065ac102d1a801ea691d42ee7099ced76367f
arxiv-1000040,qwen38_reference,10,10,0,0.2902649659663439,94816578decebe45be27e24af493a3636df9114926ee5df9ef21336debf4aa7d
arxiv-1000040,ornith_raw,10,10,0,0.47675804601749405,fac859d113f515d98a299efb6f16c8dd55125b773eceb990db13bdbd8f92e3b8
arxiv-1000040,ornith_corrected,7,10,0,0.26399504899745807,5f596086a9e2ebcf62666e760320d6442b4d23b3b8330200c1f25687ac5bc40b
arxiv-1000040,qwen38_raw,10,10,0,0.27802520600380376,f80c7c188d3ff92f3ea03c712f4e2da2e3f0dfb474881d3d3c5db08d62f01714
arxiv-1000040,qwen38_corrected,10,10,0,0.21361587702995166,f80c7c188d3ff92f3ea03c712f4e2da2e3f0dfb474881d3d3c5db08d62f01714
arxiv-1000040,ornith35_raw,10,10,0,0.2610543979681097,b02ff49bf2206325754ab066fd228ee0d4b62ff6ed5d3a87d87199e97564c2b0
arxiv-1000040,ornith35_corrected,10,10,0,0.18393546796869487,b02ff49bf2206325754ab066fd228ee0d4b62ff6ed5d3a87d87199e97564c2b0
arxiv-1000021,no_context,8,10,0,0.9724154350114986,e3b0c44298fc1c149afbf4c8996fb92427ae41e4649b934ca495991b7852b855
arxiv-1000021,original,9,10,0,0.6230467639979906,bbd7b9c7bf14b8204fd51f7d0ec0ffb2c6fd246c6f7e3fb9721251f0aec47019
arxiv-1000021,summary,7,10,0,0.36348016996635124,17bf0200136841c9504a366a504efb21974c8a10e12fffda88455456c95a115d
arxiv-1000021,qwen38_reference,8,10,0,0.2689601359888911,ba5f56d2cd9564407d151654f7034902cf04397bfaaa63b784bf6223d66964c7
arxiv-1000021,ornith_raw,8,10,0,0.38819997396785766,5e782beed3c7a5f13afc6cdff51d5237b755fb03956d0248276c55d81c43350d
arxiv-1000021,ornith_corrected,8,10,0,0.3313754559494555,71e5842823e8109981df62d8652cb55cc1d1e7a153c54904503451c96f35e9f3
arxiv-1000021,qwen38_raw,8,10,0,0.23955319297965616,339c054626e6586fb80e685bfe16943fb9edf3df8b1f819fc60eccc79b2ddcc7
arxiv-1000021,qwen38_corrected,8,10,0,0.2137967370217666,69782aafe705f26035ea7b125367cf6c354dc07d2a1d18a82caa55863a743411
arxiv-1000021,ornith35_raw,7,10,0,0.24101191002409905,707d57094ed4873a64127c7c9f4287cd8433ed9030ee90b21a58fc3119f7e837
arxiv-1000021,ornith35_corrected,8,10,0,0.20958553400123492,d34fed73fa0d9b4ef20610e9190caac7a7983d4d121ac0808b9df642a9ddb975
bethgelab-125,no_context,4,10,1,2.299392335000448,e3b0c44298fc1c149afbf4c8996fb92427ae41e4649b934ca495991b7852b855
bethgelab-125,original,9,10,0,0.566762586007826,a313ac394757590d277b3d77643cb08a1e94d16cda563a2bc487e49d750aa0d1
bethgelab-125,summary,8,10,0,0.3916784980101511,50ee4a8e13aaf28861494b97a9c85e30ab195ea1426edef59c98a2c994136ee8
bethgelab-125,qwen38_reference,7,10,0,0.262622595007997,cf9fe1cc577d03dfefd0426b8a681389eb263543d3766b8dc6e075aa3a870e10
bethgelab-125,qwen38_raw,7,10,0,0.28336126200156286,f5ecbcf6aee599eebace1afff9d75f4bf3593ae93fea7dac0b3b2bd085c38cce
bethgelab-125,qwen38_corrected,6,10,0,0.23535266699036583,a100a85bf450ad1769034ebb61068875075265a50673f8bd535c7a751ab75cdf
bethgelab-125,ornith_raw,9,10,0,0.7347883640322834,908a6994c7ee8daed863360c707e160414af7362de48a0df9a731ca2a787f2e6
bethgelab-125,ornith_corrected,8,10,0,0.4724351860349998,0d6d91bb3d87ddc27ee89acc631c05fcd7de461a497f67a4708c0c8bd770007e
bethgelab-125,ornith35_raw,9,10,0,0.31169799703639,04ccae22ee0d4a68201d28ddd987613e71ab2c66d09233558db01cb6d9ea72f3
bethgelab-125,ornith35_corrected,9,10,0,0.2890318770078011,da32e1225b24e6adcb6b0bca1bdfffb56a956204f507503b2b7fac6e96ae5891
bethgelab-102,no_context,9,10,0,0.1752621320192702,e3b0c44298fc1c149afbf4c8996fb92427ae41e4649b934ca495991b7852b855
bethgelab-102,original,10,10,0,0.36836129100993276,1b3d72a8d054071cfc4bad937f01f5f0897ced27d1c4395ad1998a289462c389
bethgelab-102,summary,10,10,0,0.3014638510067016,e6d2dd28395ecf1e5e349145b3c17952971fb88b06afef54b8897d22479e1dc9
bethgelab-102,qwen38_reference,9,10,0,0.24372127099195495,b0d777ac4ec155d87b230e1da5457514b2eedf52380edf83f70c1d49da26d64a
bethgelab-102,ornith_raw,10,10,0,0.36432085803244263,59b594673f92a3f39dc72ea0b877574079182bfe53f232b0d290c0bdbb540b2e
bethgelab-102,ornith_corrected,10,10,0,0.33520370098995045,f25d1b25fef5a67243c6437dc056a301f3f849b73a51fe7ce37883ee0dfc13a4
bethgelab-102,qwen38_raw,10,10,0,0.277629469987005,c4b80687a4ca71bfe8bcd5e142e8a9656c171e63dce5802dbcac3be9a57af9ec
bethgelab-102,qwen38_corrected,10,10,0,0.1933365950244479,c4b80687a4ca71bfe8bcd5e142e8a9656c171e63dce5802dbcac3be9a57af9ec
bethgelab-102,ornith35_raw,10,10,0,0.2726727800327353,6c554018eb67ec7848ce8a431f730d2e987a507ec65a4569c94d7049102c1c88
bethgelab-102,ornith35_corrected,10,10,0,0.22939439199399203,5e22010599817d6b0404bf3405d79506ebcfb6def440b3b9cce934d9c7b8816c
bethgelab-108,no_context,6,10,0,0.16634547500871122,e3b0c44298fc1c149afbf4c8996fb92427ae41e4649b934ca495991b7852b855
bethgelab-108,original,10,10,0,0.40916039497824386,8382aaa516e833b298550d2e4d635f2b9fe7fb3e7ef6f38443f47fa7701ecb8f
bethgelab-108,summary,8,10,0,0.33937472297111526,ade77d3d452a32fdcb85c03388fcfb2659efa216ee7428a1fb2e76c28c15edc6
bethgelab-108,qwen38_reference,9,10,0,0.2731142300181091,02ce57b15a7669887b1f8337134c258bdc3febad9fadced60ed6be2aa3a26efd
bethgelab-108,ornith_raw,10,10,0,0.7238121469854377,8c7c8e60c22177115ee6f356520a3b1a04f5f13c10e6b22eef6875797c0ccf5e
bethgelab-108,ornith_corrected,10,10,0,0.2740535400225781,1fb0131d23df328b5105d0d08f5c41e67b631bbe0eade41b60d9230cc200308b
bethgelab-108,qwen38_raw,10,10,0,0.30407016701065004,ed2bb48eca9f2c9498d88649da5ce8acdba98a0994f4b0ca137c5f01e11b25ee
bethgelab-108,qwen38_corrected,10,10,0,0.2853556220070459,ee5875c6ffc62fb863832406d43139a930ace109de4fad6775203c3fb1005bdc
bethgelab-108,ornith35_raw,10,10,0,0.29663145198719576,da492cbbc29ab423ec88a7bc17eeb39665b435f125b05c0aa920827fd8427a15
bethgelab-108,ornith35_corrected,9,10,0,0.251505896972958,f8dec3b7a45a0dffc438185d11f18036d5b362fc2a2a59a68cee597f4fcb7bc9
bethgelab-116,no_context,7,10,0,0.17209573002764955,e3b0c44298fc1c149afbf4c8996fb92427ae41e4649b934ca495991b7852b855
bethgelab-116,original,10,10,0,0.4445487260236405,3d4b94daaf8192a969e7bcbe5118f4693b483bd98733e657e1665b619f32809f
bethgelab-116,summary,9,10,0,0.3341547939926386,b2d838f6e0db9dc9613bf999cebf826cc2708da123c5d183cf0b450e95eb3f7c
bethgelab-116,qwen38_reference,9,10,0,0.25864273897605017,a84930f62d99f5f62638cc19021a396c030873a4c5cdefe99c62ab238e9f7633
bethgelab-116,ornith_raw,10,10,0,0.361104441981297,e4202ba7b01c17bccdc22823db09d62319ce5f67f4ab142bd20f71e5e9b070e8
bethgelab-116,ornith_corrected,10,10,0,0.36402790498686954,a4bcdb2991dde39d64221b0556e1687f72ec4546b5400aaf0c167f5763ca263f
bethgelab-116,qwen38_raw,8,10,0,0.2790009309537709,07235a514e5957f03b1ce465e806e50c27f5f06f402fff371a4940c505c132e7
bethgelab-116,qwen38_corrected,8,10,0,0.20639387500705197,07235a514e5957f03b1ce465e806e50c27f5f06f402fff371a4940c505c132e7
bethgelab-116,ornith35_raw,9,10,0,0.3251831929665059,ff797305f0bd8e3cacd529e038ab1444ab89864e83d03bb6ba680a30a5f0248c
bethgelab-116,ornith35_corrected,9,10,0,0.22041448997333646,ff797305f0bd8e3cacd529e038ab1444ab89864e83d03bb6ba680a30a5f0248c
bethgelab-128,no_context,8,10,0,0.18997051700716838,e3b0c44298fc1c149afbf4c8996fb92427ae41e4649b934ca495991b7852b855
bethgelab-128,original,10,10,0,0.4545212669763714,1a480e5fcb0ae03c15bc9631db3dd30b1acc16364655c063171f180297692852
bethgelab-128,summary,10,10,0,0.3367595750023611,eb80d15bb8f6c1bc8953fe9a4a7daf60d21fceb554a11d977ca11767eccf3b17
bethgelab-128,qwen38_reference,10,10,0,0.27338504197541624,fb75128b2e9bb56208bc7654daa4779922d9c695d65ae8d15de26884d6ab1236
bethgelab-128,ornith_raw,10,10,0,0.6181623459560797,8023180e93852c38877dd599d4889e0582ab4496b369b87f5edf966281fd3b45
bethgelab-128,ornith_corrected,10,10,0,0.4560509969596751,112aa122a4065810acbb98d5c852443fdf2dfb91de541a7f3bb10c87218bb6ab
bethgelab-128,qwen38_raw,10,10,0,0.28548106097150594,d0223b3c6d3bc7828385d07331b104d798e63ec8697ccefa69e6f1ebb288dcfb
bethgelab-128,qwen38_corrected,10,10,0,0.24688620102824643,5e752955ea5e48db966f43551a04cd4e796d3b225487c48c34b2df981035966a
bethgelab-128,ornith35_raw,10,10,0,0.3025544490083121,b33630010cf6a31dd07aaccb08b01d5a744c5773e56a8e8eff33ac4e9a3de3ab
bethgelab-128,ornith35_corrected,10,10,0,0.20584137697005644,b33630010cf6a31dd07aaccb08b01d5a744c5773e56a8e8eff33ac4e9a3de3ab
bethgelab-146,no_context,9,10,0,0.19680132600478828,e3b0c44298fc1c149afbf4c8996fb92427ae41e4649b934ca495991b7852b855
bethgelab-146,original,10,10,0,0.5993193240137771,652ad4ed5affc62698e2c395d4c32c9181dc6c617e96278277aef11508225f9a
bethgelab-146,summary,10,10,0,0.39413140999386087,93f1030bda6c7823882f8efa1f41855934194499fa43a39e85e50833a5432b9b
bethgelab-146,qwen38_reference,10,10,0,0.263548593968153,568d35bc9116f4fb70d5690104698df9ec821973cdfb78f475a48929a92d8dc7
bethgelab-146,ornith_raw,10,10,0,0.33888186898548156,7b59925b848d7df10d81c2c13e84215b937a555f37c102acac20c84aa0dfef70
bethgelab-146,ornith_corrected,10,10,0,0.3296977930003777,ce7b71482f26539c2746575a2dc38608f9df8dae6707f60d5e1190f92ce1cb93
bethgelab-146,qwen38_raw,10,10,0,0.26893975300481543,116dd8f91edcb4f7bc6daa058d773625317ef42fb418293359d427e4ef1809a3
bethgelab-146,qwen38_corrected,10,10,0,0.23582443402847275,116dd8f91edcb4f7bc6daa058d773625317ef42fb418293359d427e4ef1809a3
bethgelab-146,ornith35_raw,10,10,0,0.4306282040197402,801f906b2c9c4399f1e2a78e74dd56945fc0191b53f06c7a4b6016be2bfac41e
bethgelab-146,ornith35_corrected,10,10,0,0.4521808719728142,07d0a88092816d7257d3b87f000d2e09986faa6affa2b9a7da9d0b592603f462
bethgelab-112,no_context,4,10,0,0.16296605404932052,e3b0c44298fc1c149afbf4c8996fb92427ae41e4649b934ca495991b7852b855
bethgelab-112,original,9,10,0,0.4951875410042703,fd503644a165f9bc44ed1d8e0b01741c9a7a31567f0ed9ff46878c83c3d718d7
bethgelab-112,summary,10,10,0,0.3717308570048772,61eceb10030f34546bd3d7812ccbe8e58532d27f4650a6724aa291091ecdd040
bethgelab-112,qwen38_reference,10,10,0,0.2933273059898056,0ad010cd64e1b2bad35a24cd8714087cde35aaa60592c81eba7353786bc23622
bethgelab-112,ornith_raw,9,10,0,0.4561733619775623,fe0500b7e82c1778136c287a179ee2354039733b19815286f7236f51abf74b8d
bethgelab-112,ornith_corrected,10,10,0,0.4053503579925746,108b9755a5973cc8d50547f44e72cd9e86767df797802720e3250f5339364015
bethgelab-112,qwen38_raw,9,10,0,0.25843874202109873,c9e551f0118b301342a5584494fd547f3352bbb5c48441d4d98a93a6234abb1d
bethgelab-112,qwen38_corrected,9,10,0,0.1872315289801918,c9e551f0118b301342a5584494fd547f3352bbb5c48441d4d98a93a6234abb1d
bethgelab-112,ornith35_raw,10,10,0,0.4002851360128261,e98d116f30a05cd0ef43fc3e67a93f21522502591a61783482a3d1668c689d90
bethgelab-112,ornith35_corrected,10,10,0,0.3271812690072693,20b9763f967c044b200ceeb75d0584bce3fcd13cd6db9ba02ec75eddb23496ee
bethgelab-142,no_context,9,10,0,0.16476902598515153,e3b0c44298fc1c149afbf4c8996fb92427ae41e4649b934ca495991b7852b855
bethgelab-142,original,10,10,0,0.502491302031558,830533425e592db6ae69cda4bfdb7398a3102bbfa4953317c0543f0bf6970206
bethgelab-142,summary,9,10,0,0.3742385839577764,716e4d26c40b3736af5a59fb08424d4a24b2e165659133691f60d8f9cf79123c
bethgelab-142,qwen38_reference,9,10,0,0.2731705810292624,304fe39e122dab15677d10391133344f5d05f7c773a9345e6b78ec249aa86a46
bethgelab-142,ornith_raw,10,10,0,0.4328859469969757,16049c025ccae2825268e1ecf57d3999b515bf2b6e3beb31cb32bdcf1775d2a8
bethgelab-142,ornith_corrected,9,10,0,0.2796577499830164,9b4dbbbb1950e9a3c43a175efa18640937885ff66268a7160946245961e8c009
bethgelab-142,qwen38_raw,9,10,0,0.31068319000769407,e1ad62702eec4410df93b65b153c98d5fa32e370f1219ca2a8b3a7d0f3a675c0
bethgelab-142,qwen38_corrected,9,10,0,0.2515389089821838,e1ad62702eec4410df93b65b153c98d5fa32e370f1219ca2a8b3a7d0f3a675c0
bethgelab-142,ornith35_raw,10,10,0,0.39775471796747297,2d516d134fd473b231bf38c4f2e65e5b0a760608165bf6aa1b8b252a9760aee5
bethgelab-142,ornith35_corrected,10,10,0,0.31967282900586724,44aed06809e0ee316f5f22a66ad27ec840d62e75b5b9d5a5481eb0b3edf9469d
bethgelab-122,no_context,6,10,0,0.1899790270254016,e3b0c44298fc1c149afbf4c8996fb92427ae41e4649b934ca495991b7852b855
bethgelab-122,original,10,10,0,0.5799745839904062,bd6e5c628a12f9f4d83f4e3b0b6cb632a31e625a05a4d8ed7cd768b4fc24bd0e
bethgelab-122,summary,8,10,0,0.37667210499057546,86376d9d84017d52976c22743c40588dfa3dd6cc63f027edca430277479f4ab4
bethgelab-122,qwen38_reference,9,10,0,0.30409618304111063,39a58c6648927b2022d19206332551283d43b04181b5c961db67be2c306e9ded
bethgelab-122,ornith_raw,10,10,0,0.32481785700656474,4418401c2480ac6696b915be934bdc13457cf7ce1e1e25680c53406aa97764c8
bethgelab-122,ornith_corrected,10,10,0,0.28117292100796476,237632035a3c0fad96740d8b3f562ca1a722f1d1e75a09a419e21f4f0a02f403
bethgelab-122,qwen38_raw,9,10,0,0.2895782919949852,a2e729d4e6dfad70d0498ca0857fde71bcdac981edc4d1a0becf137cb46cba7c
bethgelab-122,qwen38_corrected,9,10,0,0.2243573609739542,a2e729d4e6dfad70d0498ca0857fde71bcdac981edc4d1a0becf137cb46cba7c
bethgelab-122,ornith35_raw,8,10,0,0.28759795101359487,52e55666e3528e4303d00616afa8448c611f2caea68584b6e9ef8ee40a585580
bethgelab-122,ornith35_corrected,8,10,0,0.26922535500489175,52e55666e3528e4303d00616afa8448c611f2caea68584b6e9ef8ee40a585580
bethgelab-105,no_context,6,10,0,0.18837192398495972,e3b0c44298fc1c149afbf4c8996fb92427ae41e4649b934ca495991b7852b855
bethgelab-105,original,10,10,0,0.4674112210050225,d1ec0b551238dc7b332ba8c3fe0cb88f73a421e70e4d348a65a49b63bf7de3bb
bethgelab-105,summary,8,10,0,0.3371331990347244,14c54432f557f83142da7ec5406977044bfeb6b13b785c4f0e333789af230da4
bethgelab-105,qwen38_reference,9,10,0,0.3002052190131508,c8419e55404c2765e7b9eb81b3cda30af08830a9b52b7e66ef9927ef80d20e0b
bethgelab-105,ornith_raw,10,10,0,0.3019841290079057,eae3ed8eba95878279840d195d55570b40fc0e054266a941dfe076a4b12df1f6
bethgelab-105,ornith_corrected,10,10,0,0.2622816739603877,e5b70a8a31ca7df04b8cbf8adc235fcb56697e9b820ba314c6f73546214d59fe
bethgelab-105,qwen38_raw,10,10,0,0.28103871503844857,de65ef0a0036282216aab19df64cacc54fa30afb6e4528df6c074bb06da3a9af
bethgelab-105,qwen38_corrected,10,10,0,0.23093790496932343,de65ef0a0036282216aab19df64cacc54fa30afb6e4528df6c074bb06da3a9af
bethgelab-105,ornith35_raw,10,10,0,0.31336913496488705,ab1c756b859012685f0a9376f57e7f87cdcf0e9acfb27746f659ac524501bb09
bethgelab-105,ornith35_corrected,9,10,0,0.29648662300314754,811ae3631aebc39facf36347c670a156d55cba350cb9c2b673f35bbd0f1e0253
bethgelab-10033,no_context,6,10,0,0.21131521800998598,e3b0c44298fc1c149afbf4c8996fb92427ae41e4649b934ca495991b7852b855
bethgelab-10033,original,10,10,0,0.402581132017076,a58b679a718676aea497bc154517ef17871f3042d404c64fabe61cd28da57afc
bethgelab-10033,summary,10,10,0,0.8342208319809288,98977a3a230403c848ba9fdfcefc346328be608d3dbb3d73e1bb131e3577eaa3
bethgelab-10033,qwen38_reference,10,10,0,0.2523635330144316,0615f6c7cf26844d47d9aa9f2c619dca5e01914a1b24c574a742897f56017477
bethgelab-10033,ornith_raw,10,10,0,0.3025010459823534,53afbb66f16e71a318c8ed5abfb24438ad1a7edbda563417725b73e01c627ab5
bethgelab-10033,ornith_corrected,10,10,0,0.25875496002845466,963e60af74b01a93f44ee24a8d70a0472020c3f1553908bf3bc8f9f5a7d11cd5
bethgelab-10033,qwen38_raw,10,10,0,0.2542387280263938,6fed4461c52393a9112c12c85c80478ff1b28fe779e7c52efa6733a30227b5ba
bethgelab-10033,qwen38_corrected,10,10,0,0.19828014605445787,6fed4461c52393a9112c12c85c80478ff1b28fe779e7c52efa6733a30227b5ba
bethgelab-10033,ornith35_raw,10,10,0,0.3566567699890584,dfd2756fc3e2c724643a7b86b336d38eb2b6c8f8780eaabed6e60f76c20ec080
bethgelab-10033,ornith35_corrected,10,10,0,0.3073781709535979,708ad6530e4d7f00f88efde9832b475d4144f3e3e5548655b2ba91920af01ab5
bethgelab-10019,no_context,7,10,0,0.175543054996524,e3b0c44298fc1c149afbf4c8996fb92427ae41e4649b934ca495991b7852b855
bethgelab-10019,original,10,10,0,0.3800821170443669,3fab7067baa7f63946ebe47561ff1d1ce3e60d0971119fc5f58ab5c877f3b5c9
bethgelab-10019,summary,8,10,0,0.3402146750013344,daf38aac1a12f6a1c0cd8498c9e6d05a5245eae59a6d64dee13b58b13ea5d741
bethgelab-10019,qwen38_reference,9,10,0,0.24762717803241685,a632dc27407392bf9f03bf5468b5b00634370584dabc607ae9a65cb8dc6779be
bethgelab-10019,ornith_raw,10,10,0,0.39835049503017217,97b0993c44717ba28cf70d31d08c0e9ddafacc04fb62f7326a1a05cc9e70ddb8
bethgelab-10019,ornith_corrected,10,10,0,0.33125334698706865,69183faa978ae952611c77d6489b05c2f516d3bf411ef4149613988ac6a24a1c
bethgelab-10019,qwen38_raw,9,10,0,0.23777303600218147,be2aa620e922808f4dff0ebc21925549d02f9dd89d428e33f920ae66db989a54
bethgelab-10019,qwen38_corrected,9,10,0,0.23735009896336123,f68333544932de9b75a9d40ee6a56bfe558e6f99af09a19266b5d75effe83f1b
bethgelab-10019,ornith35_raw,10,10,0,0.3501912869978696,0101f43712d2f4e06f246c4e3956cd8926f7222b0e9107897a07e3e5651842e6
bethgelab-10019,ornith35_corrected,10,10,0,0.2898492719978094,0101f43712d2f4e06f246c4e3956cd8926f7222b0e9107897a07e3e5651842e6
bethgelab-10028,no_context,6,10,0,0.17724907002411783,e3b0c44298fc1c149afbf4c8996fb92427ae41e4649b934ca495991b7852b855
bethgelab-10028,original,9,10,0,0.558892979985103,9ddc1a36ea8172f808bf6608f3c41614f8c1a4ec2635523217fd26b9377a546a
bethgelab-10028,summary,6,10,0,0.38003059901529923,64a1ed02f3e13991471d08402122a918b5f76ccaa02675562e9e1cc5b4913825
bethgelab-10028,qwen38_reference,9,10,0,0.2899326210026629,2238021448297480ea2178e8414f15f43afbf818d159cb3dd249bdf3e455c5ef
bethgelab-10028,ornith_raw,7,10,0,0.3196807409985922,00e0d7ffe8d8d4df4138d30e233941ad8c8cd01ec644e3465fb913fcc0fba404
bethgelab-10028,ornith_corrected,6,10,0,0.29953387298155576,501c6c14bbd8282f3b44f65d1684d5db0b0bc25bbac721659f1dcaeb7b4e3652
bethgelab-10028,qwen38_raw,8,10,0,0.26079719298286363,3b76c05d3f50d710f477382eba82605d7f8b9276b9af7c0a0587c44ad2ad1500
bethgelab-10028,qwen38_corrected,8,10,0,0.18461820494849235,3b76c05d3f50d710f477382eba82605d7f8b9276b9af7c0a0587c44ad2ad1500
bethgelab-10028,ornith35_raw,8,10,0,0.3266037760186009,0128b0d8c40c877ae0140d046616bbfeb5a4744b2ffc9416374ba5e18a8dddb0
bethgelab-10028,ornith35_corrected,8,10,0,0.2610449579660781,34a360e5c9f3b430e8a6fa6d3b0b87bf1a40d4ff6052bd0063b63b4e3271efab
bethgelab-10021,no_context,8,10,0,0.16529224801342934,e3b0c44298fc1c149afbf4c8996fb92427ae41e4649b934ca495991b7852b855
bethgelab-10021,original,10,10,0,0.446115255006589,2446e0dd5be16da1204fedf141879b6bdebf78065b128fc9678b60c6503d9536
bethgelab-10021,summary,10,10,0,0.33821068197721615,251a85c5916b2f6b451e2db7310fa87e52ee18aafa66697828c88b524f87742a
bethgelab-10021,qwen38_reference,10,10,0,0.3135717409895733,a2d23e45c0d4fada1eb86fcb8a456069d191dedbe13910b50e26371f7f754a69
bethgelab-10021,qwen38_raw,10,10,0,0.2763721820083447,1f42f9050cb415a4dff8a1d5e896cfa2887b1bac87b152028781556c1e4e23c5
bethgelab-10021,qwen38_corrected,10,10,0,0.2171619510045275,1f42f9050cb415a4dff8a1d5e896cfa2887b1bac87b152028781556c1e4e23c5
bethgelab-10021,ornith_raw,10,10,0,0.299767198972404,08f48c4d536f854f3f1c9c736120a6012976ea3dde9abc697e9eb01f2c001c67
bethgelab-10021,ornith_corrected,10,10,0,0.25665709702298045,ed93628b830b6852bbef7bd66f64f1b5d34c803e168b6a9d413395ee5fdb1291
bethgelab-10021,ornith35_raw,10,10,0,0.28657819400541484,65c4b4cefddf1374f432ef48f4e5ed3458af66c021d04b4ee9eeba38f6d6e4b1
bethgelab-10021,ornith35_corrected,10,10,0,0.2583774219965562,65c4b4cefddf1374f432ef48f4e5ed3458af66c021d04b4ee9eeba38f6d6e4b1
bethgelab-10004,no_context,9,10,0,0.1781996110221371,e3b0c44298fc1c149afbf4c8996fb92427ae41e4649b934ca495991b7852b855
bethgelab-10004,original,10,10,0,1.0737067619920708,532e636d9c400b73e899230f07b83f2e3d63e833cdff05dfcaf20da104624d78
bethgelab-10004,summary,9,10,0,0.35905603296123445,4e1bfd8dac528124be198af2da9611849b9b207e490c5bbf712ea2323841d151
bethgelab-10004,qwen38_reference,10,10,0,0.30374988599214703,834b63b73eedf00db53f80c21c6d960f0e27eb1184598e31e04af71d27d2a0d4
bethgelab-10004,ornith_raw,10,10,0,0.3574278409942053,3c8fe5476abfe43e873f7615e7662094bf4a21b03889ce8363c00ff0ba940c0f
bethgelab-10004,ornith_corrected,10,10,0,0.3274569739587605,6d5dfef7face2df230b0b9e3847ee1c64fc500e90888f18ec66823e314dcee8e
bethgelab-10004,qwen38_raw,10,10,0,0.26160264801001176,b67008c4dda9f638cfe0396078ed0af2f04788d98dfbe5a210fcabbc0fddf357
bethgelab-10004,qwen38_corrected,10,10,0,0.21464289701543748,b67008c4dda9f638cfe0396078ed0af2f04788d98dfbe5a210fcabbc0fddf357
bethgelab-10004,ornith35_raw,10,10,0,0.8350339379976504,8363afad23a19c055162af594f0a73c73ba78f335ac49786b1d2164922ae2237
bethgelab-10004,ornith35_corrected,10,10,0,0.3162362829898484,6c76c5f47bcddde00d7a9f2c6a0cf945d21a113ac35522b03aa2f2af621afed4
bethgelab-10047,no_context,4,10,0,0.19714381598168984,e3b0c44298fc1c149afbf4c8996fb92427ae41e4649b934ca495991b7852b855
bethgelab-10047,original,10,10,0,0.3104956749593839,f0be139b8205277b5f62dc4345c48427d0280afe402b478627635231c0a90071
bethgelab-10047,summary,9,10,0,0.35652472299989313,f17176cd73d8bb6d5d825de573197db907328c5800d163c4c605ab37649c9cff
bethgelab-10047,qwen38_reference,10,10,0,0.24645299301482737,46f9863956425aa753c2656be00635a53b67191b33950463effd764a7d317743
bethgelab-10047,ornith_raw,10,10,0,0.4344147800002247,85dca7627ac035d3cc6e5036b47220d998b2c0641c8ad380adbcc4ccf99857c3
bethgelab-10047,ornith_corrected,10,10,0,0.3103914519888349,d0d2ee53ba3b8aa3dd63fa30ab6e06a474d1e4120f6a2eff1c4610b307311681
bethgelab-10047,qwen38_raw,10,10,0,0.2759682219475508,2f6f42a0a6d1cf11e339e4fda45594f6d886564b2b494018c6d65eb437bba7c8
bethgelab-10047,qwen38_corrected,10,10,0,0.21304542402504012,2f6f42a0a6d1cf11e339e4fda45594f6d886564b2b494018c6d65eb437bba7c8
bethgelab-10047,ornith35_raw,10,10,0,0.3966421940131113,173362f5c42ed4656db156b23f0e43b667d6096304f78ad4f2c13c28513a7660
bethgelab-10047,ornith35_corrected,10,10,0,0.30478151398710907,6e969459951535e1cdd95056ffccd9b330bdca14ad28d6503560d94312942b67
bethgelab-10013,no_context,6,10,0,0.1691000140272081,e3b0c44298fc1c149afbf4c8996fb92427ae41e4649b934ca495991b7852b855
bethgelab-10013,original,10,10,0,0.40473993902560323,e463ec5d1757c1fef5033ed44eafb650345ebd9f4b11f8f485ea18b3146d9bc9
bethgelab-10013,summary,10,10,0,0.3369956669630483,91bd54f8f44250a141df790c356e40fd31eb5d0ff58b355196dd9ab1780417fb
bethgelab-10013,qwen38_reference,10,10,0,0.29418200900545344,5401b690e7300e1a013f88e10d32bd4a7f99df8a01f1d71877277dfbf510615a
bethgelab-10013,ornith_raw,10,10,0,0.3844180960441008,41d7ca9eb009a2fffec7e7e8feb6510958c72370a4e0e5543477a3cf75f4d1cf
bethgelab-10013,ornith_corrected,10,10,0,0.29194941296009347,ebfcd2b0979292793d6c01c752f322df9a1b96a3fd0464e4838a1a8fd6c47bc8
bethgelab-10013,qwen38_raw,10,10,0,0.2811009219731204,d52929bac2b2fe23b0f9584d8439fd9ee1dfefd8fef6f87a9689891d62ab2f40
bethgelab-10013,qwen38_corrected,10,10,0,0.25933062902186066,836d8e1e59dd28e524d2b9a7707ffa90ae0956a13fd9ab92e8765c4434daca0d
bethgelab-10013,ornith35_raw,10,10,0,0.34998245898168534,d41b77e1a3a19378851b150e2b0e9a143c338f8cbfae807ac4c47de6403c469c
bethgelab-10013,ornith35_corrected,10,10,0,0.3098585730185732,f23d5b60d7731d99758dc32ca20f2e2a90cf5afa06e669e9f816846baeadda7f
bethgelab-10038,no_context,10,10,0,0.1801099090371281,e3b0c44298fc1c149afbf4c8996fb92427ae41e4649b934ca495991b7852b855
bethgelab-10038,original,10,10,0,0.5337119710166007,239b0964b4ee281617cec4a7344b292c5dd05cdc1e07db933a2e9df7fecd52fb
bethgelab-10038,summary,10,10,0,0.31950612098444253,b5508895a4e5afdcd58f7b6a88b497fa805eba9a8ec0ab59031dd4af2dc9f0f4
bethgelab-10038,qwen38_reference,10,10,0,0.27428262401372194,59ce7aea640b75eed2b81f6d1fb03aea49549536dc3529513ff8e554014f7b8d
bethgelab-10038,ornith_raw,10,10,0,0.31894437299342826,1f6a85c5be70e11ab4d836ba23fe326da3e191732e3d8e6cd093dfb808f26ab2
bethgelab-10038,ornith_corrected,10,10,0,0.2776295660296455,3a805caeaef72352dcc1a78e2c078e5b1db6d02eb515d27d306a60aab5b951ec
bethgelab-10038,qwen38_raw,10,10,0,0.31164256297051907,fbd4aede3361d388e601a1e4b61bd305e07e5e20f0dbd69530c823070c484db2
bethgelab-10038,qwen38_corrected,10,10,0,0.23767729196697474,fbd4aede3361d388e601a1e4b61bd305e07e5e20f0dbd69530c823070c484db2
bethgelab-10038,ornith35_raw,10,10,0,0.3244871739880182,9f6cf3248b54b573d33eab79ae9879f56067d58d11347ed3d8f729ffff95d1fb
bethgelab-10038,ornith35_corrected,10,10,0,0.2630845689564012,9f6cf3248b54b573d33eab79ae9879f56067d58d11347ed3d8f729ffff95d1fb
bethgelab-10000,no_context,8,10,0,0.7946844859980047,e3b0c44298fc1c149afbf4c8996fb92427ae41e4649b934ca495991b7852b855
bethgelab-10000,original,10,10,0,0.4517460890347138,7fcd8ad1ec13aa789ceccd25ade8944690a8825a63727038dada658417498a13
bethgelab-10000,summary,7,10,0,0.30831321998266503,fdf6841b67e679a8256413b543114c179bca8061c9fb78bd71ac749969d6a3fb
bethgelab-10000,qwen38_reference,8,10,0,0.25513119099196047,be548672af73b87b416544738ad04c0ab39bb5c5ba61f28828ce67998a411670
bethgelab-10000,ornith_raw,10,10,0,0.3554377689724788,f181b5c47957406259417266d0c71b0f95033222b8749283796a2b76a22933c0
bethgelab-10000,ornith_corrected,10,10,0,0.31719125498784706,962248ca2f656df1cd1b07c066ffea995ec7e0f5b7fee0c29a66fec720965b98
bethgelab-10000,qwen38_raw,8,10,0,0.24359989596996456,6086353e56d44fe499f213f550a7d543b9755c8d54cb55379753a01eb3f58ce4
bethgelab-10000,qwen38_corrected,8,10,0,0.20356599299702793,6086353e56d44fe499f213f550a7d543b9755c8d54cb55379753a01eb3f58ce4
bethgelab-10000,ornith35_raw,8,10,0,0.3191973489592783,c3a0db0c9fabf22e2717d9ccef9231cf939e133c151bf402d73cf298a5c7a7c3
bethgelab-10000,ornith35_corrected,8,10,0,0.29913511901395395,5f84b11c46c0ca7fd6e0ceaf51f9f1dcf49b99bcc8171e63827c6276a89abb44
bethgelab-10003,no_context,8,10,0,0.17897162801818922,e3b0c44298fc1c149afbf4c8996fb92427ae41e4649b934ca495991b7852b855
bethgelab-10003,original,10,10,0,0.42558288999134675,e7cd528ba416b11b6aab2a6fd81b6328a5833daeb921827420f580cb236ca865
bethgelab-10003,summary,10,10,0,0.34966482600430027,5c3670be76693239bf68d7ead4f128081ee2e1fe0ccf51bbb84193578c2d5005
bethgelab-10003,qwen38_reference,8,10,0,0.2917583769885823,1bd929ce20bdba9b1db05dff8965e044a1558da927eaa7cceaf4b24615b8b830
bethgelab-10003,qwen38_raw,10,10,0,0.2858853730140254,a5a4245a312d1cc5235a63246afad9b6ab8a37850442eed1e4edde909eb95b09
bethgelab-10003,qwen38_corrected,10,10,0,0.24959549104096368,f60cea9e97434b170e719ee5c671db59081fb771c938195a07b1bec36a1b0a36
bethgelab-10003,ornith_raw,10,10,0,0.3715472689946182,40405d2e8022ba44912c4daf6e16a6de2f53a062ddd9e57d5ebdd47688f7e1ff
bethgelab-10003,ornith_corrected,10,10,0,0.30875064100837335,cf26ba6ba7214a80a8f4fcb3f9f716c2578aad6b989734b0e630663a4f4706f3
bethgelab-10003,ornith35_raw,10,10,0,0.3315785659942776,64408de8934d01aca84e3e7751cef46a89e59c49a4f2847adf38e5e7f0d908a8
bethgelab-10003,ornith35_corrected,10,10,0,0.28796472802059725,64408de8934d01aca84e3e7751cef46a89e59c49a4f2847adf38e5e7f0d908a8
bethgelab-50039,no_context,8,10,0,0.19342779199359939,e3b0c44298fc1c149afbf4c8996fb92427ae41e4649b934ca495991b7852b855
bethgelab-50039,original,10,10,0,0.6429677490377799,de19c655db485aa34b7e3387b03aa09cf54da16447b5294399730fc5c45d9003
bethgelab-50039,summary,10,10,0,0.32971036998787895,a7fd6a093723151c7aad9483fa2f9da4221e20f3712bd01b1708d714888d1d1c
bethgelab-50039,qwen38_reference,9,10,0,0.254146953986492,35b125be78602143ce7f175e57999a249e753f0514f6fc43324f1c3bce16ccd7
bethgelab-50039,ornith_raw,10,10,0,0.437495744030457,384ba8d584dc8167d7eb10fc7fccb3916de6fa95d18943dba89824bb91ad10ec
bethgelab-50039,ornith_corrected,10,10,0,0.41349675896344706,19b6a0fdf8b052170ba95effaca4297eeeae26167c3fc254e3555ac4ea8030ad
bethgelab-50039,qwen38_raw,10,10,0,0.28087103803409263,cb8f747f9e4583df92b8ffdfd7ce2d8c8051d11a6966b35e764c3fa79523150d
bethgelab-50039,qwen38_corrected,10,10,0,0.25659516197629273,674211f07bf53e49f0425c6d2748ee9a56d6861c8b8b63bcc16027ff0b42e8ef
bethgelab-50039,ornith35_raw,10,10,0,0.3460391379776411,ab144c29c2bc2ac7750e3bb2707cdee2efa6f9d117db1ce3775ebc794e55346e
bethgelab-50039,ornith35_corrected,10,10,0,0.3013472069869749,8b3a41ead9e6103bdc169443943d6ae673e7a63def47c95bb11c06c18bbfc5f8
bethgelab-50043,no_context,5,10,0,0.1852085299906321,e3b0c44298fc1c149afbf4c8996fb92427ae41e4649b934ca495991b7852b855
bethgelab-50043,original,9,10,0,0.332548359001521,1e2798147c40faee951910206bf47fa2d91c8860b90000f30454b227d6994df2
bethgelab-50043,summary,9,10,0,0.3192874019732699,a5bd1cc91da168965d3e2b7143fb76b87beae6a0df47d08956ffef4aa3d63b18
bethgelab-50043,qwen38_reference,9,10,0,0.21925313997780904,18b558ff4015c38d0cb50229b32af0de8977bf3d0884ac9e2efd3d72f0ee372c
bethgelab-50043,ornith_raw,10,10,0,0.3077981250244193,bb9013a034c206638767323e0352ffec4d4b6060404333b6f7fd0cfa273a3d23
bethgelab-50043,ornith_corrected,10,10,0,0.2632018779986538,faa701fc69bb1b20eff367481c024101aa198f2a10d65dde9a0d9d8344661148
bethgelab-50043,qwen38_raw,8,10,0,0.22494685201672837,b4bacbaae53d57dc018d981a4f3d76fdbcbdaba462bb920d1d779a902e5f57bd
bethgelab-50043,qwen38_corrected,8,10,0,0.21369971398962662,b4bacbaae53d57dc018d981a4f3d76fdbcbdaba462bb920d1d779a902e5f57bd
bethgelab-50043,ornith35_raw,9,10,0,0.32928507204633206,8fd65951874e8d705101efbe44d8f1be934194683d55bb38bb92740a1f18ff53
bethgelab-50043,ornith35_corrected,9,10,0,0.28407580696512014,c478deaf80ecc15c7bb2ead0673f1ce2150065337460ead85cf7fa40414c552b
bethgelab-50033,no_context,8,10,0,0.16403451102087274,e3b0c44298fc1c149afbf4c8996fb92427ae41e4649b934ca495991b7852b855
bethgelab-50033,original,10,10,0,0.5008409620495513,bf799d730709e4d61998cf1d6c35cf9885ada8045ad414d9e196fb4bf044922a
bethgelab-50033,summary,9,10,0,0.3727163710282184,4bfd4056d3bbbbdc15b351e35759b5fcd0626db1f58f45f676f944154b279ee9
bethgelab-50033,qwen38_reference,10,10,0,0.24825804302236065,b55acb818402550fe5556f08dd8af8b5eef962b720e16e3bc850c29862e10189
bethgelab-50033,ornith_raw,10,10,0,0.33859192102681845,e0455609566c3bb6e28d3531db82d750de54854f86389627c2a5430fb7309daf
bethgelab-50033,ornith_corrected,10,10,0,0.2973212089855224,23d0fb42fb10627b579337ea71b84f9cab168e61a40d7bc12a3cfcb95ed31a3f
bethgelab-50033,qwen38_raw,10,10,0,0.24161468597594649,c701055d45b318c081eb0bfe7ebacb4190a47e9037fa558c021f285915cd4ad6
bethgelab-50033,qwen38_corrected,10,10,0,0.17099722399143502,c701055d45b318c081eb0bfe7ebacb4190a47e9037fa558c021f285915cd4ad6
bethgelab-50033,ornith35_raw,9,10,0,0.28843719995347783,bd3840c237d1d8089098fa20ffbcaefa8f85c726afb7ba1e09cf4956db475998
bethgelab-50033,ornith35_corrected,9,10,0,0.2814914690097794,a44f3686307ca66a1d494c6c74cf51d50af542dfd3f6bff21ddaaacb5c66ec02
bethgelab-50037,no_context,7,10,0,0.17331740004010499,e3b0c44298fc1c149afbf4c8996fb92427ae41e4649b934ca495991b7852b855
bethgelab-50037,original,9,10,0,0.4978836770169437,56b77fff220a3b085f018b829126cd45b79cd9032f37052faf9f086717e16629
bethgelab-50037,summary,8,10,0,0.8917400179780088,a088265236d2a220bc217a09e49b1cc67054b33e046c0caa8830f896a9c8050b
bethgelab-50037,qwen38_reference,9,10,0,0.4001392570207827,f5d0c603682f9e5ad59a913030ac069ac444a38dbee8596b310afd4b34517d8f
bethgelab-50037,ornith_raw,9,10,0,0.4404399389750324,64f1b2980d85dcf3c5150e31a9d74bfe4441c9ea9490e7ce31f29dbc5e3acf94
bethgelab-50037,ornith_corrected,9,10,0,0.4537627180106938,ed12f7f9b93b3a180d90420b4e16d65f92d7478b726486f55e767ec5cad9b5ad
bethgelab-50037,qwen38_raw,9,10,0,0.31291104800766334,d0b7cbb7d5869899e0fb055386706f2961adcab10507352b5c6e7ebf0142cb88
bethgelab-50037,qwen38_corrected,9,10,0,0.23090235196286812,d0b7cbb7d5869899e0fb055386706f2961adcab10507352b5c6e7ebf0142cb88
bethgelab-50037,ornith35_raw,9,10,0,0.2911225919960998,aed12a3039afd28672495380270e13e9e165043cf314317cb54e1bda6dba7c67
bethgelab-50037,ornith35_corrected,9,10,0,0.30515933100832626,bfcb7e24ddfb2b34fdc383cf5f62d0df29dcfbef95767870c804f6970bff3144
bethgelab-50047,no_context,6,10,0,0.1750047920504585,e3b0c44298fc1c149afbf4c8996fb92427ae41e4649b934ca495991b7852b855
bethgelab-50047,original,10,10,0,0.39602250600000843,9d6e795b20211d71799050c9282d0c0b9c3838aa8232d78b803accb410b2d33d
bethgelab-50047,summary,10,10,0,0.3498862899723463,f3017e2fd93995d1e2e0203e1ce2c71e4156030d18fefc7b1303242a189c1b82
bethgelab-50047,qwen38_reference,10,10,0,0.26206394901964813,4b09821edcbaec46656b2741eef8f1e41495cd90a12aa9252a8a64ce63709ac3
bethgelab-50047,ornith_raw,9,10,0,0.29983930400339887,5f0d05137d488a995bb19399575ead1025f512743fa45b8f1da787b23a608e14
bethgelab-50047,ornith_corrected,9,10,0,0.26689537503989413,9186ea105b8c9d621d63c6682a36e8d2bcf4450fc0111cdd948fcafdda942067
bethgelab-50047,qwen38_raw,9,10,0,0.27716467599384487,a8ebf7b58dbd0e08a026d85517e21d5c76dcb1413446ff96d5d113d5156794e7
bethgelab-50047,qwen38_corrected,10,10,0,0.2544811529805884,207e20f70cb8636e8e2dee542dcf40d118c93f379e594b211a22376449dd1019
bethgelab-50047,ornith35_raw,9,10,0,0.35435783595312387,5fe4ea055baeac53d5f74ac5d569b28bb847d9d6081f18d9a60af15fa35e69ed
bethgelab-50047,ornith35_corrected,9,10,0,0.3022964379633777,b8978532bd03eff37079a204d0b30113b5200113fe533a81cedd97118c71606f
bethgelab-50013,no_context,7,10,0,0.177884383010678,e3b0c44298fc1c149afbf4c8996fb92427ae41e4649b934ca495991b7852b855
bethgelab-50013,original,10,10,0,0.4206902460427955,5873692a5abcd2765669d5fab7979f848ab9682d042126b679e3e670e9745efa
bethgelab-50013,summary,10,10,0,0.3826489440398291,c6f209f7fd09274f6915bbfb6909717ce938b9ceb6d0a030383e01367413d9bd
bethgelab-50013,qwen38_reference,9,10,0,0.24689669400686398,f348fe2701f74215876a33a6edf8fd266ba3d7cca275a02734453205d9053480
bethgelab-50013,ornith_raw,10,10,0,0.30410222901264206,61fbc80dc6e4e0c1a97d7c0896fc181cc9f687750ccf69c922db7861333a27ec
bethgelab-50013,ornith_corrected,10,10,0,0.2601252029999159,b051559df52eb6431f88fe3f37766bd3a2ccf5fb1c329f2cf444c4dd12d60da8
bethgelab-50013,qwen38_raw,10,10,0,0.2617253959761001,f9148bb8e6c4e95bf95173f006d5ed78789a30c9a545667db288c19e62d9e37f
bethgelab-50013,qwen38_corrected,10,10,0,0.2691566090215929,c80069bf4c5bbcb11cdc6a94b2e58496acbd76f41b03256ff3cba802f2ef4220
bethgelab-50013,ornith35_raw,10,10,0,0.3550970549695194,7015b9fa32a3c74436ac24b39ed767f39aeb487fb48831279d11f7d3d84c2091
bethgelab-50013,ornith35_corrected,10,10,0,0.3474431760259904,1143f54cd6aec29639799b3a909ee619c05d6296c5d77b55856b88cbac755e62
bethgelab-50009,no_context,7,10,0,0.17262919002678245,e3b0c44298fc1c149afbf4c8996fb92427ae41e4649b934ca495991b7852b855
bethgelab-50009,original,10,10,0,0.5174143339972943,fdf2c95a141e744682aad8f94ea8783a5514e7033960d29fa2961bf8be3a3068
bethgelab-50009,summary,9,10,0,0.35462197399465367,394da0c9d4987e42a1f7f2e132919c4490f979f01495f0eb03c0e9f0b7102d60
bethgelab-50009,qwen38_reference,9,10,0,0.27802994003286585,bf890e958d1f317440263e29a1dedb1c1765d38b053c08bebc9e4ec30f14f8a7
bethgelab-50009,ornith_raw,10,10,0,0.339037062949501,b069b79abb1a4de1334d084cd6c2f782ad581c8da81a9f0195e07a793e63d588
bethgelab-50009,ornith_corrected,9,10,0,0.29105182900093496,da9324b8e41d6b0a8f44987dc059d872a0efdf63e7b79213ad4a843cf42f6ca0
bethgelab-50009,qwen38_raw,8,10,0,0.2806049609789625,53b053b4fafda3e3d5bdd19c5c9f293e7b980931308d0014533090e8d06c9f63
bethgelab-50009,qwen38_corrected,8,10,0,0.2195532629848458,53b053b4fafda3e3d5bdd19c5c9f293e7b980931308d0014533090e8d06c9f63
bethgelab-50009,ornith35_raw,10,10,0,0.3970258990302682,2561c2cf20fff2de0dd380f2db6b5372fcf794322f0af982bbb2a2bf69580f65
bethgelab-50009,ornith35_corrected,10,10,0,0.3407497919979505,a5c6af432aca1ea286fe64d863d69cc91aa605456b5fa20654edfdb7d041383d
bethgelab-50015,no_context,5,10,0,0.17518942803144455,e3b0c44298fc1c149afbf4c8996fb92427ae41e4649b934ca495991b7852b855
bethgelab-50015,original,10,10,0,0.2951047089882195,0bf9b205e3a6d1c88f5d9b2acfe868ac55f05e758fba034533eae6c292c1adee
bethgelab-50015,summary,9,10,0,0.33416455099359155,5692d7ab2f2e19fcc1b40383181eac22f2001bbc06cb42ddceff61bfdf043846
bethgelab-50015,qwen38_reference,10,10,0,0.23011596698779613,a1eae7b92318f0db1b7c2c29beeaeff0402a94da0efd87cc498a3da194d71e8f
bethgelab-50015,ornith_raw,10,10,0,0.38565199001459405,409fcf00712e27c45dc512c1774ed8fc96407687a8a0077ce9a39b57b5fdbcb3
bethgelab-50015,ornith_corrected,10,10,0,0.2839716150192544,0da537f614f239bc8db4c0ffe8bd8ec01657105023f3e4c14e4169f23e2771b8
bethgelab-50015,qwen38_raw,10,10,0,0.27800350898178294,9081dc489cd652954810cc026d0631cbbb32e4d419f515cff4de420801e172fe
bethgelab-50015,qwen38_corrected,10,10,0,0.20469848200445995,9081dc489cd652954810cc026d0631cbbb32e4d419f515cff4de420801e172fe
bethgelab-50015,ornith35_raw,10,10,0,0.26102383801480755,c7d2131356324eb82df4e9fd4eaf016acd3ca00055c39b98ca94f5715993d2b4
bethgelab-50015,ornith35_corrected,10,10,0,0.2722583879949525,676a5da5606dccec0559f388b309e25da36306bb2ef6de867eaefe25ecda158a
bethgelab-50024,no_context,8,10,0,0.1562355919741094,e3b0c44298fc1c149afbf4c8996fb92427ae41e4649b934ca495991b7852b855
bethgelab-50024,original,10,10,0,0.5381427280372009,74ce4c9a8bb66ed76aa0bcf2719b37c2f45118dfc537ed9a1a7429457fac9b78
bethgelab-50024,summary,9,10,0,0.3849027240066789,967e22fbdc886408e0df9c4fd71413074a0733dae5f5b1bf8b50da53a175913f
bethgelab-50024,qwen38_reference,10,10,0,0.28719532903051004,e0e2a473e768658e2cfc0cb331aa0c6d7b0634049a270ac6579a603c727e4fa5
bethgelab-50024,ornith_raw,10,10,0,0.45463399699656293,9e4d4667d7171a1644ebae665e2784d14014ead151cfbc9bd05735d18ffe4a9d
bethgelab-50024,ornith_corrected,10,10,0,0.4017316739773378,687e09e37af9c0e81971433535e2669045e72622497d1a2c99262b82a8f0d5c4
bethgelab-50024,qwen38_raw,10,10,0,0.26180168194696307,7afc49a34ba5073e24fc5c2b6ce89fff31d991ed6f5b658ae170340e8a6980cc
bethgelab-50024,qwen38_corrected,10,10,0,0.2042819139896892,7afc49a34ba5073e24fc5c2b6ce89fff31d991ed6f5b658ae170340e8a6980cc
bethgelab-50024,ornith35_raw,10,10,0,0.37485672999173403,385222d79391e068d57c4de11d818ab75c28ea6de925b034d92b1cccf76f4cd3
bethgelab-50024,ornith35_corrected,10,10,0,0.2652131399954669,385222d79391e068d57c4de11d818ab75c28ea6de925b034d92b1cccf76f4cd3
bethgelab-50028,no_context,7,10,0,0.16635961801512167,e3b0c44298fc1c149afbf4c8996fb92427ae41e4649b934ca495991b7852b855
bethgelab-50028,original,10,10,0,0.430964989005588,67b0f14459545eb0cb90ba33ad7dd4e3e7288a9289fa58f9000ee9ffb9d945e1
bethgelab-50028,summary,9,10,0,0.32810460502514616,cf573ce4cc2eb3edc9abd01a4d6af0cde9553249e67964572d00bdab4bbb43b6
bethgelab-50028,qwen38_reference,9,10,0,0.2687579939956777,5bfb7ada9844aee32b1238250c6dd34a970950fad648de9f4e53df478af8e19e
bethgelab-50028,ornith_raw,10,10,0,0.5645312650012784,1147f2322341035cc10725d14bca4babaf87719e31754066010aff8d0b89fcdb
bethgelab-50028,ornith_corrected,10,10,0,0.4424456600099802,b443efaedc73db7374086f28466186def908f98220fdafde473dc4004544abea
bethgelab-50028,qwen38_raw,10,10,0,0.2427651439793408,1147f0d82ddc4b20e435a5f71669262c3abb61090c2514d9fd1bdf6180285f9e
bethgelab-50028,qwen38_corrected,10,10,0,0.2070812339661643,1a6c798d7cb4730120cd55880e70332a889ffe6feb3630c3330d60a5ee965937
bethgelab-50028,ornith35_raw,10,10,0,0.2865434740087949,4bb04473ac83b891c465a5946553a5cfa1735f89f291499562e22b8c681785c4
bethgelab-50028,ornith35_corrected,10,10,0,0.3053682869649492,f6fc8da85ea6b392091be4476e8316fa58ae6d484c94630c3175038a9b509f04
bethgelab-100037,no_context,6,10,0,0.20445567095885053,e3b0c44298fc1c149afbf4c8996fb92427ae41e4649b934ca495991b7852b855
bethgelab-100037,original,10,10,0,0.5113307409919798,475da814ff8aee7689b47bcfab425741f38e34a74e4e6dbfca2d6ed825526487
bethgelab-100037,summary,9,10,0,0.3361556159798056,b87a62b2a52d38f5b633e7818e93a36c4025f32c451e58fa0e775e09b0dc51f3
bethgelab-100037,qwen38_reference,9,10,0,0.22691218997351825,09df7ac24d23d33a2a677af517bcd471786877b6dd35f28ca7bcf7f90f899034
bethgelab-100037,ornith_raw,10,10,0,0.47441735304892063,0dac8168e1375d8dc7376889cc08517c863a517795dd6ffda285bf29c10c2b4d
bethgelab-100037,ornith_corrected,10,10,0,0.41990686900680885,989fd465ac76fcadddf7b91214928e603a1c6472a47729c0a7df77262b7f6f68
bethgelab-100037,qwen38_raw,9,10,0,0.2800112130353227,e7137ba5483e15c4b26b2e29e6c9ac9712154dab5679ac1041b55ba166d5005b
bethgelab-100037,qwen38_corrected,9,10,0,0.22690601402428,e7137ba5483e15c4b26b2e29e6c9ac9712154dab5679ac1041b55ba166d5005b
bethgelab-100037,ornith35_raw,10,10,0,0.3242784410249442,0babaf01954d6ba369eef51d0953ae1596be81dce46189ba134c4175c38192c9
bethgelab-100037,ornith35_corrected,10,10,0,0.3058321499847807,2c429a423d6a09aaf0497f1bc479227f507415a9bfd3de5e5d730a2df363f72f
bethgelab-100048,no_context,6,10,0,0.1954114320105873,e3b0c44298fc1c149afbf4c8996fb92427ae41e4649b934ca495991b7852b855
bethgelab-100048,original,10,10,0,0.45120347099145874,894ece07744c3dff9486aad1b6536dbe0bef2872acbdf6fa5c7a027af65b2b72
bethgelab-100048,summary,9,10,0,0.37012048601172864,26c747a93295d46186e224d12e6cd19772972e02a7c9fbccf66def32aacc05f6
bethgelab-100048,qwen38_reference,9,10,0,0.2770466629881412,5febdf5df61ffe49f3790317301344df93721cd6267f507c2399788a927b2b90
bethgelab-100048,ornith_raw,9,10,0,0.36258402600651607,6f7519c1dad12f9a7f0b3e4b0ce3b75d60d6152cb04c633dc65a40e4c68c86e8
bethgelab-100048,ornith_corrected,9,10,0,0.2930587329901755,293ec08f5f4636c6693e5675c2330f75e1c4b8b92c9b7f396e63445b32f3f306
bethgelab-100048,qwen38_raw,9,10,0,0.2814890719600953,5566c4beab58b8113eac74634cd8c65ead61d520c7ad0583b026ebd516487796
bethgelab-100048,qwen38_corrected,9,10,0,0.21127854497171938,5566c4beab58b8113eac74634cd8c65ead61d520c7ad0583b026ebd516487796
bethgelab-100048,ornith35_raw,10,10,0,0.3654538920382038,8b647411cd7db6ccd1e1ef96057aa3d88d7c53ca9ac8f6a47b5440d7560fbf54
bethgelab-100048,ornith35_corrected,10,10,0,0.3127317699836567,d376d17efa03e8f4e002e59c314ff0a7fd58e3c1cf19973f6c62b103428c14f0
bethgelab-100002,no_context,6,10,0,0.16465325094759464,e3b0c44298fc1c149afbf4c8996fb92427ae41e4649b934ca495991b7852b855
bethgelab-100002,original,10,10,0,0.3700094809755683,9cfd749620877169e7af30ce0e929738eab4d6b0c917acbbc6b9983017bb5044
bethgelab-100002,summary,9,10,0,0.3151113890344277,58d4d46c877bb620eea80d6265b16792e5407a514a018ae698b825523d01f59b
bethgelab-100002,qwen38_reference,9,10,0,0.255244339001365,d70e1be8c370584afaaf6801167b5ec402c955b03af6e8fd7fc7331edc24f026
bethgelab-100002,ornith_raw,10,10,0,0.5678128649597056,470a039160920b974a8884b45093feb293a0d063d339b428c04355732e8221df
bethgelab-100002,ornith_corrected,10,10,0,0.29908117500599474,efde489eee44d9b97a9af6b0a135d6dbcc5c64bc21b68872b6607bf1d1f78562
bethgelab-100002,qwen38_raw,8,10,0,0.2556470819981769,219d474ce12b675eddac301f93754b93220bfeacedfcb944d4d8fb96adfe17de
bethgelab-100002,qwen38_corrected,9,10,0,0.20195728697581217,219d474ce12b675eddac301f93754b93220bfeacedfcb944d4d8fb96adfe17de
bethgelab-100002,ornith35_raw,10,10,0,0.3215872579603456,25c71ed9f8abedb1c8e02721ced8616fbe831327e7ebe32eeadd4ff0d21161ca
bethgelab-100002,ornith35_corrected,10,10,0,0.28109175397548825,b04ec3bbde3be88f7c329c424c9d2325802a02d0a83937a4869adb16bb90a029
bethgelab-100001,no_context,6,10,0,0.183892200991977,e3b0c44298fc1c149afbf4c8996fb92427ae41e4649b934ca495991b7852b855
bethgelab-100001,original,10,10,0,0.5761768930242397,1dad06f32bca0d6bab2e043a9a5f11a944b26effd7412130afeace3d9f30574c
bethgelab-100001,summary,8,10,0,0.3658284100238234,27a9e969a0046f86ee68e7ea12ac2bc2d259420d8e0de51285f5b4362afa4f2c
bethgelab-100001,qwen38_reference,9,10,0,0.27722013200400397,5adf280d29b679c0d2acea4caac48a6df56eec88dc36998289da4bfcebc2d916
bethgelab-100001,ornith_raw,10,10,0,0.3626622960437089,2cde4eb20981c91de134c507f1bcea3f8d398487dcd856f398c21e629ac37249
bethgelab-100001,ornith_corrected,10,10,0,0.3116466890205629,460d64e0ce6d85c5f60ea8afa00c7317286eb9e302d2ade1fe579286aac9ded8
bethgelab-100001,qwen38_raw,8,10,0,0.2889874200336635,5ce2fc578e51b8da9b0f150921df6313c7ee8e85fd9f8894b49a2d54c48353fd
bethgelab-100001,qwen38_corrected,9,10,0,0.23702546395361423,5ce2fc578e51b8da9b0f150921df6313c7ee8e85fd9f8894b49a2d54c48353fd
bethgelab-100001,ornith35_raw,10,10,0,0.6131533890147693,12db4fc1d80704411cf098d9090a8f0d36f4ca1c2e8f3b4e499b246fc043e7ad
bethgelab-100001,ornith35_corrected,10,10,0,0.7418187099974602,12db4fc1d80704411cf098d9090a8f0d36f4ca1c2e8f3b4e499b246fc043e7ad
bethgelab-100003,no_context,8,10,0,1.501154850993771,e3b0c44298fc1c149afbf4c8996fb92427ae41e4649b934ca495991b7852b855
bethgelab-100003,original,10,10,0,0.5277800189796835,191f8cffbe90985061b6946db049ff8f556f014bb0268187a365732f60fc01eb
bethgelab-100003,summary,10,10,0,0.38877912901807576,5665b7ce5aaef6a8f3bd19843cbeb299cd4e665db84e6fdf4d004e5d3d1f86ec
bethgelab-100003,qwen38_reference,10,10,0,0.30015136196743697,2e654a93f10b4d7f2c11a18f1f5736d4929704382835a19f930438a1b779877b
bethgelab-100003,qwen38_raw,10,10,0,0.27812712197192013,3f7542baeda98a5ad8e2bbbc1c74803c005304b9d26cbfea701152f66990f98e
bethgelab-100003,qwen38_corrected,10,10,0,0.20827092399122193,3f7542baeda98a5ad8e2bbbc1c74803c005304b9d26cbfea701152f66990f98e
bethgelab-100003,ornith_raw,10,10,0,0.5130561520345509,2da26f6f15a18da4d9774558eb6ce31c57f398f43b706939653944e7b909cfe9
bethgelab-100003,ornith_corrected,10,10,0,0.4035896509885788,b19ada7c850bb3cf4644ad2ff9e882f4a65b22013d22133c3413e2cfda930f85
bethgelab-100003,ornith35_raw,10,10,0,0.37738130195066333,d91d7d85a0467f45a421896c6e36b99cc99d6d0fc9e045ee2513440b881e92ed
bethgelab-100003,ornith35_corrected,10,10,0,0.2988764820038341,9dee3569d810ad7eb892ce851279db69c436460771f04815cdaf6b6ee20dd29f
bethgelab-100040,no_context,8,10,0,0.18163221498252824,e3b0c44298fc1c149afbf4c8996fb92427ae41e4649b934ca495991b7852b855
bethgelab-100040,original,10,10,0,0.4113746199873276,baacd8ccf76122818d147f4282a2a0720bbbbe1b1352bdfd10d8d2a97abbf7f0
bethgelab-100040,summary,10,10,0,0.36618334701051936,be73bf8922f0a3b4e213a596e60996655e220322b20cdcbb88cb64a857606ede
bethgelab-100040,qwen38_reference,10,10,0,0.2430901129846461,2d7b8f4203350590229bd3de2653c6703963b3e8c955c1c75d8caef2d6d9d4a1
bethgelab-100040,ornith_raw,10,10,0,0.42989681800827384,e6815802377e226db45df59b5040b5a08eb005854664f5df4786e812601378bf
bethgelab-100040,ornith_corrected,10,10,0,0.3359462439548224,f0c599a02263dc656f94b9dcd5eb62ffe02e3ed0fd6e41c08b6bcf89c37c1761
bethgelab-100040,qwen38_raw,10,10,0,0.23932768998201936,6832da405f85db292649d401e122e83db6f8f8ddf998f5dce23d474018043720
bethgelab-100040,qwen38_corrected,10,10,0,0.22599284903844818,8e63ca156461445aa2ecf188ff76e72e55768cb6313b14035b15e5d6b2c81536
bethgelab-100040,ornith35_raw,10,10,0,0.4314217320061289,289d905e80cb398b4748c06f1c47a915a5c029c5faa870c4a157cf493154de5a
bethgelab-100040,ornith35_corrected,10,10,0,0.4363548590335995,90a1d1d19b5298a0713fa32d6c092e0c07f7ca59da45407c7d1a20df7c91b343
bethgelab-100027,no_context,6,10,0,2.3578808029997163,e3b0c44298fc1c149afbf4c8996fb92427ae41e4649b934ca495991b7852b855
bethgelab-100027,original,10,10,0,0.36543952097417787,d0a94ffc1733d8e398e0d039e28cff7e4b6cb5d0c12246b1bea4712d3ea0c6ac
bethgelab-100027,summary,10,10,0,0.3019962859689258,c96adef273f1cf98fae83a8b2eb63e919e919d69807005d5e53980f85e10d4ff
bethgelab-100027,qwen38_reference,10,10,0,0.24881835299311206,04e6d295dd1451afb572f07ca228393793972db2afd30cd86921eb99c6d19e80
bethgelab-100027,ornith_raw,10,10,0,0.33691950503271073,ff5eb1424ae7b6929a28221371b2231f1beb7c3a03322452b654f9d9a207c93d
bethgelab-100027,ornith_corrected,10,10,0,0.34286124497884884,3b264b48142f9d076580fa2fc5c109f0b1fdc9d901b53e8557ef6b8d8c9f014e
bethgelab-100027,qwen38_raw,10,10,0,0.24515685602091253,da813934df1acb4a25801072668f258d170e464f14d79520d1155de931e0c40e
bethgelab-100027,qwen38_corrected,10,10,0,0.1954633360146545,da813934df1acb4a25801072668f258d170e464f14d79520d1155de931e0c40e
bethgelab-100027,ornith35_raw,10,10,0,0.2522469569812529,d8d465cfaa3bff60a2868e9c84ff6c1181ef84b0c7fa694200ace7f654842d20
bethgelab-100027,ornith35_corrected,10,10,0,0.18583695904817432,d8d465cfaa3bff60a2868e9c84ff6c1181ef84b0c7fa694200ace7f654842d20
bethgelab-100026,no_context,6,10,0,0.7327628150233068,e3b0c44298fc1c149afbf4c8996fb92427ae41e4649b934ca495991b7852b855
bethgelab-100026,original,10,10,0,0.503381680988241,76809edc3a81a1b01bf93be36eb56d891fdab656023bbf75ddf1a39e60d592f2
bethgelab-100026,summary,8,10,0,0.8926523830159567,c0665bb6c37c41e849ff7ba8500f276a39a4afd4c7e1c788f6e487bbb2834b78
bethgelab-100026,qwen38_reference,10,10,0,0.3548346099560149,16c8e4bcd11d3119fe910df925a3edf39d8b91df43aa17155a989205895cfaf5
bethgelab-100026,ornith_raw,10,10,0,0.4546842030249536,0223906525ab235fe62836233d8ced3cf46f1eebbb13d0d91dad4effe9eb60a6
bethgelab-100026,ornith_corrected,10,10,0,0.37823351100087166,61f4259f77248b91180185f971d425730fe8b97ba11180228ea6c6be9d9a470a
bethgelab-100026,qwen38_raw,9,10,0,0.2789154900237918,49d44f36ff5d7163634333ce92ac085c2c36131140794c4918c1f9d7a8e40f4c
bethgelab-100026,qwen38_corrected,9,10,0,0.21215615898836404,49d44f36ff5d7163634333ce92ac085c2c36131140794c4918c1f9d7a8e40f4c
bethgelab-100026,ornith35_raw,9,10,0,0.2768519530072808,32f15c9c259930f23c66b49bcee7e73bff8158e667731a1b9b4852035c384bb6
bethgelab-100026,ornith35_corrected,9,10,0,0.24858257599407807,2b0bdb65a7dfb219fe72ee016ce55e8933162d280c5cb480f970dba6c1748099
bethgelab-100015,no_context,6,10,0,0.17506527103250846,e3b0c44298fc1c149afbf4c8996fb92427ae41e4649b934ca495991b7852b855
bethgelab-100015,original,9,10,0,0.5613264000276104,b2c521e823368d1812a8d64440899ae15551afa85a6d1109d734898ee3b5a08f
bethgelab-100015,summary,9,10,0,0.41193435300374404,1d9c213639189db4bf14802118c8ea85cc148f8fbecc2e8dd3adbc6678583874
bethgelab-100015,qwen38_reference,7,10,0,0.27218179899500683,50caeebb0339ef472f37fc58203ff7b1bb6fe3138ad89fcba33d6e8712769e4d
bethgelab-100015,ornith_raw,9,10,0,0.3671970239956863,c684aa771ddc6bd7c583ce5d720d6621a059b3ae8fc5d4e9d291e5184397c9d8
bethgelab-100015,ornith_corrected,9,10,0,0.3052296940004453,98b820e12e4256fc1c7be0f17d3a414ac37722a4cf05bbaa2ad3aab48d05a002
bethgelab-100015,qwen38_raw,8,10,0,0.28346874500857666,8832ec6be3a74c6307bd986cd9fce9cc0ee7dd7f979865a4e947a76fa3e8d895
bethgelab-100015,qwen38_corrected,8,10,0,0.1910992930061184,8832ec6be3a74c6307bd986cd9fce9cc0ee7dd7f979865a4e947a76fa3e8d895
bethgelab-100015,ornith35_raw,8,10,0,0.2816322169965133,4395720e859fc996db422c755e89291e6d8ae009aca2655a99df66f815d345df
bethgelab-100015,ornith35_corrected,8,10,0,0.21750976203475147,4395720e859fc996db422c755e89291e6d8ae009aca2655a99df66f815d345df
bethgelab-200048,no_context,3,10,0,0.18445222300942987,e3b0c44298fc1c149afbf4c8996fb92427ae41e4649b934ca495991b7852b855
bethgelab-200048,original,9,10,0,0.44686109299072996,868744c1a1f5d91dd97bfb5ee1697b8b7bfdd53298d0e513d7c45b76472ec6d7
bethgelab-200048,summary,8,10,0,0.33449731301516294,ecc1c9e094d704ac977c729b46cca66cff016e0e3b8638aa0588de923093ad32
bethgelab-200048,qwen38_reference,9,10,0,0.30633831303566694,4e5b556b7c400e5e04bc05c67dc9bb2624f9b95dd1725e0d2fd107569c092919
bethgelab-200048,qwen38_raw,7,10,0,0.296072369965259,a9420cace4ca946bab7786031db8bf13ef24a9c4f2068b23e29a96d05b6af2bc
bethgelab-200048,qwen38_corrected,7,10,0,0.2438265789533034,a9420cace4ca946bab7786031db8bf13ef24a9c4f2068b23e29a96d05b6af2bc
bethgelab-200048,ornith_raw,9,10,0,0.4814398090238683,fac089d7332c020915b993f7215a258f67fcbceed4692c5208412cc1cdb8c5a6
bethgelab-200048,ornith_corrected,9,10,0,0.4223660849966109,a677d6c9b8480519420eaf9197c4f91beeeec7ca25cae4437198bdebdc360c00
bethgelab-200048,ornith35_raw,9,10,0,0.29427845298778266,17fca08f57ae1833633cdf8d9519fe74e2d5e77af604807934776607bace3f3a
bethgelab-200048,ornith35_corrected,9,10,0,0.25167199200950563,6047d7708f5602059e2821b50d9cd99a9c469382f4b48418de986e51896c1ef9
bethgelab-200024,no_context,6,10,0,0.1738099040230736,e3b0c44298fc1c149afbf4c8996fb92427ae41e4649b934ca495991b7852b855
bethgelab-200024,original,10,10,0,0.4299838250153698,88a116c99d1eea1a867a05ba40ecabf52cfe821203f2034181a21d74d59d63c8
bethgelab-200024,summary,9,10,0,0.358424203004688,9cb0123feda9b3c14ebd77683c4bb4e481a87238dbfd68e5562e518e3b7e5ca4
bethgelab-200024,qwen38_reference,10,10,0,0.2631603110348806,336715eef7818b5f1d0565a62becdcc9d69403867089a9af621611eefba14f42
bethgelab-200024,ornith_raw,10,10,0,0.3759861310245469,db7fc89e7b4a0db92d7f61d69c5107f79fb2eb48d5ac477cbce48c49114fcdda
bethgelab-200024,ornith_corrected,10,10,0,0.31531336897751316,d0e8ef4bc55f91e2d8bd72fdbe19b3a1fa19dcf1e48a40ac0367b615f82d24fa
bethgelab-200024,qwen38_raw,10,10,0,0.2825053079868667,ecedeffbd53aae2c95473b60f8a551471be4d3ab34ad968bdf66a699199486ec
bethgelab-200024,qwen38_corrected,10,10,0,0.22850959899369627,ecedeffbd53aae2c95473b60f8a551471be4d3ab34ad968bdf66a699199486ec
bethgelab-200024,ornith35_raw,10,10,0,0.25986259599449113,aac158e7dd2a17ccb4c26bbff69df3830e441925f6eea8c094e9ebffd8a52c9b
bethgelab-200024,ornith35_corrected,10,10,0,0.1948117400170304,aac158e7dd2a17ccb4c26bbff69df3830e441925f6eea8c094e9ebffd8a52c9b
bethgelab-200047,no_context,1,10,0,0.1748045719577931,e3b0c44298fc1c149afbf4c8996fb92427ae41e4649b934ca495991b7852b855
bethgelab-200047,original,10,10,0,0.5073806750006042,f4bd42a8da057cea05f258f7ffd5ed924b47d6381a7e6b2b4a5a5795c6c9aaba
bethgelab-200047,summary,9,10,0,0.34340651298407465,0d73492c962f326873aa7b65209b7f83c9191826d1e528e7e6c6de4ce98cfc15
bethgelab-200047,qwen38_reference,10,10,0,0.2890030039707199,4ccad3b8b606c5cb28395cb8ec1cb28e80d9642826d74c5db3cc71e2fc14fb4d
bethgelab-200047,ornith_raw,10,10,0,0.39725620904937387,071264d31e0f8d1cfa04ddabca9dec6beeea03b51d4a1a37e64e26a11a25bc28
bethgelab-200047,ornith_corrected,10,10,0,0.37847747397609055,953292831520045b88fe6b9bc8669e82c1a5895e61be9bcbeb8f6ef97d7f1856
bethgelab-200047,qwen38_raw,10,10,0,0.33527348894858733,e30f19c006cbf20596be352a0b8d094bd9dc253d1edaa4a26f14b4957636df8c
bethgelab-200047,qwen38_corrected,10,10,0,0.3145482949912548,b41832cfb62eefe2b737dca83ebbd2ce92612b571b86ecf4888bdbb4d832e6cd
bethgelab-200047,ornith35_raw,8,10,0,0.2918288329965435,1ce9c2016c6492b20a2f94938d50d78214a8c4b89b4f0900e7f8e87520f832f6
bethgelab-200047,ornith35_corrected,8,10,0,0.27073062397539616,7d8f7b3687e619474eb6e781393a60909f09957e1d661624a1d55218f966051b
bethgelab-200042,no_context,6,10,0,0.18403866200242192,e3b0c44298fc1c149afbf4c8996fb92427ae41e4649b934ca495991b7852b855
bethgelab-200042,original,10,10,0,0.37873231701087207,a995598c9dc8909ce7b487753c1ee613113c93393e7f9297e629c21751490704
bethgelab-200042,summary,6,10,0,0.3651052879868075,84b9f1c34728cd07871abc17434090e1583671c245e4c51f8ebec93e238176c1
bethgelab-200042,qwen38_reference,9,10,0,0.3029056760133244,abb9b9183f00db5c8b4ee607b5e9c72dbae7b5701064975c71bdea720975ff3a
bethgelab-200042,qwen38_raw,9,10,0,0.3048694459721446,6e7d5dd77e44eff6d500098f3901744c5da99ec12275434cdc6c77b095265dfa
bethgelab-200042,qwen38_corrected,9,10,0,0.27260345401009545,6c8e5d2fb08d0b63fe39cbaa482c9930d9dccae375a06ca9d08757b5087e6174
bethgelab-200042,ornith_raw,10,10,0,0.34033757500583306,2ea3717f0976f2be741648e9c596cbc6dad839218be32401607d260535c890c1
bethgelab-200042,ornith_corrected,10,10,0,0.29903198301326483,af2d9009aa79345a386cad7441e0312294fd27416b2a36f62f5c98f1816ee53c
bethgelab-200042,ornith35_raw,10,10,0,0.2703428550157696,0a5a162d5fd0834867c2c88b1fcc38b1d593184437e69bca37a309c12fc0e138
bethgelab-200042,ornith35_corrected,10,10,0,0.22776375303510576,10852f25390ab0284a407ea99bf87a5edc6b9c93bd10ea31610954a52ee10a58
bethgelab-200004,no_context,6,10,0,0.16455258103087544,e3b0c44298fc1c149afbf4c8996fb92427ae41e4649b934ca495991b7852b855
bethgelab-200004,original,9,10,0,1.023742260003928,d7535eed5d733ab833691ced999c404380d4967457d1ed8b9198f1296b8dab6f
bethgelab-200004,summary,7,10,0,0.34482197498437017,8a92e6f82531291a2ddb3dd7a8af7e79177e424ac202d0ea0b18b39977dbe2cb
bethgelab-200004,qwen38_reference,8,10,0,0.24672341701807454,e355d6fb51400521af35e15113296215920875f689e6d634d1f6883ab8165e66
bethgelab-200004,ornith_raw,9,10,0,0.3635881669470109,fa513d40af8d864e44cc0701dc92180068286c9a1a51f32286bc2dc59a9df87d
bethgelab-200004,ornith_corrected,9,10,0,0.2900261200265959,45cf109bb768975c868abec0fd83fd535ae144175c88a21c29cc5bbe551871bf
bethgelab-200004,qwen38_raw,8,10,0,0.5657904730178416,6b7e8cc5122b074ccf133b7b94f1e2ba009e05b5489dbf60bee32bab0869a85c
bethgelab-200004,qwen38_corrected,8,10,0,0.19293154502520338,6b7e8cc5122b074ccf133b7b94f1e2ba009e05b5489dbf60bee32bab0869a85c
bethgelab-200004,ornith35_raw,9,10,0,0.27526141999987885,c64cbf1916c9f27fcc67b06aa28ca65260d221a4c1a06ad052c45b2986ea25b0
bethgelab-200004,ornith35_corrected,9,10,0,0.25920772698009387,98fc663060748f58460307a2d683ce2a9a1eabff93edae9e79b55217b698c5bb
bethgelab-200021,no_context,7,10,0,0.18066279299091548,e3b0c44298fc1c149afbf4c8996fb92427ae41e4649b934ca495991b7852b855
bethgelab-200021,original,10,10,0,0.5384687680052593,aa7c3ced0095dfd12cb4e186f48684b79bc4bba351a31f42602b16e434d00d21
bethgelab-200021,summary,10,10,0,0.3551099000032991,923f4cb0ca3df57ff0676e98d511601688303171faee2f43ac703a6e4b3b8981
bethgelab-200021,qwen38_reference,10,10,0,0.3020703319925815,8bd91fd54bb418de2c4878dfd0715bdaca65f9e7b2f82fd14911e6bf503ca14b
bethgelab-200021,ornith_raw,9,10,0,0.33201089600333944,385a363f681a019a7d08c1b6bec0155e5fe70d92122dca6701333902fdd14ec5
bethgelab-200021,ornith_corrected,8,10,0,0.21871222305344418,13eca1d8985d90aa0506b2808591dd08e27b2adfb686f7f21c3fcfa08e519a2b
bethgelab-200021,qwen38_raw,10,10,0,0.31175119802355766,33269818ea27679ad979d0d40950b9aadb878309a32ed7d5644cf505943ac6c8
bethgelab-200021,qwen38_corrected,10,10,0,0.2310474049882032,33269818ea27679ad979d0d40950b9aadb878309a32ed7d5644cf505943ac6c8
bethgelab-200021,ornith35_raw,10,10,0,0.2906673499965109,52369510031d856769626924845e64fbf095fe840f37971b732c480f32b89431
bethgelab-200021,ornith35_corrected,10,10,0,0.23561279400018975,45b37f799c58664acb9aafa1d82417ab12f453a5ce06a356498a156494f56126
bethgelab-200016,no_context,4,10,0,0.16843234602129087,e3b0c44298fc1c149afbf4c8996fb92427ae41e4649b934ca495991b7852b855
bethgelab-200016,original,10,10,0,0.5000081470352598,218b16eeb02da5827f5c0724d2d42f966ee250105fe6b2da4daabaee84f52ef5
bethgelab-200016,summary,10,10,0,0.32358188001671806,56bfc45a428effbbc6b7235bc00f39dad14677b37805ca311a447061fa3c8340
bethgelab-200016,qwen38_reference,10,10,0,0.24496543599525467,316a0d57de1599aec35ee7d878f4891b91a86d354379cfd02c1ff25ec0869297
bethgelab-200016,ornith_raw,10,10,0,0.3235810470068827,cd13edb15f193222f6c5b1ecacdafd71f092756d01a0810688fc362ad0b6eb8a
bethgelab-200016,ornith_corrected,9,10,0,0.2712058810284361,a268a6b34f321d45e3346ce635879778126551aae478de0d7bc82c640b0a33c4
bethgelab-200016,qwen38_raw,10,10,0,0.2707190120127052,c1037915610bb8775f2617bb2c0611d61087b1fb35a3e73c5ee6f7088cc726aa
bethgelab-200016,qwen38_corrected,10,10,0,0.19197796302614734,c1037915610bb8775f2617bb2c0611d61087b1fb35a3e73c5ee6f7088cc726aa
bethgelab-200016,ornith35_raw,10,10,0,0.2886493399855681,6dc18a30ba12fbb49a1c17c60752a84ca805f1cc99431f0f3318be7a6c13f98f
bethgelab-200016,ornith35_corrected,10,10,0,0.2378154419711791,921ce989cb5c06eb5c0571de7921071e80a55843b913915b6eaa7ab776e3bd5e
bethgelab-200019,no_context,5,10,0,0.16819132602540776,e3b0c44298fc1c149afbf4c8996fb92427ae41e4649b934ca495991b7852b855
bethgelab-200019,original,10,10,0,0.4981530789518729,e049827f21769b52fbc4a147774761c10e8dbacc20474376debb2a0a64b649d5
bethgelab-200019,summary,9,10,0,0.829469558026176,942f7a9f372f4ad476e3246425b5ff8e5f93391a71103ff6bfe784b4e2c24b60
bethgelab-200019,qwen38_reference,10,10,0,0.23499388800701126,582457ac804c5dce83bdf687ea3efbe43c002ab56ab221073f2c658dbfeb6340
bethgelab-200019,ornith_raw,10,10,0,0.5125357739743777,c70401e69b64699c203941a90b4c0a52cbd0d437e9caf2be03f9299a422e2771
bethgelab-200019,ornith_corrected,10,10,0,0.440105002024211,276d8050ef32f640d076369601bee823f60e678b9eeb0e4a923581cfd99428a9
bethgelab-200019,qwen38_raw,10,10,0,0.28504020295804366,f6938ac97baa99a24eb8cfe42683fa26eb35ee3f30c5505d466dfba7cf31a3a9
bethgelab-200019,qwen38_corrected,10,10,0,0.2694644749863073,f6938ac97baa99a24eb8cfe42683fa26eb35ee3f30c5505d466dfba7cf31a3a9
bethgelab-200019,ornith35_raw,10,10,0,0.25816720200236887,486e602fa3bedd2fadd4b41c669a16a1341ec2a3c33da9a6109d926a82981fe2
bethgelab-200019,ornith35_corrected,10,10,0,0.26744233001954854,218d2ffd069a6dc944e3a69ee87e9addbe6020891a0d85ec5b08be3c05edb406
