condition,document_id,source_sha256,narrative_longest,narrative_coverage_6plus,narrative_coverage_7plus,evidence_longest,evidence_fragments_over_five_words,location
Qwen27 / raw generator training target,arxiv-new_00338-1007,87619e52c79130cda96e462b73e69574a356f62faff3ff9554a6b5a461506807,17,0.16228606356968214,0.10910757946210269,5,0,/e/fscratch/reformo/schuhmann1/scientific-distillation-865-20261004/release/data/train.jsonl:1
Qwen27 / validated corrected final (separate view),arxiv-new_00338-1007,87619e52c79130cda96e462b73e69574a356f62faff3ff9554a6b5a461506807,17,0.15888417222559126,0.10794420861127957,5,0,/e/fscratch/reformo/schuhmann1/scientific-distillation-865-20261004/release/data/train.jsonl:1
Qwen27 / raw generator training target,arxiv-new_00338-1013,b6c42d40c5311e341fff45836af80f08778fd972f33d1fc3643704f8efdcc35a,15,0.1246684350132626,0.09184350132625994,6,4,/e/fscratch/reformo/schuhmann1/scientific-distillation-865-20261004/release/data/train.jsonl:2
Qwen27 / validated corrected final (separate view),arxiv-new_00338-1013,b6c42d40c5311e341fff45836af80f08778fd972f33d1fc3643704f8efdcc35a,15,0.13314624259432492,0.10040536326785157,5,0,/e/fscratch/reformo/schuhmann1/scientific-distillation-865-20261004/release/data/train.jsonl:2
Qwen27 / raw generator training target,arxiv-new_00338-1036,6f1f62769672effc4b17dbab92ee0a6f1b9b543d5522eb1321e28a5a274e11ef,17,0.20639789658194566,0.17791411042944785,6,1,/e/fscratch/reformo/schuhmann1/scientific-distillation-865-20261004/release/data/train.jsonl:3
Qwen27 / validated corrected final (separate view),arxiv-new_00338-1036,6f1f62769672effc4b17dbab92ee0a6f1b9b543d5522eb1321e28a5a274e11ef,17,0.20683610867659946,0.18054338299737072,5,0,/e/fscratch/reformo/schuhmann1/scientific-distillation-865-20261004/release/data/train.jsonl:3
Qwen27 / raw generator training target,arxiv-new_00338-1047,039796b244c66e6ed8399b7425c86406ece8692cbf4200805df3fd21e6daa4b0,14,0.12529663028001897,0.09112482202183199,3,0,/e/fscratch/reformo/schuhmann1/scientific-distillation-865-20261004/release/data/train.jsonl:4
Qwen27 / validated corrected final (separate view),arxiv-new_00338-1047,039796b244c66e6ed8399b7425c86406ece8692cbf4200805df3fd21e6daa4b0,14,0.1290909090909091,0.09909090909090909,4,0,/e/fscratch/reformo/schuhmann1/scientific-distillation-865-20261004/release/data/train.jsonl:4
Qwen27 / raw generator training target,arxiv-new_00338-1048,96463c36e8d6c5003612e703394d0ad352d46788d4223220fc86872e1257d3ac,28,0.20789740128248396,0.13702328720890988,5,0,/e/fscratch/reformo/schuhmann1/scientific-distillation-865-20261004/release/data/train.jsonl:5
Qwen27 / validated corrected final (separate view),arxiv-new_00338-1048,96463c36e8d6c5003612e703394d0ad352d46788d4223220fc86872e1257d3ac,28,0.20883534136546184,0.14056224899598393,5,0,/e/fscratch/reformo/schuhmann1/scientific-distillation-865-20261004/release/data/train.jsonl:5
Qwen27 / raw generator training target,arxiv-new_00338-1052,777ff73e7a6b764872b248cf261ca24aadab7878f6f909dc64a8a5f56a965c90,14,0.09652665589660743,0.0747172859450727,6,3,/e/fscratch/reformo/schuhmann1/scientific-distillation-865-20261004/release/data/train.jsonl:6
Qwen27 / validated corrected final (separate view),arxiv-new_00338-1052,777ff73e7a6b764872b248cf261ca24aadab7878f6f909dc64a8a5f56a965c90,14,0.10898965791567224,0.08989657915672236,5,0,/e/fscratch/reformo/schuhmann1/scientific-distillation-865-20261004/release/data/train.jsonl:6
Qwen27 / raw generator training target,arxiv-new_00338-1057,fd22a635774048ac7cee5ab92aac49f65214f656cc9d006051d6bd21ad7e595c,21,0.1685185185185185,0.12407407407407407,5,0,/e/fscratch/reformo/schuhmann1/scientific-distillation-865-20261004/release/data/train.jsonl:7
Qwen27 / validated corrected final (separate view),arxiv-new_00338-1057,fd22a635774048ac7cee5ab92aac49f65214f656cc9d006051d6bd21ad7e595c,21,0.1644193127446716,0.12266202696824706,5,0,/e/fscratch/reformo/schuhmann1/scientific-distillation-865-20261004/release/data/train.jsonl:7
Qwen27 / raw generator training target,arxiv-new_00338-1071,30ae1f524eef4db00c7b500cec3380277d05b6458cc074b5232f63062caf05b7,14,0.18086172344689377,0.1538076152304609,3,0,/e/fscratch/reformo/schuhmann1/scientific-distillation-865-20261004/release/data/train.jsonl:8
Qwen27 / validated corrected final (separate view),arxiv-new_00338-1071,30ae1f524eef4db00c7b500cec3380277d05b6458cc074b5232f63062caf05b7,14,0.16412371134020617,0.14185567010309277,3,0,/e/fscratch/reformo/schuhmann1/scientific-distillation-865-20261004/release/data/train.jsonl:8
Qwen27 / raw generator training target,arxiv-new_00338-1082,8d7bcbf62525761aad4a94610aeac90821eb4660f7017f9bc55d21d5198174d7,18,0.19380780056292723,0.14796944109368718,5,0,/e/fscratch/reformo/schuhmann1/scientific-distillation-865-20261004/release/data/train.jsonl:9
Qwen27 / validated corrected final (separate view),arxiv-new_00338-1082,8d7bcbf62525761aad4a94610aeac90821eb4660f7017f9bc55d21d5198174d7,18,0.1863103953147877,0.1445827232796486,5,0,/e/fscratch/reformo/schuhmann1/scientific-distillation-865-20261004/release/data/train.jsonl:9
Qwen27 / raw generator training target,arxiv-new_00338-11,895383f513f4aec1f1f24bda418143be11c6871f0e785ac88baa864f53990e9c,19,0.2758329818641923,0.22775200337410376,5,0,/e/fscratch/reformo/schuhmann1/scientific-distillation-865-20261004/release/data/train.jsonl:10
Qwen27 / validated corrected final (separate view),arxiv-new_00338-11,895383f513f4aec1f1f24bda418143be11c6871f0e785ac88baa864f53990e9c,19,0.2749381698268755,0.22547403132728772,5,0,/e/fscratch/reformo/schuhmann1/scientific-distillation-865-20261004/release/data/train.jsonl:10
Qwen27 / raw generator training target,arxiv-new_00338-1103,3a190469755c77d9d84ddeaa9f96e6e92d9e2e8d145bb6ea764ae29b50838879,18,0.10151187904967603,0.08336933045356372,4,0,/e/fscratch/reformo/schuhmann1/scientific-distillation-865-20261004/release/data/train.jsonl:11
Qwen27 / validated corrected final (separate view),arxiv-new_00338-1103,3a190469755c77d9d84ddeaa9f96e6e92d9e2e8d145bb6ea764ae29b50838879,18,0.10426929392446634,0.08210180623973727,4,0,/e/fscratch/reformo/schuhmann1/scientific-distillation-865-20261004/release/data/train.jsonl:11
Qwen27 / raw generator training target,arxiv-new_00338-1108,80863bc5e892cb4c73e3fe07c20199fdd7536f9abca6a63cd72ca07c375ff3ca,12,0.08903544929925804,0.04699093157460841,4,0,/e/fscratch/reformo/schuhmann1/scientific-distillation-865-20261004/release/data/train.jsonl:12
Qwen27 / validated corrected final (separate view),arxiv-new_00338-1108,80863bc5e892cb4c73e3fe07c20199fdd7536f9abca6a63cd72ca07c375ff3ca,12,0.09359970403255642,0.049204587495375506,4,0,/e/fscratch/reformo/schuhmann1/scientific-distillation-865-20261004/release/data/train.jsonl:12
Qwen27 / raw generator training target,arxiv-new_00338-1125,2a8c51891bca8bd137db0e43ad49e584a46208557957f905d74b917fb6208e5e,15,0.13361884368308352,0.09464668094218416,4,0,/e/fscratch/reformo/schuhmann1/scientific-distillation-865-20261004/release/data/train.jsonl:13
Qwen27 / validated corrected final (separate view),arxiv-new_00338-1125,2a8c51891bca8bd137db0e43ad49e584a46208557957f905d74b917fb6208e5e,15,0.13237165888841748,0.09376325837929571,4,0,/e/fscratch/reformo/schuhmann1/scientific-distillation-865-20261004/release/data/train.jsonl:13
Qwen27 / raw generator training target,arxiv-new_00338-1130,762bc826a903f224dee76d91118855a1132f7a60c50800f1f4ee83d5c5716330,16,0.07059253840526701,0.04645208485735187,4,0,/e/fscratch/reformo/schuhmann1/scientific-distillation-865-20261004/release/data/train.jsonl:14
Qwen27 / validated corrected final (separate view),arxiv-new_00338-1130,762bc826a903f224dee76d91118855a1132f7a60c50800f1f4ee83d5c5716330,11,0.06016042780748663,0.03609625668449198,4,0,/e/fscratch/reformo/schuhmann1/scientific-distillation-865-20261004/release/data/train.jsonl:14
Qwen27 / raw generator training target,arxiv-new_00338-1132,86b918f45527f14649c1c3034fd25cb7c0445fbc77d21dfa0752b316fd39761e,25,0.15466351829988192,0.09287682014954743,3,0,/e/fscratch/reformo/schuhmann1/scientific-distillation-865-20261004/release/data/train.jsonl:15
Qwen27 / validated corrected final (separate view),arxiv-new_00338-1132,86b918f45527f14649c1c3034fd25cb7c0445fbc77d21dfa0752b316fd39761e,25,0.14652956298200515,0.0866691149467499,3,0,/e/fscratch/reformo/schuhmann1/scientific-distillation-865-20261004/release/data/train.jsonl:15
Qwen27 / raw generator training target,arxiv-new_00338-1133,3c74d1bfcbe9a53d0f3a32d4119a590106526b638315658db3c840be96c00aec,15,0.11470985155195682,0.09244264507422402,5,0,/e/fscratch/reformo/schuhmann1/scientific-distillation-865-20261004/release/data/train.jsonl:16
Qwen27 / validated corrected final (separate view),arxiv-new_00338-1133,3c74d1bfcbe9a53d0f3a32d4119a590106526b638315658db3c840be96c00aec,15,0.10896420652518214,0.08995882166613874,5,0,/e/fscratch/reformo/schuhmann1/scientific-distillation-865-20261004/release/data/train.jsonl:16
Qwen27 / raw generator training target,arxiv-new_00338-1155,25c7786f3a8e326bbd9d08ae87c04cdc4e1f151ddba028490ef9fd11fb02196a,25,0.125366568914956,0.0967741935483871,4,0,/e/fscratch/reformo/schuhmann1/scientific-distillation-865-20261004/release/data/train.jsonl:17
Qwen27 / validated corrected final (separate view),arxiv-new_00338-1155,25c7786f3a8e326bbd9d08ae87c04cdc4e1f151ddba028490ef9fd11fb02196a,25,0.1247713135748262,0.09403585803146725,4,0,/e/fscratch/reformo/schuhmann1/scientific-distillation-865-20261004/release/data/train.jsonl:17
Qwen27 / raw generator training target,arxiv-new_00338-1175,7d891e6a51e34c4bb95f486ee0a95613a28f34db7a0732db4cfbb20e6e763da2,18,0.12812960235640647,0.11045655375552282,5,0,/e/fscratch/reformo/schuhmann1/scientific-distillation-865-20261004/release/data/train.jsonl:18
Qwen27 / validated corrected final (separate view),arxiv-new_00338-1175,7d891e6a51e34c4bb95f486ee0a95613a28f34db7a0732db4cfbb20e6e763da2,18,0.14522635589421784,0.1264007171671896,5,0,/e/fscratch/reformo/schuhmann1/scientific-distillation-865-20261004/release/data/train.jsonl:18
Qwen27 / raw generator training target,arxiv-new_00338-1193,559aec61cf298d535ec7061777c8ac787510cf54382ac05a3cd5dd039ba54f7f,17,0.22553017944535073,0.15089722675367048,6,2,/e/fscratch/reformo/schuhmann1/scientific-distillation-865-20261004/release/data/train.jsonl:19
Qwen27 / validated corrected final (separate view),arxiv-new_00338-1193,559aec61cf298d535ec7061777c8ac787510cf54382ac05a3cd5dd039ba54f7f,17,0.22285281876655316,0.15361331819901627,5,0,/e/fscratch/reformo/schuhmann1/scientific-distillation-865-20261004/release/data/train.jsonl:19
Qwen27 / raw generator training target,arxiv-new_00338-1200,c75d209904e0b6dfcc1354bd8660206205d0ee58face15cf97a54c2bfbad9232,21,0.18441773725652713,0.14877745544964774,4,0,/e/fscratch/reformo/schuhmann1/scientific-distillation-865-20261004/release/data/train.jsonl:20
Qwen27 / validated corrected final (separate view),arxiv-new_00338-1200,c75d209904e0b6dfcc1354bd8660206205d0ee58face15cf97a54c2bfbad9232,21,0.18487070629100733,0.1424160555769973,4,0,/e/fscratch/reformo/schuhmann1/scientific-distillation-865-20261004/release/data/train.jsonl:20
Qwen27 / raw generator training target,arxiv-new_00338-1210,60a8e82de5f072e79cb7290d1bcb7bea760697dd2202557dbcb487700faf13f9,21,0.17826534110387385,0.15323962975659924,5,0,/e/fscratch/reformo/schuhmann1/scientific-distillation-865-20261004/release/data/train.jsonl:21
Qwen27 / validated corrected final (separate view),arxiv-new_00338-1210,60a8e82de5f072e79cb7290d1bcb7bea760697dd2202557dbcb487700faf13f9,21,0.18608521970705727,0.16378162450066577,5,0,/e/fscratch/reformo/schuhmann1/scientific-distillation-865-20261004/release/data/train.jsonl:21
Qwen27 / raw generator training target,arxiv-new_00338-1213,880c752b02ae9189d766e6011278c8536085ab682648ba9db765568af3bc6dc0,27,0.2648456057007126,0.21021377672209027,5,0,/e/fscratch/reformo/schuhmann1/scientific-distillation-865-20261004/release/data/train.jsonl:22
Qwen27 / validated corrected final (separate view),arxiv-new_00338-1213,880c752b02ae9189d766e6011278c8536085ab682648ba9db765568af3bc6dc0,27,0.2706766917293233,0.22556390977443608,5,0,/e/fscratch/reformo/schuhmann1/scientific-distillation-865-20261004/release/data/train.jsonl:22
Qwen27 / raw generator training target,arxiv-new_00338-1224,c3830a9d524c3d83131e9381e5814f663787b3f76220b0cf43e8cb8c25f70302,12,0.10978520286396182,0.081145584725537,4,0,/e/fscratch/reformo/schuhmann1/scientific-distillation-865-20261004/release/data/train.jsonl:23
Qwen27 / validated corrected final (separate view),arxiv-new_00338-1224,c3830a9d524c3d83131e9381e5814f663787b3f76220b0cf43e8cb8c25f70302,12,0.10216546363131594,0.07551360355358135,5,0,/e/fscratch/reformo/schuhmann1/scientific-distillation-865-20261004/release/data/train.jsonl:23
Qwen27 / raw generator training target,arxiv-new_00338-1245,9a0c442727ba70dec94c814babff78756ba14200334dd3790db71e0c25cbad24,24,0.38533988533988534,0.33742833742833744,5,0,/e/fscratch/reformo/schuhmann1/scientific-distillation-865-20261004/release/data/train.jsonl:24
Qwen27 / validated corrected final (separate view),arxiv-new_00338-1245,9a0c442727ba70dec94c814babff78756ba14200334dd3790db71e0c25cbad24,24,0.3863359089060594,0.3387555917039447,5,0,/e/fscratch/reformo/schuhmann1/scientific-distillation-865-20261004/release/data/train.jsonl:24
Qwen27 / raw generator training target,arxiv-new_00338-125,0e70e35ddf10258693e883cb187260c768f9d7d44fc058a59c936acb15fb8171,21,0.08834705509816339,0.07504749841671944,5,0,/e/fscratch/reformo/schuhmann1/scientific-distillation-865-20261004/release/data/train.jsonl:25
Qwen27 / validated corrected final (separate view),arxiv-new_00338-125,0e70e35ddf10258693e883cb187260c768f9d7d44fc058a59c936acb15fb8171,21,0.08752604941947008,0.0714498362607919,5,0,/e/fscratch/reformo/schuhmann1/scientific-distillation-865-20261004/release/data/train.jsonl:25
Qwen27 / raw generator training target,arxiv-new_00338-126,c999d5a5f74c8d6b47ddfa4659424807e1afb29eb34ee47937115208b19a1c47,29,0.4069767441860465,0.3624031007751938,5,0,/e/fscratch/reformo/schuhmann1/scientific-distillation-865-20261004/release/data/train.jsonl:26
Qwen27 / validated corrected final (separate view),arxiv-new_00338-126,c999d5a5f74c8d6b47ddfa4659424807e1afb29eb34ee47937115208b19a1c47,29,0.3886238532110092,0.3486238532110092,5,0,/e/fscratch/reformo/schuhmann1/scientific-distillation-865-20261004/release/data/train.jsonl:26
Qwen27 / raw generator training target,arxiv-new_00338-1281,1d367bf272893e78f7fe4f09d23c1901a54e511344482bf3642be19557840243,10,0.061553030303030304,0.050189393939393936,5,0,/e/fscratch/reformo/schuhmann1/scientific-distillation-865-20261004/release/data/train.jsonl:27
Qwen27 / validated corrected final (separate view),arxiv-new_00338-1281,1d367bf272893e78f7fe4f09d23c1901a54e511344482bf3642be19557840243,10,0.06278855032317636,0.048938134810710986,5,0,/e/fscratch/reformo/schuhmann1/scientific-distillation-865-20261004/release/data/train.jsonl:27
Qwen27 / raw generator training target,arxiv-new_00338-1283,6dee40fbfe4f792bad27713516a1b79794b335d47c37a63fa3d8d8348591c59f,19,0.1114714227807053,0.08431293068504256,5,0,/e/fscratch/reformo/schuhmann1/scientific-distillation-865-20261004/release/data/train.jsonl:28
Qwen27 / validated corrected final (separate view),arxiv-new_00338-1283,6dee40fbfe4f792bad27713516a1b79794b335d47c37a63fa3d8d8348591c59f,19,0.1112909753136382,0.08417644678267908,5,0,/e/fscratch/reformo/schuhmann1/scientific-distillation-865-20261004/release/data/train.jsonl:28
Qwen27 / raw generator training target,arxiv-new_00338-1291,ea16a9595ce31ed1994c8d4b709caf492f136277c7eded96cb89f2c67e4f4b19,15,0.05789213260761999,0.03711034141514102,4,0,/e/fscratch/reformo/schuhmann1/scientific-distillation-865-20261004/release/data/train.jsonl:29
Qwen27 / validated corrected final (separate view),arxiv-new_00338-1291,ea16a9595ce31ed1994c8d4b709caf492f136277c7eded96cb89f2c67e4f4b19,15,0.06095325389550871,0.03895508707607699,5,0,/e/fscratch/reformo/schuhmann1/scientific-distillation-865-20261004/release/data/train.jsonl:29
Qwen27 / raw generator training target,arxiv-new_00338-1301,1bd5a6d7cea76ec84eb0009335d0319f7e04156dd548008110e18291805ec888,23,0.2073127440539581,0.154419595314164,5,0,/e/fscratch/reformo/schuhmann1/scientific-distillation-865-20261004/release/data/train.jsonl:30
Qwen27 / validated corrected final (separate view),arxiv-new_00338-1301,1bd5a6d7cea76ec84eb0009335d0319f7e04156dd548008110e18291805ec888,23,0.21160651096956828,0.15711252653927812,5,0,/e/fscratch/reformo/schuhmann1/scientific-distillation-865-20261004/release/data/train.jsonl:30
Qwen27 / raw generator training target,arxiv-new_00338-1303,653097cedfb8e4fdfa1603f93360e27e488d9129d45e4e9a528411b9b279e53f,25,0.2723701440419031,0.23264949803579224,5,5,/e/fscratch/reformo/schuhmann1/scientific-distillation-865-20261004/release/data/train.jsonl:31
Qwen27 / validated corrected final (separate view),arxiv-new_00338-1303,653097cedfb8e4fdfa1603f93360e27e488d9129d45e4e9a528411b9b279e53f,25,0.27549668874172184,0.23532008830022075,5,0,/e/fscratch/reformo/schuhmann1/scientific-distillation-865-20261004/release/data/train.jsonl:31
Qwen27 / raw generator training target,arxiv-new_00338-1336,2d5ca41c400d3ce297f1def297f5adee01c5ae96ff2750b5e8185d5b3a9af0a8,19,0.18914473684210525,0.15789473684210525,5,0,/e/fscratch/reformo/schuhmann1/scientific-distillation-865-20261004/release/data/train.jsonl:32
Qwen27 / validated corrected final (separate view),arxiv-new_00338-1336,2d5ca41c400d3ce297f1def297f5adee01c5ae96ff2750b5e8185d5b3a9af0a8,15,0.1823329558323896,0.15590788976972442,5,0,/e/fscratch/reformo/schuhmann1/scientific-distillation-865-20261004/release/data/train.jsonl:32
Qwen27 / raw generator training target,arxiv-new_00338-1337,0653df9e877a3b6f5b96257ebad5eb301c033369026659106ca80a7a1f9c4260,18,0.27228241873470815,0.20552254456483746,4,0,/e/fscratch/reformo/schuhmann1/scientific-distillation-865-20261004/release/data/train.jsonl:33
Qwen27 / validated corrected final (separate view),arxiv-new_00338-1337,0653df9e877a3b6f5b96257ebad5eb301c033369026659106ca80a7a1f9c4260,18,0.2602827763496144,0.19890745501285348,5,0,/e/fscratch/reformo/schuhmann1/scientific-distillation-865-20261004/release/data/train.jsonl:33
Qwen27 / raw generator training target,arxiv-new_00338-1354,ea5a7205270659012584c9f10135ff3a818982fdd4f56325ed6b1daf111e2423,23,0.29784735812133073,0.26927592954990215,5,1,/e/fscratch/reformo/schuhmann1/scientific-distillation-865-20261004/release/data/train.jsonl:34
Qwen27 / validated corrected final (separate view),arxiv-new_00338-1354,ea5a7205270659012584c9f10135ff3a818982fdd4f56325ed6b1daf111e2423,23,0.3125236473704124,0.2845251608021188,5,0,/e/fscratch/reformo/schuhmann1/scientific-distillation-865-20261004/release/data/train.jsonl:34
Qwen27 / raw generator training target,arxiv-new_00338-1362,4d58f76f0bdd67705c2b09ebe5c0de18008a2372590a69d91b23e083bace6cf8,13,0.08448598130841121,0.059439252336448596,4,0,/e/fscratch/reformo/schuhmann1/scientific-distillation-865-20261004/release/data/train.jsonl:35
Qwen27 / validated corrected final (separate view),arxiv-new_00338-1362,4d58f76f0bdd67705c2b09ebe5c0de18008a2372590a69d91b23e083bace6cf8,13,0.08604135893648449,0.061299852289512555,4,0,/e/fscratch/reformo/schuhmann1/scientific-distillation-865-20261004/release/data/train.jsonl:35
Qwen27 / raw generator training target,arxiv-new_00338-1392,cd767dd28b23df460682df7462673d08f08adff34838f52ea6d47f258cc735f4,23,0.18726163234172388,0.13729977116704806,3,0,/e/fscratch/reformo/schuhmann1/scientific-distillation-865-20261004/release/data/train.jsonl:36
Qwen27 / validated corrected final (separate view),arxiv-new_00338-1392,cd767dd28b23df460682df7462673d08f08adff34838f52ea6d47f258cc735f4,23,0.17511994516792323,0.1281699794379712,4,0,/e/fscratch/reformo/schuhmann1/scientific-distillation-865-20261004/release/data/train.jsonl:36
Qwen27 / raw generator training target,arxiv-new_00338-1395,e1f6265b301db97ec2b53a3a12e2f5ddd499c7170da63c0a19fbc0beb40e0961,13,0.08661417322834646,0.06716072255673923,5,0,/e/fscratch/reformo/schuhmann1/scientific-distillation-865-20261004/release/data/train.jsonl:37
Qwen27 / validated corrected final (separate view),arxiv-new_00338-1395,e1f6265b301db97ec2b53a3a12e2f5ddd499c7170da63c0a19fbc0beb40e0961,13,0.08022922636103152,0.06303724928366762,5,0,/e/fscratch/reformo/schuhmann1/scientific-distillation-865-20261004/release/data/train.jsonl:37
Qwen27 / raw generator training target,arxiv-new_00338-1406,77a25069683cf5aa10e6f046b15ce715697799e76ec27392b7acc761effcdf58,19,0.19432624113475178,0.1673758865248227,7,3,/e/fscratch/reformo/schuhmann1/scientific-distillation-865-20261004/release/data/train.jsonl:38
Qwen27 / validated corrected final (separate view),arxiv-new_00338-1406,77a25069683cf5aa10e6f046b15ce715697799e76ec27392b7acc761effcdf58,19,0.1857018308631212,0.15823888404533565,5,0,/e/fscratch/reformo/schuhmann1/scientific-distillation-865-20261004/release/data/train.jsonl:38
Qwen27 / raw generator training target,arxiv-new_00338-1426,d2e4dedd9c0e838f7ef223bfc186cfb91ec971ae62e3a0d2cfbc8d09ea8854ed,28,0.09715318572074108,0.08088567555354723,5,0,/e/fscratch/reformo/schuhmann1/scientific-distillation-865-20261004/release/data/train.jsonl:39
Qwen27 / validated corrected final (separate view),arxiv-new_00338-1426,d2e4dedd9c0e838f7ef223bfc186cfb91ec971ae62e3a0d2cfbc8d09ea8854ed,28,0.11029411764705882,0.09558823529411764,5,0,/e/fscratch/reformo/schuhmann1/scientific-distillation-865-20261004/release/data/train.jsonl:39
Qwen27 / raw generator training target,arxiv-new_00338-1431,73416a8c862468b6eaf215f912b3f3ceab4b6fdf110b52d442b8eee3bd4a8d01,12,0.07187827911857293,0.05299055613850997,4,0,/e/fscratch/reformo/schuhmann1/scientific-distillation-865-20261004/release/data/train.jsonl:40
Qwen27 / validated corrected final (separate view),arxiv-new_00338-1431,73416a8c862468b6eaf215f912b3f3ceab4b6fdf110b52d442b8eee3bd4a8d01,12,0.06672888474101726,0.04713019132057863,4,0,/e/fscratch/reformo/schuhmann1/scientific-distillation-865-20261004/release/data/train.jsonl:40
Qwen27 / raw generator training target,arxiv-new_00338-1443,0eb4e63f6304ea1eaa9ef2a9b43d8ae5c2600bd23f02f841aedb67dd010bf79a,19,0.16677966101694916,0.12203389830508475,5,0,/e/fscratch/reformo/schuhmann1/scientific-distillation-865-20261004/release/data/train.jsonl:41
Qwen27 / validated corrected final (separate view),arxiv-new_00338-1443,0eb4e63f6304ea1eaa9ef2a9b43d8ae5c2600bd23f02f841aedb67dd010bf79a,19,0.17611539751761154,0.12982220731298222,5,0,/e/fscratch/reformo/schuhmann1/scientific-distillation-865-20261004/release/data/train.jsonl:41
Qwen27 / raw generator training target,arxiv-new_00338-147,5af6334f0992d4027d0653a5256578f8b94923b81c2e76e43ebcb5d045010310,16,0.12023160762942779,0.09570844686648501,4,0,/e/fscratch/reformo/schuhmann1/scientific-distillation-865-20261004/release/data/train.jsonl:42
Qwen27 / validated corrected final (separate view),arxiv-new_00338-147,5af6334f0992d4027d0653a5256578f8b94923b81c2e76e43ebcb5d045010310,16,0.11978282999660672,0.09535120461486257,4,0,/e/fscratch/reformo/schuhmann1/scientific-distillation-865-20261004/release/data/train.jsonl:42
Qwen27 / raw generator training target,arxiv-new_00338-1471,ff5123faec06ecd545d6ff3999651d9fa3672b3d0f2edf2e185d4b32c5c9690c,24,0.2847886454797902,0.2406664609688368,5,1,/e/fscratch/reformo/schuhmann1/scientific-distillation-865-20261004/release/data/train.jsonl:43
Qwen27 / validated corrected final (separate view),arxiv-new_00338-1471,ff5123faec06ecd545d6ff3999651d9fa3672b3d0f2edf2e185d4b32c5c9690c,24,0.2871559633027523,0.2434250764525994,4,0,/e/fscratch/reformo/schuhmann1/scientific-distillation-865-20261004/release/data/train.jsonl:43
Qwen27 / raw generator training target,arxiv-new_00338-150,456095923228ae398e178b339156f0d2d4ef06b7b0b0e48d0b076a0b690f54c5,26,0.46172993154947106,0.4237710018668326,5,0,/e/fscratch/reformo/schuhmann1/scientific-distillation-865-20261004/release/data/train.jsonl:44
Qwen27 / validated corrected final (separate view),arxiv-new_00338-150,456095923228ae398e178b339156f0d2d4ef06b7b0b0e48d0b076a0b690f54c5,26,0.4544918998527246,0.4167893961708395,5,0,/e/fscratch/reformo/schuhmann1/scientific-distillation-865-20261004/release/data/train.jsonl:44
Qwen27 / raw generator training target,arxiv-new_00338-1503,58643c2e83d2e733ede2d769b722573da1c47340e04b79bafbb1b26556a900f4,24,0.2647732478240953,0.21255153458543288,5,0,/e/fscratch/reformo/schuhmann1/scientific-distillation-865-20261004/release/data/train.jsonl:45
Qwen27 / validated corrected final (separate view),arxiv-new_00338-1503,58643c2e83d2e733ede2d769b722573da1c47340e04b79bafbb1b26556a900f4,24,0.2512541806020067,0.2035953177257525,5,0,/e/fscratch/reformo/schuhmann1/scientific-distillation-865-20261004/release/data/train.jsonl:45
Qwen27 / raw generator training target,arxiv-new_00338-1519,11cd61ca6dcfa1ecc1cdea49d06b7c7f2e5acf23572e80515582c9f5957a19e8,17,0.10310142497904443,0.06496227996647108,6,1,/e/fscratch/reformo/schuhmann1/scientific-distillation-865-20261004/release/data/train.jsonl:46
Qwen27 / validated corrected final (separate view),arxiv-new_00338-1519,11cd61ca6dcfa1ecc1cdea49d06b7c7f2e5acf23572e80515582c9f5957a19e8,17,0.1015625,0.066015625,5,0,/e/fscratch/reformo/schuhmann1/scientific-distillation-865-20261004/release/data/train.jsonl:46
Qwen27 / raw generator training target,arxiv-new_00338-1529,b984e4d206cf15b2dcefdb8d39680949e91030ddba7edc97ec35eae0b4b6718d,18,0.16892561983471074,0.11107438016528925,5,0,/e/fscratch/reformo/schuhmann1/scientific-distillation-865-20261004/release/data/train.jsonl:47
Qwen27 / validated corrected final (separate view),arxiv-new_00338-1529,b984e4d206cf15b2dcefdb8d39680949e91030ddba7edc97ec35eae0b4b6718d,18,0.1634706067274442,0.10845646023263125,5,0,/e/fscratch/reformo/schuhmann1/scientific-distillation-865-20261004/release/data/train.jsonl:47
Qwen27 / raw generator training target,arxiv-new_00338-1545,b93ea4b91417a8be92c3f6e7a5860b882c613703f91468dff54f593f0f3f4c63,20,0.1596469104665826,0.11878940731399748,5,0,/e/fscratch/reformo/schuhmann1/scientific-distillation-865-20261004/release/data/train.jsonl:48
Qwen27 / validated corrected final (separate view),arxiv-new_00338-1545,b93ea4b91417a8be92c3f6e7a5860b882c613703f91468dff54f593f0f3f4c63,20,0.16127497621313036,0.12131303520456709,5,0,/e/fscratch/reformo/schuhmann1/scientific-distillation-865-20261004/release/data/train.jsonl:48
Qwen27 / raw generator training target,arxiv-new_00338-1553,197e2d6ac47239a93e589346cb8d88728a7540d191f709e2bbe548e796e8d078,16,0.10433162552398696,0.0791802515137401,4,0,/e/fscratch/reformo/schuhmann1/scientific-distillation-865-20261004/release/data/train.jsonl:49
Qwen27 / validated corrected final (separate view),arxiv-new_00338-1553,197e2d6ac47239a93e589346cb8d88728a7540d191f709e2bbe548e796e8d078,21,0.11527135044173328,0.08498106857383256,4,0,/e/fscratch/reformo/schuhmann1/scientific-distillation-865-20261004/release/data/train.jsonl:49
Qwen27 / raw generator training target,arxiv-new_00338-1562,a5a940c3bf9ce799b6a2d2ff22f13e6690576f0429eeee97eff8071d5cd01889,15,0.11570547696771853,0.07435618425825172,5,0,/e/fscratch/reformo/schuhmann1/scientific-distillation-865-20261004/release/data/train.jsonl:50
Qwen27 / validated corrected final (separate view),arxiv-new_00338-1562,a5a940c3bf9ce799b6a2d2ff22f13e6690576f0429eeee97eff8071d5cd01889,15,0.11018363939899833,0.07212020033388981,5,0,/e/fscratch/reformo/schuhmann1/scientific-distillation-865-20261004/release/data/train.jsonl:50
Qwen27 / raw generator training target,arxiv-new_00338-1573,b73babe5a13f6df48545094764b6fef56e0bf77b8450d9631a3c8723113f1623,23,0.11024590163934427,0.08073770491803278,4,1,/e/fscratch/reformo/schuhmann1/scientific-distillation-865-20261004/release/data/train.jsonl:51
Qwen27 / validated corrected final (separate view),arxiv-new_00338-1573,b73babe5a13f6df48545094764b6fef56e0bf77b8450d9631a3c8723113f1623,23,0.11916072842438638,0.09065716547901821,4,0,/e/fscratch/reformo/schuhmann1/scientific-distillation-865-20261004/release/data/train.jsonl:51
Qwen27 / raw generator training target,arxiv-new_00338-1575,a416d30b2b394f5b0d9b7785e3879c6df632fca813be0ce997bd2a853f5e555e,15,0.17955801104972377,0.13314917127071824,5,0,/e/fscratch/reformo/schuhmann1/scientific-distillation-865-20261004/release/data/train.jsonl:52
Qwen27 / validated corrected final (separate view),arxiv-new_00338-1575,a416d30b2b394f5b0d9b7785e3879c6df632fca813be0ce997bd2a853f5e555e,20,0.19353128313891835,0.14899257688229056,4,0,/e/fscratch/reformo/schuhmann1/scientific-distillation-865-20261004/release/data/train.jsonl:52
Qwen27 / raw generator training target,arxiv-new_00338-1586,3f9b47ccf77df87502c4fa7b9095400ebd0f8b201190865dd944ee28b1add504,16,0.17750439367311072,0.12917398945518455,4,0,/e/fscratch/reformo/schuhmann1/scientific-distillation-865-20261004/release/data/train.jsonl:53
Qwen27 / validated corrected final (separate view),arxiv-new_00338-1586,3f9b47ccf77df87502c4fa7b9095400ebd0f8b201190865dd944ee28b1add504,16,0.18239795918367346,0.133078231292517,5,0,/e/fscratch/reformo/schuhmann1/scientific-distillation-865-20261004/release/data/train.jsonl:53
Qwen27 / raw generator training target,arxiv-new_00338-1603,f89e967c5b46b04f44270f9d2fd765f2f552cb9b2dd899019c50d50f14c52216,15,0.08472953566299665,0.05026328386787937,4,0,/e/fscratch/reformo/schuhmann1/scientific-distillation-865-20261004/release/data/train.jsonl:54
Qwen27 / validated corrected final (separate view),arxiv-new_00338-1603,f89e967c5b46b04f44270f9d2fd765f2f552cb9b2dd899019c50d50f14c52216,15,0.08293321693583589,0.048886948930597994,4,0,/e/fscratch/reformo/schuhmann1/scientific-distillation-865-20261004/release/data/train.jsonl:54
Qwen27 / raw generator training target,arxiv-new_00338-1660,8bde10d643672a286b9c7e332b1ff61d664e874df7eed1d0761de368e1a5fbb1,14,0.18609967992684043,0.13946044810242342,4,0,/e/fscratch/reformo/schuhmann1/scientific-distillation-865-20261004/release/data/train.jsonl:55
Qwen27 / validated corrected final (separate view),arxiv-new_00338-1660,8bde10d643672a286b9c7e332b1ff61d664e874df7eed1d0761de368e1a5fbb1,17,0.19199640287769784,0.14343525179856115,4,0,/e/fscratch/reformo/schuhmann1/scientific-distillation-865-20261004/release/data/train.jsonl:55
Qwen27 / raw generator training target,arxiv-new_00338-1670,5abbd3b57567eab4c5c88c2dedf2b67e786745a5d1001a04e05a587b4b6c5ad8,12,0.08908507223113965,0.052969502407704656,6,1,/e/fscratch/reformo/schuhmann1/scientific-distillation-865-20261004/release/data/train.jsonl:56
Qwen27 / validated corrected final (separate view),arxiv-new_00338-1670,5abbd3b57567eab4c5c88c2dedf2b67e786745a5d1001a04e05a587b4b6c5ad8,19,0.09868158210147823,0.0603276068717539,5,0,/e/fscratch/reformo/schuhmann1/scientific-distillation-865-20261004/release/data/train.jsonl:56
Qwen27 / raw generator training target,arxiv-new_00338-1680,c10118c1ac4d836b7a7ee0891ee81c60c2bf84130ac7d7a00b94e2f61bb44715,21,0.19399011030810193,0.13693419551160138,4,0,/e/fscratch/reformo/schuhmann1/scientific-distillation-865-20261004/release/data/train.jsonl:57
Qwen27 / validated corrected final (separate view),arxiv-new_00338-1680,c10118c1ac4d836b7a7ee0891ee81c60c2bf84130ac7d7a00b94e2f61bb44715,21,0.189948006932409,0.13587521663778163,5,0,/e/fscratch/reformo/schuhmann1/scientific-distillation-865-20261004/release/data/train.jsonl:57
Qwen27 / raw generator training target,arxiv-new_00338-1682,f2d6b6b1fdae64e165c7a2c0f46cf5c9d8627906259639a8db84fbe95ada52af,11,0.07295975930801053,0.04813839789394509,6,5,/e/fscratch/reformo/schuhmann1/scientific-distillation-865-20261004/release/data/train.jsonl:58
Qwen27 / validated corrected final (separate view),arxiv-new_00338-1682,f2d6b6b1fdae64e165c7a2c0f46cf5c9d8627906259639a8db84fbe95ada52af,14,0.09573672400897532,0.068810770381451,5,0,/e/fscratch/reformo/schuhmann1/scientific-distillation-865-20261004/release/data/train.jsonl:58
Qwen27 / raw generator training target,arxiv-new_00338-1706,45eb0b1688ea1a6e18eece89048229854c267dd379aaee44be4a1b25b1663ed0,14,0.08959875340864823,0.07089988313206078,4,0,/e/fscratch/reformo/schuhmann1/scientific-distillation-865-20261004/release/data/train.jsonl:59
Qwen27 / validated corrected final (separate view),arxiv-new_00338-1706,45eb0b1688ea1a6e18eece89048229854c267dd379aaee44be4a1b25b1663ed0,14,0.09156713716974303,0.07202316322837496,4,0,/e/fscratch/reformo/schuhmann1/scientific-distillation-865-20261004/release/data/train.jsonl:59
Qwen27 / raw generator training target,arxiv-new_00338-1726,cc1476fd87579b205d199a1e14d6f8f0fd998c95d17d2b9ee2cee077f6b0dbbc,30,0.27071369975389664,0.24856439704675964,4,0,/e/fscratch/reformo/schuhmann1/scientific-distillation-865-20261004/release/data/train.jsonl:60
Qwen27 / validated corrected final (separate view),arxiv-new_00338-1726,cc1476fd87579b205d199a1e14d6f8f0fd998c95d17d2b9ee2cee077f6b0dbbc,30,0.2924416303917689,0.2710724178868223,5,0,/e/fscratch/reformo/schuhmann1/scientific-distillation-865-20261004/release/data/train.jsonl:60
Qwen27 / raw generator training target,arxiv-new_00338-1738,e9556f60aafe293a1673c18ad856492656386758a5bd34d05253cd2514ca9b85,20,0.2607167955024596,0.20344342937456078,5,0,/e/fscratch/reformo/schuhmann1/scientific-distillation-865-20261004/release/data/train.jsonl:61
Qwen27 / validated corrected final (separate view),arxiv-new_00338-1738,e9556f60aafe293a1673c18ad856492656386758a5bd34d05253cd2514ca9b85,42,0.3037112700034048,0.24616956077630234,5,0,/e/fscratch/reformo/schuhmann1/scientific-distillation-865-20261004/release/data/train.jsonl:61
Qwen27 / raw generator training target,arxiv-new_00338-1739,9fc4b064e6bdd2cce99c89d5579f122db213dc2c43ec3e697ebf622db0fdec95,20,0.14654654654654656,0.0960960960960961,4,0,/e/fscratch/reformo/schuhmann1/scientific-distillation-865-20261004/release/data/train.jsonl:62
Qwen27 / validated corrected final (separate view),arxiv-new_00338-1739,9fc4b064e6bdd2cce99c89d5579f122db213dc2c43ec3e697ebf622db0fdec95,20,0.14430095451993263,0.09432902863559797,4,0,/e/fscratch/reformo/schuhmann1/scientific-distillation-865-20261004/release/data/train.jsonl:62
Qwen27 / raw generator training target,arxiv-new_00338-1752,e16aefe11b20ca0f80378ff472d451d5478a71bbe12a89dade1c34f90b78b193,13,0.12517848643503093,0.07663017610661589,5,2,/e/fscratch/reformo/schuhmann1/scientific-distillation-865-20261004/release/data/train.jsonl:63
Qwen27 / validated corrected final (separate view),arxiv-new_00338-1752,e16aefe11b20ca0f80378ff472d451d5478a71bbe12a89dade1c34f90b78b193,13,0.12341623650868137,0.07555138432660723,4,0,/e/fscratch/reformo/schuhmann1/scientific-distillation-865-20261004/release/data/train.jsonl:63
Qwen27 / raw generator training target,arxiv-new_00338-1797,988240fd17e2877f1ccd96e4ef8cf5a7621ad2c1eb31f6fca7a7fff6bfd47216,16,0.05527244217953744,0.03410427283418267,5,0,/e/fscratch/reformo/schuhmann1/scientific-distillation-865-20261004/release/data/train.jsonl:64
Qwen27 / validated corrected final (separate view),arxiv-new_00338-1797,988240fd17e2877f1ccd96e4ef8cf5a7621ad2c1eb31f6fca7a7fff6bfd47216,16,0.06035665294924554,0.039780521262002745,5,0,/e/fscratch/reformo/schuhmann1/scientific-distillation-865-20261004/release/data/train.jsonl:64
Qwen27 / raw generator training target,arxiv-new_00338-1801,0817fd502bfa82ac81d534b8113fed4c70c1830489fd212a726e7ea4e369acb6,17,0.15061202767429482,0.12453432676955828,6,1,/e/fscratch/reformo/schuhmann1/scientific-distillation-865-20261004/release/data/train.jsonl:65
Qwen27 / validated corrected final (separate view),arxiv-new_00338-1801,0817fd502bfa82ac81d534b8113fed4c70c1830489fd212a726e7ea4e369acb6,17,0.1442736737729301,0.11998016856717898,5,0,/e/fscratch/reformo/schuhmann1/scientific-distillation-865-20261004/release/data/train.jsonl:65
Qwen27 / raw generator training target,arxiv-new_00338-1819,6e9c929a0d13c3b7e4d1ebc9c5a0249c7a16b0c4b3c7ac67c0c443555776db0e,25,0.3544817410549613,0.29583179638509777,4,0,/e/fscratch/reformo/schuhmann1/scientific-distillation-865-20261004/release/data/train.jsonl:66
Qwen27 / validated corrected final (separate view),arxiv-new_00338-1819,6e9c929a0d13c3b7e4d1ebc9c5a0249c7a16b0c4b3c7ac67c0c443555776db0e,25,0.3626412429378531,0.3121468926553672,4,0,/e/fscratch/reformo/schuhmann1/scientific-distillation-865-20261004/release/data/train.jsonl:66
Qwen27 / raw generator training target,arxiv-new_00338-1820,f5e06e4b293dabb54236183444080d0e7a7f55944cc471901af34430314b36ab,15,0.19850187265917604,0.150187265917603,4,0,/e/fscratch/reformo/schuhmann1/scientific-distillation-865-20261004/release/data/train.jsonl:67
Qwen27 / validated corrected final (separate view),arxiv-new_00338-1820,f5e06e4b293dabb54236183444080d0e7a7f55944cc471901af34430314b36ab,18,0.20703703703703705,0.1562962962962963,4,0,/e/fscratch/reformo/schuhmann1/scientific-distillation-865-20261004/release/data/train.jsonl:67
Qwen27 / raw generator training target,arxiv-new_00338-1827,740bf2c48a23e8ae90b5be01934dd422b84213609d6480ecc66cdf07dfc6e5ca,16,0.1721824686940966,0.1319320214669052,5,0,/e/fscratch/reformo/schuhmann1/scientific-distillation-865-20261004/release/data/train.jsonl:68
Qwen27 / validated corrected final (separate view),arxiv-new_00338-1827,740bf2c48a23e8ae90b5be01934dd422b84213609d6480ecc66cdf07dfc6e5ca,33,0.17574827321565617,0.14121258633921718,4,0,/e/fscratch/reformo/schuhmann1/scientific-distillation-865-20261004/release/data/train.jsonl:68
Qwen27 / raw generator training target,arxiv-new_00338-1839,dff57b805d94ea28803249137a9deded52aa9265a88767f1bf72a06cdd629d0a,40,0.35368043087971274,0.3117893476959904,4,0,/e/fscratch/reformo/schuhmann1/scientific-distillation-865-20261004/release/data/train.jsonl:69
Qwen27 / validated corrected final (separate view),arxiv-new_00338-1839,dff57b805d94ea28803249137a9deded52aa9265a88767f1bf72a06cdd629d0a,40,0.352049410443571,0.3110612015721505,5,0,/e/fscratch/reformo/schuhmann1/scientific-distillation-865-20261004/release/data/train.jsonl:69
Qwen27 / raw generator training target,arxiv-new_00338-1842,6c91fb62792da065f80b2bb5586983f0a2a80b239bf639bc635a9777c8aa7d1e,16,0.125,0.09521660649819494,5,0,/e/fscratch/reformo/schuhmann1/scientific-distillation-865-20261004/release/data/train.jsonl:70
Qwen27 / validated corrected final (separate view),arxiv-new_00338-1842,6c91fb62792da065f80b2bb5586983f0a2a80b239bf639bc635a9777c8aa7d1e,16,0.12834448160535117,0.10075250836120402,5,0,/e/fscratch/reformo/schuhmann1/scientific-distillation-865-20261004/release/data/train.jsonl:70
Qwen27 / raw generator training target,arxiv-new_00338-1846,f34c854eb6da41363077bf44b24e8468b8e0cbdac1c6d0c6a01a6e100904dac9,15,0.09521619135234591,0.06485740570377185,4,0,/e/fscratch/reformo/schuhmann1/scientific-distillation-865-20261004/release/data/train.jsonl:71
Qwen27 / validated corrected final (separate view),arxiv-new_00338-1846,f34c854eb6da41363077bf44b24e8468b8e0cbdac1c6d0c6a01a6e100904dac9,15,0.09274193548387097,0.06317204301075269,4,0,/e/fscratch/reformo/schuhmann1/scientific-distillation-865-20261004/release/data/train.jsonl:71
Qwen27 / raw generator training target,arxiv-new_00338-1857,9f7c70b93fbb0d0f1afd162b4ec916f75d68c8372517fe202eda6d701e524cba,17,0.19123669123669124,0.1552006552006552,4,0,/e/fscratch/reformo/schuhmann1/scientific-distillation-865-20261004/release/data/train.jsonl:72
Qwen27 / validated corrected final (separate view),arxiv-new_00338-1857,9f7c70b93fbb0d0f1afd162b4ec916f75d68c8372517fe202eda6d701e524cba,18,0.2152917505030181,0.17746478873239438,4,0,/e/fscratch/reformo/schuhmann1/scientific-distillation-865-20261004/release/data/train.jsonl:72
Qwen27 / raw generator training target,arxiv-new_00338-1867,134d53e352968f047edcf18d9b2629fb3657f6b3499aeaa66603b2f6e8264274,19,0.24434280211844006,0.19619643716899374,5,0,/e/fscratch/reformo/schuhmann1/scientific-distillation-865-20261004/release/data/train.jsonl:73
Qwen27 / validated corrected final (separate view),arxiv-new_00338-1867,134d53e352968f047edcf18d9b2629fb3657f6b3499aeaa66603b2f6e8264274,19,0.2452874098208052,0.19595066325343263,5,0,/e/fscratch/reformo/schuhmann1/scientific-distillation-865-20261004/release/data/train.jsonl:73
Qwen27 / raw generator training target,arxiv-new_00338-1875,26d9eb7d6274374ee1991f61af0bc26d526de6c7702e0b7ce0c07d57463c4fad,21,0.2933109431849986,0.24041421774419255,5,0,/e/fscratch/reformo/schuhmann1/scientific-distillation-865-20261004/release/data/train.jsonl:74
Qwen27 / validated corrected final (separate view),arxiv-new_00338-1875,26d9eb7d6274374ee1991f61af0bc26d526de6c7702e0b7ce0c07d57463c4fad,21,0.2763925729442971,0.2262599469496021,5,0,/e/fscratch/reformo/schuhmann1/scientific-distillation-865-20261004/release/data/train.jsonl:74
Qwen27 / raw generator training target,arxiv-new_00338-1920,68169b35a68f64210182bde9dda3737d07b459f588edc7dab5129dbac77aa172,13,0.1597911227154047,0.11018276762402089,4,0,/e/fscratch/reformo/schuhmann1/scientific-distillation-865-20261004/release/data/train.jsonl:75
Qwen27 / validated corrected final (separate view),arxiv-new_00338-1920,68169b35a68f64210182bde9dda3737d07b459f588edc7dab5129dbac77aa172,13,0.16212043232115286,0.11013896037056099,4,0,/e/fscratch/reformo/schuhmann1/scientific-distillation-865-20261004/release/data/train.jsonl:75
Qwen27 / raw generator training target,arxiv-new_00338-1931,d052550f57f91df5e7fae1304478ef7322e2faa8239073dc81fa75c70f9b8364,17,0.11474000859475719,0.0782122905027933,4,0,/e/fscratch/reformo/schuhmann1/scientific-distillation-865-20261004/release/data/train.jsonl:76
Qwen27 / validated corrected final (separate view),arxiv-new_00338-1931,d052550f57f91df5e7fae1304478ef7322e2faa8239073dc81fa75c70f9b8364,17,0.11710963455149502,0.08181063122923588,4,0,/e/fscratch/reformo/schuhmann1/scientific-distillation-865-20261004/release/data/train.jsonl:76
Qwen27 / raw generator training target,arxiv-new_00338-1942,1c3bfe1d6811a3cde440d34c34d6eafe3b757c6af2fdb184cfec1a013aa7ac2b,25,0.2607126747857465,0.2363554352728913,5,0,/e/fscratch/reformo/schuhmann1/scientific-distillation-865-20261004/release/data/train.jsonl:77
Qwen27 / validated corrected final (separate view),arxiv-new_00338-1942,1c3bfe1d6811a3cde440d34c34d6eafe3b757c6af2fdb184cfec1a013aa7ac2b,25,0.2607929515418502,0.2343612334801762,5,0,/e/fscratch/reformo/schuhmann1/scientific-distillation-865-20261004/release/data/train.jsonl:77
Qwen27 / raw generator training target,arxiv-new_00338-1985,0f81ce33acf902514278cdf2ccac89fdbb20c4e33e1d9b1872fbf9342c6265aa,20,0.17111202297907263,0.14156750102585144,4,0,/e/fscratch/reformo/schuhmann1/scientific-distillation-865-20261004/release/data/train.jsonl:78
Qwen27 / validated corrected final (separate view),arxiv-new_00338-1985,0f81ce33acf902514278cdf2ccac89fdbb20c4e33e1d9b1872fbf9342c6265aa,21,0.18484596169858453,0.1523730224812656,4,0,/e/fscratch/reformo/schuhmann1/scientific-distillation-865-20261004/release/data/train.jsonl:78
Qwen27 / raw generator training target,arxiv-new_00338-2023,b3b4d2c4bd644ffbac3ad5bccf9f879dbd8b25262be4f7fde4440063bfffdc17,8,0.027411702688455455,0.011597258829731154,4,1,/e/fscratch/reformo/schuhmann1/scientific-distillation-865-20261004/release/data/train.jsonl:79
Qwen27 / validated corrected final (separate view),arxiv-new_00338-2023,b3b4d2c4bd644ffbac3ad5bccf9f879dbd8b25262be4f7fde4440063bfffdc17,9,0.03196564885496183,0.014790076335877863,4,0,/e/fscratch/reformo/schuhmann1/scientific-distillation-865-20261004/release/data/train.jsonl:79
Qwen27 / raw generator training target,arxiv-new_00338-205,65c5360fbc0b3075a335197f7809f708ef49f2cb69ff26fcfb8995eac5a1db8b,20,0.19397363465160075,0.14199623352165724,4,0,/e/fscratch/reformo/schuhmann1/scientific-distillation-865-20261004/release/data/train.jsonl:80
Qwen27 / validated corrected final (separate view),arxiv-new_00338-205,65c5360fbc0b3075a335197f7809f708ef49f2cb69ff26fcfb8995eac5a1db8b,20,0.18835616438356165,0.13732876712328768,4,0,/e/fscratch/reformo/schuhmann1/scientific-distillation-865-20261004/release/data/train.jsonl:80
Qwen27 / raw generator training target,arxiv-new_00338-2101,6d5ce085e9e9d8537e45a4afffa8f9d4df1aa2bd360f59b7e946610e059ec5d0,32,0.3128510075982821,0.2814667988107037,5,0,/e/fscratch/reformo/schuhmann1/scientific-distillation-865-20261004/release/data/train.jsonl:81
Qwen27 / validated corrected final (separate view),arxiv-new_00338-2101,6d5ce085e9e9d8537e45a4afffa8f9d4df1aa2bd360f59b7e946610e059ec5d0,32,0.302076777847703,0.2696664568911265,5,0,/e/fscratch/reformo/schuhmann1/scientific-distillation-865-20261004/release/data/train.jsonl:81
Qwen27 / raw generator training target,arxiv-new_00338-2130,3157cf3802ce0f4d0205091f236fc44d0403a6343215609986fa22b795df361f,15,0.11075949367088607,0.06455696202531645,4,0,/e/fscratch/reformo/schuhmann1/scientific-distillation-865-20261004/release/data/train.jsonl:82
Qwen27 / validated corrected final (separate view),arxiv-new_00338-2130,3157cf3802ce0f4d0205091f236fc44d0403a6343215609986fa22b795df361f,15,0.12478632478632479,0.06951566951566951,4,0,/e/fscratch/reformo/schuhmann1/scientific-distillation-865-20261004/release/data/train.jsonl:82
Qwen27 / raw generator training target,arxiv-new_00338-2140,62c2b4d285de66a07029ffd4a7b7f0e547d1af79fee56342b0432fc98275d089,20,0.208348725526413,0.17510158847432583,4,0,/e/fscratch/reformo/schuhmann1/scientific-distillation-865-20261004/release/data/train.jsonl:83
Qwen27 / validated corrected final (separate view),arxiv-new_00338-2140,62c2b4d285de66a07029ffd4a7b7f0e547d1af79fee56342b0432fc98275d089,20,0.20504527813712808,0.17399741267787838,4,0,/e/fscratch/reformo/schuhmann1/scientific-distillation-865-20261004/release/data/train.jsonl:83
Qwen27 / raw generator training target,arxiv-new_00338-2148,6e8dcb3b1d4d1cdcb282dce4dbd30c513c8fdea8baf2d2cef8f9083b2bbcbc25,20,0.22645393721049922,0.17807514153371076,4,0,/e/fscratch/reformo/schuhmann1/scientific-distillation-865-20261004/release/data/train.jsonl:84
Qwen27 / validated corrected final (separate view),arxiv-new_00338-2148,6e8dcb3b1d4d1cdcb282dce4dbd30c513c8fdea8baf2d2cef8f9083b2bbcbc25,20,0.23520485584218512,0.18462316641375823,4,0,/e/fscratch/reformo/schuhmann1/scientific-distillation-865-20261004/release/data/train.jsonl:84
Qwen27 / raw generator training target,arxiv-new_00338-2241,1a708f3ee5d75fc14e7c45adee1a1723375be1475c05dbb47d9452120289ea81,18,0.11538461538461539,0.09654631083202511,5,0,/e/fscratch/reformo/schuhmann1/scientific-distillation-865-20261004/release/data/train.jsonl:85
Qwen27 / validated corrected final (separate view),arxiv-new_00338-2241,1a708f3ee5d75fc14e7c45adee1a1723375be1475c05dbb47d9452120289ea81,18,0.1188730219992281,0.10034735623311462,5,0,/e/fscratch/reformo/schuhmann1/scientific-distillation-865-20261004/release/data/train.jsonl:85
Qwen27 / raw generator training target,arxiv-new_00338-2260,d8d0aa5caaccd422df6d5896f94b21a124da4a99c5b71e4bec6d0008382df1a5,13,0.12289780077619664,0.09702457956015524,5,0,/e/fscratch/reformo/schuhmann1/scientific-distillation-865-20261004/release/data/train.jsonl:86
Qwen27 / validated corrected final (separate view),arxiv-new_00338-2260,d8d0aa5caaccd422df6d5896f94b21a124da4a99c5b71e4bec6d0008382df1a5,13,0.12073170731707317,0.09634146341463415,5,0,/e/fscratch/reformo/schuhmann1/scientific-distillation-865-20261004/release/data/train.jsonl:86
Qwen27 / raw generator training target,arxiv-new_00338-227,9a3200010c736ebda6c6a9d0762af85e768f037647697d61e88856acfe506158,21,0.38193832599118943,0.3237885462555066,4,0,/e/fscratch/reformo/schuhmann1/scientific-distillation-865-20261004/release/data/train.jsonl:87
Qwen27 / validated corrected final (separate view),arxiv-new_00338-227,9a3200010c736ebda6c6a9d0762af85e768f037647697d61e88856acfe506158,21,0.38227513227513227,0.32407407407407407,4,0,/e/fscratch/reformo/schuhmann1/scientific-distillation-865-20261004/release/data/train.jsonl:87
Qwen27 / raw generator training target,arxiv-new_00338-2279,30ef33873e0db17ec69d2f76c63acdb2b9a9a5467323cd0568da55d9c66f8e92,15,0.1562625855819573,0.11719693918646798,4,0,/e/fscratch/reformo/schuhmann1/scientific-distillation-865-20261004/release/data/train.jsonl:88
Qwen27 / validated corrected final (separate view),arxiv-new_00338-2279,30ef33873e0db17ec69d2f76c63acdb2b9a9a5467323cd0568da55d9c66f8e92,15,0.1495253164556962,0.10878164556962025,4,0,/e/fscratch/reformo/schuhmann1/scientific-distillation-865-20261004/release/data/train.jsonl:88
Qwen27 / raw generator training target,arxiv-new_00338-2283,e52d0fa055a7a12b33a76fae4f48bf105f86d15357201feaac595d23cf470882,15,0.13732097725358045,0.10446503791069923,6,1,/e/fscratch/reformo/schuhmann1/scientific-distillation-865-20261004/release/data/train.jsonl:89
Qwen27 / validated corrected final (separate view),arxiv-new_00338-2283,e52d0fa055a7a12b33a76fae4f48bf105f86d15357201feaac595d23cf470882,15,0.1385083713850837,0.10426179604261795,4,0,/e/fscratch/reformo/schuhmann1/scientific-distillation-865-20261004/release/data/train.jsonl:89
Qwen27 / raw generator training target,arxiv-new_00338-2293,7b8b9e0249d99ff7003983b015539bb3d52e468c3c04edfc866f5a6ed55ca672,18,0.06494492973794151,0.051272312951006455,4,0,/e/fscratch/reformo/schuhmann1/scientific-distillation-865-20261004/release/data/train.jsonl:90
Qwen27 / validated corrected final (separate view),arxiv-new_00338-2293,7b8b9e0249d99ff7003983b015539bb3d52e468c3c04edfc866f5a6ed55ca672,18,0.06501766784452297,0.05017667844522968,4,0,/e/fscratch/reformo/schuhmann1/scientific-distillation-865-20261004/release/data/train.jsonl:90
Qwen27 / raw generator training target,arxiv-new_00338-2294,58cf30d7b246546f2260fcd96d63583c4a7bce912224f94a51a29948386fd280,19,0.1600681140911026,0.1166453810131971,4,0,/e/fscratch/reformo/schuhmann1/scientific-distillation-865-20261004/release/data/train.jsonl:91
Qwen27 / validated corrected final (separate view),arxiv-new_00338-2294,58cf30d7b246546f2260fcd96d63583c4a7bce912224f94a51a29948386fd280,19,0.16652613827993254,0.1260539629005059,4,0,/e/fscratch/reformo/schuhmann1/scientific-distillation-865-20261004/release/data/train.jsonl:91
Qwen27 / raw generator training target,arxiv-new_00338-2308,351609e9548697916ac19a7a79540191ca7145af85f85e7accb97b5036451552,16,0.1581497797356828,0.1105726872246696,5,0,/e/fscratch/reformo/schuhmann1/scientific-distillation-865-20261004/release/data/train.jsonl:92
Qwen27 / validated corrected final (separate view),arxiv-new_00338-2308,351609e9548697916ac19a7a79540191ca7145af85f85e7accb97b5036451552,16,0.1577328646748682,0.11028119507908611,5,0,/e/fscratch/reformo/schuhmann1/scientific-distillation-865-20261004/release/data/train.jsonl:92
Qwen27 / raw generator training target,arxiv-new_00338-2309,68a6d7d62f64b5581a32f0ff3c7c93454a76ea214988e6f561f6ad8b0e51f8ac,21,0.15081967213114755,0.1151639344262295,4,0,/e/fscratch/reformo/schuhmann1/scientific-distillation-865-20261004/release/data/train.jsonl:93
Qwen27 / validated corrected final (separate view),arxiv-new_00338-2309,68a6d7d62f64b5581a32f0ff3c7c93454a76ea214988e6f561f6ad8b0e51f8ac,21,0.14887640449438203,0.11396468699839486,4,0,/e/fscratch/reformo/schuhmann1/scientific-distillation-865-20261004/release/data/train.jsonl:93
Qwen27 / raw generator training target,arxiv-new_00338-2323,5159cce1730b2d5f8e28dbc58e981fc521730cb41d39c57bc564145d73588320,23,0.25089863407620416,0.20992092020129402,6,2,/e/fscratch/reformo/schuhmann1/scientific-distillation-865-20261004/release/data/train.jsonl:94
Qwen27 / validated corrected final (separate view),arxiv-new_00338-2323,5159cce1730b2d5f8e28dbc58e981fc521730cb41d39c57bc564145d73588320,23,0.25438898450946645,0.21445783132530122,4,0,/e/fscratch/reformo/schuhmann1/scientific-distillation-865-20261004/release/data/train.jsonl:94
Qwen27 / raw generator training target,arxiv-new_00338-2338,d23f62fe33b983ddea313a49afa784ed1e7318e6441a82beb485d270ec257a2a,18,0.17589690003483108,0.13862765586903517,5,0,/e/fscratch/reformo/schuhmann1/scientific-distillation-865-20261004/release/data/train.jsonl:95
Qwen27 / validated corrected final (separate view),arxiv-new_00338-2338,d23f62fe33b983ddea313a49afa784ed1e7318e6441a82beb485d270ec257a2a,18,0.17440361057382334,0.13636363636363635,5,0,/e/fscratch/reformo/schuhmann1/scientific-distillation-865-20261004/release/data/train.jsonl:95
Qwen27 / raw generator training target,arxiv-new_00338-2340,e6d05b031cd90d6760191b8b4078c52ee625bffda346e851826e5c9c9d905291,18,0.1664386684906521,0.11582307341541268,5,1,/e/fscratch/reformo/schuhmann1/scientific-distillation-865-20261004/release/data/train.jsonl:96
Qwen27 / validated corrected final (separate view),arxiv-new_00338-2340,e6d05b031cd90d6760191b8b4078c52ee625bffda346e851826e5c9c9d905291,18,0.15734557595993323,0.10601001669449082,4,0,/e/fscratch/reformo/schuhmann1/scientific-distillation-865-20261004/release/data/train.jsonl:96
Qwen27 / raw generator training target,arxiv-new_00338-2365,4a606b73dadd65d1ec4bf176b91de2a2c7412c9dffcc096c04f3100029a9bf82,12,0.10796545105566219,0.08781190019193857,5,3,/e/fscratch/reformo/schuhmann1/scientific-distillation-865-20261004/release/data/train.jsonl:97
Qwen27 / validated corrected final (separate view),arxiv-new_00338-2365,4a606b73dadd65d1ec4bf176b91de2a2c7412c9dffcc096c04f3100029a9bf82,12,0.10755258126195029,0.08747609942638623,5,0,/e/fscratch/reformo/schuhmann1/scientific-distillation-865-20261004/release/data/train.jsonl:97
Qwen27 / raw generator training target,arxiv-new_00338-2402,f0aa65c95390a52960637ffcebed0b03392f8ef9da767c9758ab867e85366b5a,16,0.14781216648879403,0.09445037353255069,5,0,/e/fscratch/reformo/schuhmann1/scientific-distillation-865-20261004/release/data/train.jsonl:98
Qwen27 / validated corrected final (separate view),arxiv-new_00338-2402,f0aa65c95390a52960637ffcebed0b03392f8ef9da767c9758ab867e85366b5a,16,0.1644678979771328,0.11257695690413369,5,0,/e/fscratch/reformo/schuhmann1/scientific-distillation-865-20261004/release/data/train.jsonl:98
Qwen27 / raw generator training target,arxiv-new_00338-2409,b4cf1e7f3ec8bfb1752faa2b8a2c99e84d633a777c6ecc7bbf474890095f78ee,19,0.11377952755905511,0.08149606299212599,5,0,/e/fscratch/reformo/schuhmann1/scientific-distillation-865-20261004/release/data/train.jsonl:99
Qwen27 / validated corrected final (separate view),arxiv-new_00338-2409,b4cf1e7f3ec8bfb1752faa2b8a2c99e84d633a777c6ecc7bbf474890095f78ee,19,0.10212014134275618,0.07314487632508834,5,0,/e/fscratch/reformo/schuhmann1/scientific-distillation-865-20261004/release/data/train.jsonl:99
Qwen27 / raw generator training target,arxiv-new_00338-242,1a35e3362795c774a846abf85a1975cb2fe471a9e4e271061f534ce797798785,26,0.1871189024390244,0.1368140243902439,5,0,/e/fscratch/reformo/schuhmann1/scientific-distillation-865-20261004/release/data/train.jsonl:100
Qwen27 / validated corrected final (separate view),arxiv-new_00338-242,1a35e3362795c774a846abf85a1975cb2fe471a9e4e271061f534ce797798785,26,0.1774081774081774,0.13167013167013167,5,0,/e/fscratch/reformo/schuhmann1/scientific-distillation-865-20261004/release/data/train.jsonl:100
Qwen27 / raw generator training target,arxiv-new_00338-2435,70889c9ac63171a8fa5ad33b54ca5824da79c6e6229cea0f7c55d2e998d73480,18,0.08894760017613386,0.059885512989872304,4,0,/e/fscratch/reformo/schuhmann1/scientific-distillation-865-20261004/release/data/train.jsonl:101
Qwen27 / validated corrected final (separate view),arxiv-new_00338-2435,70889c9ac63171a8fa5ad33b54ca5824da79c6e6229cea0f7c55d2e998d73480,18,0.08423686405337781,0.0567139282735613,4,0,/e/fscratch/reformo/schuhmann1/scientific-distillation-865-20261004/release/data/train.jsonl:101
Qwen27 / raw generator training target,arxiv-new_00338-2444,246faf7e481a2079e98869bde074ea0e1f3627d2fcd5f54fcbc620d23ae15301,13,0.10558793280767913,0.0665066849502914,5,0,/e/fscratch/reformo/schuhmann1/scientific-distillation-865-20261004/release/data/train.jsonl:102
Qwen27 / validated corrected final (separate view),arxiv-new_00338-2444,246faf7e481a2079e98869bde074ea0e1f3627d2fcd5f54fcbc620d23ae15301,13,0.10450685826257348,0.06335728282168518,5,0,/e/fscratch/reformo/schuhmann1/scientific-distillation-865-20261004/release/data/train.jsonl:102
Qwen27 / raw generator training target,arxiv-new_00338-2446,69df2086abdea5b67c4af41f1e8f4ae4981a70b66412a2471b7235ada1628227,19,0.09153503442689348,0.06723369785338193,4,0,/e/fscratch/reformo/schuhmann1/scientific-distillation-865-20261004/release/data/train.jsonl:103
Qwen27 / validated corrected final (separate view),arxiv-new_00338-2446,69df2086abdea5b67c4af41f1e8f4ae4981a70b66412a2471b7235ada1628227,19,0.09623095429029671,0.07217321571772253,4,0,/e/fscratch/reformo/schuhmann1/scientific-distillation-865-20261004/release/data/train.jsonl:103
Qwen27 / raw generator training target,arxiv-new_00338-2447,d120e47d11ffdf550a056803c196d6ad310015665c01aa9beee8131bb3128742,25,0.24131693198263388,0.20441389290882778,4,0,/e/fscratch/reformo/schuhmann1/scientific-distillation-865-20261004/release/data/train.jsonl:104
Qwen27 / validated corrected final (separate view),arxiv-new_00338-2447,d120e47d11ffdf550a056803c196d6ad310015665c01aa9beee8131bb3128742,25,0.23804713804713803,0.2016835016835017,4,0,/e/fscratch/reformo/schuhmann1/scientific-distillation-865-20261004/release/data/train.jsonl:104
Qwen27 / raw generator training target,arxiv-new_00338-2449,c134b51bd0132d3609848d8461aa7559c8651dd8ee1d5a410a922bbc20adf473,16,0.11935483870967742,0.08064516129032258,5,0,/e/fscratch/reformo/schuhmann1/scientific-distillation-865-20261004/release/data/train.jsonl:105
Qwen27 / validated corrected final (separate view),arxiv-new_00338-2449,c134b51bd0132d3609848d8461aa7559c8651dd8ee1d5a410a922bbc20adf473,16,0.11199331383201003,0.0768909318846636,4,0,/e/fscratch/reformo/schuhmann1/scientific-distillation-865-20261004/release/data/train.jsonl:105
Qwen27 / raw generator training target,arxiv-new_00338-2458,a6f6e2da75d291bffc8c6b6ef5cd57cf526bd77e8dfdf2a025ac38f7b641ba0c,14,0.16045508042369558,0.10670851314240878,4,0,/e/fscratch/reformo/schuhmann1/scientific-distillation-865-20261004/release/data/train.jsonl:106
Qwen27 / validated corrected final (separate view),arxiv-new_00338-2458,a6f6e2da75d291bffc8c6b6ef5cd57cf526bd77e8dfdf2a025ac38f7b641ba0c,14,0.1600292290829375,0.11655096821337231,4,0,/e/fscratch/reformo/schuhmann1/scientific-distillation-865-20261004/release/data/train.jsonl:106
Qwen27 / raw generator training target,arxiv-new_00338-248,9a7a896b6917099c9df368f2a03ac5b076038e5932a60112e24252693d609ff6,13,0.07374631268436578,0.0471976401179941,4,0,/e/fscratch/reformo/schuhmann1/scientific-distillation-865-20261004/release/data/train.jsonl:107
Qwen27 / validated corrected final (separate view),arxiv-new_00338-248,9a7a896b6917099c9df368f2a03ac5b076038e5932a60112e24252693d609ff6,13,0.07187350263536177,0.04599904168663153,4,0,/e/fscratch/reformo/schuhmann1/scientific-distillation-865-20261004/release/data/train.jsonl:107
Qwen27 / raw generator training target,arxiv-new_00338-2481,daf2cf6ef5d82e2c596e20abe240999711c25d58efa5ab2a08f6043d91557b04,18,0.2300380228136882,0.19296577946768062,4,0,/e/fscratch/reformo/schuhmann1/scientific-distillation-865-20261004/release/data/train.jsonl:108
Qwen27 / validated corrected final (separate view),arxiv-new_00338-2481,daf2cf6ef5d82e2c596e20abe240999711c25d58efa5ab2a08f6043d91557b04,18,0.2191480017566974,0.18225735617039965,4,0,/e/fscratch/reformo/schuhmann1/scientific-distillation-865-20261004/release/data/train.jsonl:108
Qwen27 / raw generator training target,arxiv-new_00338-2508,d88033d0e72673369455e6ac2668d891ee1b0d3d9b974ac41659578921add30c,16,0.10639044943820225,0.06811797752808989,5,0,/e/fscratch/reformo/schuhmann1/scientific-distillation-865-20261004/release/data/train.jsonl:109
Qwen27 / validated corrected final (separate view),arxiv-new_00338-2508,d88033d0e72673369455e6ac2668d891ee1b0d3d9b974ac41659578921add30c,16,0.10614334470989761,0.06689419795221843,5,0,/e/fscratch/reformo/schuhmann1/scientific-distillation-865-20261004/release/data/train.jsonl:109
Qwen27 / raw generator training target,arxiv-new_00338-2587,2179a9fea8e9f30fd5fef573844454b2a9451d83f40300cdb7067b556f7d32fd,15,0.25106082036775107,0.18741159830268742,5,0,/e/fscratch/reformo/schuhmann1/scientific-distillation-865-20261004/release/data/train.jsonl:110
Qwen27 / validated corrected final (separate view),arxiv-new_00338-2587,2179a9fea8e9f30fd5fef573844454b2a9451d83f40300cdb7067b556f7d32fd,15,0.2350597609561753,0.17330677290836655,5,0,/e/fscratch/reformo/schuhmann1/scientific-distillation-865-20261004/release/data/train.jsonl:110
Qwen27 / raw generator training target,arxiv-new_00338-2598,c5c5d207269606b82e29fe7c098d02018ec402c82d6a8ebb8480b38de518205a,27,0.1208237986270023,0.09610983981693363,6,1,/e/fscratch/reformo/schuhmann1/scientific-distillation-865-20261004/release/data/train.jsonl:111
Qwen27 / validated corrected final (separate view),arxiv-new_00338-2598,c5c5d207269606b82e29fe7c098d02018ec402c82d6a8ebb8480b38de518205a,27,0.12203844434510505,0.09789897183728208,5,0,/e/fscratch/reformo/schuhmann1/scientific-distillation-865-20261004/release/data/train.jsonl:111
Qwen27 / raw generator training target,arxiv-new_00338-2621,c5a71df270a1e97d2adcf5d2b1d7d56f5ee25e9efd8adcc14af57f90a6754f09,15,0.15244694673018622,0.11087050671286271,5,0,/e/fscratch/reformo/schuhmann1/scientific-distillation-865-20261004/release/data/train.jsonl:112
Qwen27 / validated corrected final (separate view),arxiv-new_00338-2621,c5a71df270a1e97d2adcf5d2b1d7d56f5ee25e9efd8adcc14af57f90a6754f09,16,0.15264423076923078,0.11177884615384616,5,0,/e/fscratch/reformo/schuhmann1/scientific-distillation-865-20261004/release/data/train.jsonl:112
Qwen27 / raw generator training target,arxiv-new_00338-2637,9a849b9e331bf4472942d0c5a644d8911c5e3c0b81dece67f4447bf5dc578343,14,0.13817005545286506,0.11044362292051756,5,0,/e/fscratch/reformo/schuhmann1/scientific-distillation-865-20261004/release/data/train.jsonl:113
Qwen27 / validated corrected final (separate view),arxiv-new_00338-2637,9a849b9e331bf4472942d0c5a644d8911c5e3c0b81dece67f4447bf5dc578343,14,0.13723737147966025,0.11041573535985695,4,0,/e/fscratch/reformo/schuhmann1/scientific-distillation-865-20261004/release/data/train.jsonl:113
Qwen27 / raw generator training target,arxiv-new_00338-2638,b97632e37836039d12c6c9450b9772b970613a63c46bfaff09d9ec77af623f4b,16,0.19232736572890025,0.1514066496163683,5,0,/e/fscratch/reformo/schuhmann1/scientific-distillation-865-20261004/release/data/train.jsonl:114
Qwen27 / validated corrected final (separate view),arxiv-new_00338-2638,b97632e37836039d12c6c9450b9772b970613a63c46bfaff09d9ec77af623f4b,16,0.18366425992779783,0.1421480144404332,5,0,/e/fscratch/reformo/schuhmann1/scientific-distillation-865-20261004/release/data/train.jsonl:114
Qwen27 / raw generator training target,arxiv-new_00338-2641,7eddc20ee4a4beb8f5e34409a7a7c215052c67d10301be79340cddccbe964eec,18,0.18580060422960726,0.15181268882175228,5,0,/e/fscratch/reformo/schuhmann1/scientific-distillation-865-20261004/release/data/train.jsonl:115
Qwen27 / validated corrected final (separate view),arxiv-new_00338-2641,7eddc20ee4a4beb8f5e34409a7a7c215052c67d10301be79340cddccbe964eec,18,0.2006896551724138,0.16551724137931034,4,0,/e/fscratch/reformo/schuhmann1/scientific-distillation-865-20261004/release/data/train.jsonl:115
Qwen27 / raw generator training target,arxiv-new_00338-2659,c8b1fb90a640b407985f1b586b868e691059e79e2b0a070f070ce2c60965b46f,18,0.3160132262635805,0.2706660368445914,5,0,/e/fscratch/reformo/schuhmann1/scientific-distillation-865-20261004/release/data/train.jsonl:116
Qwen27 / validated corrected final (separate view),arxiv-new_00338-2659,c8b1fb90a640b407985f1b586b868e691059e79e2b0a070f070ce2c60965b46f,22,0.31919451585261355,0.26520994001713794,4,0,/e/fscratch/reformo/schuhmann1/scientific-distillation-865-20261004/release/data/train.jsonl:116
Qwen27 / raw generator training target,arxiv-new_00338-2663,3a030d0a0bef61e24ab04cda879a90b4c33e305c6ffb4f41a5dc035e879f5816,12,0.06613545816733067,0.046215139442231074,6,2,/e/fscratch/reformo/schuhmann1/scientific-distillation-865-20261004/release/data/train.jsonl:117
Qwen27 / validated corrected final (separate view),arxiv-new_00338-2663,3a030d0a0bef61e24ab04cda879a90b4c33e305c6ffb4f41a5dc035e879f5816,12,0.06937885942608064,0.046857973120232474,5,0,/e/fscratch/reformo/schuhmann1/scientific-distillation-865-20261004/release/data/train.jsonl:117
Qwen27 / raw generator training target,arxiv-new_00338-2671,b377887a75c9d606e226dec37b71d8bdd9956811945fe951ef6a1cfd310e1bd3,23,0.23333333333333334,0.20187265917602995,4,0,/e/fscratch/reformo/schuhmann1/scientific-distillation-865-20261004/release/data/train.jsonl:118
Qwen27 / validated corrected final (separate view),arxiv-new_00338-2671,b377887a75c9d606e226dec37b71d8bdd9956811945fe951ef6a1cfd310e1bd3,23,0.2099702872235061,0.18025751072961374,4,0,/e/fscratch/reformo/schuhmann1/scientific-distillation-865-20261004/release/data/train.jsonl:118
Qwen27 / raw generator training target,arxiv-new_00338-268,0f20c87082f3b9acbb61f772ec9b419802cca229d798e40643aa6eef95f063be,21,0.2121095256459699,0.16968762051677594,4,0,/e/fscratch/reformo/schuhmann1/scientific-distillation-865-20261004/release/data/train.jsonl:119
Qwen27 / validated corrected final (separate view),arxiv-new_00338-268,0f20c87082f3b9acbb61f772ec9b419802cca229d798e40643aa6eef95f063be,21,0.20477695820161573,0.16403231471724622,4,0,/e/fscratch/reformo/schuhmann1/scientific-distillation-865-20261004/release/data/train.jsonl:119
Qwen27 / raw generator training target,arxiv-new_00338-2680,267653589199bb64ecb016a63ed5f29985907464d4f81c650e0313de0fd36326,27,0.2563442442074292,0.22508275101140124,4,0,/e/fscratch/reformo/schuhmann1/scientific-distillation-865-20261004/release/data/train.jsonl:120
Qwen27 / validated corrected final (separate view),arxiv-new_00338-2680,267653589199bb64ecb016a63ed5f29985907464d4f81c650e0313de0fd36326,27,0.2547514619883041,0.2236842105263158,4,0,/e/fscratch/reformo/schuhmann1/scientific-distillation-865-20261004/release/data/train.jsonl:120
Qwen27 / raw generator training target,arxiv-new_00338-2708,49963aa3a8d51d33af2ecb5b288d92aa13fbea051807c1364bcfa96c6a258077,14,0.14193227091633467,0.09860557768924302,5,0,/e/fscratch/reformo/schuhmann1/scientific-distillation-865-20261004/release/data/train.jsonl:121
Qwen27 / validated corrected final (separate view),arxiv-new_00338-2708,49963aa3a8d51d33af2ecb5b288d92aa13fbea051807c1364bcfa96c6a258077,14,0.1406038756196485,0.09869310500225327,5,0,/e/fscratch/reformo/schuhmann1/scientific-distillation-865-20261004/release/data/train.jsonl:121
Qwen27 / raw generator training target,arxiv-new_00338-2712,d73e2cfe2a25539e681be4a41f9e0e04931c07a9df74688c1a24f8e03c385bbb,20,0.1562021439509954,0.12863705972434916,4,0,/e/fscratch/reformo/schuhmann1/scientific-distillation-865-20261004/release/data/train.jsonl:122
Qwen27 / validated corrected final (separate view),arxiv-new_00338-2712,d73e2cfe2a25539e681be4a41f9e0e04931c07a9df74688c1a24f8e03c385bbb,20,0.1571828358208955,0.12639925373134328,4,0,/e/fscratch/reformo/schuhmann1/scientific-distillation-865-20261004/release/data/train.jsonl:122
Qwen27 / raw generator training target,arxiv-new_00338-2716,9b4db2ff43afccc1233b498b40adcc7e2b7a0274b6774f6f1506519c225371d8,14,0.10752293577981652,0.05908256880733945,5,0,/e/fscratch/reformo/schuhmann1/scientific-distillation-865-20261004/release/data/train.jsonl:123
Qwen27 / validated corrected final (separate view),arxiv-new_00338-2716,9b4db2ff43afccc1233b498b40adcc7e2b7a0274b6774f6f1506519c225371d8,14,0.10291534949069196,0.05655075518089217,5,0,/e/fscratch/reformo/schuhmann1/scientific-distillation-865-20261004/release/data/train.jsonl:123
Qwen27 / raw generator training target,arxiv-new_00338-2721,1d6ec25ac8b973d52c07faf8bfd1cc7ab26dc7921fd46d416931c4610040c8ab,24,0.1011997913406364,0.05372978612415232,4,0,/e/fscratch/reformo/schuhmann1/scientific-distillation-865-20261004/release/data/train.jsonl:124
Qwen27 / validated corrected final (separate view),arxiv-new_00338-2721,1d6ec25ac8b973d52c07faf8bfd1cc7ab26dc7921fd46d416931c4610040c8ab,24,0.08863743517208864,0.04856199905704856,4,0,/e/fscratch/reformo/schuhmann1/scientific-distillation-865-20261004/release/data/train.jsonl:124
Qwen27 / raw generator training target,arxiv-new_00338-276,e00f059843a7ea13127b58d68b47f6fc120f930612cd0337e0a5aaf793548554,22,0.3125716469239587,0.2758884218570883,5,0,/e/fscratch/reformo/schuhmann1/scientific-distillation-865-20261004/release/data/train.jsonl:125
Qwen27 / validated corrected final (separate view),arxiv-new_00338-276,e00f059843a7ea13127b58d68b47f6fc120f930612cd0337e0a5aaf793548554,22,0.32214258770275367,0.2881931346661637,4,0,/e/fscratch/reformo/schuhmann1/scientific-distillation-865-20261004/release/data/train.jsonl:125
Qwen27 / raw generator training target,arxiv-new_00338-2772,23d0e7804a8de201aa10bbcc559e11ebb2331afdd6e62fa829e5789af43ea9d9,19,0.15133960897900073,0.12092686459087618,5,0,/e/fscratch/reformo/schuhmann1/scientific-distillation-865-20261004/release/data/train.jsonl:126
Qwen27 / validated corrected final (separate view),arxiv-new_00338-2772,23d0e7804a8de201aa10bbcc559e11ebb2331afdd6e62fa829e5789af43ea9d9,19,0.16111898016997167,0.12924929178470254,5,0,/e/fscratch/reformo/schuhmann1/scientific-distillation-865-20261004/release/data/train.jsonl:126
Qwen27 / raw generator training target,arxiv-new_00338-2788,8200ef320ca291ce29005171590d99ff83397e424a87b2ea99f5de49cd82e428,17,0.17204301075268819,0.1468155500413565,4,0,/e/fscratch/reformo/schuhmann1/scientific-distillation-865-20261004/release/data/train.jsonl:127
Qwen27 / validated corrected final (separate view),arxiv-new_00338-2788,8200ef320ca291ce29005171590d99ff83397e424a87b2ea99f5de49cd82e428,17,0.1702127659574468,0.14525368248772505,4,0,/e/fscratch/reformo/schuhmann1/scientific-distillation-865-20261004/release/data/train.jsonl:127
Qwen27 / raw generator training target,arxiv-new_00338-2795,1eec1c2e0ca59c6ff17464425efeb33378138fa120543f1ddbaacaad0f21019b,26,0.33080895008605854,0.27091222030981066,6,3,/e/fscratch/reformo/schuhmann1/scientific-distillation-865-20261004/release/data/train.jsonl:128
Qwen27 / validated corrected final (separate view),arxiv-new_00338-2795,1eec1c2e0ca59c6ff17464425efeb33378138fa120543f1ddbaacaad0f21019b,26,0.34899792674498964,0.2847270214236351,5,0,/e/fscratch/reformo/schuhmann1/scientific-distillation-865-20261004/release/data/train.jsonl:128
Qwen27 / raw generator training target,arxiv-new_00338-2815,74f34a1d5bb8b25e8fab8f66f8269d3929086b98dd6dbd7060937067adf77e58,13,0.08401639344262295,0.05122950819672131,4,0,/e/fscratch/reformo/schuhmann1/scientific-distillation-865-20261004/release/data/train.jsonl:129
Qwen27 / validated corrected final (separate view),arxiv-new_00338-2815,74f34a1d5bb8b25e8fab8f66f8269d3929086b98dd6dbd7060937067adf77e58,13,0.0802896725440806,0.050062972292191435,4,0,/e/fscratch/reformo/schuhmann1/scientific-distillation-865-20261004/release/data/train.jsonl:129
Qwen27 / raw generator training target,arxiv-new_00338-2859,4ff01e9400b7e0ae3553a679021b9cf1568bc734a2f5d5a86b599a935c66cb49,26,0.2495601173020528,0.21436950146627565,4,0,/e/fscratch/reformo/schuhmann1/scientific-distillation-865-20261004/release/data/train.jsonl:130
Qwen27 / validated corrected final (separate view),arxiv-new_00338-2859,4ff01e9400b7e0ae3553a679021b9cf1568bc734a2f5d5a86b599a935c66cb49,26,0.23264078731547294,0.19983597594313832,4,0,/e/fscratch/reformo/schuhmann1/scientific-distillation-865-20261004/release/data/train.jsonl:130
Qwen27 / raw generator training target,arxiv-new_00338-2892,419ff2fee71cd1f711bb2ae6a093d555132aba4f3cb30bf66ae38e3a03569d4c,14,0.1346704871060172,0.09054441260744986,4,0,/e/fscratch/reformo/schuhmann1/scientific-distillation-865-20261004/release/data/train.jsonl:131
Qwen27 / validated corrected final (separate view),arxiv-new_00338-2892,419ff2fee71cd1f711bb2ae6a093d555132aba4f3cb30bf66ae38e3a03569d4c,14,0.13972602739726028,0.09424657534246575,4,0,/e/fscratch/reformo/schuhmann1/scientific-distillation-865-20261004/release/data/train.jsonl:131
Qwen27 / raw generator training target,arxiv-new_00338-2894,210698c02b61682a5189def354f26f9222d469dd50900efba0f9b84a8a9e9c63,14,0.21036585365853658,0.13458188153310105,5,0,/e/fscratch/reformo/schuhmann1/scientific-distillation-865-20261004/release/data/train.jsonl:132
Qwen27 / validated corrected final (separate view),arxiv-new_00338-2894,210698c02b61682a5189def354f26f9222d469dd50900efba0f9b84a8a9e9c63,13,0.21565291365376435,0.13653764355593365,5,0,/e/fscratch/reformo/schuhmann1/scientific-distillation-865-20261004/release/data/train.jsonl:132
Qwen27 / raw generator training target,arxiv-new_00338-2908,cfd287efcfce8492563ebb92c563cfcc67f49d8c94f4d4e46ca5b1049ef0c414,12,0.07575233483223798,0.03631961259079903,4,1,/e/fscratch/reformo/schuhmann1/scientific-distillation-865-20261004/release/data/train.jsonl:133
Qwen27 / validated corrected final (separate view),arxiv-new_00338-2908,cfd287efcfce8492563ebb92c563cfcc67f49d8c94f4d4e46ca5b1049ef0c414,12,0.08287671232876713,0.043835616438356165,4,0,/e/fscratch/reformo/schuhmann1/scientific-distillation-865-20261004/release/data/train.jsonl:133
Qwen27 / raw generator training target,arxiv-new_00338-2909,014d56dc9189fb5fa03dcd173ede7ae50bc0b7d573cddc8cd9813eaf29def92c,16,0.12713178294573643,0.08837209302325581,5,0,/e/fscratch/reformo/schuhmann1/scientific-distillation-865-20261004/release/data/train.jsonl:134
Qwen27 / validated corrected final (separate view),arxiv-new_00338-2909,014d56dc9189fb5fa03dcd173ede7ae50bc0b7d573cddc8cd9813eaf29def92c,16,0.13304721030042918,0.09168942645337495,5,0,/e/fscratch/reformo/schuhmann1/scientific-distillation-865-20261004/release/data/train.jsonl:134
Qwen27 / raw generator training target,arxiv-new_00338-2923,b7900d9f61d34da41661631703ff264fca69dd33c0002d40ccac02533c179fab,10,0.08559919436052367,0.0473313192346425,3,0,/e/fscratch/reformo/schuhmann1/scientific-distillation-865-20261004/release/data/train.jsonl:135
Qwen27 / validated corrected final (separate view),arxiv-new_00338-2923,b7900d9f61d34da41661631703ff264fca69dd33c0002d40ccac02533c179fab,18,0.10936708860759493,0.07088607594936709,3,0,/e/fscratch/reformo/schuhmann1/scientific-distillation-865-20261004/release/data/train.jsonl:135
Qwen27 / raw generator training target,arxiv-new_00338-2964,964f689315d5a664fed7f7d0ea9843664ef2356436507f65c810cea0a0fa3a5a,18,0.2900626678603402,0.22381378692927484,4,0,/e/fscratch/reformo/schuhmann1/scientific-distillation-865-20261004/release/data/train.jsonl:136
Qwen27 / validated corrected final (separate view),arxiv-new_00338-2964,964f689315d5a664fed7f7d0ea9843664ef2356436507f65c810cea0a0fa3a5a,18,0.29170344218887906,0.2237422771403354,4,0,/e/fscratch/reformo/schuhmann1/scientific-distillation-865-20261004/release/data/train.jsonl:136
Qwen27 / raw generator training target,arxiv-new_00338-2976,ea364c41a11f099609ed78d843a7708028a86f510711ade499b5f779f03dc52a,14,0.1225130890052356,0.08115183246073299,5,0,/e/fscratch/reformo/schuhmann1/scientific-distillation-865-20261004/release/data/train.jsonl:137
Qwen27 / validated corrected final (separate view),arxiv-new_00338-2976,ea364c41a11f099609ed78d843a7708028a86f510711ade499b5f779f03dc52a,23,0.13410672853828307,0.09187935034802784,4,0,/e/fscratch/reformo/schuhmann1/scientific-distillation-865-20261004/release/data/train.jsonl:137
Qwen27 / raw generator training target,arxiv-new_00338-2983,5cb45a6c86ebcef5b53a143c5cc71a6664a9fc12f614e46c571976bf9fd55704,15,0.11453590192644483,0.0851138353765324,4,0,/e/fscratch/reformo/schuhmann1/scientific-distillation-865-20261004/release/data/train.jsonl:138
Qwen27 / validated corrected final (separate view),arxiv-new_00338-2983,5cb45a6c86ebcef5b53a143c5cc71a6664a9fc12f614e46c571976bf9fd55704,15,0.11306854580397181,0.08616271620755926,4,0,/e/fscratch/reformo/schuhmann1/scientific-distillation-865-20261004/release/data/train.jsonl:138
Qwen27 / raw generator training target,arxiv-new_00338-3007,5705c08a64d55a6708f76d39103e1a8938c59f89b58ae92716c78c4f6a10c631,24,0.18788501026694046,0.14887063655030802,5,0,/e/fscratch/reformo/schuhmann1/scientific-distillation-865-20261004/release/data/train.jsonl:139
Qwen27 / validated corrected final (separate view),arxiv-new_00338-3007,5705c08a64d55a6708f76d39103e1a8938c59f89b58ae92716c78c4f6a10c631,24,0.19137281752824375,0.15234508729887025,5,0,/e/fscratch/reformo/schuhmann1/scientific-distillation-865-20261004/release/data/train.jsonl:139
Qwen27 / raw generator training target,arxiv-new_00338-3015,8e6ac17b9b3017c9f2dca1968f35751792bdfbca90c86f749969b50ccd3470ec,20,0.1388888888888889,0.09934086629001883,4,0,/e/fscratch/reformo/schuhmann1/scientific-distillation-865-20261004/release/data/train.jsonl:140
Qwen27 / validated corrected final (separate view),arxiv-new_00338-3015,8e6ac17b9b3017c9f2dca1968f35751792bdfbca90c86f749969b50ccd3470ec,20,0.15002180549498473,0.10815525512429132,5,0,/e/fscratch/reformo/schuhmann1/scientific-distillation-865-20261004/release/data/train.jsonl:140
Qwen27 / raw generator training target,arxiv-new_00338-3037,abef87a8c81352532750ce44792a8fdb69d32ef6aafee90d48672a3be2b45ea7,17,0.20812182741116753,0.1431472081218274,4,0,/e/fscratch/reformo/schuhmann1/scientific-distillation-865-20261004/release/data/train.jsonl:141
Qwen27 / validated corrected final (separate view),arxiv-new_00338-3037,abef87a8c81352532750ce44792a8fdb69d32ef6aafee90d48672a3be2b45ea7,17,0.20707070707070707,0.14242424242424243,4,0,/e/fscratch/reformo/schuhmann1/scientific-distillation-865-20261004/release/data/train.jsonl:141
Qwen27 / raw generator training target,arxiv-new_00338-3077,b61288de2c60bd6d411c2c049345177f32e250c701adf114c61df9ee27d91465,12,0.11761927255550307,0.08644307982994803,4,0,/e/fscratch/reformo/schuhmann1/scientific-distillation-865-20261004/release/data/train.jsonl:142
Qwen27 / validated corrected final (separate view),arxiv-new_00338-3077,b61288de2c60bd6d411c2c049345177f32e250c701adf114c61df9ee27d91465,12,0.12289966394623139,0.09121459433509362,4,0,/e/fscratch/reformo/schuhmann1/scientific-distillation-865-20261004/release/data/train.jsonl:142
Qwen27 / raw generator training target,arxiv-new_00338-3087,0babce3a1372cd4dedfe22423fb331799dd565b8355b14ae025eb169ecc3b66b,10,0.04160636758321273,0.01772793053545586,6,1,/e/fscratch/reformo/schuhmann1/scientific-distillation-865-20261004/release/data/train.jsonl:143
Qwen27 / validated corrected final (separate view),arxiv-new_00338-3087,0babce3a1372cd4dedfe22423fb331799dd565b8355b14ae025eb169ecc3b66b,16,0.05149781218444968,0.02524402558061259,5,0,/e/fscratch/reformo/schuhmann1/scientific-distillation-865-20261004/release/data/train.jsonl:143
Qwen27 / raw generator training target,arxiv-new_00338-3139,fc11543fb0bc593a647892fe865c6012a6d103223502c058366c16e21c9a64a0,23,0.09915356711003627,0.06590084643288996,6,6,/e/fscratch/reformo/schuhmann1/scientific-distillation-865-20261004/release/data/train.jsonl:144
Qwen27 / validated corrected final (separate view),arxiv-new_00338-3139,fc11543fb0bc593a647892fe865c6012a6d103223502c058366c16e21c9a64a0,23,0.09639203015616586,0.06354334948842219,5,0,/e/fscratch/reformo/schuhmann1/scientific-distillation-865-20261004/release/data/train.jsonl:144
Qwen27 / raw generator training target,arxiv-new_00338-314,2b5b225e729a03304269525cc1f67df0902421305c53b6e51e3004ed5713b89a,19,0.16560509554140126,0.14502694757471826,5,0,/e/fscratch/reformo/schuhmann1/scientific-distillation-865-20261004/release/data/train.jsonl:145
Qwen27 / validated corrected final (separate view),arxiv-new_00338-314,2b5b225e729a03304269525cc1f67df0902421305c53b6e51e3004ed5713b89a,20,0.1685016754427956,0.15126854954523697,5,0,/e/fscratch/reformo/schuhmann1/scientific-distillation-865-20261004/release/data/train.jsonl:145
Qwen27 / raw generator training target,arxiv-new_00338-3146,6fc4c39c73949816a7e01e5d85b77850a4460d461a950d85584d42d5e8c56614,21,0.1068308181096108,0.09015091342335187,5,0,/e/fscratch/reformo/schuhmann1/scientific-distillation-865-20261004/release/data/train.jsonl:146
Qwen27 / validated corrected final (separate view),arxiv-new_00338-3146,6fc4c39c73949816a7e01e5d85b77850a4460d461a950d85584d42d5e8c56614,21,0.103886925795053,0.08480565371024736,5,0,/e/fscratch/reformo/schuhmann1/scientific-distillation-865-20261004/release/data/train.jsonl:146
Qwen27 / raw generator training target,arxiv-new_00338-3155,ae1533e4d719d2c6fcc36d0606e07b824826ba151ec95c4b61ef370e8dd63cfe,22,0.2161849710982659,0.1576107899807322,5,0,/e/fscratch/reformo/schuhmann1/scientific-distillation-865-20261004/release/data/train.jsonl:147
Qwen27 / validated corrected final (separate view),arxiv-new_00338-3155,ae1533e4d719d2c6fcc36d0606e07b824826ba151ec95c4b61ef370e8dd63cfe,22,0.19892857142857143,0.15107142857142858,5,0,/e/fscratch/reformo/schuhmann1/scientific-distillation-865-20261004/release/data/train.jsonl:147
Qwen27 / raw generator training target,arxiv-new_00338-3159,3e92cde3535c0903971360fd6cdf99c8728761654aed732b7078458bdd21b088,19,0.20045871559633027,0.1481651376146789,3,0,/e/fscratch/reformo/schuhmann1/scientific-distillation-865-20261004/release/data/train.jsonl:148
Qwen27 / validated corrected final (separate view),arxiv-new_00338-3159,3e92cde3535c0903971360fd6cdf99c8728761654aed732b7078458bdd21b088,21,0.20846609012289485,0.1565771506599909,4,0,/e/fscratch/reformo/schuhmann1/scientific-distillation-865-20261004/release/data/train.jsonl:148
Qwen27 / raw generator training target,arxiv-new_00338-3163,0184bf8717db4ab0dd102ab1227a3b25918419d64322667245102fcdcd7cf39e,18,0.16811813706929193,0.1385838697463082,3,0,/e/fscratch/reformo/schuhmann1/scientific-distillation-865-20261004/release/data/train.jsonl:149
Qwen27 / validated corrected final (separate view),arxiv-new_00338-3163,0184bf8717db4ab0dd102ab1227a3b25918419d64322667245102fcdcd7cf39e,18,0.16930022573363432,0.13769751693002258,5,0,/e/fscratch/reformo/schuhmann1/scientific-distillation-865-20261004/release/data/train.jsonl:149
Qwen27 / raw generator training target,arxiv-new_00338-3174,77d47b830a4214052eddfea3bdafca7a01a0bd059f19eef7f6bd49d0d351319c,18,0.11046269278866194,0.08295122967903293,4,0,/e/fscratch/reformo/schuhmann1/scientific-distillation-865-20261004/release/data/train.jsonl:150
Qwen27 / validated corrected final (separate view),arxiv-new_00338-3174,77d47b830a4214052eddfea3bdafca7a01a0bd059f19eef7f6bd49d0d351319c,18,0.13628899835796388,0.10673234811165845,4,0,/e/fscratch/reformo/schuhmann1/scientific-distillation-865-20261004/release/data/train.jsonl:150
Qwen27 / raw generator training target,arxiv-new_00338-3214,86eacd43cf3fb15bcfb12942d796119006d2cf3a35fbc2411ca1ddb8f5cc6214,27,0.11460131170176044,0.09423541594753193,5,0,/e/fscratch/reformo/schuhmann1/scientific-distillation-865-20261004/release/data/train.jsonl:151
Qwen27 / validated corrected final (separate view),arxiv-new_00338-3214,86eacd43cf3fb15bcfb12942d796119006d2cf3a35fbc2411ca1ddb8f5cc6214,27,0.12273991655076495,0.10222531293463143,5,0,/e/fscratch/reformo/schuhmann1/scientific-distillation-865-20261004/release/data/train.jsonl:151
Qwen27 / raw generator training target,arxiv-new_00338-3216,78be8080773751f0276705d13a04009f67460478e6b4351274c954ac20f00d53,12,0.07789580171977745,0.05058168942842691,4,0,/e/fscratch/reformo/schuhmann1/scientific-distillation-865-20261004/release/data/train.jsonl:152
Qwen27 / validated corrected final (separate view),arxiv-new_00338-3216,78be8080773751f0276705d13a04009f67460478e6b4351274c954ac20f00d53,12,0.0787321063394683,0.05112474437627812,4,0,/e/fscratch/reformo/schuhmann1/scientific-distillation-865-20261004/release/data/train.jsonl:152
Qwen27 / raw generator training target,arxiv-new_00338-3235,f7cc6e8e2e138f81bac8fba01b16d5e354fe0888a720680d45769ee5d9ec4996,23,0.16306549628629305,0.12795408507765024,5,0,/e/fscratch/reformo/schuhmann1/scientific-distillation-865-20261004/release/data/train.jsonl:153
Qwen27 / validated corrected final (separate view),arxiv-new_00338-3235,f7cc6e8e2e138f81bac8fba01b16d5e354fe0888a720680d45769ee5d9ec4996,23,0.17190704032809295,0.13431305536568694,4,0,/e/fscratch/reformo/schuhmann1/scientific-distillation-865-20261004/release/data/train.jsonl:153
Qwen27 / raw generator training target,arxiv-new_00338-3244,a38e3967d301366d5324a5e760d15cf611c877ecb9ad0ed25492fd3ef6fce146,13,0.06296547054840894,0.03046716316858497,5,0,/e/fscratch/reformo/schuhmann1/scientific-distillation-865-20261004/release/data/train.jsonl:154
Qwen27 / validated corrected final (separate view),arxiv-new_00338-3244,a38e3967d301366d5324a5e760d15cf611c877ecb9ad0ed25492fd3ef6fce146,19,0.06414172266340867,0.031154551007941355,5,0,/e/fscratch/reformo/schuhmann1/scientific-distillation-865-20261004/release/data/train.jsonl:154
Qwen27 / raw generator training target,arxiv-new_00338-3250,67fef02376e46edc14a9d039cee2b52eed3991205573450912ea3eae7195466b,14,0.04834123222748815,0.034123222748815164,5,0,/e/fscratch/reformo/schuhmann1/scientific-distillation-865-20261004/release/data/train.jsonl:155
Qwen27 / validated corrected final (separate view),arxiv-new_00338-3250,67fef02376e46edc14a9d039cee2b52eed3991205573450912ea3eae7195466b,14,0.05664794007490637,0.04260299625468165,5,0,/e/fscratch/reformo/schuhmann1/scientific-distillation-865-20261004/release/data/train.jsonl:155
Qwen27 / raw generator training target,arxiv-new_00338-3266,f5b65d3528b4b7c594c61a0bd143ae234585c4d5415d24d06e3ee4142e612c7d,24,0.25710702341137126,0.2044314381270903,6,8,/e/fscratch/reformo/schuhmann1/scientific-distillation-865-20261004/release/data/train.jsonl:156
Qwen27 / validated corrected final (separate view),arxiv-new_00338-3266,f5b65d3528b4b7c594c61a0bd143ae234585c4d5415d24d06e3ee4142e612c7d,28,0.275762572135202,0.2238252267106348,4,0,/e/fscratch/reformo/schuhmann1/scientific-distillation-865-20261004/release/data/train.jsonl:156
Qwen27 / raw generator training target,arxiv-new_00338-336,b9ee6bef2aa638c2835dbfdeba6a4c993399563a817fd9765b17079e3e03785d,19,0.12121212121212122,0.09971811134601832,6,3,/e/fscratch/reformo/schuhmann1/scientific-distillation-865-20261004/release/data/train.jsonl:157
Qwen27 / validated corrected final (separate view),arxiv-new_00338-336,b9ee6bef2aa638c2835dbfdeba6a4c993399563a817fd9765b17079e3e03785d,19,0.12134038800705467,0.09982363315696649,5,0,/e/fscratch/reformo/schuhmann1/scientific-distillation-865-20261004/release/data/train.jsonl:157
Qwen27 / raw generator training target,arxiv-new_00338-3369,19a61993a205997923ebc45e41840f28f29ded217a22ea4fc21892eb72b2fc18,21,0.14357197844495767,0.11932255581216321,5,0,/e/fscratch/reformo/schuhmann1/scientific-distillation-865-20261004/release/data/train.jsonl:158
Qwen27 / validated corrected final (separate view),arxiv-new_00338-3369,19a61993a205997923ebc45e41840f28f29ded217a22ea4fc21892eb72b2fc18,21,0.13208202989224888,0.11018421967327077,5,0,/e/fscratch/reformo/schuhmann1/scientific-distillation-865-20261004/release/data/train.jsonl:158
Qwen27 / raw generator training target,arxiv-new_00338-337,91614c44fa92e9a1c06030c2f0341b4b2a175bbca4ed9df592af62b9084b27b9,13,0.10922712933753943,0.08793375394321766,6,3,/e/fscratch/reformo/schuhmann1/scientific-distillation-865-20261004/release/data/train.jsonl:159
Qwen27 / validated corrected final (separate view),arxiv-new_00338-337,91614c44fa92e9a1c06030c2f0341b4b2a175bbca4ed9df592af62b9084b27b9,14,0.14133688061190555,0.11739275024941802,5,0,/e/fscratch/reformo/schuhmann1/scientific-distillation-865-20261004/release/data/train.jsonl:159
Qwen27 / raw generator training target,arxiv-new_00338-3372,6d36c55d31fae6b4697ac9741efbf1b8f128f6ff47c4103ee9191f224a478fd2,24,0.26338413442751074,0.22626025791324736,5,0,/e/fscratch/reformo/schuhmann1/scientific-distillation-865-20261004/release/data/train.jsonl:160
Qwen27 / validated corrected final (separate view),arxiv-new_00338-3372,6d36c55d31fae6b4697ac9741efbf1b8f128f6ff47c4103ee9191f224a478fd2,24,0.2895579756566304,0.2591287636130685,4,0,/e/fscratch/reformo/schuhmann1/scientific-distillation-865-20261004/release/data/train.jsonl:160
Qwen27 / raw generator training target,arxiv-new_00338-3388,71987c71ef728a311e95e5fe60549f1adf08439628ffc85dea47efa2bbbfa004,18,0.1293610348882791,0.09094472755782046,3,0,/e/fscratch/reformo/schuhmann1/scientific-distillation-865-20261004/release/data/train.jsonl:161
Qwen27 / validated corrected final (separate view),arxiv-new_00338-3388,71987c71ef728a311e95e5fe60549f1adf08439628ffc85dea47efa2bbbfa004,18,0.1264099572150914,0.08595877090626215,3,0,/e/fscratch/reformo/schuhmann1/scientific-distillation-865-20261004/release/data/train.jsonl:161
Qwen27 / raw generator training target,arxiv-new_00338-3391,7dcd8865ec0ae8d0cb481e0dfaaf155fdf6ae731558dcc24bbfe5d4b77ad1445,21,0.25193325193325194,0.21855921855921856,8,5,/e/fscratch/reformo/schuhmann1/scientific-distillation-865-20261004/release/data/train.jsonl:162
Qwen27 / validated corrected final (separate view),arxiv-new_00338-3391,7dcd8865ec0ae8d0cb481e0dfaaf155fdf6ae731558dcc24bbfe5d4b77ad1445,21,0.25427176566314075,0.21847030105777054,5,0,/e/fscratch/reformo/schuhmann1/scientific-distillation-865-20261004/release/data/train.jsonl:162
Qwen27 / raw generator training target,arxiv-new_00338-3392,ef80094267b6c312e151a04c8785f814ef1db5766091777804974f7a66bfb208,23,0.2530955918771669,0.2144626052501238,4,0,/e/fscratch/reformo/schuhmann1/scientific-distillation-865-20261004/release/data/train.jsonl:163
Qwen27 / validated corrected final (separate view),arxiv-new_00338-3392,ef80094267b6c312e151a04c8785f814ef1db5766091777804974f7a66bfb208,23,0.2483349191246432,0.21122740247383445,4,0,/e/fscratch/reformo/schuhmann1/scientific-distillation-865-20261004/release/data/train.jsonl:163
Qwen27 / raw generator training target,arxiv-new_00338-3405,20169542ab5525ad626f3d6110b1895f5290d8e6c7a82fa47667be9b7387e6ea,15,0.16526946107784432,0.13013972055888223,3,0,/e/fscratch/reformo/schuhmann1/scientific-distillation-865-20261004/release/data/train.jsonl:164
Qwen27 / validated corrected final (separate view),arxiv-new_00338-3405,20169542ab5525ad626f3d6110b1895f5290d8e6c7a82fa47667be9b7387e6ea,15,0.14907697666318356,0.11842563566701497,4,0,/e/fscratch/reformo/schuhmann1/scientific-distillation-865-20261004/release/data/train.jsonl:164
Qwen27 / raw generator training target,arxiv-new_00338-3426,ca13967cd7aa39ffc284916534a5772bad9459bc06527d3d7cdc7da85f49aa87,18,0.218104062722737,0.18139700641482537,4,0,/e/fscratch/reformo/schuhmann1/scientific-distillation-865-20261004/release/data/train.jsonl:165
Qwen27 / validated corrected final (separate view),arxiv-new_00338-3426,ca13967cd7aa39ffc284916534a5772bad9459bc06527d3d7cdc7da85f49aa87,18,0.2291735265064208,0.18735594336516298,4,0,/e/fscratch/reformo/schuhmann1/scientific-distillation-865-20261004/release/data/train.jsonl:165
Qwen27 / raw generator training target,arxiv-new_00338-3460,fac0f59f010822ca6fd1b69b352b82932ca48f8aff90f7492711a935bc8e78d1,15,0.17844827586206896,0.11896551724137931,4,0,/e/fscratch/reformo/schuhmann1/scientific-distillation-865-20261004/release/data/train.jsonl:166
Qwen27 / validated corrected final (separate view),arxiv-new_00338-3460,fac0f59f010822ca6fd1b69b352b82932ca48f8aff90f7492711a935bc8e78d1,15,0.17960954446854663,0.11973969631236442,4,0,/e/fscratch/reformo/schuhmann1/scientific-distillation-865-20261004/release/data/train.jsonl:166
Qwen27 / raw generator training target,arxiv-new_00338-3472,f1504c55e17ced05b1f24099c0751a6cc47c26c935d0b3f6c3795cb16d73e433,17,0.1411906677393403,0.11745776347546259,5,0,/e/fscratch/reformo/schuhmann1/scientific-distillation-865-20261004/release/data/train.jsonl:167
Qwen27 / validated corrected final (separate view),arxiv-new_00338-3472,f1504c55e17ced05b1f24099c0751a6cc47c26c935d0b3f6c3795cb16d73e433,17,0.13931085587254538,0.11115227862171174,5,0,/e/fscratch/reformo/schuhmann1/scientific-distillation-865-20261004/release/data/train.jsonl:167
Qwen27 / raw generator training target,arxiv-new_00338-3480,bebccc5d88128447014e1dc5a793209fa837476d020ebf31c2e1a5c79ebfc376,21,0.26044776119402985,0.20671641791044776,4,0,/e/fscratch/reformo/schuhmann1/scientific-distillation-865-20261004/release/data/train.jsonl:168
Qwen27 / validated corrected final (separate view),arxiv-new_00338-3480,bebccc5d88128447014e1dc5a793209fa837476d020ebf31c2e1a5c79ebfc376,21,0.2625553914327917,0.20716395864106352,4,0,/e/fscratch/reformo/schuhmann1/scientific-distillation-865-20261004/release/data/train.jsonl:168
Qwen27 / raw generator training target,arxiv-new_00338-3485,d2fd7dfd4dcc7ebe16e63942078be06f2e1af711206adbfc90e4001f9fb51f96,13,0.08007518796992481,0.04849624060150376,5,0,/e/fscratch/reformo/schuhmann1/scientific-distillation-865-20261004/release/data/train.jsonl:169
Qwen27 / validated corrected final (separate view),arxiv-new_00338-3485,d2fd7dfd4dcc7ebe16e63942078be06f2e1af711206adbfc90e4001f9fb51f96,14,0.08808479532163743,0.055190058479532164,5,0,/e/fscratch/reformo/schuhmann1/scientific-distillation-865-20261004/release/data/train.jsonl:169
Qwen27 / raw generator training target,arxiv-new_00338-3489,5e5ee2052118d26cc3732ad4733f337e0216a69bfa951c4ec6c2703de1cc49a0,18,0.1602760736196319,0.11541411042944785,5,0,/e/fscratch/reformo/schuhmann1/scientific-distillation-865-20261004/release/data/train.jsonl:170
Qwen27 / validated corrected final (separate view),arxiv-new_00338-3489,5e5ee2052118d26cc3732ad4733f337e0216a69bfa951c4ec6c2703de1cc49a0,18,0.15500376222723852,0.11324303987960872,5,0,/e/fscratch/reformo/schuhmann1/scientific-distillation-865-20261004/release/data/train.jsonl:170
Qwen27 / raw generator training target,arxiv-new_00338-3496,e806791db0258bbd9b5adabfefc7dec60b768d47afe30089e9381477dd78770f,15,0.1646090534979424,0.11796982167352538,4,0,/e/fscratch/reformo/schuhmann1/scientific-distillation-865-20261004/release/data/train.jsonl:171
Qwen27 / validated corrected final (separate view),arxiv-new_00338-3496,e806791db0258bbd9b5adabfefc7dec60b768d47afe30089e9381477dd78770f,15,0.1606779661016949,0.11864406779661017,4,0,/e/fscratch/reformo/schuhmann1/scientific-distillation-865-20261004/release/data/train.jsonl:171
Qwen27 / raw generator training target,arxiv-new_00338-3504,1814296ba6c054c5fd29ff81dd80dc7684e7e32ca1d7ef46cb44ee564b356f42,14,0.14894571556751907,0.10856886496186631,4,0,/e/fscratch/reformo/schuhmann1/scientific-distillation-865-20261004/release/data/train.jsonl:172
Qwen27 / validated corrected final (separate view),arxiv-new_00338-3504,1814296ba6c054c5fd29ff81dd80dc7684e7e32ca1d7ef46cb44ee564b356f42,14,0.15394736842105264,0.11710526315789474,4,0,/e/fscratch/reformo/schuhmann1/scientific-distillation-865-20261004/release/data/train.jsonl:172
Qwen27 / raw generator training target,arxiv-new_00338-3516,96646590535e3c16c5d17af6e2191286864a030480ca6ef3412a6ac32105cb3b,19,0.2699490662139219,0.2266553480475382,5,0,/e/fscratch/reformo/schuhmann1/scientific-distillation-865-20261004/release/data/train.jsonl:173
Qwen27 / validated corrected final (separate view),arxiv-new_00338-3516,96646590535e3c16c5d17af6e2191286864a030480ca6ef3412a6ac32105cb3b,19,0.28466872110939906,0.2430662557781202,5,0,/e/fscratch/reformo/schuhmann1/scientific-distillation-865-20261004/release/data/train.jsonl:173
Qwen27 / raw generator training target,arxiv-new_00338-3522,9d2c4aaa6890060a0f740524b8141ba6be86e5adc5cd9bd652127597492ec38c,17,0.12797461660497092,0.07191961924907457,4,0,/e/fscratch/reformo/schuhmann1/scientific-distillation-865-20261004/release/data/train.jsonl:174
Qwen27 / validated corrected final (separate view),arxiv-new_00338-3522,9d2c4aaa6890060a0f740524b8141ba6be86e5adc5cd9bd652127597492ec38c,17,0.1334355828220859,0.07924335378323108,3,0,/e/fscratch/reformo/schuhmann1/scientific-distillation-865-20261004/release/data/train.jsonl:174
Qwen27 / raw generator training target,arxiv-new_00338-3529,34257251c57912eb6bac56c9af5d875681c909960a74465f8beffda1a7f89a60,17,0.13679034421099687,0.09924005364327224,4,0,/e/fscratch/reformo/schuhmann1/scientific-distillation-865-20261004/release/data/train.jsonl:175
Qwen27 / validated corrected final (separate view),arxiv-new_00338-3529,34257251c57912eb6bac56c9af5d875681c909960a74465f8beffda1a7f89a60,17,0.14605263157894738,0.10394736842105264,4,0,/e/fscratch/reformo/schuhmann1/scientific-distillation-865-20261004/release/data/train.jsonl:175
Qwen27 / raw generator training target,arxiv-new_00338-353,ea16934fc389696c0c76de6ad18b56bb2be9a20dae2b9899fe824d02471e80f5,15,0.11814982403217697,0.08798391151332328,5,2,/e/fscratch/reformo/schuhmann1/scientific-distillation-865-20261004/release/data/train.jsonl:176
Qwen27 / validated corrected final (separate view),arxiv-new_00338-353,ea16934fc389696c0c76de6ad18b56bb2be9a20dae2b9899fe824d02471e80f5,15,0.12330623306233063,0.0948509485094851,5,0,/e/fscratch/reformo/schuhmann1/scientific-distillation-865-20261004/release/data/train.jsonl:176
Qwen27 / raw generator training target,arxiv-new_00338-3532,cab542e3bad698f47cf5a16dc20bdbc27eca1bcfd17301fa86f4a956c70642ce,18,0.15179677819083023,0.1047087980173482,4,0,/e/fscratch/reformo/schuhmann1/scientific-distillation-865-20261004/release/data/train.jsonl:177
Qwen27 / validated corrected final (separate view),arxiv-new_00338-3532,cab542e3bad698f47cf5a16dc20bdbc27eca1bcfd17301fa86f4a956c70642ce,18,0.17212156633547632,0.12594973699590883,4,0,/e/fscratch/reformo/schuhmann1/scientific-distillation-865-20261004/release/data/train.jsonl:177
Qwen27 / raw generator training target,arxiv-new_00338-3540,7929ad96fca875480288237181bfe3678717f4de4e7412e624bf031504bc5aa8,23,0.24250105618926912,0.1681453316434305,5,0,/e/fscratch/reformo/schuhmann1/scientific-distillation-865-20261004/release/data/train.jsonl:178
Qwen27 / validated corrected final (separate view),arxiv-new_00338-3540,7929ad96fca875480288237181bfe3678717f4de4e7412e624bf031504bc5aa8,23,0.2668339606859055,0.1932245922208281,5,0,/e/fscratch/reformo/schuhmann1/scientific-distillation-865-20261004/release/data/train.jsonl:178
Qwen27 / raw generator training target,arxiv-new_00338-3541,99582066cf233564e132d908695194dad097af20264285228c4ebf49e4e375c6,18,0.14102564102564102,0.10256410256410256,4,0,/e/fscratch/reformo/schuhmann1/scientific-distillation-865-20261004/release/data/train.jsonl:179
Qwen27 / validated corrected final (separate view),arxiv-new_00338-3541,99582066cf233564e132d908695194dad097af20264285228c4ebf49e4e375c6,18,0.14113181504485853,0.10179434092477571,4,0,/e/fscratch/reformo/schuhmann1/scientific-distillation-865-20261004/release/data/train.jsonl:179
Qwen27 / raw generator training target,arxiv-new_00338-3563,3cc12b7b58acf399319025590e1a1290f9d1449298a6487634a61dc098b5285b,15,0.08291110087517273,0.0718562874251497,6,2,/e/fscratch/reformo/schuhmann1/scientific-distillation-865-20261004/release/data/train.jsonl:180
Qwen27 / validated corrected final (separate view),arxiv-new_00338-3563,3cc12b7b58acf399319025590e1a1290f9d1449298a6487634a61dc098b5285b,16,0.09852631578947368,0.08336842105263158,5,0,/e/fscratch/reformo/schuhmann1/scientific-distillation-865-20261004/release/data/train.jsonl:180
Qwen27 / raw generator training target,arxiv-new_00338-3586,78af6913dc47c3d9bfe209ab52f94987b9b26bfc600a5f67f4fdab82dd0d11bc,12,0.07996323529411764,0.05238970588235294,4,0,/e/fscratch/reformo/schuhmann1/scientific-distillation-865-20261004/release/data/train.jsonl:181
Qwen27 / validated corrected final (separate view),arxiv-new_00338-3586,78af6913dc47c3d9bfe209ab52f94987b9b26bfc600a5f67f4fdab82dd0d11bc,12,0.08232758620689655,0.05387931034482758,4,0,/e/fscratch/reformo/schuhmann1/scientific-distillation-865-20261004/release/data/train.jsonl:181
Qwen27 / raw generator training target,arxiv-new_00338-3592,43e0fe287dc69d77496011e7c46795066758f096fea829d05256bb8b241c7fe0,13,0.14103275957801223,0.110494169905608,5,0,/e/fscratch/reformo/schuhmann1/scientific-distillation-865-20261004/release/data/train.jsonl:182
Qwen27 / validated corrected final (separate view),arxiv-new_00338-3592,43e0fe287dc69d77496011e7c46795066758f096fea829d05256bb8b241c7fe0,26,0.14345991561181434,0.11445147679324895,5,0,/e/fscratch/reformo/schuhmann1/scientific-distillation-865-20261004/release/data/train.jsonl:182
Qwen27 / raw generator training target,arxiv-new_00338-3602,dd79b0d37931df7b0a98cac0fa6f9dbf44163f28d331800456185fba20d691a7,21,0.18022619481940896,0.14775629332360452,4,0,/e/fscratch/reformo/schuhmann1/scientific-distillation-865-20261004/release/data/train.jsonl:183
Qwen27 / validated corrected final (separate view),arxiv-new_00338-3602,dd79b0d37931df7b0a98cac0fa6f9dbf44163f28d331800456185fba20d691a7,21,0.18002915451895043,0.14759475218658893,4,0,/e/fscratch/reformo/schuhmann1/scientific-distillation-865-20261004/release/data/train.jsonl:183
Qwen27 / raw generator training target,arxiv-new_00338-3605,2dca006c269c4307e100e7859fa11aec1d57ac389575e85a2a0347741c8d7dbf,16,0.15358231707317074,0.12157012195121951,8,6,/e/fscratch/reformo/schuhmann1/scientific-distillation-865-20261004/release/data/train.jsonl:184
Qwen27 / validated corrected final (separate view),arxiv-new_00338-3605,2dca006c269c4307e100e7859fa11aec1d57ac389575e85a2a0347741c8d7dbf,16,0.15161775771256583,0.1200150489089541,5,0,/e/fscratch/reformo/schuhmann1/scientific-distillation-865-20261004/release/data/train.jsonl:184
Qwen27 / raw generator training target,arxiv-new_00338-3631,a574d481d059aaf5753917cde95cfa43a35181c21ae6cf50b4f1671e8641e0b2,13,0.1252461599054746,0.08270972823946436,6,1,/e/fscratch/reformo/schuhmann1/scientific-distillation-865-20261004/release/data/train.jsonl:185
Qwen27 / validated corrected final (separate view),arxiv-new_00338-3631,a574d481d059aaf5753917cde95cfa43a35181c21ae6cf50b4f1671e8641e0b2,13,0.11887632750942104,0.07982185680027407,5,0,/e/fscratch/reformo/schuhmann1/scientific-distillation-865-20261004/release/data/train.jsonl:185
Qwen27 / raw generator training target,arxiv-new_00338-3647,aef41518e38e607e0637cc5ea4bd7395c66696025d3a0a6ab1b936ec2c0419a4,18,0.14273010226767452,0.12094264117385504,6,3,/e/fscratch/reformo/schuhmann1/scientific-distillation-865-20261004/release/data/train.jsonl:186
Qwen27 / validated corrected final (separate view),arxiv-new_00338-3647,aef41518e38e607e0637cc5ea4bd7395c66696025d3a0a6ab1b936ec2c0419a4,19,0.1470327723649247,0.12533215234720993,5,0,/e/fscratch/reformo/schuhmann1/scientific-distillation-865-20261004/release/data/train.jsonl:186
Qwen27 / raw generator training target,arxiv-new_00338-3650,c8a38e2dd589c27d934f2bf6e391092dc7a3410ff9647dcb46a5306e3206eeb6,10,0.08821917808219178,0.03890410958904109,3,0,/e/fscratch/reformo/schuhmann1/scientific-distillation-865-20261004/release/data/train.jsonl:187
Qwen27 / validated corrected final (separate view),arxiv-new_00338-3650,c8a38e2dd589c27d934f2bf6e391092dc7a3410ff9647dcb46a5306e3206eeb6,10,0.09243697478991597,0.04794859120118636,4,0,/e/fscratch/reformo/schuhmann1/scientific-distillation-865-20261004/release/data/train.jsonl:187
Qwen27 / raw generator training target,arxiv-new_00338-3682,d58224e81559e2228e63f90eecf460ddc03aab7280c11da638eddcdd37c2a9d4,19,0.26332537788385046,0.20365950676213207,5,0,/e/fscratch/reformo/schuhmann1/scientific-distillation-865-20261004/release/data/train.jsonl:188
Qwen27 / validated corrected final (separate view),arxiv-new_00338-3682,d58224e81559e2228e63f90eecf460ddc03aab7280c11da638eddcdd37c2a9d4,19,0.26743722598644876,0.20765245117576725,4,0,/e/fscratch/reformo/schuhmann1/scientific-distillation-865-20261004/release/data/train.jsonl:188
Qwen27 / raw generator training target,arxiv-new_00338-3698,d031c02b8cfaf7a71025ac45c8c38883528f3ff9d2b12427b6b854336efe6ea6,10,0.061395348837209304,0.02744186046511628,5,0,/e/fscratch/reformo/schuhmann1/scientific-distillation-865-20261004/release/data/train.jsonl:189
Qwen27 / validated corrected final (separate view),arxiv-new_00338-3698,d031c02b8cfaf7a71025ac45c8c38883528f3ff9d2b12427b6b854336efe6ea6,10,0.05953991880920163,0.026612539467749212,5,0,/e/fscratch/reformo/schuhmann1/scientific-distillation-865-20261004/release/data/train.jsonl:189
Qwen27 / raw generator training target,arxiv-new_00338-374,2e0ecaaaf8fa01d609f22e7c80175dced46e8c9cce14d62f4af94f5d7c396bf2,17,0.16684303350970017,0.12204585537918872,4,0,/e/fscratch/reformo/schuhmann1/scientific-distillation-865-20261004/release/data/train.jsonl:190
Qwen27 / validated corrected final (separate view),arxiv-new_00338-374,2e0ecaaaf8fa01d609f22e7c80175dced46e8c9cce14d62f4af94f5d7c396bf2,17,0.15787738958470665,0.11404087013843112,4,0,/e/fscratch/reformo/schuhmann1/scientific-distillation-865-20261004/release/data/train.jsonl:190
Qwen27 / raw generator training target,arxiv-new_00338-3770,f676f32519da10bc227674291b6b71acf17ae20cbd8341cd03dc11fbab1931ba,22,0.20374707259953162,0.16744730679156908,5,0,/e/fscratch/reformo/schuhmann1/scientific-distillation-865-20261004/release/data/train.jsonl:191
Qwen27 / validated corrected final (separate view),arxiv-new_00338-3770,f676f32519da10bc227674291b6b71acf17ae20cbd8341cd03dc11fbab1931ba,22,0.2012724117987276,0.16541353383458646,5,0,/e/fscratch/reformo/schuhmann1/scientific-distillation-865-20261004/release/data/train.jsonl:191
Qwen27 / raw generator training target,arxiv-new_00338-3779,edcfabac4bcfac24968b885661d6fc39ef7ca6a42fbb42bd55d619e248d86bc3,21,0.2650125854009349,0.21718806184825604,6,2,/e/fscratch/reformo/schuhmann1/scientific-distillation-865-20261004/release/data/train.jsonl:192
Qwen27 / validated corrected final (separate view),arxiv-new_00338-3779,edcfabac4bcfac24968b885661d6fc39ef7ca6a42fbb42bd55d619e248d86bc3,21,0.26711840228245365,0.22182596291012838,5,0,/e/fscratch/reformo/schuhmann1/scientific-distillation-865-20261004/release/data/train.jsonl:192
Qwen27 / raw generator training target,arxiv-new_00338-3780,bc61f62a847b5b7a4ae695a29d105466a5a6cd729ac59fb56f6b269b56522ed5,17,0.10816411106506424,0.08578532946539577,4,0,/e/fscratch/reformo/schuhmann1/scientific-distillation-865-20261004/release/data/train.jsonl:193
Qwen27 / validated corrected final (separate view),arxiv-new_00338-3780,bc61f62a847b5b7a4ae695a29d105466a5a6cd729ac59fb56f6b269b56522ed5,17,0.11577752553916004,0.09307604994324631,5,0,/e/fscratch/reformo/schuhmann1/scientific-distillation-865-20261004/release/data/train.jsonl:193
Qwen27 / raw generator training target,arxiv-new_00338-3820,f1ab934257d6392df82d28a39cc1a68f0ef208febdabdd8a27bc618511e6dc49,23,0.3210912906610703,0.25445960125918154,4,0,/e/fscratch/reformo/schuhmann1/scientific-distillation-865-20261004/release/data/train.jsonl:194
Qwen27 / validated corrected final (separate view),arxiv-new_00338-3820,f1ab934257d6392df82d28a39cc1a68f0ef208febdabdd8a27bc618511e6dc49,23,0.3138888888888889,0.25787037037037036,4,0,/e/fscratch/reformo/schuhmann1/scientific-distillation-865-20261004/release/data/train.jsonl:194
Qwen27 / raw generator training target,arxiv-new_00338-3832,3b18feb3408a4c9c1feb65efe20d8a63e1dcca75268f2e7dea75c28c78992b76,22,0.16964640444974174,0.14580850218514105,4,0,/e/fscratch/reformo/schuhmann1/scientific-distillation-865-20261004/release/data/train.jsonl:195
Qwen27 / validated corrected final (separate view),arxiv-new_00338-3832,3b18feb3408a4c9c1feb65efe20d8a63e1dcca75268f2e7dea75c28c78992b76,22,0.19086651053864168,0.16276346604215455,4,0,/e/fscratch/reformo/schuhmann1/scientific-distillation-865-20261004/release/data/train.jsonl:195
Qwen27 / raw generator training target,arxiv-new_00338-3833,9b38375d35ac1247388cad3778d4429408955fb8fad3cf9da28e6ce10e8d9fe5,20,0.145478374836173,0.09217999126256007,6,11,/e/fscratch/reformo/schuhmann1/scientific-distillation-865-20261004/release/data/train.jsonl:196
Qwen27 / validated corrected final (separate view),arxiv-new_00338-3833,9b38375d35ac1247388cad3778d4429408955fb8fad3cf9da28e6ce10e8d9fe5,20,0.129813418023025,0.08376339817387853,4,0,/e/fscratch/reformo/schuhmann1/scientific-distillation-865-20261004/release/data/train.jsonl:196
Qwen27 / raw generator training target,arxiv-new_00338-3846,042b12d123280264157cacd84c5b919f1ecd6d2ad74af26d5fe4f835fb0a6357,12,0.06699507389162561,0.05517241379310345,5,0,/e/fscratch/reformo/schuhmann1/scientific-distillation-865-20261004/release/data/train.jsonl:197
Qwen27 / validated corrected final (separate view),arxiv-new_00338-3846,042b12d123280264157cacd84c5b919f1ecd6d2ad74af26d5fe4f835fb0a6357,12,0.07108549471661864,0.059558117195004805,5,0,/e/fscratch/reformo/schuhmann1/scientific-distillation-865-20261004/release/data/train.jsonl:197
Qwen27 / raw generator training target,arxiv-new_00338-3852,df24c2399bbb45ccd1b2cff55f6e30cc10aaa4f82b9334777bb270835cda1bee,19,0.08835758835758836,0.06652806652806653,5,5,/e/fscratch/reformo/schuhmann1/scientific-distillation-865-20261004/release/data/train.jsonl:198
Qwen27 / validated corrected final (separate view),arxiv-new_00338-3852,df24c2399bbb45ccd1b2cff55f6e30cc10aaa4f82b9334777bb270835cda1bee,19,0.09125840537944284,0.06820365033621517,5,0,/e/fscratch/reformo/schuhmann1/scientific-distillation-865-20261004/release/data/train.jsonl:198
Qwen27 / raw generator training target,arxiv-new_00338-3889,f99d5dbfab8d86fbfbbed507cc1d37c9d06577315d5fe362122dd720e9949885,18,0.18700034758428918,0.1505039972193257,4,0,/e/fscratch/reformo/schuhmann1/scientific-distillation-865-20261004/release/data/train.jsonl:199
Qwen27 / validated corrected final (separate view),arxiv-new_00338-3889,f99d5dbfab8d86fbfbbed507cc1d37c9d06577315d5fe362122dd720e9949885,18,0.19605809128630705,0.15975103734439833,4,0,/e/fscratch/reformo/schuhmann1/scientific-distillation-865-20261004/release/data/train.jsonl:199
Qwen27 / raw generator training target,arxiv-new_00338-3899,5ada677592f02e37e1085fce7b6077ff27fcbf91c21323d6fce12caeb3d1007a,9,0.05318559556786703,0.043213296398891966,5,1,/e/fscratch/reformo/schuhmann1/scientific-distillation-865-20261004/release/data/train.jsonl:200
Qwen27 / validated corrected final (separate view),arxiv-new_00338-3899,5ada677592f02e37e1085fce7b6077ff27fcbf91c21323d6fce12caeb3d1007a,11,0.06482899438489025,0.049515058703420115,5,0,/e/fscratch/reformo/schuhmann1/scientific-distillation-865-20261004/release/data/train.jsonl:200
Qwen27 / raw generator training target,arxiv-new_00338-3928,6ed37ef9e5dad5c12862bc0cd381ce5441416ba9dc6bceaa4d5e958a4e77eee0,20,0.15103270223752152,0.11876075731497418,5,0,/e/fscratch/reformo/schuhmann1/scientific-distillation-865-20261004/release/data/train.jsonl:201
Qwen27 / validated corrected final (separate view),arxiv-new_00338-3928,6ed37ef9e5dad5c12862bc0cd381ce5441416ba9dc6bceaa4d5e958a4e77eee0,20,0.14899957428693061,0.11707109408258834,5,0,/e/fscratch/reformo/schuhmann1/scientific-distillation-865-20261004/release/data/train.jsonl:201
Qwen27 / raw generator training target,arxiv-new_00338-3947,2172e8c1e695630155494c97932f6505fd54972b1c4f19ccc4606c323fffcc3c,30,0.24850299401197604,0.22821024617431804,5,0,/e/fscratch/reformo/schuhmann1/scientific-distillation-865-20261004/release/data/train.jsonl:202
Qwen27 / validated corrected final (separate view),arxiv-new_00338-3947,2172e8c1e695630155494c97932f6505fd54972b1c4f19ccc4606c323fffcc3c,30,0.24507127691841069,0.22474977252047315,5,0,/e/fscratch/reformo/schuhmann1/scientific-distillation-865-20261004/release/data/train.jsonl:202
Qwen27 / raw generator training target,arxiv-new_00338-3968,3cff0e33677c60a28c583db0d198b408076bcb9f07c66ed982a47fa49c0ae226,20,0.23260340632603407,0.19562043795620437,4,1,/e/fscratch/reformo/schuhmann1/scientific-distillation-865-20261004/release/data/train.jsonl:203
Qwen27 / validated corrected final (separate view),arxiv-new_00338-3968,3cff0e33677c60a28c583db0d198b408076bcb9f07c66ed982a47fa49c0ae226,20,0.24785510009532888,0.2001906577693041,4,0,/e/fscratch/reformo/schuhmann1/scientific-distillation-865-20261004/release/data/train.jsonl:203
Qwen27 / raw generator training target,arxiv-new_00338-397,97736e8e672ffac30c660018c2689d49bed384b04bcb54021eea2db93f7b7614,26,0.3250197941409343,0.29097387173396677,5,0,/e/fscratch/reformo/schuhmann1/scientific-distillation-865-20261004/release/data/train.jsonl:204
Qwen27 / validated corrected final (separate view),arxiv-new_00338-397,97736e8e672ffac30c660018c2689d49bed384b04bcb54021eea2db93f7b7614,26,0.32075471698113206,0.2893081761006289,5,0,/e/fscratch/reformo/schuhmann1/scientific-distillation-865-20261004/release/data/train.jsonl:204
Qwen27 / raw generator training target,arxiv-new_00338-3992,facb51f317e8242290c5bf66854185c0c23247e139812c884c85833a3e11be85,18,0.14046121593291405,0.1119496855345912,5,0,/e/fscratch/reformo/schuhmann1/scientific-distillation-865-20261004/release/data/train.jsonl:205
Qwen27 / validated corrected final (separate view),arxiv-new_00338-3992,facb51f317e8242290c5bf66854185c0c23247e139812c884c85833a3e11be85,18,0.12958715596330275,0.09900611620795106,5,0,/e/fscratch/reformo/schuhmann1/scientific-distillation-865-20261004/release/data/train.jsonl:205
Qwen27 / raw generator training target,arxiv-new_00338-4030,4c1b3c0a00db6fe8aea1348a2a8b060f17d4f3c68baf12b863cd6a65f48dfccf,23,0.19705882352941176,0.1453781512605042,5,0,/e/fscratch/reformo/schuhmann1/scientific-distillation-865-20261004/release/data/train.jsonl:206
Qwen27 / validated corrected final (separate view),arxiv-new_00338-4030,4c1b3c0a00db6fe8aea1348a2a8b060f17d4f3c68baf12b863cd6a65f48dfccf,23,0.1899464359291306,0.14173877214668315,4,0,/e/fscratch/reformo/schuhmann1/scientific-distillation-865-20261004/release/data/train.jsonl:206
Qwen27 / raw generator training target,arxiv-new_00338-4041,f69f18ff673ccdefd8072ba0fd23c80c8800187a461d8f0d692dc3dcab52dd86,21,0.1913536498936924,0.1467044649184975,3,0,/e/fscratch/reformo/schuhmann1/scientific-distillation-865-20261004/release/data/train.jsonl:207
Qwen27 / validated corrected final (separate view),arxiv-new_00338-4041,f69f18ff673ccdefd8072ba0fd23c80c8800187a461d8f0d692dc3dcab52dd86,21,0.17815902342461234,0.13658858462553614,4,0,/e/fscratch/reformo/schuhmann1/scientific-distillation-865-20261004/release/data/train.jsonl:207
Qwen27 / raw generator training target,arxiv-new_00338-4049,2331fd7d88aa72d1e02e2fb90bf4900c1a3f4f2608c7d58e3c947d98d0eea108,17,0.16248431618569636,0.12296110414052698,6,1,/e/fscratch/reformo/schuhmann1/scientific-distillation-865-20261004/release/data/train.jsonl:208
Qwen27 / validated corrected final (separate view),arxiv-new_00338-4049,2331fd7d88aa72d1e02e2fb90bf4900c1a3f4f2608c7d58e3c947d98d0eea108,17,0.1650185414091471,0.1242274412855377,5,0,/e/fscratch/reformo/schuhmann1/scientific-distillation-865-20261004/release/data/train.jsonl:208
Qwen27 / raw generator training target,arxiv-new_00338-4058,89abb509e75ddf32cc0ae45d12963bb0943647a3dffdfad301850a762417b1fd,16,0.16376870198139912,0.11039223615042458,8,4,/e/fscratch/reformo/schuhmann1/scientific-distillation-865-20261004/release/data/train.jsonl:209
Qwen27 / validated corrected final (separate view),arxiv-new_00338-4058,89abb509e75ddf32cc0ae45d12963bb0943647a3dffdfad301850a762417b1fd,16,0.16129032258064516,0.1087216248506571,5,0,/e/fscratch/reformo/schuhmann1/scientific-distillation-865-20261004/release/data/train.jsonl:209
Qwen27 / raw generator training target,arxiv-new_00338-4101,bce10aaf018115798c59f79a908c197ab3c1f2f530d3aebf913e12655c997f8c,20,0.13081115742225072,0.10965052901571017,4,0,/e/fscratch/reformo/schuhmann1/scientific-distillation-865-20261004/release/data/train.jsonl:210
Qwen27 / validated corrected final (separate view),arxiv-new_00338-4101,bce10aaf018115798c59f79a908c197ab3c1f2f530d3aebf913e12655c997f8c,20,0.12317961165048544,0.10133495145631068,4,0,/e/fscratch/reformo/schuhmann1/scientific-distillation-865-20261004/release/data/train.jsonl:210
Qwen27 / raw generator training target,arxiv-new_00338-412,2caa41217aa7e7fd140052be9438bfc7fec5d1378603ef6341ce4f19f5278b1c,15,0.08010835913312693,0.05224458204334365,4,0,/e/fscratch/reformo/schuhmann1/scientific-distillation-865-20261004/release/data/train.jsonl:211
Qwen27 / validated corrected final (separate view),arxiv-new_00338-412,2caa41217aa7e7fd140052be9438bfc7fec5d1378603ef6341ce4f19f5278b1c,15,0.08293045741911491,0.056154704351059875,4,0,/e/fscratch/reformo/schuhmann1/scientific-distillation-865-20261004/release/data/train.jsonl:211
Qwen27 / raw generator training target,arxiv-new_00338-4149,27e24fae225d916b298848c9493fdea6cb7841fa9ef7be60baf971aa2fe301fa,18,0.15384615384615385,0.12517916865742953,4,0,/e/fscratch/reformo/schuhmann1/scientific-distillation-865-20261004/release/data/train.jsonl:212
Qwen27 / validated corrected final (separate view),arxiv-new_00338-4149,27e24fae225d916b298848c9493fdea6cb7841fa9ef7be60baf971aa2fe301fa,18,0.14888572783309625,0.1204362256993836,4,0,/e/fscratch/reformo/schuhmann1/scientific-distillation-865-20261004/release/data/train.jsonl:212
Qwen27 / raw generator training target,arxiv-new_00338-4152,c7d90388c8fe0e4517598cdcdc546badc22dd916a2e2c1a47dc989d063708251,16,0.17220902612826602,0.14489311163895488,5,0,/e/fscratch/reformo/schuhmann1/scientific-distillation-865-20261004/release/data/train.jsonl:213
Qwen27 / validated corrected final (separate view),arxiv-new_00338-4152,c7d90388c8fe0e4517598cdcdc546badc22dd916a2e2c1a47dc989d063708251,16,0.17361938816050854,0.14858959078267778,5,0,/e/fscratch/reformo/schuhmann1/scientific-distillation-865-20261004/release/data/train.jsonl:213
Qwen27 / raw generator training target,arxiv-new_00338-4178,aeff28c02dc1dddb942b3c84d645c25208fe262ec2ae857931ccc0f0b48800c4,16,0.07334669338677355,0.0468937875751503,5,0,/e/fscratch/reformo/schuhmann1/scientific-distillation-865-20261004/release/data/train.jsonl:214
Qwen27 / validated corrected final (separate view),arxiv-new_00338-4178,aeff28c02dc1dddb942b3c84d645c25208fe262ec2ae857931ccc0f0b48800c4,16,0.08199293840721851,0.05374656728128678,4,0,/e/fscratch/reformo/schuhmann1/scientific-distillation-865-20261004/release/data/train.jsonl:214
Qwen27 / raw generator training target,arxiv-new_00338-4246,7ebfd9a1d7c9eea329ada431d734950e75330f8a1842ce63b77e7e937d101b53,15,0.11047683008730692,0.08025520483546005,5,0,/e/fscratch/reformo/schuhmann1/scientific-distillation-865-20261004/release/data/train.jsonl:215
Qwen27 / validated corrected final (separate view),arxiv-new_00338-4246,7ebfd9a1d7c9eea329ada431d734950e75330f8a1842ce63b77e7e937d101b53,15,0.10885433195810854,0.08029197080291971,5,0,/e/fscratch/reformo/schuhmann1/scientific-distillation-865-20261004/release/data/train.jsonl:215
Qwen27 / raw generator training target,arxiv-new_00338-4265,5ad1d916175268c73c90bf1b4938e06a4ac21f3309d6456a31d6e138b9979977,16,0.15550239234449761,0.12105263157894737,5,0,/e/fscratch/reformo/schuhmann1/scientific-distillation-865-20261004/release/data/train.jsonl:216
Qwen27 / validated corrected final (separate view),arxiv-new_00338-4265,5ad1d916175268c73c90bf1b4938e06a4ac21f3309d6456a31d6e138b9979977,20,0.1536105032822757,0.11947483588621444,4,0,/e/fscratch/reformo/schuhmann1/scientific-distillation-865-20261004/release/data/train.jsonl:216
Qwen27 / raw generator training target,arxiv-new_00338-4316,ef96e031d989ab4172e05eb1c5edd7b56d472bf010955fbcf85229761309ae0a,21,0.11961939284096058,0.08065246941549614,4,0,/e/fscratch/reformo/schuhmann1/scientific-distillation-865-20261004/release/data/train.jsonl:217
Qwen27 / validated corrected final (separate view),arxiv-new_00338-4316,ef96e031d989ab4172e05eb1c5edd7b56d472bf010955fbcf85229761309ae0a,21,0.11990111248454882,0.07704985578903997,5,0,/e/fscratch/reformo/schuhmann1/scientific-distillation-865-20261004/release/data/train.jsonl:217
Qwen27 / raw generator training target,arxiv-new_00338-4329,82e429b1969ed40cb6df497509d984aefcd9bc13a926c18424bfc4e1df95a4d1,12,0.0824679291386683,0.07147220525351253,5,0,/e/fscratch/reformo/schuhmann1/scientific-distillation-865-20261004/release/data/train.jsonl:218
Qwen27 / validated corrected final (separate view),arxiv-new_00338-4329,82e429b1969ed40cb6df497509d984aefcd9bc13a926c18424bfc4e1df95a4d1,12,0.08040500297796307,0.06968433591423466,5,0,/e/fscratch/reformo/schuhmann1/scientific-distillation-865-20261004/release/data/train.jsonl:218
Qwen27 / raw generator training target,arxiv-new_00338-4345,145fd601f9444bbfbeca8f057189a868897fe114d43cbf574e6c0f09cfc10cb3,16,0.18775100401606426,0.14056224899598393,5,0,/e/fscratch/reformo/schuhmann1/scientific-distillation-865-20261004/release/data/train.jsonl:219
Qwen27 / validated corrected final (separate view),arxiv-new_00338-4345,145fd601f9444bbfbeca8f057189a868897fe114d43cbf574e6c0f09cfc10cb3,16,0.1890547263681592,0.14228855721393036,5,0,/e/fscratch/reformo/schuhmann1/scientific-distillation-865-20261004/release/data/train.jsonl:219
Qwen27 / raw generator training target,arxiv-new_00338-4396,20cc9fea2dad804e619719253d578ae66a3885cf1f1a11a10a87b3c5dab8de65,18,0.3753581661891118,0.3134670487106017,5,0,/e/fscratch/reformo/schuhmann1/scientific-distillation-865-20261004/release/data/train.jsonl:220
Qwen27 / validated corrected final (separate view),arxiv-new_00338-4396,20cc9fea2dad804e619719253d578ae66a3885cf1f1a11a10a87b3c5dab8de65,18,0.37649063032367974,0.3151618398637138,4,0,/e/fscratch/reformo/schuhmann1/scientific-distillation-865-20261004/release/data/train.jsonl:220
Qwen27 / raw generator training target,arxiv-new_00338-4410,b2b1f5d2096dca3f6fd3fb75f78d83ea6209ab11e791fa392c2139f397211d38,11,0.08529276164130936,0.06869525126786538,3,0,/e/fscratch/reformo/schuhmann1/scientific-distillation-865-20261004/release/data/train.jsonl:221
Qwen27 / validated corrected final (separate view),arxiv-new_00338-4410,b2b1f5d2096dca3f6fd3fb75f78d83ea6209ab11e791fa392c2139f397211d38,11,0.0839929639401935,0.06552330694810905,5,0,/e/fscratch/reformo/schuhmann1/scientific-distillation-865-20261004/release/data/train.jsonl:221
Qwen27 / raw generator training target,arxiv-new_00338-4413,c2eed47d3248e872e1966dc26e2a9c0f64a1b25d469662553d4fbda989e374ba,18,0.1632088520055325,0.1355463347164592,4,0,/e/fscratch/reformo/schuhmann1/scientific-distillation-865-20261004/release/data/train.jsonl:222
Qwen27 / validated corrected final (separate view),arxiv-new_00338-4413,c2eed47d3248e872e1966dc26e2a9c0f64a1b25d469662553d4fbda989e374ba,18,0.1568627450980392,0.12810457516339868,4,0,/e/fscratch/reformo/schuhmann1/scientific-distillation-865-20261004/release/data/train.jsonl:222
Qwen27 / raw generator training target,arxiv-new_00338-4478,f9bbbc03f48b2354e21e19e05a35d38ab2e855b8dfed449639d5fe38cadc5748,22,0.1623806024981631,0.13592946362968406,5,0,/e/fscratch/reformo/schuhmann1/scientific-distillation-865-20261004/release/data/train.jsonl:223
Qwen27 / validated corrected final (separate view),arxiv-new_00338-4478,f9bbbc03f48b2354e21e19e05a35d38ab2e855b8dfed449639d5fe38cadc5748,22,0.1625544267053701,0.13425253991291727,5,0,/e/fscratch/reformo/schuhmann1/scientific-distillation-865-20261004/release/data/train.jsonl:223
Qwen27 / raw generator training target,arxiv-new_00338-4557,9535016e1dcd3242670d7267a8ca960ef5397f330a780122e2487209db2c1777,26,0.19767018565708044,0.17510010921004732,5,0,/e/fscratch/reformo/schuhmann1/scientific-distillation-865-20261004/release/data/train.jsonl:224
Qwen27 / validated corrected final (separate view),arxiv-new_00338-4557,9535016e1dcd3242670d7267a8ca960ef5397f330a780122e2487209db2c1777,26,0.1728161463260801,0.15137180700094607,5,0,/e/fscratch/reformo/schuhmann1/scientific-distillation-865-20261004/release/data/train.jsonl:224
Qwen27 / raw generator training target,arxiv-new_00338-4567,5009b79c66a94c8bd54678e9c0d30119b0deac04dee0b8df83d5a9a085aa934b,19,0.23025801407349492,0.1853010164190774,4,0,/e/fscratch/reformo/schuhmann1/scientific-distillation-865-20261004/release/data/train.jsonl:225
Qwen27 / validated corrected final (separate view),arxiv-new_00338-4567,5009b79c66a94c8bd54678e9c0d30119b0deac04dee0b8df83d5a9a085aa934b,19,0.2202541393916057,0.17828263380824028,4,0,/e/fscratch/reformo/schuhmann1/scientific-distillation-865-20261004/release/data/train.jsonl:225
Qwen27 / raw generator training target,arxiv-new_00338-4591,dfa9548a5a06b7eccc4b6fbb91d0d124c718c6c6055c19479184aeb0c6f801a5,11,0.06138259833134684,0.03098927294398093,4,0,/e/fscratch/reformo/schuhmann1/scientific-distillation-865-20261004/release/data/train.jsonl:226
Qwen27 / validated corrected final (separate view),arxiv-new_00338-4591,dfa9548a5a06b7eccc4b6fbb91d0d124c718c6c6055c19479184aeb0c6f801a5,11,0.05925925925925926,0.03190883190883191,5,0,/e/fscratch/reformo/schuhmann1/scientific-distillation-865-20261004/release/data/train.jsonl:226
Qwen27 / raw generator training target,arxiv-new_00338-4627,cebe986b03f01f35f51e081ff2c6d4b35cb10d9c82c4e2a306c87557d7e8cfe9,13,0.0793901156677182,0.06361724500525763,4,0,/e/fscratch/reformo/schuhmann1/scientific-distillation-865-20261004/release/data/train.jsonl:227
Qwen27 / validated corrected final (separate view),arxiv-new_00338-4627,cebe986b03f01f35f51e081ff2c6d4b35cb10d9c82c4e2a306c87557d7e8cfe9,21,0.11349693251533742,0.0950920245398773,4,0,/e/fscratch/reformo/schuhmann1/scientific-distillation-865-20261004/release/data/train.jsonl:227
Qwen27 / raw generator training target,arxiv-new_00338-4651,6f24ca60a9dca737755272980a058243637f3ea000be45820bf18c94e62aaeec,18,0.1759581881533101,0.11846689895470383,4,0,/e/fscratch/reformo/schuhmann1/scientific-distillation-865-20261004/release/data/train.jsonl:228
Qwen27 / validated corrected final (separate view),arxiv-new_00338-4651,6f24ca60a9dca737755272980a058243637f3ea000be45820bf18c94e62aaeec,18,0.1915908105765063,0.13437364542696142,4,0,/e/fscratch/reformo/schuhmann1/scientific-distillation-865-20261004/release/data/train.jsonl:228
Qwen27 / raw generator training target,arxiv-new_00338-4670,852e85e320eb23db7e93ba408a344a0ba98882443712aab47d9a2abb5bcea858,13,0.1775244299674267,0.13843648208469056,4,0,/e/fscratch/reformo/schuhmann1/scientific-distillation-865-20261004/release/data/train.jsonl:229
Qwen27 / validated corrected final (separate view),arxiv-new_00338-4670,852e85e320eb23db7e93ba408a344a0ba98882443712aab47d9a2abb5bcea858,13,0.18710191082802546,0.1464968152866242,5,0,/e/fscratch/reformo/schuhmann1/scientific-distillation-865-20261004/release/data/train.jsonl:229
Qwen27 / raw generator training target,arxiv-new_00338-4678,eab911411133340f71bab6904257107467a73274acece9ab51e6f6dcb7cfd4b5,23,0.2128644146228598,0.17075428042572882,5,0,/e/fscratch/reformo/schuhmann1/scientific-distillation-865-20261004/release/data/train.jsonl:230
Qwen27 / validated corrected final (separate view),arxiv-new_00338-4678,eab911411133340f71bab6904257107467a73274acece9ab51e6f6dcb7cfd4b5,23,0.20560344827586208,0.16551724137931034,5,0,/e/fscratch/reformo/schuhmann1/scientific-distillation-865-20261004/release/data/train.jsonl:230
Qwen27 / raw generator training target,arxiv-new_00338-4680,946f2771e32f4406cb92ab654591bef9de04ebfae76812a558640bd077442ec7,19,0.14870215574131104,0.10646722393312802,6,1,/e/fscratch/reformo/schuhmann1/scientific-distillation-865-20261004/release/data/train.jsonl:231
Qwen27 / validated corrected final (separate view),arxiv-new_00338-4680,946f2771e32f4406cb92ab654591bef9de04ebfae76812a558640bd077442ec7,19,0.15639810426540285,0.11762171477811288,5,0,/e/fscratch/reformo/schuhmann1/scientific-distillation-865-20261004/release/data/train.jsonl:231
Qwen27 / raw generator training target,arxiv-new_00338-4696,d0121f3fa558947c8f9b4209225ca59c7622a65ac14536e4412b2027dad23a2f,16,0.17985611510791366,0.13956834532374102,4,0,/e/fscratch/reformo/schuhmann1/scientific-distillation-865-20261004/release/data/train.jsonl:232
Qwen27 / validated corrected final (separate view),arxiv-new_00338-4696,d0121f3fa558947c8f9b4209225ca59c7622a65ac14536e4412b2027dad23a2f,16,0.17177097203728361,0.12916111850865514,5,0,/e/fscratch/reformo/schuhmann1/scientific-distillation-865-20261004/release/data/train.jsonl:232
Qwen27 / raw generator training target,arxiv-new_00338-4760,7aa3e969b64f3ec3aa763e7d2a620ed88337252591dc1386902bcdb6f0b74207,21,0.21908791725434884,0.1847672778561354,5,0,/e/fscratch/reformo/schuhmann1/scientific-distillation-865-20261004/release/data/train.jsonl:233
Qwen27 / validated corrected final (separate view),arxiv-new_00338-4760,7aa3e969b64f3ec3aa763e7d2a620ed88337252591dc1386902bcdb6f0b74207,21,0.20134228187919462,0.1707214765100671,5,0,/e/fscratch/reformo/schuhmann1/scientific-distillation-865-20261004/release/data/train.jsonl:233
Qwen27 / raw generator training target,arxiv-new_00338-4781,f181cf69a3b726875baf7eeaaee4496f436f2e25a40c321ffa0c46eb825912db,14,0.15121412803532008,0.1335540838852097,5,0,/e/fscratch/reformo/schuhmann1/scientific-distillation-865-20261004/release/data/train.jsonl:234
Qwen27 / validated corrected final (separate view),arxiv-new_00338-4781,f181cf69a3b726875baf7eeaaee4496f436f2e25a40c321ffa0c46eb825912db,12,0.14681238615664846,0.12495446265938069,5,0,/e/fscratch/reformo/schuhmann1/scientific-distillation-865-20261004/release/data/train.jsonl:234
Qwen27 / raw generator training target,arxiv-new_00338-4783,ca9e9b996d7c9edbf3f6b745b7216aee3d27e42d972637dbdc176181d02e47de,17,0.13523729525409492,0.10919781604367913,4,0,/e/fscratch/reformo/schuhmann1/scientific-distillation-865-20261004/release/data/train.jsonl:235
Qwen27 / validated corrected final (separate view),arxiv-new_00338-4783,ca9e9b996d7c9edbf3f6b745b7216aee3d27e42d972637dbdc176181d02e47de,17,0.1412262156448203,0.10993657505285412,4,0,/e/fscratch/reformo/schuhmann1/scientific-distillation-865-20261004/release/data/train.jsonl:235
Qwen27 / raw generator training target,arxiv-new_00338-4791,ce6897131b9fa222e719c12f2838205a26d4b52b9589c4116be8ef3c26dc493a,24,0.21848243283141422,0.1691762621789194,4,0,/e/fscratch/reformo/schuhmann1/scientific-distillation-865-20261004/release/data/train.jsonl:236
Qwen27 / validated corrected final (separate view),arxiv-new_00338-4791,ce6897131b9fa222e719c12f2838205a26d4b52b9589c4116be8ef3c26dc493a,24,0.22624565469293165,0.17786790266512167,4,0,/e/fscratch/reformo/schuhmann1/scientific-distillation-865-20261004/release/data/train.jsonl:236
Qwen27 / raw generator training target,arxiv-new_00338-4815,de84518cc04b50d6ba4cfaad6ce56e9bf64e6589b98dafbd5898dd9b4d647c38,16,0.1635725037631711,0.12844957350727546,4,0,/e/fscratch/reformo/schuhmann1/scientific-distillation-865-20261004/release/data/train.jsonl:237
Qwen27 / validated corrected final (separate view),arxiv-new_00338-4815,de84518cc04b50d6ba4cfaad6ce56e9bf64e6589b98dafbd5898dd9b4d647c38,16,0.16528162511542013,0.13019390581717452,5,0,/e/fscratch/reformo/schuhmann1/scientific-distillation-865-20261004/release/data/train.jsonl:237
Qwen27 / raw generator training target,arxiv-new_00338-4823,1ad5978f3eff8006bf8eeb0d34248dacba71704cceb4862bbc247ee43c6a396d,21,0.2789059262329051,0.24202237878159966,4,0,/e/fscratch/reformo/schuhmann1/scientific-distillation-865-20261004/release/data/train.jsonl:238
Qwen27 / validated corrected final (separate view),arxiv-new_00338-4823,1ad5978f3eff8006bf8eeb0d34248dacba71704cceb4862bbc247ee43c6a396d,21,0.278189621537261,0.24112368318376903,4,0,/e/fscratch/reformo/schuhmann1/scientific-distillation-865-20261004/release/data/train.jsonl:238
Qwen27 / raw generator training target,arxiv-new_00338-4861,989949bb25a589394dc498d4fc82471328bebbd696928b41db070b13305e1d13,12,0.10573546625048771,0.07062036675770582,4,0,/e/fscratch/reformo/schuhmann1/scientific-distillation-865-20261004/release/data/train.jsonl:239
Qwen27 / validated corrected final (separate view),arxiv-new_00338-4861,989949bb25a589394dc498d4fc82471328bebbd696928b41db070b13305e1d13,12,0.11265432098765432,0.0779320987654321,4,0,/e/fscratch/reformo/schuhmann1/scientific-distillation-865-20261004/release/data/train.jsonl:239
Qwen27 / raw generator training target,arxiv-new_00338-4878,93cd224a86196f2550fed8c1ab8c596aa342819413c4703aa65f7368cff2df39,20,0.26092423766111283,0.219113486325055,5,0,/e/fscratch/reformo/schuhmann1/scientific-distillation-865-20261004/release/data/train.jsonl:240
Qwen27 / validated corrected final (separate view),arxiv-new_00338-4878,93cd224a86196f2550fed8c1ab8c596aa342819413c4703aa65f7368cff2df39,20,0.2520564042303173,0.21298472385428907,5,0,/e/fscratch/reformo/schuhmann1/scientific-distillation-865-20261004/release/data/train.jsonl:240
Qwen27 / raw generator training target,arxiv-new_00338-488,b08e26bc6d549c71faf9dad85a0d9d2c1d056118058f7e8cc3104a4f21805e0b,19,0.14970414201183432,0.11952662721893491,5,0,/e/fscratch/reformo/schuhmann1/scientific-distillation-865-20261004/release/data/train.jsonl:241
Qwen27 / validated corrected final (separate view),arxiv-new_00338-488,b08e26bc6d549c71faf9dad85a0d9d2c1d056118058f7e8cc3104a4f21805e0b,19,0.14297566371681417,0.11476769911504425,5,0,/e/fscratch/reformo/schuhmann1/scientific-distillation-865-20261004/release/data/train.jsonl:241
Qwen27 / raw generator training target,arxiv-new_00338-4910,e349e6b2489093b654282c989d6ceea10fa4125a36364e962de4ade2ac7c4b88,18,0.19069767441860466,0.1469767441860465,5,0,/e/fscratch/reformo/schuhmann1/scientific-distillation-865-20261004/release/data/train.jsonl:242
Qwen27 / validated corrected final (separate view),arxiv-new_00338-4910,e349e6b2489093b654282c989d6ceea10fa4125a36364e962de4ade2ac7c4b88,18,0.19312906220984216,0.1467038068709378,5,0,/e/fscratch/reformo/schuhmann1/scientific-distillation-865-20261004/release/data/train.jsonl:242
Qwen27 / raw generator training target,arxiv-new_00338-4918,5395994796a9264c1508abd21547c36a0837f7a1e92d35eb372109f853d96778,12,0.030303030303030304,0.01804562478719782,4,0,/e/fscratch/reformo/schuhmann1/scientific-distillation-865-20261004/release/data/train.jsonl:243
Qwen27 / validated corrected final (separate view),arxiv-new_00338-4918,5395994796a9264c1508abd21547c36a0837f7a1e92d35eb372109f853d96778,12,0.032002639392939625,0.020125371164632134,4,0,/e/fscratch/reformo/schuhmann1/scientific-distillation-865-20261004/release/data/train.jsonl:243
Qwen27 / raw generator training target,arxiv-new_00338-4921,3bf541de501006b7549ed4e7f554a5ce39d49923151265f42d3179aec4875d52,16,0.1002921129503408,0.0730282375851996,4,0,/e/fscratch/reformo/schuhmann1/scientific-distillation-865-20261004/release/data/train.jsonl:244
Qwen27 / validated corrected final (separate view),arxiv-new_00338-4921,3bf541de501006b7549ed4e7f554a5ce39d49923151265f42d3179aec4875d52,16,0.09868026394721056,0.06988602279544091,4,0,/e/fscratch/reformo/schuhmann1/scientific-distillation-865-20261004/release/data/train.jsonl:244
Qwen27 / raw generator training target,arxiv-new_00338-4923,058a276275ace24a881508ba1f760ba064f81071679284d587705d0dfaf48e61,14,0.12160158180919427,0.08699950568462679,6,3,/e/fscratch/reformo/schuhmann1/scientific-distillation-865-20261004/release/data/train.jsonl:245
Qwen27 / validated corrected final (separate view),arxiv-new_00338-4923,058a276275ace24a881508ba1f760ba064f81071679284d587705d0dfaf48e61,14,0.13255360623781676,0.09259259259259259,5,0,/e/fscratch/reformo/schuhmann1/scientific-distillation-865-20261004/release/data/train.jsonl:245
Qwen27 / raw generator training target,arxiv-new_00338-4926,c42a8ebeb4e3e35787a295aa682094236b42cc81b1079bd8e758237d0975480f,19,0.2563519150549867,0.2017444065225635,4,0,/e/fscratch/reformo/schuhmann1/scientific-distillation-865-20261004/release/data/train.jsonl:246
Qwen27 / validated corrected final (separate view),arxiv-new_00338-4926,c42a8ebeb4e3e35787a295aa682094236b42cc81b1079bd8e758237d0975480f,19,0.2721474131821403,0.21899362154500354,4,0,/e/fscratch/reformo/schuhmann1/scientific-distillation-865-20261004/release/data/train.jsonl:246
Qwen27 / raw generator training target,arxiv-new_00338-4933,b2999d75990207e42172b8c12d5fcee79fc00afa16094c9913cc0c6b932adb31,12,0.09314857582755966,0.05850654349499615,3,0,/e/fscratch/reformo/schuhmann1/scientific-distillation-865-20261004/release/data/train.jsonl:247
Qwen27 / validated corrected final (separate view),arxiv-new_00338-4933,b2999d75990207e42172b8c12d5fcee79fc00afa16094c9913cc0c6b932adb31,12,0.09515129420342691,0.062340503098796934,4,0,/e/fscratch/reformo/schuhmann1/scientific-distillation-865-20261004/release/data/train.jsonl:247
Qwen27 / raw generator training target,arxiv-new_00338-4968,e6a8cb9c183f3e4771e1fa272a3feac98c605ca63272dbf3230b6385f3dcbe08,11,0.055291319857312726,0.04102259215219976,6,1,/e/fscratch/reformo/schuhmann1/scientific-distillation-865-20261004/release/data/train.jsonl:248
Qwen27 / validated corrected final (separate view),arxiv-new_00338-4968,e6a8cb9c183f3e4771e1fa272a3feac98c605ca63272dbf3230b6385f3dcbe08,11,0.05294659300184162,0.0363720073664825,5,0,/e/fscratch/reformo/schuhmann1/scientific-distillation-865-20261004/release/data/train.jsonl:248
Qwen27 / raw generator training target,arxiv-new_00338-4975,d87d44a70bed8aa3045feaa25df06027873a321d1cbc0de0a00da0187c50eb38,19,0.06794162053346754,0.04076497232008052,5,1,/e/fscratch/reformo/schuhmann1/scientific-distillation-865-20261004/release/data/train.jsonl:249
Qwen27 / validated corrected final (separate view),arxiv-new_00338-4975,d87d44a70bed8aa3045feaa25df06027873a321d1cbc0de0a00da0187c50eb38,19,0.06845841784989858,0.04107505070993915,5,0,/e/fscratch/reformo/schuhmann1/scientific-distillation-865-20261004/release/data/train.jsonl:249
Qwen27 / raw generator training target,arxiv-new_00338-4987,f3da015147dbb4fa52588d89a40c64541a4c1edb87c3f1040f8ad4b835ebef60,19,0.1640530759951749,0.13268998793727382,4,0,/e/fscratch/reformo/schuhmann1/scientific-distillation-865-20261004/release/data/train.jsonl:250
Qwen27 / validated corrected final (separate view),arxiv-new_00338-4987,f3da015147dbb4fa52588d89a40c64541a4c1edb87c3f1040f8ad4b835ebef60,19,0.16186656944950784,0.13343055049216188,5,0,/e/fscratch/reformo/schuhmann1/scientific-distillation-865-20261004/release/data/train.jsonl:250
Qwen27 / raw generator training target,arxiv-new_00338-514,83128cf3e2c275c19200e20ee09cf29f149e71738646846f3609a0e3b7330098,18,0.1310935441370224,0.10902503293807642,4,0,/e/fscratch/reformo/schuhmann1/scientific-distillation-865-20261004/release/data/train.jsonl:251
Qwen27 / validated corrected final (separate view),arxiv-new_00338-514,83128cf3e2c275c19200e20ee09cf29f149e71738646846f3609a0e3b7330098,18,0.13019299967288192,0.10827608766764803,4,0,/e/fscratch/reformo/schuhmann1/scientific-distillation-865-20261004/release/data/train.jsonl:251
Qwen27 / raw generator training target,arxiv-new_00338-53,affd4b1ef59cbbe5eada77e9bc73487ad148f5e81a1bdc5221286142c79995ed,16,0.1375755421258443,0.10842516885886953,5,0,/e/fscratch/reformo/schuhmann1/scientific-distillation-865-20261004/release/data/train.jsonl:252
Qwen27 / validated corrected final (separate view),arxiv-new_00338-53,affd4b1ef59cbbe5eada77e9bc73487ad148f5e81a1bdc5221286142c79995ed,16,0.1405135520684736,0.11126961483594865,5,0,/e/fscratch/reformo/schuhmann1/scientific-distillation-865-20261004/release/data/train.jsonl:252
Qwen27 / raw generator training target,arxiv-new_00338-538,e795d500fe1f6836185eeb324e47fd84af8a52128f1df2eb98ae9cf1d69c7252,19,0.24677274091864304,0.19753827679375563,5,0,/e/fscratch/reformo/schuhmann1/scientific-distillation-865-20261004/release/data/train.jsonl:253
Qwen27 / validated corrected final (separate view),arxiv-new_00338-538,e795d500fe1f6836185eeb324e47fd84af8a52128f1df2eb98ae9cf1d69c7252,19,0.2573616018845701,0.20023557126030625,5,0,/e/fscratch/reformo/schuhmann1/scientific-distillation-865-20261004/release/data/train.jsonl:253
Qwen27 / raw generator training target,arxiv-new_00338-591,4a8be7c2ac53d368d46595e8955bee6fc4641ca708cd1dfaaf2c317f71558ed7,13,0.10847457627118644,0.09152542372881356,5,0,/e/fscratch/reformo/schuhmann1/scientific-distillation-865-20261004/release/data/train.jsonl:254
Qwen27 / validated corrected final (separate view),arxiv-new_00338-591,4a8be7c2ac53d368d46595e8955bee6fc4641ca708cd1dfaaf2c317f71558ed7,13,0.10799701046337817,0.09342301943198804,4,0,/e/fscratch/reformo/schuhmann1/scientific-distillation-865-20261004/release/data/train.jsonl:254
Qwen27 / raw generator training target,arxiv-new_00338-594,227bade7021a13f26e10ef545613fc7a3c8f6525dafd88468436abb368a99943,13,0.08172231985940245,0.07073813708260106,4,0,/e/fscratch/reformo/schuhmann1/scientific-distillation-865-20261004/release/data/train.jsonl:255
Qwen27 / validated corrected final (separate view),arxiv-new_00338-594,227bade7021a13f26e10ef545613fc7a3c8f6525dafd88468436abb368a99943,19,0.09445100354191263,0.08225108225108226,5,0,/e/fscratch/reformo/schuhmann1/scientific-distillation-865-20261004/release/data/train.jsonl:255
Qwen27 / raw generator training target,arxiv-new_00338-597,46781d62da4ab3cc1e51dcd44fe97f875122bd309a57864ef369335b5cda6dbb,21,0.20193548387096774,0.1570967741935484,5,0,/e/fscratch/reformo/schuhmann1/scientific-distillation-865-20261004/release/data/train.jsonl:256
Qwen27 / validated corrected final (separate view),arxiv-new_00338-597,46781d62da4ab3cc1e51dcd44fe97f875122bd309a57864ef369335b5cda6dbb,21,0.20927318295739347,0.16322055137844613,5,0,/e/fscratch/reformo/schuhmann1/scientific-distillation-865-20261004/release/data/train.jsonl:256
Qwen27 / raw generator training target,arxiv-new_00338-61,f906a540db0ac595afa2aade0de3423fd247f7a0e97d672dc1caacf2b4a5d152,16,0.17941176470588235,0.13823529411764707,4,0,/e/fscratch/reformo/schuhmann1/scientific-distillation-865-20261004/release/data/train.jsonl:257
Qwen27 / validated corrected final (separate view),arxiv-new_00338-61,f906a540db0ac595afa2aade0de3423fd247f7a0e97d672dc1caacf2b4a5d152,16,0.18043087971274685,0.13734290843806105,4,0,/e/fscratch/reformo/schuhmann1/scientific-distillation-865-20261004/release/data/train.jsonl:257
Qwen27 / raw generator training target,arxiv-new_00338-617,81fe1c10ce12d4d07961da09b68fe0a27f8bb1f99b2bfdeaec6fbe01911d30f5,27,0.14452389913436206,0.10161836657884833,5,0,/e/fscratch/reformo/schuhmann1/scientific-distillation-865-20261004/release/data/train.jsonl:258
Qwen27 / validated corrected final (separate view),arxiv-new_00338-617,81fe1c10ce12d4d07961da09b68fe0a27f8bb1f99b2bfdeaec6fbe01911d30f5,27,0.14852225963337073,0.10587355031799477,4,0,/e/fscratch/reformo/schuhmann1/scientific-distillation-865-20261004/release/data/train.jsonl:258
Qwen27 / raw generator training target,arxiv-new_00338-623,c4d03af0aa953b726f1ed1310b71cc4a5149f3d2640371601391fa32a554d24f,19,0.1467455621301775,0.09783037475345167,4,0,/e/fscratch/reformo/schuhmann1/scientific-distillation-865-20261004/release/data/train.jsonl:259
Qwen27 / validated corrected final (separate view),arxiv-new_00338-623,c4d03af0aa953b726f1ed1310b71cc4a5149f3d2640371601391fa32a554d24f,19,0.16190108191653788,0.10703245749613602,4,0,/e/fscratch/reformo/schuhmann1/scientific-distillation-865-20261004/release/data/train.jsonl:259
Qwen27 / raw generator training target,arxiv-new_00338-644,c3c3932e8ee4a0fc03f79d76ae5486a98ddee8e67baec3486c4a197c9387445d,14,0.1274740020127474,0.08990271720899028,5,1,/e/fscratch/reformo/schuhmann1/scientific-distillation-865-20261004/release/data/train.jsonl:260
Qwen27 / validated corrected final (separate view),arxiv-new_00338-644,c3c3932e8ee4a0fc03f79d76ae5486a98ddee8e67baec3486c4a197c9387445d,14,0.12013910844135314,0.08472968700600696,5,0,/e/fscratch/reformo/schuhmann1/scientific-distillation-865-20261004/release/data/train.jsonl:260
Qwen27 / raw generator training target,arxiv-new_00338-648,a867ab6365598d246ea590b7f9d5b164f045b4e351191ee4e857c9a4a3d24c12,14,0.11757425742574257,0.08044554455445545,5,0,/e/fscratch/reformo/schuhmann1/scientific-distillation-865-20261004/release/data/train.jsonl:261
Qwen27 / validated corrected final (separate view),arxiv-new_00338-648,a867ab6365598d246ea590b7f9d5b164f045b4e351191ee4e857c9a4a3d24c12,14,0.11247040252565114,0.07695343330702446,5,0,/e/fscratch/reformo/schuhmann1/scientific-distillation-865-20261004/release/data/train.jsonl:261
Qwen27 / raw generator training target,arxiv-new_00338-653,fa9eb1220a09d8490aaeb8b5b74cbd369508dc730b1a14fc36203f68dee208d0,12,0.128660585693711,0.07345175228036485,6,1,/e/fscratch/reformo/schuhmann1/scientific-distillation-865-20261004/release/data/train.jsonl:262
Qwen27 / validated corrected final (separate view),arxiv-new_00338-653,fa9eb1220a09d8490aaeb8b5b74cbd369508dc730b1a14fc36203f68dee208d0,12,0.12367661212704524,0.068334937439846,5,0,/e/fscratch/reformo/schuhmann1/scientific-distillation-865-20261004/release/data/train.jsonl:262
Qwen27 / raw generator training target,arxiv-new_00338-661,bb984f3f0dc5c8b3de50671c37261ea29f3ab748e95932cf8e2981a90f7b57cc,17,0.15733235077376567,0.11790714812085483,4,0,/e/fscratch/reformo/schuhmann1/scientific-distillation-865-20261004/release/data/train.jsonl:263
Qwen27 / validated corrected final (separate view),arxiv-new_00338-661,bb984f3f0dc5c8b3de50671c37261ea29f3ab748e95932cf8e2981a90f7b57cc,17,0.14752333094041636,0.11127063890882986,4,0,/e/fscratch/reformo/schuhmann1/scientific-distillation-865-20261004/release/data/train.jsonl:263
Qwen27 / raw generator training target,arxiv-new_00338-676,c1aa9d0a135bc98c084628c4f47860aa13019b053b6f56535bd9cf69113d5c7f,11,0.05233380480905234,0.03818953323903819,5,0,/e/fscratch/reformo/schuhmann1/scientific-distillation-865-20261004/release/data/train.jsonl:264
Qwen27 / validated corrected final (separate view),arxiv-new_00338-676,c1aa9d0a135bc98c084628c4f47860aa13019b053b6f56535bd9cf69113d5c7f,11,0.042909685328974254,0.03310175725378014,5,0,/e/fscratch/reformo/schuhmann1/scientific-distillation-865-20261004/release/data/train.jsonl:264
Qwen27 / raw generator training target,arxiv-new_00338-682,dee804743e701f1f568c3981f06f87a88a4d91b353e62f380e57cab45edac1e4,15,0.17446043165467626,0.13129496402877697,3,0,/e/fscratch/reformo/schuhmann1/scientific-distillation-865-20261004/release/data/train.jsonl:265
Qwen27 / validated corrected final (separate view),arxiv-new_00338-682,dee804743e701f1f568c3981f06f87a88a4d91b353e62f380e57cab45edac1e4,15,0.16843393148450245,0.12928221859706363,5,0,/e/fscratch/reformo/schuhmann1/scientific-distillation-865-20261004/release/data/train.jsonl:265
Qwen27 / raw generator training target,arxiv-new_00338-691,7594aec4af845c45387e338449cb3f3d680eb65af805dc25f1fba2e82818de6e,11,0.060925159834524255,0.03610379842045882,6,1,/e/fscratch/reformo/schuhmann1/scientific-distillation-865-20261004/release/data/train.jsonl:266
Qwen27 / validated corrected final (separate view),arxiv-new_00338-691,7594aec4af845c45387e338449cb3f3d680eb65af805dc25f1fba2e82818de6e,11,0.06417910447761194,0.03955223880597015,5,0,/e/fscratch/reformo/schuhmann1/scientific-distillation-865-20261004/release/data/train.jsonl:266
Qwen27 / raw generator training target,arxiv-new_00338-722,fe93a44920eadd09e70a2d85a1cbb1e11a67067c8ccf306d5800bd7637bdec2b,13,0.09137314956610515,0.07197549770290965,5,0,/e/fscratch/reformo/schuhmann1/scientific-distillation-865-20261004/release/data/train.jsonl:267
Qwen27 / validated corrected final (separate view),arxiv-new_00338-722,fe93a44920eadd09e70a2d85a1cbb1e11a67067c8ccf306d5800bd7637bdec2b,13,0.09512074913750616,0.0763923114834894,5,0,/e/fscratch/reformo/schuhmann1/scientific-distillation-865-20261004/release/data/train.jsonl:267
Qwen27 / raw generator training target,arxiv-new_00338-732,df4336e87ddb2ad26f8a4da6606831e77c8a4abb03061e4773f0c0ddf07f771f,10,0.08415584415584415,0.05454545454545454,4,0,/e/fscratch/reformo/schuhmann1/scientific-distillation-865-20261004/release/data/train.jsonl:268
Qwen27 / validated corrected final (separate view),arxiv-new_00338-732,df4336e87ddb2ad26f8a4da6606831e77c8a4abb03061e4773f0c0ddf07f771f,10,0.09020618556701031,0.0577319587628866,4,0,/e/fscratch/reformo/schuhmann1/scientific-distillation-865-20261004/release/data/train.jsonl:268
Qwen27 / raw generator training target,arxiv-new_00338-738,08c3c6f0e02634eba565c6f84b5cc25288a1e21014783ed3612aba40d9a6e45f,17,0.3357744415964848,0.29805931893079457,4,0,/e/fscratch/reformo/schuhmann1/scientific-distillation-865-20261004/release/data/train.jsonl:269
Qwen27 / validated corrected final (separate view),arxiv-new_00338-738,08c3c6f0e02634eba565c6f84b5cc25288a1e21014783ed3612aba40d9a6e45f,17,0.32098765432098764,0.2836076817558299,4,0,/e/fscratch/reformo/schuhmann1/scientific-distillation-865-20261004/release/data/train.jsonl:269
Qwen27 / raw generator training target,arxiv-new_00338-756,172da55939ac65d94b557682f060c466c9f48cb806fcd0de69e39bda1bd5da5f,16,0.10404896421845575,0.08145009416195857,4,0,/e/fscratch/reformo/schuhmann1/scientific-distillation-865-20261004/release/data/train.jsonl:270
Qwen27 / validated corrected final (separate view),arxiv-new_00338-756,172da55939ac65d94b557682f060c466c9f48cb806fcd0de69e39bda1bd5da5f,16,0.11475409836065574,0.09082853345148427,4,0,/e/fscratch/reformo/schuhmann1/scientific-distillation-865-20261004/release/data/train.jsonl:270
Qwen27 / raw generator training target,arxiv-new_00338-77,7cd36082c76438059be05476a074dc4e82a9aaab855c9cbd3fbefc3238a05969,28,0.287445304611242,0.23695725345001684,4,0,/e/fscratch/reformo/schuhmann1/scientific-distillation-865-20261004/release/data/train.jsonl:271
Qwen27 / validated corrected final (separate view),arxiv-new_00338-77,7cd36082c76438059be05476a074dc4e82a9aaab855c9cbd3fbefc3238a05969,28,0.2617429837518464,0.21536189069423928,4,0,/e/fscratch/reformo/schuhmann1/scientific-distillation-865-20261004/release/data/train.jsonl:271
Qwen27 / raw generator training target,arxiv-new_00338-771,3bc7fba06d757e30119aa5fe78f5c211f456f1801520df623c420f0f65e96370,18,0.23570190641247835,0.19670710571923744,4,0,/e/fscratch/reformo/schuhmann1/scientific-distillation-865-20261004/release/data/train.jsonl:272
Qwen27 / validated corrected final (separate view),arxiv-new_00338-771,3bc7fba06d757e30119aa5fe78f5c211f456f1801520df623c420f0f65e96370,18,0.2373759171342253,0.19594302977988778,4,0,/e/fscratch/reformo/schuhmann1/scientific-distillation-865-20261004/release/data/train.jsonl:272
Qwen27 / raw generator training target,arxiv-new_00338-781,f67e9e2618d34458d89842b1e1ffa83a2294c12e749629654c8cc03d019f50e5,18,0.1825657894736842,0.1394736842105263,5,0,/e/fscratch/reformo/schuhmann1/scientific-distillation-865-20261004/release/data/train.jsonl:273
Qwen27 / validated corrected final (separate view),arxiv-new_00338-781,f67e9e2618d34458d89842b1e1ffa83a2294c12e749629654c8cc03d019f50e5,18,0.1830670926517572,0.1412140575079872,5,0,/e/fscratch/reformo/schuhmann1/scientific-distillation-865-20261004/release/data/train.jsonl:273
Qwen27 / raw generator training target,arxiv-new_00338-785,8ecafaca0f7f6b8a54e14ae1b2287a052fb99423fda1bab1ad42f73b9882869f,14,0.07306207306207306,0.0498960498960499,4,0,/e/fscratch/reformo/schuhmann1/scientific-distillation-865-20261004/release/data/train.jsonl:274
Qwen27 / validated corrected final (separate view),arxiv-new_00338-785,8ecafaca0f7f6b8a54e14ae1b2287a052fb99423fda1bab1ad42f73b9882869f,14,0.06712141882673943,0.04583901773533424,5,0,/e/fscratch/reformo/schuhmann1/scientific-distillation-865-20261004/release/data/train.jsonl:274
Qwen27 / raw generator training target,arxiv-new_00338-787,977027dba4db1487b40a7803ecc29aee104210b5da1a9eab16f2e476f504223f,17,0.13153961136023917,0.08445440956651719,4,0,/e/fscratch/reformo/schuhmann1/scientific-distillation-865-20261004/release/data/train.jsonl:275
Qwen27 / validated corrected final (separate view),arxiv-new_00338-787,977027dba4db1487b40a7803ecc29aee104210b5da1a9eab16f2e476f504223f,17,0.12256076686066415,0.07737076343717905,4,0,/e/fscratch/reformo/schuhmann1/scientific-distillation-865-20261004/release/data/train.jsonl:275
Qwen27 / raw generator training target,arxiv-new_00338-805,410190cb38b49e9a2859389c3b1fa866f06835375b6a2a97a554858d433459f6,21,0.1086048454469507,0.0960735171261487,4,0,/e/fscratch/reformo/schuhmann1/scientific-distillation-865-20261004/release/data/train.jsonl:276
Qwen27 / validated corrected final (separate view),arxiv-new_00338-805,410190cb38b49e9a2859389c3b1fa866f06835375b6a2a97a554858d433459f6,21,0.10580065359477124,0.09354575163398693,4,0,/e/fscratch/reformo/schuhmann1/scientific-distillation-865-20261004/release/data/train.jsonl:276
Qwen27 / raw generator training target,arxiv-new_00338-813,d8dc6af123105cfa2a2f37592c8cc2fd8ac71c37f8fb72f546eeba2f557f2b9e,21,0.16747425802543914,0.11962447001817081,5,0,/e/fscratch/reformo/schuhmann1/scientific-distillation-865-20261004/release/data/train.jsonl:277
Qwen27 / validated corrected final (separate view),arxiv-new_00338-813,d8dc6af123105cfa2a2f37592c8cc2fd8ac71c37f8fb72f546eeba2f557f2b9e,31,0.17485265225933203,0.12714005051922536,4,0,/e/fscratch/reformo/schuhmann1/scientific-distillation-865-20261004/release/data/train.jsonl:277
Qwen27 / raw generator training target,arxiv-new_00338-823,b767c19e1d450959d27a8d150b0d4ef8ee0ef716f2569fbe4deea8a56df810a3,23,0.1774193548387097,0.1366723259762309,4,1,/e/fscratch/reformo/schuhmann1/scientific-distillation-865-20261004/release/data/train.jsonl:278
Qwen27 / validated corrected final (separate view),arxiv-new_00338-823,b767c19e1d450959d27a8d150b0d4ef8ee0ef716f2569fbe4deea8a56df810a3,23,0.1773136773136773,0.13554463554463556,5,0,/e/fscratch/reformo/schuhmann1/scientific-distillation-865-20261004/release/data/train.jsonl:278
Qwen27 / raw generator training target,arxiv-new_00338-858,6da0072053ad2c032042179b19110023ca879b9956a6cc051b1143f67eb07821,13,0.16646989374262103,0.12475403384494294,4,0,/e/fscratch/reformo/schuhmann1/scientific-distillation-865-20261004/release/data/train.jsonl:279
Qwen27 / validated corrected final (separate view),arxiv-new_00338-858,6da0072053ad2c032042179b19110023ca879b9956a6cc051b1143f67eb07821,19,0.18110530246452577,0.13928304705003733,4,0,/e/fscratch/reformo/schuhmann1/scientific-distillation-865-20261004/release/data/train.jsonl:279
Qwen27 / raw generator training target,arxiv-new_00338-896,55b9e8b30b0a54424ca8a3db0f3c045a0cac2030fc875fbcf9d4e276478b99c4,13,0.13087843833185447,0.1033717834960071,6,2,/e/fscratch/reformo/schuhmann1/scientific-distillation-865-20261004/release/data/train.jsonl:280
Qwen27 / validated corrected final (separate view),arxiv-new_00338-896,55b9e8b30b0a54424ca8a3db0f3c045a0cac2030fc875fbcf9d4e276478b99c4,13,0.1304155614500442,0.10300618921308577,5,0,/e/fscratch/reformo/schuhmann1/scientific-distillation-865-20261004/release/data/train.jsonl:280
Qwen27 / raw generator training target,arxiv-new_00338-90,60c5f7f1b8c918b034fcc72c8b2c4abb0193f78e586d6b4699e9c905626b531f,17,0.05690200210748156,0.03477344573234984,4,0,/e/fscratch/reformo/schuhmann1/scientific-distillation-865-20261004/release/data/train.jsonl:281
Qwen27 / validated corrected final (separate view),arxiv-new_00338-90,60c5f7f1b8c918b034fcc72c8b2c4abb0193f78e586d6b4699e9c905626b531f,17,0.056074766355140186,0.03426791277258567,4,0,/e/fscratch/reformo/schuhmann1/scientific-distillation-865-20261004/release/data/train.jsonl:281
Qwen27 / raw generator training target,arxiv-new_00338-907,9faa7706c745df4a86b2b2954815c49d8cc79debb1e8993e3ddaca45341abfda,11,0.09330905780609923,0.06053709604005462,5,0,/e/fscratch/reformo/schuhmann1/scientific-distillation-865-20261004/release/data/train.jsonl:282
Qwen27 / validated corrected final (separate view),arxiv-new_00338-907,9faa7706c745df4a86b2b2954815c49d8cc79debb1e8993e3ddaca45341abfda,12,0.11482820976491863,0.07956600361663653,5,0,/e/fscratch/reformo/schuhmann1/scientific-distillation-865-20261004/release/data/train.jsonl:282
Qwen27 / raw generator training target,arxiv-new_00338-951,788659d9be137bb6a3a4840105a16f7e99d440d8a31ebef836aaf2fa04a56a28,27,0.24170812603648426,0.189469320066335,2,0,/e/fscratch/reformo/schuhmann1/scientific-distillation-865-20261004/release/data/train.jsonl:283
Qwen27 / validated corrected final (separate view),arxiv-new_00338-951,788659d9be137bb6a3a4840105a16f7e99d440d8a31ebef836aaf2fa04a56a28,27,0.2224727546035325,0.17512213453588876,5,0,/e/fscratch/reformo/schuhmann1/scientific-distillation-865-20261004/release/data/train.jsonl:283
Qwen27 / raw generator training target,arxiv-new_00338-958,bf9fa0de50bbb2d1c9bbd00cfbdcc21b1f68017ae3ebfc96de2a5bd280b6f2cd,21,0.13849859494179045,0.08751505419510237,5,0,/e/fscratch/reformo/schuhmann1/scientific-distillation-865-20261004/release/data/train.jsonl:284
Qwen27 / validated corrected final (separate view),arxiv-new_00338-958,bf9fa0de50bbb2d1c9bbd00cfbdcc21b1f68017ae3ebfc96de2a5bd280b6f2cd,21,0.15125391849529782,0.10148902821316615,5,0,/e/fscratch/reformo/schuhmann1/scientific-distillation-865-20261004/release/data/train.jsonl:284
Qwen27 / raw generator training target,arxiv-new_00338-973,51964efba04957ba892c6fddf49833b57ba08da7a6af174141e25e5de992dda0,16,0.11834319526627218,0.08284023668639054,5,2,/e/fscratch/reformo/schuhmann1/scientific-distillation-865-20261004/release/data/train.jsonl:285
Qwen27 / validated corrected final (separate view),arxiv-new_00338-973,51964efba04957ba892c6fddf49833b57ba08da7a6af174141e25e5de992dda0,16,0.11901983663943991,0.08168028004667445,5,0,/e/fscratch/reformo/schuhmann1/scientific-distillation-865-20261004/release/data/train.jsonl:285
Qwen27 / raw generator training target,arxiv-new_00338-989,f07ffc09fd3d19de06f6aa10a7f2e63b7508fad609b1066b2c5022cc8842426b,21,0.09390243902439024,0.08658536585365853,4,0,/e/fscratch/reformo/schuhmann1/scientific-distillation-865-20261004/release/data/train.jsonl:286
Qwen27 / validated corrected final (separate view),arxiv-new_00338-989,f07ffc09fd3d19de06f6aa10a7f2e63b7508fad609b1066b2c5022cc8842426b,21,0.10503440782325245,0.09416877942774357,4,0,/e/fscratch/reformo/schuhmann1/scientific-distillation-865-20261004/release/data/train.jsonl:286
Qwen27 / raw generator training target,bethgelab-part-00002-1043,758de7b5acfb5d85f7c0b6b48bc44cbe5873f26e42efb50a91764f4626144afc,18,0.17300177619893428,0.1325044404973357,5,0,/e/fscratch/reformo/schuhmann1/scientific-distillation-865-20261004/release/data/train.jsonl:287
Qwen27 / validated corrected final (separate view),bethgelab-part-00002-1043,758de7b5acfb5d85f7c0b6b48bc44cbe5873f26e42efb50a91764f4626144afc,18,0.17618719889883,0.1307639366827254,5,0,/e/fscratch/reformo/schuhmann1/scientific-distillation-865-20261004/release/data/train.jsonl:287
Qwen27 / raw generator training target,bethgelab-part-00002-1057,ba5225699c58e6c0a86612cc2831c6eccb3498c8aa4509898c9cde3e79b3a146,15,0.11704312114989733,0.09240246406570841,4,0,/e/fscratch/reformo/schuhmann1/scientific-distillation-865-20261004/release/data/train.jsonl:288
Qwen27 / validated corrected final (separate view),bethgelab-part-00002-1057,ba5225699c58e6c0a86612cc2831c6eccb3498c8aa4509898c9cde3e79b3a146,15,0.1379980563654033,0.11467444120505345,4,0,/e/fscratch/reformo/schuhmann1/scientific-distillation-865-20261004/release/data/train.jsonl:288
Qwen27 / raw generator training target,bethgelab-part-00002-1091,2f8c143be3a02c05c0c6481d64653d20658d2b8969513745ada1cdab5634c6fa,14,0.10045286125977769,0.07904487443392343,4,0,/e/fscratch/reformo/schuhmann1/scientific-distillation-865-20261004/release/data/train.jsonl:289
Qwen27 / validated corrected final (separate view),bethgelab-part-00002-1091,2f8c143be3a02c05c0c6481d64653d20658d2b8969513745ada1cdab5634c6fa,14,0.11350737797956867,0.09383276579644344,4,0,/e/fscratch/reformo/schuhmann1/scientific-distillation-865-20261004/release/data/train.jsonl:289
Qwen27 / raw generator training target,bethgelab-part-00002-11,dee0351f14ae6060e30368ca26d6f29c14f397e9a997cc4751d897ed6dbe32b1,32,0.20989668297988037,0.18379554105492116,4,0,/e/fscratch/reformo/schuhmann1/scientific-distillation-865-20261004/release/data/train.jsonl:290
Qwen27 / validated corrected final (separate view),bethgelab-part-00002-11,dee0351f14ae6060e30368ca26d6f29c14f397e9a997cc4751d897ed6dbe32b1,32,0.20421640843281685,0.17526035052070105,4,0,/e/fscratch/reformo/schuhmann1/scientific-distillation-865-20261004/release/data/train.jsonl:290
Qwen27 / raw generator training target,bethgelab-part-00002-1101,d0e21893047cdcc8a7b643ed9456a5dd07e6342f9b62f346ec544e0de7dad306,19,0.22781456953642384,0.18211920529801323,4,0,/e/fscratch/reformo/schuhmann1/scientific-distillation-865-20261004/release/data/train.jsonl:291
Qwen27 / validated corrected final (separate view),bethgelab-part-00002-1101,d0e21893047cdcc8a7b643ed9456a5dd07e6342f9b62f346ec544e0de7dad306,19,0.23627998685507723,0.1909300032862307,4,0,/e/fscratch/reformo/schuhmann1/scientific-distillation-865-20261004/release/data/train.jsonl:291
Qwen27 / raw generator training target,bethgelab-part-00002-1151,fe12c6c2cd00d88db8205f9da47936a3154f1714b98ef411411e8a429e28b3c9,27,0.18728323699421964,0.15953757225433526,5,0,/e/fscratch/reformo/schuhmann1/scientific-distillation-865-20261004/release/data/train.jsonl:292
Qwen27 / validated corrected final (separate view),bethgelab-part-00002-1151,fe12c6c2cd00d88db8205f9da47936a3154f1714b98ef411411e8a429e28b3c9,27,0.193622742988859,0.16596235113330773,5,0,/e/fscratch/reformo/schuhmann1/scientific-distillation-865-20261004/release/data/train.jsonl:292
Qwen27 / raw generator training target,bethgelab-part-00002-1176,d42fd88aa25abb72b9d29b832169e88179e31a6fb606208fb5e76ccf75ea1979,21,0.21527077026572486,0.16683484695593676,5,0,/e/fscratch/reformo/schuhmann1/scientific-distillation-865-20261004/release/data/train.jsonl:293
Qwen27 / validated corrected final (separate view),bethgelab-part-00002-1176,d42fd88aa25abb72b9d29b832169e88179e31a6fb606208fb5e76ccf75ea1979,23,0.22048780487804878,0.17170731707317075,5,0,/e/fscratch/reformo/schuhmann1/scientific-distillation-865-20261004/release/data/train.jsonl:293
Qwen27 / raw generator training target,bethgelab-part-00002-1206,540ad2e5b280ecff89a55c136ca48288b33033d027181e3559e05ef7cfde2f5e,29,0.2648292390653086,0.2213900539245057,5,0,/e/fscratch/reformo/schuhmann1/scientific-distillation-865-20261004/release/data/train.jsonl:294
Qwen27 / validated corrected final (separate view),bethgelab-part-00002-1206,540ad2e5b280ecff89a55c136ca48288b33033d027181e3559e05ef7cfde2f5e,29,0.26356148821357567,0.220675944333996,5,0,/e/fscratch/reformo/schuhmann1/scientific-distillation-865-20261004/release/data/train.jsonl:294
Qwen27 / raw generator training target,bethgelab-part-00002-1219,bfd2a12381c41f63c1f80012c407b78bceb21882755d6ff63e9e70f8bc27c82d,15,0.16350906095551895,0.1289126853377265,5,0,/e/fscratch/reformo/schuhmann1/scientific-distillation-865-20261004/release/data/train.jsonl:295
Qwen27 / validated corrected final (separate view),bethgelab-part-00002-1219,bfd2a12381c41f63c1f80012c407b78bceb21882755d6ff63e9e70f8bc27c82d,15,0.14492242595204513,0.11741889985895627,4,0,/e/fscratch/reformo/schuhmann1/scientific-distillation-865-20261004/release/data/train.jsonl:295
Qwen27 / raw generator training target,bethgelab-part-00002-1259,c6bb5ae01ecce30fdf4d80f80a370802ca35b0890d4de3d05f8da72b290c2833,17,0.13809374016986473,0.09845863479081472,3,0,/e/fscratch/reformo/schuhmann1/scientific-distillation-865-20261004/release/data/train.jsonl:296
Qwen27 / validated corrected final (separate view),bethgelab-part-00002-1259,c6bb5ae01ecce30fdf4d80f80a370802ca35b0890d4de3d05f8da72b290c2833,17,0.1352154531946508,0.09777117384843982,3,0,/e/fscratch/reformo/schuhmann1/scientific-distillation-865-20261004/release/data/train.jsonl:296
Qwen27 / raw generator training target,bethgelab-part-00002-1261,141c58ecc82f8fd9c71bf64f9bf0e6517f15979fbd8e1eef0118cbfa6b18fc0e,24,0.13845050215208035,0.09971305595408896,5,0,/e/fscratch/reformo/schuhmann1/scientific-distillation-865-20261004/release/data/train.jsonl:297
Qwen27 / validated corrected final (separate view),bethgelab-part-00002-1261,141c58ecc82f8fd9c71bf64f9bf0e6517f15979fbd8e1eef0118cbfa6b18fc0e,24,0.1509433962264151,0.11530398322851153,5,0,/e/fscratch/reformo/schuhmann1/scientific-distillation-865-20261004/release/data/train.jsonl:297
Qwen27 / raw generator training target,bethgelab-part-00002-1273,d2b666b7545751b11e462d579bdeda64944d388ea0b0a6dd9e79a4b8a39302a7,24,0.2355383337946305,0.19014669249930805,4,0,/e/fscratch/reformo/schuhmann1/scientific-distillation-865-20261004/release/data/train.jsonl:298
Qwen27 / validated corrected final (separate view),bethgelab-part-00002-1273,d2b666b7545751b11e462d579bdeda64944d388ea0b0a6dd9e79a4b8a39302a7,27,0.24189330543933055,0.1990062761506276,4,0,/e/fscratch/reformo/schuhmann1/scientific-distillation-865-20261004/release/data/train.jsonl:298
Qwen27 / raw generator training target,bethgelab-part-00002-1289,da2cd32eb590cf0a7039423c9837584e9bd0b796adc8e9a7dd27d1423f7d45b3,29,0.28841463414634144,0.23536585365853657,5,0,/e/fscratch/reformo/schuhmann1/scientific-distillation-865-20261004/release/data/train.jsonl:299
Qwen27 / validated corrected final (separate view),bethgelab-part-00002-1289,da2cd32eb590cf0a7039423c9837584e9bd0b796adc8e9a7dd27d1423f7d45b3,29,0.292719614921781,0.24037304452466907,5,0,/e/fscratch/reformo/schuhmann1/scientific-distillation-865-20261004/release/data/train.jsonl:299
Qwen27 / raw generator training target,bethgelab-part-00002-1317,9e5a1210aa11acb7200461abc4a97641df9f855c6dfdea7e4d5f9d377fe140e2,20,0.2060979184989739,0.1524479624743477,6,1,/e/fscratch/reformo/schuhmann1/scientific-distillation-865-20261004/release/data/train.jsonl:300
Qwen27 / validated corrected final (separate view),bethgelab-part-00002-1317,9e5a1210aa11acb7200461abc4a97641df9f855c6dfdea7e4d5f9d377fe140e2,31,0.21292775665399238,0.15940333430827727,5,0,/e/fscratch/reformo/schuhmann1/scientific-distillation-865-20261004/release/data/train.jsonl:300
Qwen27 / raw generator training target,bethgelab-part-00002-1318,6adfcba4fd8dbbbbd3f8f77ccaa7309df61e02f667b1265cd9af92643d759d75,27,0.3337386018237082,0.28814589665653495,4,0,/e/fscratch/reformo/schuhmann1/scientific-distillation-865-20261004/release/data/train.jsonl:301
Qwen27 / validated corrected final (separate view),bethgelab-part-00002-1318,6adfcba4fd8dbbbbd3f8f77ccaa7309df61e02f667b1265cd9af92643d759d75,27,0.3334339167169584,0.28817139408569703,4,0,/e/fscratch/reformo/schuhmann1/scientific-distillation-865-20261004/release/data/train.jsonl:301
Qwen27 / raw generator training target,bethgelab-part-00002-1354,1cfd2c1754e458d0ff79111af8e5f4fd49fd49f066e5ac51ca9d39dff0863943,21,0.24310288867250893,0.19246997728010387,5,0,/e/fscratch/reformo/schuhmann1/scientific-distillation-865-20261004/release/data/train.jsonl:302
Qwen27 / validated corrected final (separate view),bethgelab-part-00002-1354,1cfd2c1754e458d0ff79111af8e5f4fd49fd49f066e5ac51ca9d39dff0863943,21,0.24919923126201154,0.19538757206918642,5,0,/e/fscratch/reformo/schuhmann1/scientific-distillation-865-20261004/release/data/train.jsonl:302
Qwen27 / raw generator training target,bethgelab-part-00002-1392,ade7644a2404a2bdefba8481a2469891e0842495732631f5434f90e41dd3d7d6,18,0.18021472392638035,0.14340490797546013,5,0,/e/fscratch/reformo/schuhmann1/scientific-distillation-865-20261004/release/data/train.jsonl:303
Qwen27 / validated corrected final (separate view),bethgelab-part-00002-1392,ade7644a2404a2bdefba8481a2469891e0842495732631f5434f90e41dd3d7d6,18,0.17852011494252873,0.1440373563218391,5,0,/e/fscratch/reformo/schuhmann1/scientific-distillation-865-20261004/release/data/train.jsonl:303
Qwen27 / raw generator training target,bethgelab-part-00002-1412,f66a119a23d6b7ae0088f2e8ff8bb62899379a32fe03be15c6865f82a3494cda,16,0.25367904695164684,0.20953048353188508,5,0,/e/fscratch/reformo/schuhmann1/scientific-distillation-865-20261004/release/data/train.jsonl:304
Qwen27 / validated corrected final (separate view),bethgelab-part-00002-1412,f66a119a23d6b7ae0088f2e8ff8bb62899379a32fe03be15c6865f82a3494cda,16,0.2620133286566117,0.21781830936513505,5,0,/e/fscratch/reformo/schuhmann1/scientific-distillation-865-20261004/release/data/train.jsonl:304
Qwen27 / raw generator training target,bethgelab-part-00002-1423,3ee387c74a0984543ebe91f1cc79dc4ffed154570afcec068c8e0a785048a6cd,20,0.21294156487289534,0.15945856718388907,4,0,/e/fscratch/reformo/schuhmann1/scientific-distillation-865-20261004/release/data/train.jsonl:305
Qwen27 / validated corrected final (separate view),bethgelab-part-00002-1423,3ee387c74a0984543ebe91f1cc79dc4ffed154570afcec068c8e0a785048a6cd,20,0.21579123452659751,0.16159250585480095,4,0,/e/fscratch/reformo/schuhmann1/scientific-distillation-865-20261004/release/data/train.jsonl:305
Qwen27 / raw generator training target,bethgelab-part-00002-1450,c187fdc48a07d8875abef95c371414e3b8f9b5f9228da5aafe8def5341b4e6f8,20,0.14585260561208757,0.12180080172679618,4,0,/e/fscratch/reformo/schuhmann1/scientific-distillation-865-20261004/release/data/train.jsonl:306
Qwen27 / validated corrected final (separate view),bethgelab-part-00002-1450,c187fdc48a07d8875abef95c371414e3b8f9b5f9228da5aafe8def5341b4e6f8,20,0.16915264995239607,0.14249444620755317,4,0,/e/fscratch/reformo/schuhmann1/scientific-distillation-865-20261004/release/data/train.jsonl:306
Qwen27 / raw generator training target,bethgelab-part-00002-1586,95ec42fa1599ff368d9c326785d18f4066900ed8cf284f56af8408bb7be54209,10,0.11031084154662624,0.053828658074298714,4,0,/e/fscratch/reformo/schuhmann1/scientific-distillation-865-20261004/release/data/train.jsonl:307
Qwen27 / validated corrected final (separate view),bethgelab-part-00002-1586,95ec42fa1599ff368d9c326785d18f4066900ed8cf284f56af8408bb7be54209,10,0.10642071656615822,0.05533877261440227,4,0,/e/fscratch/reformo/schuhmann1/scientific-distillation-865-20261004/release/data/train.jsonl:307
Qwen27 / raw generator training target,bethgelab-part-00002-1593,1cf4f82ea17c67abaf1d24cd35d22070d29e4bddc5446662c77cdc3f3ba813c4,18,0.2527047913446677,0.20479134466769705,5,0,/e/fscratch/reformo/schuhmann1/scientific-distillation-865-20261004/release/data/train.jsonl:308
Qwen27 / validated corrected final (separate view),bethgelab-part-00002-1593,1cf4f82ea17c67abaf1d24cd35d22070d29e4bddc5446662c77cdc3f3ba813c4,18,0.28291814946619215,0.2302491103202847,5,0,/e/fscratch/reformo/schuhmann1/scientific-distillation-865-20261004/release/data/train.jsonl:308
Qwen27 / raw generator training target,bethgelab-part-00002-1599,5774d6838afa92ac3266c53607cd90c626c7129c59b8d1a1c663b85f993f7ca5,16,0.10891089108910891,0.0795493342437692,5,0,/e/fscratch/reformo/schuhmann1/scientific-distillation-865-20261004/release/data/train.jsonl:309
Qwen27 / validated corrected final (separate view),bethgelab-part-00002-1599,5774d6838afa92ac3266c53607cd90c626c7129c59b8d1a1c663b85f993f7ca5,16,0.1015001595914459,0.07405043089690393,4,0,/e/fscratch/reformo/schuhmann1/scientific-distillation-865-20261004/release/data/train.jsonl:309
Qwen27 / raw generator training target,bethgelab-part-00002-1606,4a2b8188873ebc9e58e79150020bfe71e9801fa1a9786168cee43b3d80d7cf69,19,0.175704989154013,0.13294081189959714,5,0,/e/fscratch/reformo/schuhmann1/scientific-distillation-865-20261004/release/data/train.jsonl:310
Qwen27 / validated corrected final (separate view),bethgelab-part-00002-1606,4a2b8188873ebc9e58e79150020bfe71e9801fa1a9786168cee43b3d80d7cf69,19,0.18237642001842186,0.14000614062020264,5,0,/e/fscratch/reformo/schuhmann1/scientific-distillation-865-20261004/release/data/train.jsonl:310
Qwen27 / raw generator training target,bethgelab-part-00002-1612,d3d40e87e47b9d129cde3ba6faa427fc04c19633d75c25e76f4d8ed22a8820b5,11,0.08170043175024909,0.053802723347725005,4,0,/e/fscratch/reformo/schuhmann1/scientific-distillation-865-20261004/release/data/train.jsonl:311
Qwen27 / validated corrected final (separate view),bethgelab-part-00002-1612,d3d40e87e47b9d129cde3ba6faa427fc04c19633d75c25e76f4d8ed22a8820b5,11,0.08466603951081844,0.05644402634054563,4,0,/e/fscratch/reformo/schuhmann1/scientific-distillation-865-20261004/release/data/train.jsonl:311
Qwen27 / raw generator training target,bethgelab-part-00002-1613,e30436529b4fb9ee7b680976a77b7327f606d3d471147c90e63ad0ea1928b51a,27,0.16418452597166727,0.12967671630948058,5,0,/e/fscratch/reformo/schuhmann1/scientific-distillation-865-20261004/release/data/train.jsonl:312
Qwen27 / validated corrected final (separate view),bethgelab-part-00002-1613,e30436529b4fb9ee7b680976a77b7327f606d3d471147c90e63ad0ea1928b51a,27,0.16212389380530973,0.1263716814159292,5,0,/e/fscratch/reformo/schuhmann1/scientific-distillation-865-20261004/release/data/train.jsonl:312
Qwen27 / raw generator training target,bethgelab-part-00002-1676,7f8966fc4ea5aa75b0d218a14349e43cee8b257e3254e2ad8e6569c5be6a7d97,20,0.18463444857496902,0.1452912019826518,4,0,/e/fscratch/reformo/schuhmann1/scientific-distillation-865-20261004/release/data/train.jsonl:313
Qwen27 / validated corrected final (separate view),bethgelab-part-00002-1676,7f8966fc4ea5aa75b0d218a14349e43cee8b257e3254e2ad8e6569c5be6a7d97,20,0.18306845965770172,0.14242053789731052,4,0,/e/fscratch/reformo/schuhmann1/scientific-distillation-865-20261004/release/data/train.jsonl:313
Qwen27 / raw generator training target,bethgelab-part-00002-1683,ca8f9f463bfe3ad1161e804e465b9a778a6e79a3fba30b92feb1f2a6d8c95f4d,14,0.09433310297166551,0.0715272978576365,5,0,/e/fscratch/reformo/schuhmann1/scientific-distillation-865-20261004/release/data/train.jsonl:314
Qwen27 / validated corrected final (separate view),bethgelab-part-00002-1683,ca8f9f463bfe3ad1161e804e465b9a778a6e79a3fba30b92feb1f2a6d8c95f4d,14,0.09863481228668942,0.07406143344709898,5,0,/e/fscratch/reformo/schuhmann1/scientific-distillation-865-20261004/release/data/train.jsonl:314
Qwen27 / raw generator training target,bethgelab-part-00002-1718,a8e55b391540c9057e4489660d0f8863cb26290c63a65cf6d3f1e7e77540c10c,29,0.39470198675496687,0.34105960264900664,5,0,/e/fscratch/reformo/schuhmann1/scientific-distillation-865-20261004/release/data/train.jsonl:315
Qwen27 / validated corrected final (separate view),bethgelab-part-00002-1718,a8e55b391540c9057e4489660d0f8863cb26290c63a65cf6d3f1e7e77540c10c,29,0.4033747214262974,0.349888570518943,5,0,/e/fscratch/reformo/schuhmann1/scientific-distillation-865-20261004/release/data/train.jsonl:315
Qwen27 / raw generator training target,bethgelab-part-00002-1725,fd35ebdaaf5c43fbef52a8fd761a8fc2bb92dd61fdf52bda4edc997fbb201431,25,0.5302216252518469,0.47313633310946945,5,0,/e/fscratch/reformo/schuhmann1/scientific-distillation-865-20261004/release/data/train.jsonl:316
Qwen27 / validated corrected final (separate view),bethgelab-part-00002-1725,fd35ebdaaf5c43fbef52a8fd761a8fc2bb92dd61fdf52bda4edc997fbb201431,25,0.5401484480431848,0.48279352226720645,5,0,/e/fscratch/reformo/schuhmann1/scientific-distillation-865-20261004/release/data/train.jsonl:316
Qwen27 / raw generator training target,bethgelab-part-00002-1730,4d36a44b3ce1f95d1864a799376da4083b27994654991d97c0daf8302d18b91b,13,0.09210526315789473,0.06888544891640867,5,0,/e/fscratch/reformo/schuhmann1/scientific-distillation-865-20261004/release/data/train.jsonl:317
Qwen27 / validated corrected final (separate view),bethgelab-part-00002-1730,4d36a44b3ce1f95d1864a799376da4083b27994654991d97c0daf8302d18b91b,23,0.10772128060263654,0.08512241054613937,5,0,/e/fscratch/reformo/schuhmann1/scientific-distillation-865-20261004/release/data/train.jsonl:317
Qwen27 / raw generator training target,bethgelab-part-00002-1751,08fdd1b2fecf68e8f49683d9c23a2ed710c32fd41532da562dc20e944e191d14,16,0.047432550043516104,0.034377719756309835,4,0,/e/fscratch/reformo/schuhmann1/scientific-distillation-865-20261004/release/data/train.jsonl:318
Qwen27 / validated corrected final (separate view),bethgelab-part-00002-1751,08fdd1b2fecf68e8f49683d9c23a2ed710c32fd41532da562dc20e944e191d14,16,0.06416412047140986,0.05106940200785683,4,0,/e/fscratch/reformo/schuhmann1/scientific-distillation-865-20261004/release/data/train.jsonl:318
Qwen27 / raw generator training target,bethgelab-part-00002-1785,a7724314014b7c7ba82c4960c63b0311d93fde57967c9a321a59bfdad5c858e8,11,0.12810173697270472,0.08002481389578164,5,0,/e/fscratch/reformo/schuhmann1/scientific-distillation-865-20261004/release/data/train.jsonl:319
Qwen27 / validated corrected final (separate view),bethgelab-part-00002-1785,a7724314014b7c7ba82c4960c63b0311d93fde57967c9a321a59bfdad5c858e8,17,0.13434650455927052,0.08358662613981763,5,0,/e/fscratch/reformo/schuhmann1/scientific-distillation-865-20261004/release/data/train.jsonl:319
Qwen27 / raw generator training target,bethgelab-part-00002-181,100af49ad00526672cbed4786d1fda9c8df6aaa4cb50de0ef8a76c9d618a1c01,26,0.2821330902461258,0.24658158614402917,4,0,/e/fscratch/reformo/schuhmann1/scientific-distillation-865-20261004/release/data/train.jsonl:320
Qwen27 / validated corrected final (separate view),bethgelab-part-00002-181,100af49ad00526672cbed4786d1fda9c8df6aaa4cb50de0ef8a76c9d618a1c01,26,0.31180893409995575,0.27200353825740825,4,0,/e/fscratch/reformo/schuhmann1/scientific-distillation-865-20261004/release/data/train.jsonl:320
Qwen27 / raw generator training target,bethgelab-part-00002-1862,2fd16a9073452bc7dd06ab73c0cd462714778145832de464d065a24124c83693,14,0.11574746008708273,0.07873730043541365,4,0,/e/fscratch/reformo/schuhmann1/scientific-distillation-865-20261004/release/data/train.jsonl:321
Qwen27 / validated corrected final (separate view),bethgelab-part-00002-1862,2fd16a9073452bc7dd06ab73c0cd462714778145832de464d065a24124c83693,14,0.12449528936742935,0.08815612382234186,4,0,/e/fscratch/reformo/schuhmann1/scientific-distillation-865-20261004/release/data/train.jsonl:321
Qwen27 / raw generator training target,bethgelab-part-00002-1871,dc6c7127637231b840ee142216b7631981598034636cedc3acaf139affd2fb8e,20,0.18418514946962392,0.13211186113789777,4,0,/e/fscratch/reformo/schuhmann1/scientific-distillation-865-20261004/release/data/train.jsonl:322
Qwen27 / validated corrected final (separate view),bethgelab-part-00002-1871,dc6c7127637231b840ee142216b7631981598034636cedc3acaf139affd2fb8e,20,0.19051878354203935,0.14221824686940965,4,0,/e/fscratch/reformo/schuhmann1/scientific-distillation-865-20261004/release/data/train.jsonl:322
Qwen27 / raw generator training target,bethgelab-part-00002-1886,4224c4375921d62cfc36fa45c0e0f94b46a7c88eb7fe457f21b7e22252eece8c,17,0.20685959271168275,0.14683815648445875,5,0,/e/fscratch/reformo/schuhmann1/scientific-distillation-865-20261004/release/data/train.jsonl:323
Qwen27 / validated corrected final (separate view),bethgelab-part-00002-1886,4224c4375921d62cfc36fa45c0e0f94b46a7c88eb7fe457f21b7e22252eece8c,17,0.2089975203684024,0.14311016648955013,5,0,/e/fscratch/reformo/schuhmann1/scientific-distillation-865-20261004/release/data/train.jsonl:323
Qwen27 / raw generator training target,bethgelab-part-00002-1894,0a4147bf3f21e5d64a16cb36308fe455c468f8796fea74360865a1fc3380358f,14,0.1282433641515061,0.09066507605129735,8,14,/e/fscratch/reformo/schuhmann1/scientific-distillation-865-20261004/release/data/train.jsonl:324
Qwen27 / validated corrected final (separate view),bethgelab-part-00002-1894,0a4147bf3f21e5d64a16cb36308fe455c468f8796fea74360865a1fc3380358f,14,0.12910986367281477,0.09382518043303929,5,0,/e/fscratch/reformo/schuhmann1/scientific-distillation-865-20261004/release/data/train.jsonl:324
Qwen27 / raw generator training target,bethgelab-part-00002-1917,bb55b57a5058ea0e0309dd932e3af166e03a837b1cb1dc2df75dcd9c3fa944f2,19,0.21688194653048964,0.15379993992189847,4,0,/e/fscratch/reformo/schuhmann1/scientific-distillation-865-20261004/release/data/train.jsonl:325
Qwen27 / validated corrected final (separate view),bethgelab-part-00002-1917,bb55b57a5058ea0e0309dd932e3af166e03a837b1cb1dc2df75dcd9c3fa944f2,19,0.20771850170261066,0.14812712826333713,5,0,/e/fscratch/reformo/schuhmann1/scientific-distillation-865-20261004/release/data/train.jsonl:325
Qwen27 / raw generator training target,bethgelab-part-00002-1931,6af17e9e1ed189275bd3a24abd8bdd8e2c89bd83c8e0c7cc5b909b1bf5f41f6e,16,0.2057335581787521,0.16526138279932545,5,0,/e/fscratch/reformo/schuhmann1/scientific-distillation-865-20261004/release/data/train.jsonl:326
Qwen27 / validated corrected final (separate view),bethgelab-part-00002-1931,6af17e9e1ed189275bd3a24abd8bdd8e2c89bd83c8e0c7cc5b909b1bf5f41f6e,17,0.22208067940552018,0.18131634819532907,5,0,/e/fscratch/reformo/schuhmann1/scientific-distillation-865-20261004/release/data/train.jsonl:326
Qwen27 / raw generator training target,bethgelab-part-00002-1989,c10edbeb369f716e0e74a0f6a7ec93a9fbb1d6775da60679c6278a6c8eb282d0,21,0.13165155695703587,0.0977532518722901,5,0,/e/fscratch/reformo/schuhmann1/scientific-distillation-865-20261004/release/data/train.jsonl:327
Qwen27 / validated corrected final (separate view),bethgelab-part-00002-1989,c10edbeb369f716e0e74a0f6a7ec93a9fbb1d6775da60679c6278a6c8eb282d0,21,0.1271613832853026,0.09185878962536023,5,0,/e/fscratch/reformo/schuhmann1/scientific-distillation-865-20261004/release/data/train.jsonl:327
Qwen27 / raw generator training target,bethgelab-part-00002-199,af77d7ec0f543f27bf4406699341669e04efae9730d811b338b5a5aada96a46b,12,0.09982300884955753,0.05946902654867257,4,0,/e/fscratch/reformo/schuhmann1/scientific-distillation-865-20261004/release/data/train.jsonl:328
Qwen27 / validated corrected final (separate view),bethgelab-part-00002-199,af77d7ec0f543f27bf4406699341669e04efae9730d811b338b5a5aada96a46b,12,0.10177762286510979,0.06413384454513768,4,0,/e/fscratch/reformo/schuhmann1/scientific-distillation-865-20261004/release/data/train.jsonl:328
Qwen27 / raw generator training target,bethgelab-part-00002-203,54771da9bbfdff62164eda9bf17e698ce633997c133265b13973d8f8faa53572,24,0.2461605967529618,0.1961386573058359,4,0,/e/fscratch/reformo/schuhmann1/scientific-distillation-865-20261004/release/data/train.jsonl:329
Qwen27 / validated corrected final (separate view),bethgelab-part-00002-203,54771da9bbfdff62164eda9bf17e698ce633997c133265b13973d8f8faa53572,24,0.23691570115860966,0.18897323212145425,4,0,/e/fscratch/reformo/schuhmann1/scientific-distillation-865-20261004/release/data/train.jsonl:329
Qwen27 / raw generator training target,bethgelab-part-00002-2034,f81aab122d3388391f5fa6da975c8631a5141a93944d531535cc86868a71189d,14,0.16795865633074936,0.13643410852713178,5,0,/e/fscratch/reformo/schuhmann1/scientific-distillation-865-20261004/release/data/train.jsonl:330
Qwen27 / validated corrected final (separate view),bethgelab-part-00002-2034,f81aab122d3388391f5fa6da975c8631a5141a93944d531535cc86868a71189d,14,0.175715695952616,0.14264560710760119,5,0,/e/fscratch/reformo/schuhmann1/scientific-distillation-865-20261004/release/data/train.jsonl:330
Qwen27 / raw generator training target,bethgelab-part-00002-2068,fea8328aec406d6ba0ff6e0ca840cfe96471bde4bf2674a143e3de74a5e71def,19,0.21866865005578282,0.176273707698029,5,0,/e/fscratch/reformo/schuhmann1/scientific-distillation-865-20261004/release/data/train.jsonl:331
Qwen27 / validated corrected final (separate view),bethgelab-part-00002-2068,fea8328aec406d6ba0ff6e0ca840cfe96471bde4bf2674a143e3de74a5e71def,19,0.216894135005533,0.17484323127997048,5,0,/e/fscratch/reformo/schuhmann1/scientific-distillation-865-20261004/release/data/train.jsonl:331
Qwen27 / raw generator training target,bethgelab-part-00002-2080,ee40c6c6fc01f7dee3fde9fb9faecdf929c4efde25eee25036bd2da50df5c554,17,0.17548278757346766,0.14021830394626364,4,0,/e/fscratch/reformo/schuhmann1/scientific-distillation-865-20261004/release/data/train.jsonl:332
Qwen27 / validated corrected final (separate view),bethgelab-part-00002-2080,ee40c6c6fc01f7dee3fde9fb9faecdf929c4efde25eee25036bd2da50df5c554,24,0.20224252491694353,0.1648671096345515,4,0,/e/fscratch/reformo/schuhmann1/scientific-distillation-865-20261004/release/data/train.jsonl:332
Qwen27 / raw generator training target,bethgelab-part-00002-2142,d9766109595d9f36f2b8d7ff061fe472ca9d4680e6b0ccef5c8ef59dbe379cbc,22,0.19580137262817926,0.15381509890997175,5,0,/e/fscratch/reformo/schuhmann1/scientific-distillation-865-20261004/release/data/train.jsonl:333
Qwen27 / validated corrected final (separate view),bethgelab-part-00002-2142,d9766109595d9f36f2b8d7ff061fe472ca9d4680e6b0ccef5c8ef59dbe379cbc,22,0.19321910317170982,0.15530441122858185,5,0,/e/fscratch/reformo/schuhmann1/scientific-distillation-865-20261004/release/data/train.jsonl:333
Qwen27 / raw generator training target,bethgelab-part-00002-2183,3937a4bd583d7763aeeddd9bcbac8518cb254be1de174c3143aa1f3a9a962045,21,0.17330677290836655,0.14342629482071714,5,0,/e/fscratch/reformo/schuhmann1/scientific-distillation-865-20261004/release/data/train.jsonl:334
Qwen27 / validated corrected final (separate view),bethgelab-part-00002-2183,3937a4bd583d7763aeeddd9bcbac8518cb254be1de174c3143aa1f3a9a962045,21,0.1925008369601607,0.1643789755607633,5,0,/e/fscratch/reformo/schuhmann1/scientific-distillation-865-20261004/release/data/train.jsonl:334
Qwen27 / raw generator training target,bethgelab-part-00002-2186,444c4663bf71beab1459dae16625328d717f6dd435ae511b0256840b30973015,21,0.213671875,0.171484375,4,0,/e/fscratch/reformo/schuhmann1/scientific-distillation-865-20261004/release/data/train.jsonl:335
Qwen27 / validated corrected final (separate view),bethgelab-part-00002-2186,444c4663bf71beab1459dae16625328d717f6dd435ae511b0256840b30973015,21,0.20626822157434402,0.16472303206997085,4,0,/e/fscratch/reformo/schuhmann1/scientific-distillation-865-20261004/release/data/train.jsonl:335
Qwen27 / raw generator training target,bethgelab-part-00002-2188,f7e00ed98ba45c79df02888ee9287475f61aee6d8a25908821cbcefcd6b61b5e,21,0.14377768828030607,0.09222714458316553,4,0,/e/fscratch/reformo/schuhmann1/scientific-distillation-865-20261004/release/data/train.jsonl:336
Qwen27 / validated corrected final (separate view),bethgelab-part-00002-2188,f7e00ed98ba45c79df02888ee9287475f61aee6d8a25908821cbcefcd6b61b5e,21,0.15390655673341186,0.0989399293286219,4,0,/e/fscratch/reformo/schuhmann1/scientific-distillation-865-20261004/release/data/train.jsonl:336
Qwen27 / raw generator training target,bethgelab-part-00002-2228,ac94553f27758b94e27becd37e2ed377d436770e48ba235165a10d1169b094ca,18,0.16354816354816354,0.1386001386001386,4,0,/e/fscratch/reformo/schuhmann1/scientific-distillation-865-20261004/release/data/train.jsonl:337
Qwen27 / validated corrected final (separate view),bethgelab-part-00002-2228,ac94553f27758b94e27becd37e2ed377d436770e48ba235165a10d1169b094ca,18,0.18538750426766815,0.15670877432570843,4,0,/e/fscratch/reformo/schuhmann1/scientific-distillation-865-20261004/release/data/train.jsonl:337
Qwen27 / raw generator training target,bethgelab-part-00002-2231,7b1366d0dbb6f3b68f8b9878122c3e13898f3ed8a9e338f8f9f0b5fde42c1bab,14,0.10309278350515463,0.05994654448262696,5,0,/e/fscratch/reformo/schuhmann1/scientific-distillation-865-20261004/release/data/train.jsonl:338
Qwen27 / validated corrected final (separate view),bethgelab-part-00002-2231,7b1366d0dbb6f3b68f8b9878122c3e13898f3ed8a9e338f8f9f0b5fde42c1bab,16,0.11064797271693823,0.06555513452065176,5,0,/e/fscratch/reformo/schuhmann1/scientific-distillation-865-20261004/release/data/train.jsonl:338
Qwen27 / raw generator training target,bethgelab-part-00002-2253,836619af7d4786ed3e879206b7abc01693f3c71dc25b0d70706fe1b910f0e2ac,30,0.19794459338695264,0.1577301161751564,5,0,/e/fscratch/reformo/schuhmann1/scientific-distillation-865-20261004/release/data/train.jsonl:339
Qwen27 / validated corrected final (separate view),bethgelab-part-00002-2253,836619af7d4786ed3e879206b7abc01693f3c71dc25b0d70706fe1b910f0e2ac,30,0.19858469703670942,0.15612560813799203,5,0,/e/fscratch/reformo/schuhmann1/scientific-distillation-865-20261004/release/data/train.jsonl:339
Qwen27 / raw generator training target,bethgelab-part-00002-2276,dfbeff639defc34f09a0f102c6cc88b46957dc840eb5e8be522637ae8b57b2ee,21,0.28098827470686766,0.2382747068676717,5,0,/e/fscratch/reformo/schuhmann1/scientific-distillation-865-20261004/release/data/train.jsonl:340
Qwen27 / validated corrected final (separate view),bethgelab-part-00002-2276,dfbeff639defc34f09a0f102c6cc88b46957dc840eb5e8be522637ae8b57b2ee,21,0.26816074188562594,0.22642967542503864,5,0,/e/fscratch/reformo/schuhmann1/scientific-distillation-865-20261004/release/data/train.jsonl:340
Qwen27 / raw generator training target,bethgelab-part-00002-2280,0cab520bff703d387d8d03d53a5639d85e7781c8381797794a6499a664a9086d,13,0.1265377855887522,0.09622144112478032,4,0,/e/fscratch/reformo/schuhmann1/scientific-distillation-865-20261004/release/data/train.jsonl:341
Qwen27 / validated corrected final (separate view),bethgelab-part-00002-2280,0cab520bff703d387d8d03d53a5639d85e7781c8381797794a6499a664a9086d,13,0.1324750830564784,0.10382059800664452,5,0,/e/fscratch/reformo/schuhmann1/scientific-distillation-865-20261004/release/data/train.jsonl:341
Qwen27 / raw generator training target,bethgelab-part-00002-2316,153e523b0b8fae7fae75ea69c02ca15eacb09d82d22bf8720a5b8659a8a6620c,16,0.16014008277618594,0.1314867876472461,5,0,/e/fscratch/reformo/schuhmann1/scientific-distillation-865-20261004/release/data/train.jsonl:342
Qwen27 / validated corrected final (separate view),bethgelab-part-00002-2316,153e523b0b8fae7fae75ea69c02ca15eacb09d82d22bf8720a5b8659a8a6620c,16,0.16817472698907956,0.13822152886115444,5,0,/e/fscratch/reformo/schuhmann1/scientific-distillation-865-20261004/release/data/train.jsonl:342
Qwen27 / raw generator training target,bethgelab-part-00002-232,614b0207b7e0794cc16464907311387e8b4b7b2fdfb1298713216d38c17f4447,20,0.17783149171270718,0.14468232044198895,4,0,/e/fscratch/reformo/schuhmann1/scientific-distillation-865-20261004/release/data/train.jsonl:343
Qwen27 / validated corrected final (separate view),bethgelab-part-00002-232,614b0207b7e0794cc16464907311387e8b4b7b2fdfb1298713216d38c17f4447,20,0.18606224627875506,0.15358592692828146,4,0,/e/fscratch/reformo/schuhmann1/scientific-distillation-865-20261004/release/data/train.jsonl:343
Qwen27 / raw generator training target,bethgelab-part-00002-2387,9c4597a2fe13c5f706c3b726aa6b8b885da106ea8ea4de9a6ebabc4f4004b8dc,16,0.30819507290095527,0.2750125691302162,5,0,/e/fscratch/reformo/schuhmann1/scientific-distillation-865-20261004/release/data/train.jsonl:344
Qwen27 / validated corrected final (separate view),bethgelab-part-00002-2387,9c4597a2fe13c5f706c3b726aa6b8b885da106ea8ea4de9a6ebabc4f4004b8dc,16,0.294694605439144,0.2625947391885867,5,0,/e/fscratch/reformo/schuhmann1/scientific-distillation-865-20261004/release/data/train.jsonl:344
Qwen27 / raw generator training target,bethgelab-part-00002-240,32a258ef0b111b5ff10a511eaf776481fc0f9ac6e1be1040ac8954fc5be7711d,21,0.17032967032967034,0.14256795835743205,6,3,/e/fscratch/reformo/schuhmann1/scientific-distillation-865-20261004/release/data/train.jsonl:345
Qwen27 / validated corrected final (separate view),bethgelab-part-00002-240,32a258ef0b111b5ff10a511eaf776481fc0f9ac6e1be1040ac8954fc5be7711d,21,0.17835321501309281,0.14867617107942974,5,0,/e/fscratch/reformo/schuhmann1/scientific-distillation-865-20261004/release/data/train.jsonl:345
Qwen27 / raw generator training target,bethgelab-part-00002-2412,8dd5a1911e51288691dac76f99c93d739a6107c853214d1585d00eebc9cbe549,19,0.12484897301651228,0.09182440596053161,5,0,/e/fscratch/reformo/schuhmann1/scientific-distillation-865-20261004/release/data/train.jsonl:346
Qwen27 / validated corrected final (separate view),bethgelab-part-00002-2412,8dd5a1911e51288691dac76f99c93d739a6107c853214d1585d00eebc9cbe549,19,0.1299568119356105,0.0977620730270907,4,0,/e/fscratch/reformo/schuhmann1/scientific-distillation-865-20261004/release/data/train.jsonl:346
Qwen27 / raw generator training target,bethgelab-part-00002-2424,b1319a1547e296e74d2577ea5dbedd992993ef0bbcf046a5ece0df0fa0402f83,24,0.21238628411476557,0.1808957312806158,5,0,/e/fscratch/reformo/schuhmann1/scientific-distillation-865-20261004/release/data/train.jsonl:347
Qwen27 / validated corrected final (separate view),bethgelab-part-00002-2424,b1319a1547e296e74d2577ea5dbedd992993ef0bbcf046a5ece0df0fa0402f83,24,0.21627188465499486,0.18331616889804325,5,0,/e/fscratch/reformo/schuhmann1/scientific-distillation-865-20261004/release/data/train.jsonl:347
Qwen27 / raw generator training target,bethgelab-part-00002-2432,8521636c879817aef35973f3bfb61820f01d5a4e22742206032a8527358afe9c,13,0.06291706387035272,0.042897998093422304,6,1,/e/fscratch/reformo/schuhmann1/scientific-distillation-865-20261004/release/data/train.jsonl:348
Qwen27 / validated corrected final (separate view),bethgelab-part-00002-2432,8521636c879817aef35973f3bfb61820f01d5a4e22742206032a8527358afe9c,13,0.06866359447004608,0.04930875576036867,5,0,/e/fscratch/reformo/schuhmann1/scientific-distillation-865-20261004/release/data/train.jsonl:348
Qwen27 / raw generator training target,bethgelab-part-00002-2454,e9a8b0bd468148434bcc5047e080971c1329c962825442651da2e491aed07535,22,0.14963387456224134,0.11142948105698822,4,0,/e/fscratch/reformo/schuhmann1/scientific-distillation-865-20261004/release/data/train.jsonl:349
Qwen27 / validated corrected final (separate view),bethgelab-part-00002-2454,e9a8b0bd468148434bcc5047e080971c1329c962825442651da2e491aed07535,22,0.14818266542404473,0.11090400745573159,4,0,/e/fscratch/reformo/schuhmann1/scientific-distillation-865-20261004/release/data/train.jsonl:349
Qwen27 / raw generator training target,bethgelab-part-00002-2461,902fac869c6ca8e24b4c7de111975d4cbb395d65315ad1bbbdeb2b0042d6cd54,18,0.252,0.19666666666666666,6,36,/e/fscratch/reformo/schuhmann1/scientific-distillation-865-20261004/release/data/train.jsonl:350
Qwen27 / validated corrected final (separate view),bethgelab-part-00002-2461,902fac869c6ca8e24b4c7de111975d4cbb395d65315ad1bbbdeb2b0042d6cd54,19,0.29252366960496246,0.23832843617368593,5,0,/e/fscratch/reformo/schuhmann1/scientific-distillation-865-20261004/release/data/train.jsonl:350
Qwen27 / raw generator training target,bethgelab-part-00002-2473,17fad8065476341fcf3bbebcd21d3e9c0fb3e67fd93cd0e3b9a03282ec5a8891,20,0.22830578512396693,0.19180440771349863,6,1,/e/fscratch/reformo/schuhmann1/scientific-distillation-865-20261004/release/data/train.jsonl:351
Qwen27 / validated corrected final (separate view),bethgelab-part-00002-2473,17fad8065476341fcf3bbebcd21d3e9c0fb3e67fd93cd0e3b9a03282ec5a8891,19,0.24700239808153476,0.20863309352517986,5,0,/e/fscratch/reformo/schuhmann1/scientific-distillation-865-20261004/release/data/train.jsonl:351
Qwen27 / raw generator training target,bethgelab-part-00002-2482,bd957153b9b69c2a0660ace5ae8ca59d62fd79dc9d865e4f9f527fe58903fe9a,18,0.17666543982333455,0.12440191387559808,5,0,/e/fscratch/reformo/schuhmann1/scientific-distillation-865-20261004/release/data/train.jsonl:352
Qwen27 / validated corrected final (separate view),bethgelab-part-00002-2482,bd957153b9b69c2a0660ace5ae8ca59d62fd79dc9d865e4f9f527fe58903fe9a,18,0.17776228651097944,0.12617636807249913,5,0,/e/fscratch/reformo/schuhmann1/scientific-distillation-865-20261004/release/data/train.jsonl:352
Qwen27 / raw generator training target,bethgelab-part-00002-2489,a12b01053fe1d3e79251fad0ad74e7761a37ce9fdcb8233a407945548c0451fa,21,0.2366143861546782,0.19253650621957816,4,0,/e/fscratch/reformo/schuhmann1/scientific-distillation-865-20261004/release/data/train.jsonl:353
Qwen27 / validated corrected final (separate view),bethgelab-part-00002-2489,a12b01053fe1d3e79251fad0ad74e7761a37ce9fdcb8233a407945548c0451fa,21,0.23339227077544836,0.1907047234150038,4,0,/e/fscratch/reformo/schuhmann1/scientific-distillation-865-20261004/release/data/train.jsonl:353
Qwen27 / raw generator training target,bethgelab-part-00002-2514,863d0857f8e10aef7c9db0ad6b1f97dc33793aeeab97f77ccc2ed4ab4002e595,16,0.17739975698663427,0.13511543134872417,5,0,/e/fscratch/reformo/schuhmann1/scientific-distillation-865-20261004/release/data/train.jsonl:354
Qwen27 / validated corrected final (separate view),bethgelab-part-00002-2514,863d0857f8e10aef7c9db0ad6b1f97dc33793aeeab97f77ccc2ed4ab4002e595,16,0.17739975698663427,0.13511543134872417,5,0,/e/fscratch/reformo/schuhmann1/scientific-distillation-865-20261004/release/data/train.jsonl:354
Qwen27 / raw generator training target,bethgelab-part-00002-2549,81df10f8424d5f5c2ecdda6494e62bfef2cd6a58c8a4b4b7a7150776ba6ec9d5,18,0.0700082850041425,0.05260977630488815,4,0,/e/fscratch/reformo/schuhmann1/scientific-distillation-865-20261004/release/data/train.jsonl:355
Qwen27 / validated corrected final (separate view),bethgelab-part-00002-2549,81df10f8424d5f5c2ecdda6494e62bfef2cd6a58c8a4b4b7a7150776ba6ec9d5,18,0.07298072980729807,0.05576055760557606,4,0,/e/fscratch/reformo/schuhmann1/scientific-distillation-865-20261004/release/data/train.jsonl:355
Qwen27 / raw generator training target,bethgelab-part-00002-2574,187d4a50a45dd3204d8de91e9e4c2a8e3ba061f57998b3b932c0e44a60ec4130,19,0.34399343993439935,0.27511275112751127,4,0,/e/fscratch/reformo/schuhmann1/scientific-distillation-865-20261004/release/data/train.jsonl:356
Qwen27 / validated corrected final (separate view),bethgelab-part-00002-2574,187d4a50a45dd3204d8de91e9e4c2a8e3ba061f57998b3b932c0e44a60ec4130,31,0.35680566483084186,0.2907159716758458,4,0,/e/fscratch/reformo/schuhmann1/scientific-distillation-865-20261004/release/data/train.jsonl:356
Qwen27 / raw generator training target,bethgelab-part-00002-2581,d2b82a87ca6418be0587750ca25d905f5437cd52284bb23380aba15547729842,21,0.16567633694512407,0.11849003844809507,5,0,/e/fscratch/reformo/schuhmann1/scientific-distillation-865-20261004/release/data/train.jsonl:357
Qwen27 / validated corrected final (separate view),bethgelab-part-00002-2581,d2b82a87ca6418be0587750ca25d905f5437cd52284bb23380aba15547729842,21,0.17391304347826086,0.12525879917184266,5,0,/e/fscratch/reformo/schuhmann1/scientific-distillation-865-20261004/release/data/train.jsonl:357
Qwen27 / raw generator training target,bethgelab-part-00002-2601,6fc0ebc129f9dba400b15151d5cd64e5ad8711f5a7dcfe508491d9fba4d7cf1b,24,0.1571152607855763,0.10914359304571797,5,0,/e/fscratch/reformo/schuhmann1/scientific-distillation-865-20261004/release/data/train.jsonl:358
Qwen27 / validated corrected final (separate view),bethgelab-part-00002-2601,6fc0ebc129f9dba400b15151d5cd64e5ad8711f5a7dcfe508491d9fba4d7cf1b,24,0.1608643457382953,0.10894357743097238,5,0,/e/fscratch/reformo/schuhmann1/scientific-distillation-865-20261004/release/data/train.jsonl:358
Qwen27 / raw generator training target,bethgelab-part-00002-2606,58fa89d930ef698a806895a6bd33bfe169048475d012a6a5cc0fbce88e82444a,18,0.2123567921440262,0.17307692307692307,5,0,/e/fscratch/reformo/schuhmann1/scientific-distillation-865-20261004/release/data/train.jsonl:359
Qwen27 / validated corrected final (separate view),bethgelab-part-00002-2606,58fa89d930ef698a806895a6bd33bfe169048475d012a6a5cc0fbce88e82444a,19,0.2229654403567447,0.17688591601635079,5,0,/e/fscratch/reformo/schuhmann1/scientific-distillation-865-20261004/release/data/train.jsonl:359
Qwen27 / raw generator training target,bethgelab-part-00002-268,fb36f3716e8e6ffcd602772d3ca7da59dfceee1d335e8fd1678830efe4d8886f,19,0.13426514188903008,0.08555696738670054,6,4,/e/fscratch/reformo/schuhmann1/scientific-distillation-865-20261004/release/data/train.jsonl:360
Qwen27 / validated corrected final (separate view),bethgelab-part-00002-268,fb36f3716e8e6ffcd602772d3ca7da59dfceee1d335e8fd1678830efe4d8886f,19,0.13268608414239483,0.08616504854368932,5,0,/e/fscratch/reformo/schuhmann1/scientific-distillation-865-20261004/release/data/train.jsonl:360
Qwen27 / raw generator training target,bethgelab-part-00002-2714,39b73c1958dcc1bcb99d2c3bf78d2ca3caecf6cc89c511cf6ade626e06add39e,20,0.2626498002663116,0.23169107856191745,5,0,/e/fscratch/reformo/schuhmann1/scientific-distillation-865-20261004/release/data/train.jsonl:361
Qwen27 / validated corrected final (separate view),bethgelab-part-00002-2714,39b73c1958dcc1bcb99d2c3bf78d2ca3caecf6cc89c511cf6ade626e06add39e,20,0.29253365973072215,0.26040391676866587,5,0,/e/fscratch/reformo/schuhmann1/scientific-distillation-865-20261004/release/data/train.jsonl:361
Qwen27 / raw generator training target,bethgelab-part-00002-2726,7ee68f8fcfb7097dcffd21090c09a9322c49cd2936576cbc4d6a555a1366a853,11,0.07823960880195599,0.043031784841075796,4,0,/e/fscratch/reformo/schuhmann1/scientific-distillation-865-20261004/release/data/train.jsonl:362
Qwen27 / validated corrected final (separate view),bethgelab-part-00002-2726,7ee68f8fcfb7097dcffd21090c09a9322c49cd2936576cbc4d6a555a1366a853,11,0.10581506196377502,0.057197330791229746,4,0,/e/fscratch/reformo/schuhmann1/scientific-distillation-865-20261004/release/data/train.jsonl:362
Qwen27 / raw generator training target,bethgelab-part-00002-2764,e7edc2e88e5863ce408b9670f928e20364c64d2415310648374d87f25396b338,20,0.34025058731401725,0.30501174628034455,5,0,/e/fscratch/reformo/schuhmann1/scientific-distillation-865-20261004/release/data/train.jsonl:363
Qwen27 / validated corrected final (separate view),bethgelab-part-00002-2764,e7edc2e88e5863ce408b9670f928e20364c64d2415310648374d87f25396b338,20,0.32605583392984966,0.28954903364352186,5,0,/e/fscratch/reformo/schuhmann1/scientific-distillation-865-20261004/release/data/train.jsonl:363
Qwen27 / raw generator training target,bethgelab-part-00002-2776,d55d5cd1142f3ae3640823406d6653e04a9cd4e2b9bb35ed96a8ff3459ea2a67,16,0.3227490213136146,0.2679425837320574,4,0,/e/fscratch/reformo/schuhmann1/scientific-distillation-865-20261004/release/data/train.jsonl:364
Qwen27 / validated corrected final (separate view),bethgelab-part-00002-2776,d55d5cd1142f3ae3640823406d6653e04a9cd4e2b9bb35ed96a8ff3459ea2a67,16,0.32420686657974795,0.26944806605823557,4,0,/e/fscratch/reformo/schuhmann1/scientific-distillation-865-20261004/release/data/train.jsonl:364
Qwen27 / raw generator training target,bethgelab-part-00002-2890,9bd0451d7faa4cc128e2089c16f3882c6634920b02ccd0d36a881d399580db35,19,0.3167832167832168,0.2727272727272727,4,0,/e/fscratch/reformo/schuhmann1/scientific-distillation-865-20261004/release/data/train.jsonl:365
Qwen27 / validated corrected final (separate view),bethgelab-part-00002-2890,9bd0451d7faa4cc128e2089c16f3882c6634920b02ccd0d36a881d399580db35,19,0.32613827993254635,0.28161888701517707,4,0,/e/fscratch/reformo/schuhmann1/scientific-distillation-865-20261004/release/data/train.jsonl:365
Qwen27 / raw generator training target,bethgelab-part-00002-2933,d6a4900a57ba2484549dd4b9d556eb29458287b8ba55f18fa53fdd3f14a3d541,13,0.132829373650108,0.08495320374370051,5,0,/e/fscratch/reformo/schuhmann1/scientific-distillation-865-20261004/release/data/train.jsonl:366
Qwen27 / validated corrected final (separate view),bethgelab-part-00002-2933,d6a4900a57ba2484549dd4b9d556eb29458287b8ba55f18fa53fdd3f14a3d541,18,0.142652842331069,0.0972470504111548,5,0,/e/fscratch/reformo/schuhmann1/scientific-distillation-865-20261004/release/data/train.jsonl:366
Qwen27 / raw generator training target,bethgelab-part-00002-2951,dd51cc096b738a7fd55324eed5933d200733a21a205b16f732313bd9a9e36514,23,0.2813411078717201,0.22886297376093295,4,0,/e/fscratch/reformo/schuhmann1/scientific-distillation-865-20261004/release/data/train.jsonl:367
Qwen27 / validated corrected final (separate view),bethgelab-part-00002-2951,dd51cc096b738a7fd55324eed5933d200733a21a205b16f732313bd9a9e36514,23,0.2939156035328754,0.23209028459273798,5,0,/e/fscratch/reformo/schuhmann1/scientific-distillation-865-20261004/release/data/train.jsonl:367
Qwen27 / raw generator training target,bethgelab-part-00002-2961,2b62c0faebe0645b67e3dc054d61f650cfa8326179b9186dfaaa794e2dbd22b4,32,0.26015625,0.21796875,5,0,/e/fscratch/reformo/schuhmann1/scientific-distillation-865-20261004/release/data/train.jsonl:368
Qwen27 / validated corrected final (separate view),bethgelab-part-00002-2961,2b62c0faebe0645b67e3dc054d61f650cfa8326179b9186dfaaa794e2dbd22b4,32,0.2491682070240296,0.20702402957486138,5,0,/e/fscratch/reformo/schuhmann1/scientific-distillation-865-20261004/release/data/train.jsonl:368
Qwen27 / raw generator training target,bethgelab-part-00002-2978,e55e85645b66b44004becafd742fe86ba89ce33540309ae5603370fb9057e1ea,16,0.17310252996005326,0.13049267643142476,4,0,/e/fscratch/reformo/schuhmann1/scientific-distillation-865-20261004/release/data/train.jsonl:369
Qwen27 / validated corrected final (separate view),bethgelab-part-00002-2978,e55e85645b66b44004becafd742fe86ba89ce33540309ae5603370fb9057e1ea,16,0.16623150565709313,0.12706701479547433,4,0,/e/fscratch/reformo/schuhmann1/scientific-distillation-865-20261004/release/data/train.jsonl:369
Qwen27 / raw generator training target,bethgelab-part-00002-2982,6ddccfa51197c7ce9e036a64b6b2e09c0a82637980e6f0c1304ed192e5989f74,19,0.17922889892323723,0.13963181660298715,4,0,/e/fscratch/reformo/schuhmann1/scientific-distillation-865-20261004/release/data/train.jsonl:370
Qwen27 / validated corrected final (separate view),bethgelab-part-00002-2982,6ddccfa51197c7ce9e036a64b6b2e09c0a82637980e6f0c1304ed192e5989f74,19,0.182381280110117,0.14108740536820372,4,0,/e/fscratch/reformo/schuhmann1/scientific-distillation-865-20261004/release/data/train.jsonl:370
Qwen27 / raw generator training target,bethgelab-part-00002-30,91471fbccce87dc8323406d9bdd9cd94b014548f51f35fcc98fec370803c6591,16,0.2535,0.2025,5,0,/e/fscratch/reformo/schuhmann1/scientific-distillation-865-20261004/release/data/train.jsonl:371
Qwen27 / validated corrected final (separate view),bethgelab-part-00002-30,91471fbccce87dc8323406d9bdd9cd94b014548f51f35fcc98fec370803c6591,21,0.2568359375,0.20703125,5,0,/e/fscratch/reformo/schuhmann1/scientific-distillation-865-20261004/release/data/train.jsonl:371
Qwen27 / raw generator training target,bethgelab-part-00002-3033,4895ead647f007d3d5bc5708cfb687967768768b74e335ab5503048e18445e15,18,0.09841677364142062,0.08301240907145914,3,0,/e/fscratch/reformo/schuhmann1/scientific-distillation-865-20261004/release/data/train.jsonl:372
Qwen27 / validated corrected final (separate view),bethgelab-part-00002-3033,4895ead647f007d3d5bc5708cfb687967768768b74e335ab5503048e18445e15,18,0.09688289806234204,0.08171861836562763,3,0,/e/fscratch/reformo/schuhmann1/scientific-distillation-865-20261004/release/data/train.jsonl:372
Qwen27 / raw generator training target,bethgelab-part-00002-3075,5da14df60c4c54d43b4b3b9b39791cac97aaeb5a672c30e151625e0158f0f5b3,16,0.10909701242027527,0.07418596844578718,4,0,/e/fscratch/reformo/schuhmann1/scientific-distillation-865-20261004/release/data/train.jsonl:373
Qwen27 / validated corrected final (separate view),bethgelab-part-00002-3075,5da14df60c4c54d43b4b3b9b39791cac97aaeb5a672c30e151625e0158f0f5b3,16,0.11139896373056994,0.07577720207253887,5,0,/e/fscratch/reformo/schuhmann1/scientific-distillation-865-20261004/release/data/train.jsonl:373
Qwen27 / raw generator training target,bethgelab-part-00002-3097,e50b2fb851c73a2138cc317c9e2a73643f44d55180e780748f62fa28b0b54d19,21,0.17595406957109086,0.1354272205336035,5,0,/e/fscratch/reformo/schuhmann1/scientific-distillation-865-20261004/release/data/train.jsonl:374
Qwen27 / validated corrected final (separate view),bethgelab-part-00002-3097,e50b2fb851c73a2138cc317c9e2a73643f44d55180e780748f62fa28b0b54d19,23,0.1853325753268903,0.14610574189880615,5,0,/e/fscratch/reformo/schuhmann1/scientific-distillation-865-20261004/release/data/train.jsonl:374
Qwen27 / raw generator training target,bethgelab-part-00002-3098,2764f4a6bb13ce3036cc1c1e30b2c485c2bc4596ad176e0a7c5cf9398c3c683b,17,0.05310344827586207,0.032413793103448274,5,1,/e/fscratch/reformo/schuhmann1/scientific-distillation-865-20261004/release/data/train.jsonl:375
Qwen27 / validated corrected final (separate view),bethgelab-part-00002-3098,2764f4a6bb13ce3036cc1c1e30b2c485c2bc4596ad176e0a7c5cf9398c3c683b,17,0.05178211163416274,0.03160726294552791,5,0,/e/fscratch/reformo/schuhmann1/scientific-distillation-865-20261004/release/data/train.jsonl:375
Qwen27 / raw generator training target,bethgelab-part-00002-3148,d943120ed354e183b24f52f2c118af1a3ac6f22dc22fce541e3096cb40732f13,24,0.1674727932285369,0.1293833131801693,4,0,/e/fscratch/reformo/schuhmann1/scientific-distillation-865-20261004/release/data/train.jsonl:376
Qwen27 / validated corrected final (separate view),bethgelab-part-00002-3148,d943120ed354e183b24f52f2c118af1a3ac6f22dc22fce541e3096cb40732f13,24,0.19254658385093168,0.1481810115350488,5,0,/e/fscratch/reformo/schuhmann1/scientific-distillation-865-20261004/release/data/train.jsonl:376
Qwen27 / raw generator training target,bethgelab-part-00002-315,a464611962fe4793ff6e69b6d8244bd97464baaf8bab4fc87b9de51c8d4c4864,21,0.33456289192180005,0.2880855772777573,5,0,/e/fscratch/reformo/schuhmann1/scientific-distillation-865-20261004/release/data/train.jsonl:377
Qwen27 / validated corrected final (separate view),bethgelab-part-00002-315,a464611962fe4793ff6e69b6d8244bd97464baaf8bab4fc87b9de51c8d4c4864,21,0.3282032927702219,0.2852541159627774,5,0,/e/fscratch/reformo/schuhmann1/scientific-distillation-865-20261004/release/data/train.jsonl:377
Qwen27 / raw generator training target,bethgelab-part-00002-3158,a535720715606c000362365c8436b27138886ad1a679ec67a83089338785a81c,34,0.18923436977599464,0.14510197258441992,5,0,/e/fscratch/reformo/schuhmann1/scientific-distillation-865-20261004/release/data/train.jsonl:378
Qwen27 / validated corrected final (separate view),bethgelab-part-00002-3158,a535720715606c000362365c8436b27138886ad1a679ec67a83089338785a81c,34,0.1869969040247678,0.14241486068111456,5,0,/e/fscratch/reformo/schuhmann1/scientific-distillation-865-20261004/release/data/train.jsonl:378
Qwen27 / raw generator training target,bethgelab-part-00002-3179,1d360983cedc2f88d5ca6da123f5152909c8bc63aae25cc58736aa923ad4cce2,16,0.11579980372914622,0.07916257769054628,4,0,/e/fscratch/reformo/schuhmann1/scientific-distillation-865-20261004/release/data/train.jsonl:379
Qwen27 / validated corrected final (separate view),bethgelab-part-00002-3179,1d360983cedc2f88d5ca6da123f5152909c8bc63aae25cc58736aa923ad4cce2,16,0.11911273169249469,0.08143421452446065,4,0,/e/fscratch/reformo/schuhmann1/scientific-distillation-865-20261004/release/data/train.jsonl:379
Qwen27 / raw generator training target,bethgelab-part-00002-319,ef6af594c44ce49bf7cfb535258704cf93a6d66e61157c547f4f3dd5c5f5d3c9,13,0.09384908053265695,0.06721623335447051,5,0,/e/fscratch/reformo/schuhmann1/scientific-distillation-865-20261004/release/data/train.jsonl:380
Qwen27 / validated corrected final (separate view),bethgelab-part-00002-319,ef6af594c44ce49bf7cfb535258704cf93a6d66e61157c547f4f3dd5c5f5d3c9,18,0.10732436472346786,0.08221225710014948,5,0,/e/fscratch/reformo/schuhmann1/scientific-distillation-865-20261004/release/data/train.jsonl:380
Qwen27 / raw generator training target,bethgelab-part-00002-3208,05293dd0677934f71624f0ea6bf4dd608744fac657d627e510ab221f10cf7dd5,18,0.09628318584070797,0.07079646017699115,5,0,/e/fscratch/reformo/schuhmann1/scientific-distillation-865-20261004/release/data/train.jsonl:381
Qwen27 / validated corrected final (separate view),bethgelab-part-00002-3208,05293dd0677934f71624f0ea6bf4dd608744fac657d627e510ab221f10cf7dd5,18,0.0943962641761174,0.07038025350233489,5,0,/e/fscratch/reformo/schuhmann1/scientific-distillation-865-20261004/release/data/train.jsonl:381
Qwen27 / raw generator training target,bethgelab-part-00002-3229,c98fe273aba4359e0b33ed56b06f55d66aa8a5a31eb2fefd9d9a45655f24eaa3,26,0.26859937128885786,0.2455466294097101,5,0,/e/fscratch/reformo/schuhmann1/scientific-distillation-865-20261004/release/data/train.jsonl:382
Qwen27 / validated corrected final (separate view),bethgelab-part-00002-3229,c98fe273aba4359e0b33ed56b06f55d66aa8a5a31eb2fefd9d9a45655f24eaa3,24,0.23946156571023733,0.21395678356358483,5,0,/e/fscratch/reformo/schuhmann1/scientific-distillation-865-20261004/release/data/train.jsonl:382
Qwen27 / raw generator training target,bethgelab-part-00002-3309,076cfbebcd74c922c98176465c4bbff3eb3431905d7d156eb5926904a15a1fd9,19,0.23304473304473305,0.17532467532467533,5,1,/e/fscratch/reformo/schuhmann1/scientific-distillation-865-20261004/release/data/train.jsonl:383
Qwen27 / validated corrected final (separate view),bethgelab-part-00002-3309,076cfbebcd74c922c98176465c4bbff3eb3431905d7d156eb5926904a15a1fd9,19,0.2348294434470377,0.17737881508078995,5,0,/e/fscratch/reformo/schuhmann1/scientific-distillation-865-20261004/release/data/train.jsonl:383
Qwen27 / raw generator training target,bethgelab-part-00002-3350,4de77406b9941162c53f9e36b987c682944c4486af22280a5a2c87df44517c8a,12,0.10720624778132766,0.05608803691870785,4,0,/e/fscratch/reformo/schuhmann1/scientific-distillation-865-20261004/release/data/train.jsonl:384
Qwen27 / validated corrected final (separate view),bethgelab-part-00002-3350,4de77406b9941162c53f9e36b987c682944c4486af22280a5a2c87df44517c8a,17,0.11993127147766323,0.0725085910652921,4,0,/e/fscratch/reformo/schuhmann1/scientific-distillation-865-20261004/release/data/train.jsonl:384
Qwen27 / raw generator training target,bethgelab-part-00002-3380,c5b3f9ccbd0b6c19abab84616daccf960a2d657a9f182a1b2757eb6e2105fb8f,16,0.19972826086956522,0.16304347826086957,4,0,/e/fscratch/reformo/schuhmann1/scientific-distillation-865-20261004/release/data/train.jsonl:385
Qwen27 / validated corrected final (separate view),bethgelab-part-00002-3380,c5b3f9ccbd0b6c19abab84616daccf960a2d657a9f182a1b2757eb6e2105fb8f,21,0.2139072847682119,0.1781456953642384,4,0,/e/fscratch/reformo/schuhmann1/scientific-distillation-865-20261004/release/data/train.jsonl:385
Qwen27 / raw generator training target,bethgelab-part-00002-3411,e68f83d369b33729f70c03146142a5f3d96920f73eae7bb0fbb2b0837c70daa8,18,0.18902439024390244,0.1638719512195122,4,0,/e/fscratch/reformo/schuhmann1/scientific-distillation-865-20261004/release/data/train.jsonl:386
Qwen27 / validated corrected final (separate view),bethgelab-part-00002-3411,e68f83d369b33729f70c03146142a5f3d96920f73eae7bb0fbb2b0837c70daa8,18,0.17486910994764399,0.14764397905759163,4,0,/e/fscratch/reformo/schuhmann1/scientific-distillation-865-20261004/release/data/train.jsonl:386
Qwen27 / raw generator training target,bethgelab-part-00002-3417,07ccd199767b8eda68bef8f9ce7d83c92b0638115d7b451cdb6fadf4045bbc10,17,0.16361120719474231,0.12832929782082325,5,0,/e/fscratch/reformo/schuhmann1/scientific-distillation-865-20261004/release/data/train.jsonl:387
Qwen27 / validated corrected final (separate view),bethgelab-part-00002-3417,07ccd199767b8eda68bef8f9ce7d83c92b0638115d7b451cdb6fadf4045bbc10,17,0.15659163987138264,0.12186495176848874,5,0,/e/fscratch/reformo/schuhmann1/scientific-distillation-865-20261004/release/data/train.jsonl:387
Qwen27 / raw generator training target,bethgelab-part-00002-3428,c977df9b944ade9623c35904170cf6ddd79fc05cf28ca60121fd8c2e292a7339,23,0.15592903828197946,0.1229380641145347,4,0,/e/fscratch/reformo/schuhmann1/scientific-distillation-865-20261004/release/data/train.jsonl:388
Qwen27 / validated corrected final (separate view),bethgelab-part-00002-3428,c977df9b944ade9623c35904170cf6ddd79fc05cf28ca60121fd8c2e292a7339,23,0.14652738565782045,0.11490683229813664,4,0,/e/fscratch/reformo/schuhmann1/scientific-distillation-865-20261004/release/data/train.jsonl:388
Qwen27 / raw generator training target,bethgelab-part-00002-3494,51a1e80f7f1a1f2497d430f7b469bf7b9e74452edccc92126ccbd35bad2a6384,14,0.1004121393780442,0.07156238291494942,4,0,/e/fscratch/reformo/schuhmann1/scientific-distillation-865-20261004/release/data/train.jsonl:389
Qwen27 / validated corrected final (separate view),bethgelab-part-00002-3494,51a1e80f7f1a1f2497d430f7b469bf7b9e74452edccc92126ccbd35bad2a6384,14,0.10534016093635698,0.07498171177761521,4,0,/e/fscratch/reformo/schuhmann1/scientific-distillation-865-20261004/release/data/train.jsonl:389
Qwen27 / raw generator training target,bethgelab-part-00002-350,f4c5c0816163f26184be77077fd42d026c2cbc74659c1ea317a716bd93735a37,19,0.2695685376097747,0.2168766704849179,5,0,/e/fscratch/reformo/schuhmann1/scientific-distillation-865-20261004/release/data/train.jsonl:390
Qwen27 / validated corrected final (separate view),bethgelab-part-00002-350,f4c5c0816163f26184be77077fd42d026c2cbc74659c1ea317a716bd93735a37,19,0.24914804998106777,0.1968951154865581,5,0,/e/fscratch/reformo/schuhmann1/scientific-distillation-865-20261004/release/data/train.jsonl:390
Qwen27 / raw generator training target,bethgelab-part-00002-3529,c9adab53044dda4a139652dafb65ebc20bee4423dc846f65348d3e27e2c3a44a,24,0.23020527859237536,0.19501466275659823,5,0,/e/fscratch/reformo/schuhmann1/scientific-distillation-865-20261004/release/data/train.jsonl:391
Qwen27 / validated corrected final (separate view),bethgelab-part-00002-3529,c9adab53044dda4a139652dafb65ebc20bee4423dc846f65348d3e27e2c3a44a,24,0.24577195853791597,0.20976541189307146,5,0,/e/fscratch/reformo/schuhmann1/scientific-distillation-865-20261004/release/data/train.jsonl:391
Qwen27 / raw generator training target,bethgelab-part-00002-3530,1fb37c7ce987da8c431a9b158b98908c2236669fb42a305cc10aa1ce113a0179,15,0.12247515229240141,0.0971465213209362,5,0,/e/fscratch/reformo/schuhmann1/scientific-distillation-865-20261004/release/data/train.jsonl:392
Qwen27 / validated corrected final (separate view),bethgelab-part-00002-3530,1fb37c7ce987da8c431a9b158b98908c2236669fb42a305cc10aa1ce113a0179,18,0.15506831903400065,0.1299650460756276,5,0,/e/fscratch/reformo/schuhmann1/scientific-distillation-865-20261004/release/data/train.jsonl:392
Qwen27 / raw generator training target,bethgelab-part-00002-3588,f6b36bbfbbc4d521bfcef59845017fb321ae0d87a6525fa13c62653d9c3c6716,15,0.1255045871559633,0.09357798165137615,4,0,/e/fscratch/reformo/schuhmann1/scientific-distillation-865-20261004/release/data/train.jsonl:393
Qwen27 / validated corrected final (separate view),bethgelab-part-00002-3588,f6b36bbfbbc4d521bfcef59845017fb321ae0d87a6525fa13c62653d9c3c6716,15,0.12582538517975056,0.09391049156272928,4,0,/e/fscratch/reformo/schuhmann1/scientific-distillation-865-20261004/release/data/train.jsonl:393
Qwen27 / raw generator training target,bethgelab-part-00002-3598,079e83752c64b53e4679bc026989f03c52cb858b70cab0da2977debf195f5bbe,12,0.09898989898989899,0.07474747474747474,4,0,/e/fscratch/reformo/schuhmann1/scientific-distillation-865-20261004/release/data/train.jsonl:394
Qwen27 / validated corrected final (separate view),bethgelab-part-00002-3598,079e83752c64b53e4679bc026989f03c52cb858b70cab0da2977debf195f5bbe,12,0.10405083399523431,0.0778395552025417,5,0,/e/fscratch/reformo/schuhmann1/scientific-distillation-865-20261004/release/data/train.jsonl:394
Qwen27 / raw generator training target,bethgelab-part-00002-3609,c8128764117ebe08df68f97af05f5b8d2e34496a844d41f8f659c36c4ca1a739,19,0.15220207253886012,0.11042746113989638,4,0,/e/fscratch/reformo/schuhmann1/scientific-distillation-865-20261004/release/data/train.jsonl:395
Qwen27 / validated corrected final (separate view),bethgelab-part-00002-3609,c8128764117ebe08df68f97af05f5b8d2e34496a844d41f8f659c36c4ca1a739,19,0.15576125119693585,0.11458665815512288,4,0,/e/fscratch/reformo/schuhmann1/scientific-distillation-865-20261004/release/data/train.jsonl:395
Qwen27 / raw generator training target,bethgelab-part-00002-363,0ce8669646fabbc1644b41dac488595d667a05b1bfb2bc119f5cf1389b554f64,18,0.2476280834914611,0.1959203036053131,4,0,/e/fscratch/reformo/schuhmann1/scientific-distillation-865-20261004/release/data/train.jsonl:396
Qwen27 / validated corrected final (separate view),bethgelab-part-00002-363,0ce8669646fabbc1644b41dac488595d667a05b1bfb2bc119f5cf1389b554f64,18,0.25613207547169814,0.2018867924528302,4,0,/e/fscratch/reformo/schuhmann1/scientific-distillation-865-20261004/release/data/train.jsonl:396
Qwen27 / raw generator training target,bethgelab-part-00002-3669,3eb2fdb9437e41246d8c4669e5d3801982dd2c2e11d42c3320d7557218e16802,21,0.13999283924095954,0.10132474042248478,5,0,/e/fscratch/reformo/schuhmann1/scientific-distillation-865-20261004/release/data/train.jsonl:397
Qwen27 / validated corrected final (separate view),bethgelab-part-00002-3669,3eb2fdb9437e41246d8c4669e5d3801982dd2c2e11d42c3320d7557218e16802,21,0.14411868597668667,0.10596962204168138,5,0,/e/fscratch/reformo/schuhmann1/scientific-distillation-865-20261004/release/data/train.jsonl:397
Qwen27 / raw generator training target,bethgelab-part-00002-372,b0a512ee020fe08d29c7d0b83cd29f07e4caab5ee8403d245fa59e3c6fc58d71,20,0.27254965809182674,0.20253988928687724,5,0,/e/fscratch/reformo/schuhmann1/scientific-distillation-865-20261004/release/data/train.jsonl:398
Qwen27 / validated corrected final (separate view),bethgelab-part-00002-372,b0a512ee020fe08d29c7d0b83cd29f07e4caab5ee8403d245fa59e3c6fc58d71,20,0.27448453608247425,0.20715206185567012,5,0,/e/fscratch/reformo/schuhmann1/scientific-distillation-865-20261004/release/data/train.jsonl:398
Qwen27 / raw generator training target,bethgelab-part-00002-3751,607d6e97ddaa0eb78b8cbcfbec56a9fe518ef3710c5ecf392767a77ad0500d9d,25,0.30131705750080306,0.26019916479280436,4,0,/e/fscratch/reformo/schuhmann1/scientific-distillation-865-20261004/release/data/train.jsonl:399
Qwen27 / validated corrected final (separate view),bethgelab-part-00002-3751,607d6e97ddaa0eb78b8cbcfbec56a9fe518ef3710c5ecf392767a77ad0500d9d,25,0.2941352483542789,0.2492519449431478,5,0,/e/fscratch/reformo/schuhmann1/scientific-distillation-865-20261004/release/data/train.jsonl:399
Qwen27 / raw generator training target,bethgelab-part-00002-3885,64bc97bd71fe1c09a5ba6b839419ccfd6ac68a74c0fec09bc609e1d31029dcf7,24,0.15858747993579456,0.11813804173354735,5,0,/e/fscratch/reformo/schuhmann1/scientific-distillation-865-20261004/release/data/train.jsonl:400
Qwen27 / validated corrected final (separate view),bethgelab-part-00002-3885,64bc97bd71fe1c09a5ba6b839419ccfd6ac68a74c0fec09bc609e1d31029dcf7,24,0.1664626682986536,0.12423500611995104,5,0,/e/fscratch/reformo/schuhmann1/scientific-distillation-865-20261004/release/data/train.jsonl:400
Qwen27 / raw generator training target,bethgelab-part-00002-3889,d441ca8cd4a4c095b564136439335ee89245dcf8e7bd3b07f08026d84b39e27b,20,0.21782977006857604,0.18394513916901978,5,0,/e/fscratch/reformo/schuhmann1/scientific-distillation-865-20261004/release/data/train.jsonl:401
Qwen27 / validated corrected final (separate view),bethgelab-part-00002-3889,d441ca8cd4a4c095b564136439335ee89245dcf8e7bd3b07f08026d84b39e27b,20,0.21381818181818182,0.18545454545454546,5,0,/e/fscratch/reformo/schuhmann1/scientific-distillation-865-20261004/release/data/train.jsonl:401
Qwen27 / raw generator training target,bethgelab-part-00002-3919,fe014f4809e3255e9535e2034733bd9076def1a3576cd285eb6185dcecd3d165,21,0.26105675146771035,0.22270058708414872,3,0,/e/fscratch/reformo/schuhmann1/scientific-distillation-865-20261004/release/data/train.jsonl:402
Qwen27 / validated corrected final (separate view),bethgelab-part-00002-3919,fe014f4809e3255e9535e2034733bd9076def1a3576cd285eb6185dcecd3d165,21,0.27157164869029277,0.23613251155624038,3,0,/e/fscratch/reformo/schuhmann1/scientific-distillation-865-20261004/release/data/train.jsonl:402
Qwen27 / raw generator training target,bethgelab-part-00002-3946,6e2734a4a3f1f8dc83c8d35c5e9bfcc61c16be1e65fc14e87f159ac6e5cb7aea,21,0.1957857769973661,0.15364354697102722,4,0,/e/fscratch/reformo/schuhmann1/scientific-distillation-865-20261004/release/data/train.jsonl:403
Qwen27 / validated corrected final (separate view),bethgelab-part-00002-3946,6e2734a4a3f1f8dc83c8d35c5e9bfcc61c16be1e65fc14e87f159ac6e5cb7aea,21,0.19160684704583103,0.15350635008282718,5,0,/e/fscratch/reformo/schuhmann1/scientific-distillation-865-20261004/release/data/train.jsonl:403
Qwen27 / raw generator training target,bethgelab-part-00002-3949,a77303d4db53ea7789a08d46524d70455e5159d1ea7cf89c804ae20064f79b4d,13,0.11234705228031146,0.0878754171301446,4,0,/e/fscratch/reformo/schuhmann1/scientific-distillation-865-20261004/release/data/train.jsonl:404
Qwen27 / validated corrected final (separate view),bethgelab-part-00002-3949,a77303d4db53ea7789a08d46524d70455e5159d1ea7cf89c804ae20064f79b4d,13,0.11131520940484937,0.08706833210874357,4,0,/e/fscratch/reformo/schuhmann1/scientific-distillation-865-20261004/release/data/train.jsonl:404
Qwen27 / raw generator training target,bethgelab-part-00002-3960,3454fe9f618aa019faec9ab68bd27f0fffb0cada974e066930a8c623d72aaf64,16,0.14560439560439561,0.10604395604395604,5,1,/e/fscratch/reformo/schuhmann1/scientific-distillation-865-20261004/release/data/train.jsonl:405
Qwen27 / validated corrected final (separate view),bethgelab-part-00002-3960,3454fe9f618aa019faec9ab68bd27f0fffb0cada974e066930a8c623d72aaf64,16,0.13862138874809934,0.10212873796249367,5,0,/e/fscratch/reformo/schuhmann1/scientific-distillation-865-20261004/release/data/train.jsonl:405
Qwen27 / raw generator training target,bethgelab-part-00002-3992,807d2f59a1dc28433246c57bc514f43d9e87d93ec515cb9af66b353479c1433b,21,0.1805265357292102,0.15796071876305892,5,0,/e/fscratch/reformo/schuhmann1/scientific-distillation-865-20261004/release/data/train.jsonl:406
Qwen27 / validated corrected final (separate view),bethgelab-part-00002-3992,807d2f59a1dc28433246c57bc514f43d9e87d93ec515cb9af66b353479c1433b,23,0.20323232323232324,0.18141414141414142,5,0,/e/fscratch/reformo/schuhmann1/scientific-distillation-865-20261004/release/data/train.jsonl:406
Qwen27 / raw generator training target,bethgelab-part-00002-400,8d0d64e99c459b371870bc9dc4fa0a751bdf5c58723763c893f42b3f5b078369,13,0.07171775592828225,0.04742625795257374,5,0,/e/fscratch/reformo/schuhmann1/scientific-distillation-865-20261004/release/data/train.jsonl:407
Qwen27 / validated corrected final (separate view),bethgelab-part-00002-400,8d0d64e99c459b371870bc9dc4fa0a751bdf5c58723763c893f42b3f5b078369,18,0.08610354223433242,0.05994550408719346,5,0,/e/fscratch/reformo/schuhmann1/scientific-distillation-865-20261004/release/data/train.jsonl:407
Qwen27 / raw generator training target,bethgelab-part-00002-4042,977d054aeddbd70390b7dc01a6cae384d6aa80987026c5412469c3c64f424e3f,15,0.19247594050743658,0.15602216389617965,4,0,/e/fscratch/reformo/schuhmann1/scientific-distillation-865-20261004/release/data/train.jsonl:408
Qwen27 / validated corrected final (separate view),bethgelab-part-00002-4042,977d054aeddbd70390b7dc01a6cae384d6aa80987026c5412469c3c64f424e3f,15,0.20642072655589974,0.17121937482399324,4,0,/e/fscratch/reformo/schuhmann1/scientific-distillation-865-20261004/release/data/train.jsonl:408
Qwen27 / raw generator training target,bethgelab-part-00002-406,fd5e8cd2d1532b509aeaac655ab0bc29bd98cf0a0987e06879ef9ad7cda7df61,15,0.12640801001251564,0.09637046307884856,6,2,/e/fscratch/reformo/schuhmann1/scientific-distillation-865-20261004/release/data/train.jsonl:409
Qwen27 / validated corrected final (separate view),bethgelab-part-00002-406,fd5e8cd2d1532b509aeaac655ab0bc29bd98cf0a0987e06879ef9ad7cda7df61,15,0.13382292941656468,0.0971032231742146,5,0,/e/fscratch/reformo/schuhmann1/scientific-distillation-865-20261004/release/data/train.jsonl:409
Qwen27 / raw generator training target,bethgelab-part-00002-4098,cee3831570dd05f3d913fdf879db01e4a6fcf68180888fcd68a186c3bc27829f,16,0.10233281493001556,0.07247278382581648,5,0,/e/fscratch/reformo/schuhmann1/scientific-distillation-865-20261004/release/data/train.jsonl:410
Qwen27 / validated corrected final (separate view),bethgelab-part-00002-4098,cee3831570dd05f3d913fdf879db01e4a6fcf68180888fcd68a186c3bc27829f,16,0.1095592799503414,0.0723153320918684,5,0,/e/fscratch/reformo/schuhmann1/scientific-distillation-865-20261004/release/data/train.jsonl:410
Qwen27 / raw generator training target,bethgelab-part-00002-410,3d913fac41d20bfd25e5eb9ad2dd3a95a4cf4bccf48933f6b8e19c717f531abd,16,0.1354042214257268,0.10434090003982477,5,0,/e/fscratch/reformo/schuhmann1/scientific-distillation-865-20261004/release/data/train.jsonl:411
Qwen27 / validated corrected final (separate view),bethgelab-part-00002-410,3d913fac41d20bfd25e5eb9ad2dd3a95a4cf4bccf48933f6b8e19c717f531abd,16,0.143646408839779,0.11286503551696922,5,0,/e/fscratch/reformo/schuhmann1/scientific-distillation-865-20261004/release/data/train.jsonl:411
Qwen27 / raw generator training target,bethgelab-part-00002-4104,babdd389926e1875f48ae37d4adf05418286ac9dbd55e7fc8f04c1c6417b34b6,22,0.327991452991453,0.2955840455840456,5,0,/e/fscratch/reformo/schuhmann1/scientific-distillation-865-20261004/release/data/train.jsonl:412
Qwen27 / validated corrected final (separate view),bethgelab-part-00002-4104,babdd389926e1875f48ae37d4adf05418286ac9dbd55e7fc8f04c1c6417b34b6,22,0.33145473758365623,0.2994011976047904,5,0,/e/fscratch/reformo/schuhmann1/scientific-distillation-865-20261004/release/data/train.jsonl:412
Qwen27 / raw generator training target,bethgelab-part-00002-4109,e44ec5eff66a042d54813575cffa363f913ab6114885bc23fde37013b9df0d9a,17,0.197327852004111,0.15621788283658788,5,0,/e/fscratch/reformo/schuhmann1/scientific-distillation-865-20261004/release/data/train.jsonl:413
Qwen27 / validated corrected final (separate view),bethgelab-part-00002-4109,e44ec5eff66a042d54813575cffa363f913ab6114885bc23fde37013b9df0d9a,17,0.1983388704318937,0.1564784053156146,5,0,/e/fscratch/reformo/schuhmann1/scientific-distillation-865-20261004/release/data/train.jsonl:413
Qwen27 / raw generator training target,bethgelab-part-00002-4124,d9ddb85c08351125d05ca029e319c1051ac4b3d243a6c6aa59a3a6e0ad2a99f0,23,0.21526157947350882,0.1752749083638787,5,0,/e/fscratch/reformo/schuhmann1/scientific-distillation-865-20261004/release/data/train.jsonl:414
Qwen27 / validated corrected final (separate view),bethgelab-part-00002-4124,d9ddb85c08351125d05ca029e319c1051ac4b3d243a6c6aa59a3a6e0ad2a99f0,23,0.23529411764705882,0.1980392156862745,5,0,/e/fscratch/reformo/schuhmann1/scientific-distillation-865-20261004/release/data/train.jsonl:414
Qwen27 / raw generator training target,bethgelab-part-00002-4159,41edc1db5fcac17cebf7a677c389f5e919e0682784da96d1533afb571da92b62,15,0.1882940108892922,0.13430127041742287,3,0,/e/fscratch/reformo/schuhmann1/scientific-distillation-865-20261004/release/data/train.jsonl:415
Qwen27 / validated corrected final (separate view),bethgelab-part-00002-4159,41edc1db5fcac17cebf7a677c389f5e919e0682784da96d1533afb571da92b62,15,0.20251572327044026,0.15010482180293502,4,0,/e/fscratch/reformo/schuhmann1/scientific-distillation-865-20261004/release/data/train.jsonl:415
Qwen27 / raw generator training target,bethgelab-part-00002-42,b9f9c940985f1513edeb9d366702013b33bf40c95246c81cecb39c615c80e85e,25,0.3291641244661379,0.29621720561317877,5,0,/e/fscratch/reformo/schuhmann1/scientific-distillation-865-20261004/release/data/train.jsonl:416
Qwen27 / validated corrected final (separate view),bethgelab-part-00002-42,b9f9c940985f1513edeb9d366702013b33bf40c95246c81cecb39c615c80e85e,25,0.3353492591472634,0.2990625944965225,5,0,/e/fscratch/reformo/schuhmann1/scientific-distillation-865-20261004/release/data/train.jsonl:416
Qwen27 / raw generator training target,bethgelab-part-00002-4201,abdeaf1bd0c44e6d42ff6dda150bb215fd12c04385bacc71d9d138cd74b27e06,29,0.4027959807776322,0.34775010921799915,5,0,/e/fscratch/reformo/schuhmann1/scientific-distillation-865-20261004/release/data/train.jsonl:417
Qwen27 / validated corrected final (separate view),bethgelab-part-00002-4201,abdeaf1bd0c44e6d42ff6dda150bb215fd12c04385bacc71d9d138cd74b27e06,29,0.40626287597857436,0.3518747424804285,5,0,/e/fscratch/reformo/schuhmann1/scientific-distillation-865-20261004/release/data/train.jsonl:417
Qwen27 / raw generator training target,bethgelab-part-00002-4214,a0466f4d974199c0841f0b19d16471d5d96311ae90a8c8453fa995dfb1a76110,13,0.15140562248995984,0.11526104417670682,5,0,/e/fscratch/reformo/schuhmann1/scientific-distillation-865-20261004/release/data/train.jsonl:418
Qwen27 / validated corrected final (separate view),bethgelab-part-00002-4214,a0466f4d974199c0841f0b19d16471d5d96311ae90a8c8453fa995dfb1a76110,13,0.14002879769618432,0.1033117350611951,5,0,/e/fscratch/reformo/schuhmann1/scientific-distillation-865-20261004/release/data/train.jsonl:418
Qwen27 / raw generator training target,bethgelab-part-00002-4233,651283b2e920086f63e05e7a09dea40861882779f7d293946c2fe58d1e628c6f,13,0.07164436771687527,0.03927492447129909,4,0,/e/fscratch/reformo/schuhmann1/scientific-distillation-865-20261004/release/data/train.jsonl:419
Qwen27 / validated corrected final (separate view),bethgelab-part-00002-4233,651283b2e920086f63e05e7a09dea40861882779f7d293946c2fe58d1e628c6f,14,0.07815552950371239,0.04884720593982024,5,0,/e/fscratch/reformo/schuhmann1/scientific-distillation-865-20261004/release/data/train.jsonl:419
Qwen27 / raw generator training target,bethgelab-part-00002-4260,4d1f08e8b7fa3429cfed0c83e59f0a6acf89375ca59a24ee9436b256b3a4f7f7,14,0.11846061334936861,0.08238123872519543,5,0,/e/fscratch/reformo/schuhmann1/scientific-distillation-865-20261004/release/data/train.jsonl:420
Qwen27 / validated corrected final (separate view),bethgelab-part-00002-4260,4d1f08e8b7fa3429cfed0c83e59f0a6acf89375ca59a24ee9436b256b3a4f7f7,14,0.12081103914390312,0.08363841171500985,5,0,/e/fscratch/reformo/schuhmann1/scientific-distillation-865-20261004/release/data/train.jsonl:420
Qwen27 / raw generator training target,bethgelab-part-00002-4312,32dff4e9795c75af46643a240655fee3e8b78f326b3a36d59f5006bb292fabe4,17,0.1841189496994622,0.1499525466624486,5,1,/e/fscratch/reformo/schuhmann1/scientific-distillation-865-20261004/release/data/train.jsonl:421
Qwen27 / validated corrected final (separate view),bethgelab-part-00002-4312,32dff4e9795c75af46643a240655fee3e8b78f326b3a36d59f5006bb292fabe4,17,0.18341158059467919,0.14773082942097027,5,0,/e/fscratch/reformo/schuhmann1/scientific-distillation-865-20261004/release/data/train.jsonl:421
Qwen27 / raw generator training target,bethgelab-part-00002-4338,48cb85ea53ccc39f0db97f229fe23bc715450b7ad5e2f2e9f257234b5cdb1ebc,20,0.2965235173824131,0.24403544648943423,5,0,/e/fscratch/reformo/schuhmann1/scientific-distillation-865-20261004/release/data/train.jsonl:422
Qwen27 / validated corrected final (separate view),bethgelab-part-00002-4338,48cb85ea53ccc39f0db97f229fe23bc715450b7ad5e2f2e9f257234b5cdb1ebc,20,0.3010605542251112,0.24837495723571673,5,0,/e/fscratch/reformo/schuhmann1/scientific-distillation-865-20261004/release/data/train.jsonl:422
Qwen27 / raw generator training target,bethgelab-part-00002-4372,39f430dd4293d321bf26133d3dd0365dfe75e44232968d29228a586396012659,20,0.16576,0.11008,4,0,/e/fscratch/reformo/schuhmann1/scientific-distillation-865-20261004/release/data/train.jsonl:423
Qwen27 / validated corrected final (separate view),bethgelab-part-00002-4372,39f430dd4293d321bf26133d3dd0365dfe75e44232968d29228a586396012659,20,0.17055253912488022,0.11114659853082082,4,0,/e/fscratch/reformo/schuhmann1/scientific-distillation-865-20261004/release/data/train.jsonl:423
Qwen27 / raw generator training target,bethgelab-part-00002-4382,268f80ea49fa3887365719a437fd6e675ad3647b9f358bb15f6001af6a6a6163,12,0.14871016691957512,0.10318664643399089,5,0,/e/fscratch/reformo/schuhmann1/scientific-distillation-865-20261004/release/data/train.jsonl:424
Qwen27 / validated corrected final (separate view),bethgelab-part-00002-4382,268f80ea49fa3887365719a437fd6e675ad3647b9f358bb15f6001af6a6a6163,12,0.16090225563909774,0.11578947368421053,5,0,/e/fscratch/reformo/schuhmann1/scientific-distillation-865-20261004/release/data/train.jsonl:424
Qwen27 / raw generator training target,bethgelab-part-00002-4462,c40b7273e58e0ae9ba759e2f66233c6d66a005496761e9b3bf62a4577aaaa42a,17,0.2288202692003167,0.18368962787015045,4,0,/e/fscratch/reformo/schuhmann1/scientific-distillation-865-20261004/release/data/train.jsonl:425
Qwen27 / validated corrected final (separate view),bethgelab-part-00002-4462,c40b7273e58e0ae9ba759e2f66233c6d66a005496761e9b3bf62a4577aaaa42a,17,0.23022432113341204,0.18536009445100354,4,0,/e/fscratch/reformo/schuhmann1/scientific-distillation-865-20261004/release/data/train.jsonl:425
Qwen27 / raw generator training target,bethgelab-part-00002-4464,cb472e6e13db5586d2a950052fa60f26d42c2063c5622461fd6619ac0bf83adc,17,0.21105527638190955,0.15326633165829145,4,0,/e/fscratch/reformo/schuhmann1/scientific-distillation-865-20261004/release/data/train.jsonl:426
Qwen27 / validated corrected final (separate view),bethgelab-part-00002-4464,cb472e6e13db5586d2a950052fa60f26d42c2063c5622461fd6619ac0bf83adc,17,0.21292775665399238,0.15462610899873258,4,0,/e/fscratch/reformo/schuhmann1/scientific-distillation-865-20261004/release/data/train.jsonl:426
Qwen27 / raw generator training target,bethgelab-part-00002-448,dcb63b9ee4aec67bcae1d16047c5bb6ad971ca44fd2562bd56e2a67e9be6948d,13,0.095,0.0525,4,0,/e/fscratch/reformo/schuhmann1/scientific-distillation-865-20261004/release/data/train.jsonl:427
Qwen27 / validated corrected final (separate view),bethgelab-part-00002-448,dcb63b9ee4aec67bcae1d16047c5bb6ad971ca44fd2562bd56e2a67e9be6948d,13,0.09617706237424548,0.055130784708249496,4,0,/e/fscratch/reformo/schuhmann1/scientific-distillation-865-20261004/release/data/train.jsonl:427
Qwen27 / raw generator training target,bethgelab-part-00002-4510,a28fd71cae0be5f1add3ce1337db552936fe75b69f5e7e133d48b4fa86cc3d13,16,0.1631912964641886,0.13538833484436386,5,0,/e/fscratch/reformo/schuhmann1/scientific-distillation-865-20261004/release/data/train.jsonl:428
Qwen27 / validated corrected final (separate view),bethgelab-part-00002-4510,a28fd71cae0be5f1add3ce1337db552936fe75b69f5e7e133d48b4fa86cc3d13,16,0.1694610778443114,0.1437125748502994,5,0,/e/fscratch/reformo/schuhmann1/scientific-distillation-865-20261004/release/data/train.jsonl:428
Qwen27 / raw generator training target,bethgelab-part-00002-4524,7a6db813454a8ab785f5b76dea5d909d02a379627053b12e7ccd698502bf3869,21,0.18669189530116684,0.14506464837590666,5,0,/e/fscratch/reformo/schuhmann1/scientific-distillation-865-20261004/release/data/train.jsonl:429
Qwen27 / validated corrected final (separate view),bethgelab-part-00002-4524,7a6db813454a8ab785f5b76dea5d909d02a379627053b12e7ccd698502bf3869,21,0.18313253012048192,0.14518072289156628,5,0,/e/fscratch/reformo/schuhmann1/scientific-distillation-865-20261004/release/data/train.jsonl:429
Qwen27 / raw generator training target,bethgelab-part-00002-453,90e437fa6d1cdfa5aea0f9d1d156707f8abb915dad702adbf0e908a98c198077,18,0.12723129510064565,0.1036840106342575,5,0,/e/fscratch/reformo/schuhmann1/scientific-distillation-865-20261004/release/data/train.jsonl:430
Qwen27 / validated corrected final (separate view),bethgelab-part-00002-453,90e437fa6d1cdfa5aea0f9d1d156707f8abb915dad702adbf0e908a98c198077,18,0.11862606232294617,0.096671388101983,5,0,/e/fscratch/reformo/schuhmann1/scientific-distillation-865-20261004/release/data/train.jsonl:430
Qwen27 / raw generator training target,bethgelab-part-00002-4542,789c96608243a9f201720eb8777607457b402dec81d08b3385650374a7b98cf1,20,0.10892646480534801,0.0849390483680692,5,0,/e/fscratch/reformo/schuhmann1/scientific-distillation-865-20261004/release/data/train.jsonl:431
Qwen27 / validated corrected final (separate view),bethgelab-part-00002-4542,789c96608243a9f201720eb8777607457b402dec81d08b3385650374a7b98cf1,20,0.11435239206534423,0.08829249319330999,5,0,/e/fscratch/reformo/schuhmann1/scientific-distillation-865-20261004/release/data/train.jsonl:431
Qwen27 / raw generator training target,bethgelab-part-00002-4594,c7d7bf044917a81f253a0b9a83ba9748c6115311f8c87094d97cbd4106ba85f0,17,0.292415607189829,0.2371766768960982,6,1,/e/fscratch/reformo/schuhmann1/scientific-distillation-865-20261004/release/data/train.jsonl:432
Qwen27 / validated corrected final (separate view),bethgelab-part-00002-4594,c7d7bf044917a81f253a0b9a83ba9748c6115311f8c87094d97cbd4106ba85f0,17,0.2929908576404005,0.23552459730082717,5,0,/e/fscratch/reformo/schuhmann1/scientific-distillation-865-20261004/release/data/train.jsonl:432
Qwen27 / raw generator training target,bethgelab-part-00002-4609,bde41236f049a81f23970c66281706be1d4b67e6aecc514bb91593d5ac7e695f,17,0.18444165621079048,0.1286072772898369,5,0,/e/fscratch/reformo/schuhmann1/scientific-distillation-865-20261004/release/data/train.jsonl:433
Qwen27 / validated corrected final (separate view),bethgelab-part-00002-4609,bde41236f049a81f23970c66281706be1d4b67e6aecc514bb91593d5ac7e695f,17,0.18589545313949893,0.12898236931642437,5,0,/e/fscratch/reformo/schuhmann1/scientific-distillation-865-20261004/release/data/train.jsonl:433
Qwen27 / raw generator training target,bethgelab-part-00002-4624,301e78c9c7463d7ea63fe55c43bc6b201d8088f7e4822c2262547c25dc709c71,10,0.05683717820127048,0.042795051822133064,5,0,/e/fscratch/reformo/schuhmann1/scientific-distillation-865-20261004/release/data/train.jsonl:434
Qwen27 / validated corrected final (separate view),bethgelab-part-00002-4624,301e78c9c7463d7ea63fe55c43bc6b201d8088f7e4822c2262547c25dc709c71,10,0.057704918032786885,0.0419672131147541,5,0,/e/fscratch/reformo/schuhmann1/scientific-distillation-865-20261004/release/data/train.jsonl:434
Qwen27 / raw generator training target,bethgelab-part-00002-4632,78a873334c909f08f74791c67e89164ffc775d0e7674d2d1ffff400525b749b8,21,0.22602518566354537,0.17759121730707136,4,0,/e/fscratch/reformo/schuhmann1/scientific-distillation-865-20261004/release/data/train.jsonl:435
Qwen27 / validated corrected final (separate view),bethgelab-part-00002-4632,78a873334c909f08f74791c67e89164ffc775d0e7674d2d1ffff400525b749b8,21,0.22580645161290322,0.17696713898100694,4,0,/e/fscratch/reformo/schuhmann1/scientific-distillation-865-20261004/release/data/train.jsonl:435
Qwen27 / raw generator training target,bethgelab-part-00002-4638,5816ffdc4ca57f4404474ee65e39ae62e06f4c25c1beac3a0ccfd07bd54037e5,36,0.31582403151674326,0.2744583059750492,5,0,/e/fscratch/reformo/schuhmann1/scientific-distillation-865-20261004/release/data/train.jsonl:436
Qwen27 / validated corrected final (separate view),bethgelab-part-00002-4638,5816ffdc4ca57f4404474ee65e39ae62e06f4c25c1beac3a0ccfd07bd54037e5,36,0.3154318990617923,0.2766095114849563,5,0,/e/fscratch/reformo/schuhmann1/scientific-distillation-865-20261004/release/data/train.jsonl:436
Qwen27 / raw generator training target,bethgelab-part-00002-4693,4cee87e0cf319c2ed65751867fc113a8739449076a6669600e1bfdb5fe502d9a,19,0.2311348781937017,0.20083184789067143,5,0,/e/fscratch/reformo/schuhmann1/scientific-distillation-865-20261004/release/data/train.jsonl:437
Qwen27 / validated corrected final (separate view),bethgelab-part-00002-4693,4cee87e0cf319c2ed65751867fc113a8739449076a6669600e1bfdb5fe502d9a,19,0.24780829924021042,0.2162478082992402,5,0,/e/fscratch/reformo/schuhmann1/scientific-distillation-865-20261004/release/data/train.jsonl:437
Qwen27 / raw generator training target,bethgelab-part-00002-4719,6bd2e6984a2f96c0eb40d27e467efe3302880e053a9ea0fc047c9f124f9d95ad,14,0.09238728750923873,0.06060606060606061,6,1,/e/fscratch/reformo/schuhmann1/scientific-distillation-865-20261004/release/data/train.jsonl:438
Qwen27 / validated corrected final (separate view),bethgelab-part-00002-4719,6bd2e6984a2f96c0eb40d27e467efe3302880e053a9ea0fc047c9f124f9d95ad,14,0.08851499634235552,0.0570592538405267,5,0,/e/fscratch/reformo/schuhmann1/scientific-distillation-865-20261004/release/data/train.jsonl:438
Qwen27 / raw generator training target,bethgelab-part-00002-4771,8b8e56928c0eec7161bddb27cbb6c7334e70f193cd5d3e12efd60ecc69232444,19,0.15538674033149172,0.12638121546961326,6,2,/e/fscratch/reformo/schuhmann1/scientific-distillation-865-20261004/release/data/train.jsonl:439
Qwen27 / validated corrected final (separate view),bethgelab-part-00002-4771,8b8e56928c0eec7161bddb27cbb6c7334e70f193cd5d3e12efd60ecc69232444,19,0.1627511065713313,0.1341504937010555,5,0,/e/fscratch/reformo/schuhmann1/scientific-distillation-865-20261004/release/data/train.jsonl:439
Qwen27 / raw generator training target,bethgelab-part-00002-478,68e78388e1fa4d1ad5626fd85819f805c60295448cb7921865149eb10d75c0e2,15,0.09745762711864407,0.05635593220338983,4,0,/e/fscratch/reformo/schuhmann1/scientific-distillation-865-20261004/release/data/train.jsonl:440
Qwen27 / validated corrected final (separate view),bethgelab-part-00002-478,68e78388e1fa4d1ad5626fd85819f805c60295448cb7921865149eb10d75c0e2,15,0.10037641154328733,0.059807611877875366,4,0,/e/fscratch/reformo/schuhmann1/scientific-distillation-865-20261004/release/data/train.jsonl:440
Qwen27 / raw generator training target,bethgelab-part-00002-479,983f513cad2e58b959e63c10c604466f117d38c479f0452272a2e8c00cf1502b,20,0.19387755102040816,0.16326530612244897,3,0,/e/fscratch/reformo/schuhmann1/scientific-distillation-865-20261004/release/data/train.jsonl:441
Qwen27 / validated corrected final (separate view),bethgelab-part-00002-479,983f513cad2e58b959e63c10c604466f117d38c479f0452272a2e8c00cf1502b,20,0.18963878326996197,0.1596958174904943,4,0,/e/fscratch/reformo/schuhmann1/scientific-distillation-865-20261004/release/data/train.jsonl:441
Qwen27 / raw generator training target,bethgelab-part-00002-4790,2e53d54f3df85aa9222133e964501ffd7e7f534d79c4f9f1722c5aa803702e8d,17,0.22448350292938637,0.15911193339500462,4,0,/e/fscratch/reformo/schuhmann1/scientific-distillation-865-20261004/release/data/train.jsonl:442
Qwen27 / validated corrected final (separate view),bethgelab-part-00002-4790,2e53d54f3df85aa9222133e964501ffd7e7f534d79c4f9f1722c5aa803702e8d,17,0.23216444981862153,0.16626360338573157,4,0,/e/fscratch/reformo/schuhmann1/scientific-distillation-865-20261004/release/data/train.jsonl:442
Qwen27 / raw generator training target,bethgelab-part-00002-4821,1f75227d0a17b03421ab3dd8fb63c83af2453b33a6edeb82bd9534d08b8903cc,15,0.14731996053929627,0.10588622163761921,5,0,/e/fscratch/reformo/schuhmann1/scientific-distillation-865-20261004/release/data/train.jsonl:443
Qwen27 / validated corrected final (separate view),bethgelab-part-00002-4821,1f75227d0a17b03421ab3dd8fb63c83af2453b33a6edeb82bd9534d08b8903cc,15,0.15528700906344411,0.11178247734138973,5,0,/e/fscratch/reformo/schuhmann1/scientific-distillation-865-20261004/release/data/train.jsonl:443
Qwen27 / raw generator training target,bethgelab-part-00002-487,42d6b8e35a5b6a32d8f37d977d51e268e09b3e687799e1a8602d3b33b3514b49,25,0.35167697818300225,0.28166720937805273,4,0,/e/fscratch/reformo/schuhmann1/scientific-distillation-865-20261004/release/data/train.jsonl:444
Qwen27 / validated corrected final (separate view),bethgelab-part-00002-487,42d6b8e35a5b6a32d8f37d977d51e268e09b3e687799e1a8602d3b33b3514b49,25,0.3406398104265403,0.2680687203791469,4,0,/e/fscratch/reformo/schuhmann1/scientific-distillation-865-20261004/release/data/train.jsonl:444
Qwen27 / raw generator training target,bethgelab-part-00002-4887,7ddd2d81198df3fedcb1ba9d8eeb1f920d80357e66642af621dce117f0dbaca4,20,0.26534140017286084,0.21348314606741572,5,0,/e/fscratch/reformo/schuhmann1/scientific-distillation-865-20261004/release/data/train.jsonl:445
Qwen27 / validated corrected final (separate view),bethgelab-part-00002-4887,7ddd2d81198df3fedcb1ba9d8eeb1f920d80357e66642af621dce117f0dbaca4,20,0.26742160278745647,0.21515679442508712,5,0,/e/fscratch/reformo/schuhmann1/scientific-distillation-865-20261004/release/data/train.jsonl:445
Qwen27 / raw generator training target,bethgelab-part-00002-489,e219745533b28f773dd57b679230a7f6698114e7e53b4e17557176a703588b43,27,0.3152594887683966,0.2618125484120837,5,0,/e/fscratch/reformo/schuhmann1/scientific-distillation-865-20261004/release/data/train.jsonl:446
Qwen27 / validated corrected final (separate view),bethgelab-part-00002-489,e219745533b28f773dd57b679230a7f6698114e7e53b4e17557176a703588b43,27,0.30387540746106484,0.253893516841724,5,0,/e/fscratch/reformo/schuhmann1/scientific-distillation-865-20261004/release/data/train.jsonl:446
Qwen27 / raw generator training target,bethgelab-part-00002-4901,b94967659cd9105d5f53700f9edfb92aab6d5fcba3f18463a3f19a2a1e16e8ca,21,0.24753919066715274,0.20816624134159678,5,0,/e/fscratch/reformo/schuhmann1/scientific-distillation-865-20261004/release/data/train.jsonl:447
Qwen27 / validated corrected final (separate view),bethgelab-part-00002-4901,b94967659cd9105d5f53700f9edfb92aab6d5fcba3f18463a3f19a2a1e16e8ca,21,0.2426749396759738,0.20337814546708033,5,0,/e/fscratch/reformo/schuhmann1/scientific-distillation-865-20261004/release/data/train.jsonl:447
Qwen27 / raw generator training target,bethgelab-part-00002-4940,bbf2a0cbf0c4398d7e41a01c239e0b3eb06bff9339c05e50c012d68bac271130,18,0.14938361131254532,0.10986221899927484,4,0,/e/fscratch/reformo/schuhmann1/scientific-distillation-865-20261004/release/data/train.jsonl:448
Qwen27 / validated corrected final (separate view),bethgelab-part-00002-4940,bbf2a0cbf0c4398d7e41a01c239e0b3eb06bff9339c05e50c012d68bac271130,18,0.16803424901890832,0.131287905815198,4,0,/e/fscratch/reformo/schuhmann1/scientific-distillation-865-20261004/release/data/train.jsonl:448
Qwen27 / raw generator training target,bethgelab-part-00002-506,cb8968277ee44f47b211a520322d6bcbaf4f9cd663c7f7c546dc878bd699e14a,16,0.10323886639676114,0.07651821862348178,5,0,/e/fscratch/reformo/schuhmann1/scientific-distillation-865-20261004/release/data/train.jsonl:449
Qwen27 / validated corrected final (separate view),bethgelab-part-00002-506,cb8968277ee44f47b211a520322d6bcbaf4f9cd663c7f7c546dc878bd699e14a,19,0.12216014897579143,0.0931098696461825,5,0,/e/fscratch/reformo/schuhmann1/scientific-distillation-865-20261004/release/data/train.jsonl:449
Qwen27 / raw generator training target,bethgelab-part-00002-507,12814e3ce0cab97aaf2e251b6d56c4b9424f1211412ebb72a06bf253e5aaad51,19,0.19883351007423117,0.1420996818663839,5,0,/e/fscratch/reformo/schuhmann1/scientific-distillation-865-20261004/release/data/train.jsonl:450
Qwen27 / validated corrected final (separate view),bethgelab-part-00002-507,12814e3ce0cab97aaf2e251b6d56c4b9424f1211412ebb72a06bf253e5aaad51,19,0.20735607675906184,0.15031982942430705,5,0,/e/fscratch/reformo/schuhmann1/scientific-distillation-865-20261004/release/data/train.jsonl:450
Qwen27 / raw generator training target,bethgelab-part-00002-527,a9f3799c359d86d12c10680c1f6baec22a0af35eee4621da73d332b308d86348,20,0.24916943521594684,0.20386590154032014,4,0,/e/fscratch/reformo/schuhmann1/scientific-distillation-865-20261004/release/data/train.jsonl:451
Qwen27 / validated corrected final (separate view),bethgelab-part-00002-527,a9f3799c359d86d12c10680c1f6baec22a0af35eee4621da73d332b308d86348,26,0.25412541254125415,0.2073207320732073,5,0,/e/fscratch/reformo/schuhmann1/scientific-distillation-865-20261004/release/data/train.jsonl:451
Qwen27 / raw generator training target,bethgelab-part-00002-565,91bbb3efe8e4c0bdcd6f7660393b76588e45916b14c194454f475f7a0c8128bc,13,0.17372262773722627,0.11204379562043795,4,0,/e/fscratch/reformo/schuhmann1/scientific-distillation-865-20261004/release/data/train.jsonl:452
Qwen27 / validated corrected final (separate view),bethgelab-part-00002-565,91bbb3efe8e4c0bdcd6f7660393b76588e45916b14c194454f475f7a0c8128bc,13,0.17884130982367757,0.1180280676502339,4,0,/e/fscratch/reformo/schuhmann1/scientific-distillation-865-20261004/release/data/train.jsonl:452
Qwen27 / raw generator training target,bethgelab-part-00002-589,5a726d5a7ac55bb4e311f671c7f27e83e2e7d9fde004c21eae4c93e8f7975196,17,0.17849223946784923,0.1385809312638581,6,9,/e/fscratch/reformo/schuhmann1/scientific-distillation-865-20261004/release/data/train.jsonl:453
Qwen27 / validated corrected final (separate view),bethgelab-part-00002-589,5a726d5a7ac55bb4e311f671c7f27e83e2e7d9fde004c21eae4c93e8f7975196,17,0.17659963436928702,0.13711151736745886,5,0,/e/fscratch/reformo/schuhmann1/scientific-distillation-865-20261004/release/data/train.jsonl:453
Qwen27 / raw generator training target,bethgelab-part-00002-594,cc05ed470fcd116fd293266898a05764fba0e97d6029d09f9ce73bb5656cc212,14,0.12522490104354084,0.09427851745232098,5,0,/e/fscratch/reformo/schuhmann1/scientific-distillation-865-20261004/release/data/train.jsonl:454
Qwen27 / validated corrected final (separate view),bethgelab-part-00002-594,cc05ed470fcd116fd293266898a05764fba0e97d6029d09f9ce73bb5656cc212,14,0.12636612021857924,0.09665300546448087,5,0,/e/fscratch/reformo/schuhmann1/scientific-distillation-865-20261004/release/data/train.jsonl:454
Qwen27 / raw generator training target,bethgelab-part-00002-622,d94f2ab8393d7d2aaaf353759779514262118e90cc7dee09eab178bc69cc75e7,22,0.20341614906832298,0.1704192546583851,5,0,/e/fscratch/reformo/schuhmann1/scientific-distillation-865-20261004/release/data/train.jsonl:455
Qwen27 / validated corrected final (separate view),bethgelab-part-00002-622,d94f2ab8393d7d2aaaf353759779514262118e90cc7dee09eab178bc69cc75e7,22,0.20021802325581395,0.1693313953488372,5,0,/e/fscratch/reformo/schuhmann1/scientific-distillation-865-20261004/release/data/train.jsonl:455
Qwen27 / raw generator training target,bethgelab-part-00002-67,447bd1ce746c347860e40a9fca10769babc359cd4cea224cd8c67ca1cd8ae665,13,0.08890770533446232,0.06350550381033022,5,0,/e/fscratch/reformo/schuhmann1/scientific-distillation-865-20261004/release/data/train.jsonl:456
Qwen27 / validated corrected final (separate view),bethgelab-part-00002-67,447bd1ce746c347860e40a9fca10769babc359cd4cea224cd8c67ca1cd8ae665,13,0.08695652173913043,0.05936454849498328,4,0,/e/fscratch/reformo/schuhmann1/scientific-distillation-865-20261004/release/data/train.jsonl:456
Qwen27 / raw generator training target,bethgelab-part-00002-682,5ed857748cada35cd02c5d5b497ac4932f8f1991e0870af9b629ffe83c795a8d,21,0.20042905301869446,0.16150781489426908,5,0,/e/fscratch/reformo/schuhmann1/scientific-distillation-865-20261004/release/data/train.jsonl:457
Qwen27 / validated corrected final (separate view),bethgelab-part-00002-682,5ed857748cada35cd02c5d5b497ac4932f8f1991e0870af9b629ffe83c795a8d,21,0.20397272457752744,0.16454195078565076,5,0,/e/fscratch/reformo/schuhmann1/scientific-distillation-865-20261004/release/data/train.jsonl:457
Qwen27 / raw generator training target,bethgelab-part-00002-758,3d3b9a12574b59dc0111a6e587de8bcbe85fa1255d6e2ca4e7aaa521a30e9460,12,0.09126420454545454,0.05930397727272727,6,1,/e/fscratch/reformo/schuhmann1/scientific-distillation-865-20261004/release/data/train.jsonl:458
Qwen27 / validated corrected final (separate view),bethgelab-part-00002-758,3d3b9a12574b59dc0111a6e587de8bcbe85fa1255d6e2ca4e7aaa521a30e9460,12,0.1,0.06678200692041522,5,0,/e/fscratch/reformo/schuhmann1/scientific-distillation-865-20261004/release/data/train.jsonl:458
Qwen27 / raw generator training target,bethgelab-part-00002-798,c84f33c16567842debb661838f1830720ecf8f1696c36df0ec1512bba19bb9e7,11,0.09633212414349053,0.06247480854494156,4,0,/e/fscratch/reformo/schuhmann1/scientific-distillation-865-20261004/release/data/train.jsonl:459
Qwen27 / validated corrected final (separate view),bethgelab-part-00002-798,c84f33c16567842debb661838f1830720ecf8f1696c36df0ec1512bba19bb9e7,11,0.0956,0.062,4,0,/e/fscratch/reformo/schuhmann1/scientific-distillation-865-20261004/release/data/train.jsonl:459
Qwen27 / raw generator training target,bethgelab-part-00002-806,6fe0827080778fcfb5c4e2b942f6dcebdf600251f9e3363de1c3a9bb6f30eead,21,0.1590172786177106,0.10610151187904968,4,0,/e/fscratch/reformo/schuhmann1/scientific-distillation-865-20261004/release/data/train.jsonl:460
Qwen27 / validated corrected final (separate view),bethgelab-part-00002-806,6fe0827080778fcfb5c4e2b942f6dcebdf600251f9e3363de1c3a9bb6f30eead,21,0.1568993074054342,0.10468833244539158,4,0,/e/fscratch/reformo/schuhmann1/scientific-distillation-865-20261004/release/data/train.jsonl:460
Qwen27 / raw generator training target,bethgelab-part-00002-848,e6b43a7947bc7fa0cddbea5d94bc1920453e36991c5f09590ea15bb7392278ee,16,0.15897435897435896,0.12564102564102564,4,0,/e/fscratch/reformo/schuhmann1/scientific-distillation-865-20261004/release/data/train.jsonl:461
Qwen27 / validated corrected final (separate view),bethgelab-part-00002-848,e6b43a7947bc7fa0cddbea5d94bc1920453e36991c5f09590ea15bb7392278ee,16,0.16652754590984975,0.13146911519198665,4,0,/e/fscratch/reformo/schuhmann1/scientific-distillation-865-20261004/release/data/train.jsonl:461
Qwen27 / raw generator training target,bethgelab-part-00002-855,162e6756d8615847c5a1cc10bf2eb386b8e4360a51a4bd9c1ef17dba457b80e1,30,0.4195756331279945,0.39082819986310746,4,0,/e/fscratch/reformo/schuhmann1/scientific-distillation-865-20261004/release/data/train.jsonl:462
Qwen27 / validated corrected final (separate view),bethgelab-part-00002-855,162e6756d8615847c5a1cc10bf2eb386b8e4360a51a4bd9c1ef17dba457b80e1,30,0.4104899497487437,0.38410804020100503,4,0,/e/fscratch/reformo/schuhmann1/scientific-distillation-865-20261004/release/data/train.jsonl:462
Qwen27 / raw generator training target,bethgelab-part-00002-895,0a2b9b858624eeaaeb45049f5dcb7d4907e66c9bd006aba7411facdd472dc07c,16,0.1943042537851478,0.1661860129776496,5,0,/e/fscratch/reformo/schuhmann1/scientific-distillation-865-20261004/release/data/train.jsonl:463
Qwen27 / validated corrected final (separate view),bethgelab-part-00002-895,0a2b9b858624eeaaeb45049f5dcb7d4907e66c9bd006aba7411facdd472dc07c,16,0.20622986036519872,0.17400644468313642,5,0,/e/fscratch/reformo/schuhmann1/scientific-distillation-865-20261004/release/data/train.jsonl:463
Qwen27 / raw generator training target,bethgelab-part-00002-9,8aeaa013b7d7f8c1482a50b2f936d808ba151499b5022a1624b7edeb3ddb3212,11,0.10690490611750454,0.08509993943064809,4,0,/e/fscratch/reformo/schuhmann1/scientific-distillation-865-20261004/release/data/train.jsonl:464
Qwen27 / validated corrected final (separate view),bethgelab-part-00002-9,8aeaa013b7d7f8c1482a50b2f936d808ba151499b5022a1624b7edeb3ddb3212,11,0.11283582089552238,0.09134328358208955,4,0,/e/fscratch/reformo/schuhmann1/scientific-distillation-865-20261004/release/data/train.jsonl:464
Qwen27 / raw generator training target,bethgelab-part-00004-100,23305dc2fcfc7d1477e7e8b76a0e9c5eed5ff20976dba312cb5b0666ef4d30df,23,0.28693790149892934,0.24325481798715204,5,0,/e/fscratch/reformo/schuhmann1/scientific-distillation-865-20261004/release/data/train.jsonl:465
Qwen27 / validated corrected final (separate view),bethgelab-part-00004-100,23305dc2fcfc7d1477e7e8b76a0e9c5eed5ff20976dba312cb5b0666ef4d30df,23,0.28894579598804954,0.245411865130175,5,0,/e/fscratch/reformo/schuhmann1/scientific-distillation-865-20261004/release/data/train.jsonl:465
Qwen27 / raw generator training target,bethgelab-part-00004-1062,e2de364c1bdf96c590fb10b7f4dc7c8087d81d7f44316bb5224e076443171e2e,14,0.05478260869565217,0.03391304347826087,5,3,/e/fscratch/reformo/schuhmann1/scientific-distillation-865-20261004/release/data/train.jsonl:466
Qwen27 / validated corrected final (separate view),bethgelab-part-00004-1062,e2de364c1bdf96c590fb10b7f4dc7c8087d81d7f44316bb5224e076443171e2e,14,0.054758800521512385,0.03389830508474576,5,0,/e/fscratch/reformo/schuhmann1/scientific-distillation-865-20261004/release/data/train.jsonl:466
Qwen27 / raw generator training target,bethgelab-part-00004-1077,682552fe06c4cdc8124016f4286b19a291d9819645bf1b8b6da6845aec5d512f,17,0.18068910256410256,0.12620192307692307,5,1,/e/fscratch/reformo/schuhmann1/scientific-distillation-865-20261004/release/data/train.jsonl:467
Qwen27 / validated corrected final (separate view),bethgelab-part-00004-1077,682552fe06c4cdc8124016f4286b19a291d9819645bf1b8b6da6845aec5d512f,17,0.17301293900184844,0.12273567467652495,5,0,/e/fscratch/reformo/schuhmann1/scientific-distillation-865-20261004/release/data/train.jsonl:467
Qwen27 / raw generator training target,bethgelab-part-00004-109,a9ab852932e40546249ae46028e8e928d9855d2290d45d217364706e1075b616,14,0.1092469761997659,0.08037456106125634,4,0,/e/fscratch/reformo/schuhmann1/scientific-distillation-865-20261004/release/data/train.jsonl:468
Qwen27 / validated corrected final (separate view),bethgelab-part-00004-109,a9ab852932e40546249ae46028e8e928d9855d2290d45d217364706e1075b616,14,0.10977033865317244,0.08330089528999611,4,0,/e/fscratch/reformo/schuhmann1/scientific-distillation-865-20261004/release/data/train.jsonl:468
Qwen27 / raw generator training target,bethgelab-part-00004-1139,4ed2e87de4f39603e29791ed105ed02cee09a41ceadc5f94d212070593e6aa82,19,0.21557071960297766,0.16904466501240695,6,1,/e/fscratch/reformo/schuhmann1/scientific-distillation-865-20261004/release/data/train.jsonl:469
Qwen27 / validated corrected final (separate view),bethgelab-part-00004-1139,4ed2e87de4f39603e29791ed105ed02cee09a41ceadc5f94d212070593e6aa82,19,0.23311104668019716,0.18266164105537838,5,0,/e/fscratch/reformo/schuhmann1/scientific-distillation-865-20261004/release/data/train.jsonl:469
Qwen27 / raw generator training target,bethgelab-part-00004-1140,0f2e83ea1a7bd60d7aa2b6b24e79d34019323900c2affbb0022c7ee8b9b426bd,28,0.20544769631990728,0.182845552013909,6,1,/e/fscratch/reformo/schuhmann1/scientific-distillation-865-20261004/release/data/train.jsonl:470
Qwen27 / validated corrected final (separate view),bethgelab-part-00004-1140,0f2e83ea1a7bd60d7aa2b6b24e79d34019323900c2affbb0022c7ee8b9b426bd,28,0.20718632280498406,0.182845552013909,4,0,/e/fscratch/reformo/schuhmann1/scientific-distillation-865-20261004/release/data/train.jsonl:470
Qwen27 / raw generator training target,bethgelab-part-00004-1149,a1891cbee07be8e9957e1116e3bc4d9f4d8f60041926d7affd62843308cf5131,19,0.2713049267643142,0.22137150466045272,5,0,/e/fscratch/reformo/schuhmann1/scientific-distillation-865-20261004/release/data/train.jsonl:471
Qwen27 / validated corrected final (separate view),bethgelab-part-00004-1149,a1891cbee07be8e9957e1116e3bc4d9f4d8f60041926d7affd62843308cf5131,19,0.2657161373946857,0.21905379131561892,5,0,/e/fscratch/reformo/schuhmann1/scientific-distillation-865-20261004/release/data/train.jsonl:471
Qwen27 / raw generator training target,bethgelab-part-00004-117,ff11f1a7f21c6fc32e90ca4de573914d85847e99efbc97596d048723c363b113,16,0.10571184995737426,0.07502131287297528,4,0,/e/fscratch/reformo/schuhmann1/scientific-distillation-865-20261004/release/data/train.jsonl:472
Qwen27 / validated corrected final (separate view),bethgelab-part-00004-117,ff11f1a7f21c6fc32e90ca4de573914d85847e99efbc97596d048723c363b113,16,0.1406060606060606,0.10303030303030303,5,0,/e/fscratch/reformo/schuhmann1/scientific-distillation-865-20261004/release/data/train.jsonl:472
Qwen27 / raw generator training target,bethgelab-part-00004-118,f0c7454e952b648ad91a5994577356e214da31b52eb876de97ee33afe5d0c9e9,12,0.18251624335499114,0.11695215593620792,6,1,/e/fscratch/reformo/schuhmann1/scientific-distillation-865-20261004/release/data/train.jsonl:473
Qwen27 / validated corrected final (separate view),bethgelab-part-00004-118,f0c7454e952b648ad91a5994577356e214da31b52eb876de97ee33afe5d0c9e9,12,0.18197879858657243,0.1166077738515901,5,0,/e/fscratch/reformo/schuhmann1/scientific-distillation-865-20261004/release/data/train.jsonl:473
Qwen27 / raw generator training target,bethgelab-part-00004-1243,e5ae77ada03f812f9d861cb608aaff9a6a6ce2d07757f29b20f7aee381f1d13c,21,0.2455801992928319,0.18964963034394086,5,0,/e/fscratch/reformo/schuhmann1/scientific-distillation-865-20261004/release/data/train.jsonl:474
Qwen27 / validated corrected final (separate view),bethgelab-part-00004-1243,e5ae77ada03f812f9d861cb608aaff9a6a6ce2d07757f29b20f7aee381f1d13c,21,0.2366044551475015,0.18573148705599038,5,0,/e/fscratch/reformo/schuhmann1/scientific-distillation-865-20261004/release/data/train.jsonl:474
Qwen27 / raw generator training target,bethgelab-part-00004-1247,dbcf5f1a411444af0496aacf4bb3b182d92cc8d3851da00c259f4138d2277865,18,0.15983417779824965,0.11837862736066329,5,0,/e/fscratch/reformo/schuhmann1/scientific-distillation-865-20261004/release/data/train.jsonl:475
Qwen27 / validated corrected final (separate view),bethgelab-part-00004-1247,dbcf5f1a411444af0496aacf4bb3b182d92cc8d3851da00c259f4138d2277865,18,0.15160472972972974,0.11359797297297297,5,0,/e/fscratch/reformo/schuhmann1/scientific-distillation-865-20261004/release/data/train.jsonl:475
Qwen27 / raw generator training target,bethgelab-part-00004-1277,cd1706c73b067748c3c3a9683bb81277ad01034314853deca405047c2bb32e1c,25,0.27199027158492095,0.22578029995946494,5,0,/e/fscratch/reformo/schuhmann1/scientific-distillation-865-20261004/release/data/train.jsonl:476
Qwen27 / validated corrected final (separate view),bethgelab-part-00004-1277,cd1706c73b067748c3c3a9683bb81277ad01034314853deca405047c2bb32e1c,25,0.27324171382376716,0.22716248989490703,5,0,/e/fscratch/reformo/schuhmann1/scientific-distillation-865-20261004/release/data/train.jsonl:476
Qwen27 / raw generator training target,bethgelab-part-00004-1281,d40e45cf43613e6e7538c4565453b5e69b147764ba829e338142f020d13f27f3,18,0.18860103626943006,0.1544041450777202,4,0,/e/fscratch/reformo/schuhmann1/scientific-distillation-865-20261004/release/data/train.jsonl:477
Qwen27 / validated corrected final (separate view),bethgelab-part-00004-1281,d40e45cf43613e6e7538c4565453b5e69b147764ba829e338142f020d13f27f3,18,0.20595922634605332,0.17145844223732357,5,0,/e/fscratch/reformo/schuhmann1/scientific-distillation-865-20261004/release/data/train.jsonl:477
Qwen27 / raw generator training target,bethgelab-part-00004-1362,bce14181bceac42f21952e9aa9dda7376fc2b70836c712c1c9386678f9bcd6e2,22,0.30343377715487035,0.27049754730203224,4,0,/e/fscratch/reformo/schuhmann1/scientific-distillation-865-20261004/release/data/train.jsonl:478
Qwen27 / validated corrected final (separate view),bethgelab-part-00004-1362,bce14181bceac42f21952e9aa9dda7376fc2b70836c712c1c9386678f9bcd6e2,22,0.2930484693877551,0.25924744897959184,4,0,/e/fscratch/reformo/schuhmann1/scientific-distillation-865-20261004/release/data/train.jsonl:478
Qwen27 / raw generator training target,bethgelab-part-00004-1370,399311d72032910ab51188a2bee4f46317026a0a084c9948f06873acfaec0ea9,16,0.1165158371040724,0.08257918552036199,4,0,/e/fscratch/reformo/schuhmann1/scientific-distillation-865-20261004/release/data/train.jsonl:479
Qwen27 / validated corrected final (separate view),bethgelab-part-00004-1370,399311d72032910ab51188a2bee4f46317026a0a084c9948f06873acfaec0ea9,16,0.12012534818941505,0.08321727019498608,5,0,/e/fscratch/reformo/schuhmann1/scientific-distillation-865-20261004/release/data/train.jsonl:479
Qwen27 / raw generator training target,bethgelab-part-00004-1397,1eef0afc12d2ca8158d13409830b956ef497030becf346ca86eb806f576e27bf,15,0.1599661447312738,0.12441811256876852,4,0,/e/fscratch/reformo/schuhmann1/scientific-distillation-865-20261004/release/data/train.jsonl:480
Qwen27 / validated corrected final (separate view),bethgelab-part-00004-1397,1eef0afc12d2ca8158d13409830b956ef497030becf346ca86eb806f576e27bf,15,0.15759312320916904,0.12320916905444126,4,0,/e/fscratch/reformo/schuhmann1/scientific-distillation-865-20261004/release/data/train.jsonl:480
Qwen27 / raw generator training target,bethgelab-part-00004-1419,06d9347cbfd23d0924e47abb8906a89e66290528fbaa2c083f235294bc9892fc,13,0.15010224948875256,0.09856850715746421,5,0,/e/fscratch/reformo/schuhmann1/scientific-distillation-865-20261004/release/data/train.jsonl:481
Qwen27 / validated corrected final (separate view),bethgelab-part-00004-1419,06d9347cbfd23d0924e47abb8906a89e66290528fbaa2c083f235294bc9892fc,13,0.14882400648824007,0.09772911597729116,5,0,/e/fscratch/reformo/schuhmann1/scientific-distillation-865-20261004/release/data/train.jsonl:481
Qwen27 / raw generator training target,bethgelab-part-00004-1424,738ee0690f35e9d63d86e7528bd239a741ef110e77901537836090f3f94df235,18,0.22763507528786536,0.1739002066725716,5,0,/e/fscratch/reformo/schuhmann1/scientific-distillation-865-20261004/release/data/train.jsonl:482
Qwen27 / validated corrected final (separate view),bethgelab-part-00004-1424,738ee0690f35e9d63d86e7528bd239a741ef110e77901537836090f3f94df235,21,0.22583404619332764,0.17564870259481039,5,0,/e/fscratch/reformo/schuhmann1/scientific-distillation-865-20261004/release/data/train.jsonl:482
Qwen27 / raw generator training target,bethgelab-part-00004-1447,a0348afdf677ebe7e00cce2d1f4832a71ab7f2e00c2c9f3caece800646cbaa8a,31,0.2617757398916215,0.2267611504793664,4,0,/e/fscratch/reformo/schuhmann1/scientific-distillation-865-20261004/release/data/train.jsonl:483
Qwen27 / validated corrected final (separate view),bethgelab-part-00004-1447,a0348afdf677ebe7e00cce2d1f4832a71ab7f2e00c2c9f3caece800646cbaa8a,31,0.2702258726899384,0.23572895277207392,4,0,/e/fscratch/reformo/schuhmann1/scientific-distillation-865-20261004/release/data/train.jsonl:483
Qwen27 / raw generator training target,bethgelab-part-00004-1456,a8b1c28ee3b1533957a1cd32c45aba693cda1ee20f238ebc188fc4880d97b98d,13,0.08493397358943577,0.052521008403361345,5,0,/e/fscratch/reformo/schuhmann1/scientific-distillation-865-20261004/release/data/train.jsonl:484
Qwen27 / validated corrected final (separate view),bethgelab-part-00004-1456,a8b1c28ee3b1533957a1cd32c45aba693cda1ee20f238ebc188fc4880d97b98d,13,0.0851063829787234,0.05106382978723404,5,0,/e/fscratch/reformo/schuhmann1/scientific-distillation-865-20261004/release/data/train.jsonl:484
Qwen27 / raw generator training target,bethgelab-part-00004-149,906f032c7078aa0ff3050a6ef9a5514b4f6bb85e273755e450799df420f5f8cd,13,0.10124610591900311,0.07087227414330217,4,0,/e/fscratch/reformo/schuhmann1/scientific-distillation-865-20261004/release/data/train.jsonl:485
Qwen27 / validated corrected final (separate view),bethgelab-part-00004-149,906f032c7078aa0ff3050a6ef9a5514b4f6bb85e273755e450799df420f5f8cd,13,0.1040152963671128,0.06959847036328871,5,0,/e/fscratch/reformo/schuhmann1/scientific-distillation-865-20261004/release/data/train.jsonl:485
Qwen27 / raw generator training target,bethgelab-part-00004-151,9457c0e47f7e4766e59de6c52f16371ed2fa5265549e3138d2afb7aef3469f52,16,0.13795180722891567,0.09668674698795181,6,2,/e/fscratch/reformo/schuhmann1/scientific-distillation-865-20261004/release/data/train.jsonl:486
Qwen27 / validated corrected final (separate view),bethgelab-part-00004-151,9457c0e47f7e4766e59de6c52f16371ed2fa5265549e3138d2afb7aef3469f52,16,0.1399337947637677,0.09870598856455011,5,0,/e/fscratch/reformo/schuhmann1/scientific-distillation-865-20261004/release/data/train.jsonl:486
Qwen27 / raw generator training target,bethgelab-part-00004-1569,50bef5aa405d024633f90f19e8017c19afeced25409f23f589902bd5810028fa,15,0.224011200560028,0.16310815540777038,4,0,/e/fscratch/reformo/schuhmann1/scientific-distillation-865-20261004/release/data/train.jsonl:487
Qwen27 / validated corrected final (separate view),bethgelab-part-00004-1569,50bef5aa405d024633f90f19e8017c19afeced25409f23f589902bd5810028fa,15,0.20901371652514697,0.15218811234487264,4,0,/e/fscratch/reformo/schuhmann1/scientific-distillation-865-20261004/release/data/train.jsonl:487
Qwen27 / raw generator training target,bethgelab-part-00004-1570,53aa6a95b1a81777395fc7d6a659888174e098c8de836b51b82451f497908a6c,16,0.20304114490161002,0.17620751341681573,5,0,/e/fscratch/reformo/schuhmann1/scientific-distillation-865-20261004/release/data/train.jsonl:488
Qwen27 / validated corrected final (separate view),bethgelab-part-00004-1570,53aa6a95b1a81777395fc7d6a659888174e098c8de836b51b82451f497908a6c,16,0.21095152603231598,0.18402154398563733,5,0,/e/fscratch/reformo/schuhmann1/scientific-distillation-865-20261004/release/data/train.jsonl:488
Qwen27 / raw generator training target,bethgelab-part-00004-1617,eb2614940f6fba14e02b7e13adc1887b6ab735f4b510d7fabc61eba04cb839a6,16,0.08976157082748948,0.051893408134642355,5,0,/e/fscratch/reformo/schuhmann1/scientific-distillation-865-20261004/release/data/train.jsonl:489
Qwen27 / validated corrected final (separate view),bethgelab-part-00004-1617,eb2614940f6fba14e02b7e13adc1887b6ab735f4b510d7fabc61eba04cb839a6,16,0.10066643283058575,0.06488951245177131,5,0,/e/fscratch/reformo/schuhmann1/scientific-distillation-865-20261004/release/data/train.jsonl:489
Qwen27 / raw generator training target,bethgelab-part-00004-1663,da9b661f81f1f868d4dc1476884b85912a0e25920c7cece3d326ddacca060ff5,23,0.2846023688663283,0.22774957698815568,4,0,/e/fscratch/reformo/schuhmann1/scientific-distillation-865-20261004/release/data/train.jsonl:490
Qwen27 / validated corrected final (separate view),bethgelab-part-00004-1663,da9b661f81f1f868d4dc1476884b85912a0e25920c7cece3d326ddacca060ff5,23,0.27500783944810286,0.21856381310755724,4,0,/e/fscratch/reformo/schuhmann1/scientific-distillation-865-20261004/release/data/train.jsonl:490
Qwen27 / raw generator training target,bethgelab-part-00004-1679,8228146579cee81392d6be8ee6c404f3bae295c1aeb8249e3d88a7a471dbc2f6,24,0.25709342560553633,0.21764705882352942,4,0,/e/fscratch/reformo/schuhmann1/scientific-distillation-865-20261004/release/data/train.jsonl:491
Qwen27 / validated corrected final (separate view),bethgelab-part-00004-1679,8228146579cee81392d6be8ee6c404f3bae295c1aeb8249e3d88a7a471dbc2f6,24,0.27714970880438505,0.24015073655361424,4,0,/e/fscratch/reformo/schuhmann1/scientific-distillation-865-20261004/release/data/train.jsonl:491
Qwen27 / raw generator training target,bethgelab-part-00004-1729,a5d27753cebc49fd6dd005d8d762abba37bcd50df64b12013df8de25b32943d6,18,0.24604267033723332,0.19511355815554027,5,1,/e/fscratch/reformo/schuhmann1/scientific-distillation-865-20261004/release/data/train.jsonl:492
Qwen27 / validated corrected final (separate view),bethgelab-part-00004-1729,a5d27753cebc49fd6dd005d8d762abba37bcd50df64b12013df8de25b32943d6,18,0.26662189388851576,0.21289456010745467,5,0,/e/fscratch/reformo/schuhmann1/scientific-distillation-865-20261004/release/data/train.jsonl:492
Qwen27 / raw generator training target,bethgelab-part-00004-1743,79ee42ef8e958da429b1b16bbd7dd28164e56d80bf3102fcbcece09182c0759b,13,0.08429261047159302,0.06424062383958411,5,1,/e/fscratch/reformo/schuhmann1/scientific-distillation-865-20261004/release/data/train.jsonl:493
Qwen27 / validated corrected final (separate view),bethgelab-part-00004-1743,79ee42ef8e958da429b1b16bbd7dd28164e56d80bf3102fcbcece09182c0759b,18,0.11248185776487664,0.08889695210449927,5,0,/e/fscratch/reformo/schuhmann1/scientific-distillation-865-20261004/release/data/train.jsonl:493
Qwen27 / raw generator training target,bethgelab-part-00004-1744,259d4ad00f58e1fc21f99c9591946e9665da8ec259ee2cfa9f745e542842087d,11,0.07732125525719832,0.04820446457457134,4,0,/e/fscratch/reformo/schuhmann1/scientific-distillation-865-20261004/release/data/train.jsonl:494
Qwen27 / validated corrected final (separate view),bethgelab-part-00004-1744,259d4ad00f58e1fc21f99c9591946e9665da8ec259ee2cfa9f745e542842087d,11,0.08019294543261983,0.05125113053964426,4,0,/e/fscratch/reformo/schuhmann1/scientific-distillation-865-20261004/release/data/train.jsonl:494
Qwen27 / raw generator training target,bethgelab-part-00004-178,f4e05341386a53bc3c1056e6fe2218c4f1edc0eee12f2d23234b4c8df489c6c7,23,0.18792212951926898,0.1537544696066746,6,1,/e/fscratch/reformo/schuhmann1/scientific-distillation-865-20261004/release/data/train.jsonl:495
Qwen27 / validated corrected final (separate view),bethgelab-part-00004-178,f4e05341386a53bc3c1056e6fe2218c4f1edc0eee12f2d23234b4c8df489c6c7,23,0.18799682034976153,0.1538155802861685,5,0,/e/fscratch/reformo/schuhmann1/scientific-distillation-865-20261004/release/data/train.jsonl:495
Qwen27 / raw generator training target,bethgelab-part-00004-1786,b795a1a3de00ac297348f15b36e5a768dc390c96912d4f13676870d5ce38d56f,15,0.1923743500866551,0.13622183708838823,5,0,/e/fscratch/reformo/schuhmann1/scientific-distillation-865-20261004/release/data/train.jsonl:496
Qwen27 / validated corrected final (separate view),bethgelab-part-00004-1786,b795a1a3de00ac297348f15b36e5a768dc390c96912d4f13676870d5ce38d56f,15,0.2021460713049498,0.14814814814814814,5,0,/e/fscratch/reformo/schuhmann1/scientific-distillation-865-20261004/release/data/train.jsonl:496
Qwen27 / raw generator training target,bethgelab-part-00004-1791,75df6487fe621aaf2f0825ede7cda9ff47b46707b53b9554868f0ec2d5c79f19,25,0.12311943506294136,0.08811789990789069,5,0,/e/fscratch/reformo/schuhmann1/scientific-distillation-865-20261004/release/data/train.jsonl:497
Qwen27 / validated corrected final (separate view),bethgelab-part-00004-1791,75df6487fe621aaf2f0825ede7cda9ff47b46707b53b9554868f0ec2d5c79f19,25,0.12731067382230174,0.0915324985092427,5,0,/e/fscratch/reformo/schuhmann1/scientific-distillation-865-20261004/release/data/train.jsonl:497
Qwen27 / raw generator training target,bethgelab-part-00004-1801,34b8009ed6c807eb74f8ada2d1aa39d66f3488c3cdba157c2902c044fe7f7352,18,0.20148331273176762,0.14915533580552123,5,0,/e/fscratch/reformo/schuhmann1/scientific-distillation-865-20261004/release/data/train.jsonl:498
Qwen27 / validated corrected final (separate view),bethgelab-part-00004-1801,34b8009ed6c807eb74f8ada2d1aa39d66f3488c3cdba157c2902c044fe7f7352,18,0.20072992700729927,0.1467964314679643,5,0,/e/fscratch/reformo/schuhmann1/scientific-distillation-865-20261004/release/data/train.jsonl:498
Qwen27 / raw generator training target,bethgelab-part-00004-1815,370433e7fab65a61f9c499472e578f219d2e40830cd50efe35836690754291b3,21,0.26192434210526316,0.22615131578947367,5,0,/e/fscratch/reformo/schuhmann1/scientific-distillation-865-20261004/release/data/train.jsonl:499
Qwen27 / validated corrected final (separate view),bethgelab-part-00004-1815,370433e7fab65a61f9c499472e578f219d2e40830cd50efe35836690754291b3,21,0.26607717041800644,0.23110932475884244,5,0,/e/fscratch/reformo/schuhmann1/scientific-distillation-865-20261004/release/data/train.jsonl:499
Qwen27 / raw generator training target,bethgelab-part-00004-1834,63bcafa2691e87bec678bf10a2d50a42df9d2d6e9b04386bcbf4b2a74883254f,13,0.14994793474488025,0.09961818812912183,5,0,/e/fscratch/reformo/schuhmann1/scientific-distillation-865-20261004/release/data/train.jsonl:500
Qwen27 / validated corrected final (separate view),bethgelab-part-00004-1834,63bcafa2691e87bec678bf10a2d50a42df9d2d6e9b04386bcbf4b2a74883254f,13,0.14030529392659954,0.0932120818447548,5,0,/e/fscratch/reformo/schuhmann1/scientific-distillation-865-20261004/release/data/train.jsonl:500
Qwen27 / raw generator training target,bethgelab-part-00004-1857,5a04783302690d6277ea4bf576082d1ca3bfffda6a0cb73ad39520d48efa71d7,12,0.12211350293542074,0.07984344422700587,5,0,/e/fscratch/reformo/schuhmann1/scientific-distillation-865-20261004/release/data/train.jsonl:501
Qwen27 / validated corrected final (separate view),bethgelab-part-00004-1857,5a04783302690d6277ea4bf576082d1ca3bfffda6a0cb73ad39520d48efa71d7,12,0.12306530766326916,0.08229520573801434,5,0,/e/fscratch/reformo/schuhmann1/scientific-distillation-865-20261004/release/data/train.jsonl:501
Qwen27 / raw generator training target,bethgelab-part-00004-1871,d59cafae0cb053671bb4e488e25d3435d4ec494ffe879eb606f9d6f87059d020,27,0.23333333333333334,0.16973180076628352,4,0,/e/fscratch/reformo/schuhmann1/scientific-distillation-865-20261004/release/data/train.jsonl:502
Qwen27 / validated corrected final (separate view),bethgelab-part-00004-1871,d59cafae0cb053671bb4e488e25d3435d4ec494ffe879eb606f9d6f87059d020,27,0.24182509505703423,0.17642585551330797,4,0,/e/fscratch/reformo/schuhmann1/scientific-distillation-865-20261004/release/data/train.jsonl:502
Qwen27 / raw generator training target,bethgelab-part-00004-1965,ace22cc6b6deccf5225b1724966749f68beb2d7cc032d392633bc699047e33be,24,0.39009497964721845,0.344640434192673,4,0,/e/fscratch/reformo/schuhmann1/scientific-distillation-865-20261004/release/data/train.jsonl:503
Qwen27 / validated corrected final (separate view),bethgelab-part-00004-1965,ace22cc6b6deccf5225b1724966749f68beb2d7cc032d392633bc699047e33be,24,0.39580467675378267,0.3559147180192572,4,0,/e/fscratch/reformo/schuhmann1/scientific-distillation-865-20261004/release/data/train.jsonl:503
Qwen27 / raw generator training target,bethgelab-part-00004-2004,0a14c37b5e2b801b55b8812d50e8acbc65972b5f7bebb3e5869e744ac6fae0b7,10,0.09166365932876218,0.048357993504150126,5,0,/e/fscratch/reformo/schuhmann1/scientific-distillation-865-20261004/release/data/train.jsonl:504
Qwen27 / validated corrected final (separate view),bethgelab-part-00004-2004,0a14c37b5e2b801b55b8812d50e8acbc65972b5f7bebb3e5869e744ac6fae0b7,10,0.09396671289875173,0.05235783633841886,5,0,/e/fscratch/reformo/schuhmann1/scientific-distillation-865-20261004/release/data/train.jsonl:504
Qwen27 / raw generator training target,bethgelab-part-00004-2037,e752734e20d849b60e7b02ce9e46531322dbcce129c18a31886b6aee93a3890c,14,0.14868224763799104,0.12182993535554451,4,0,/e/fscratch/reformo/schuhmann1/scientific-distillation-865-20261004/release/data/train.jsonl:505
Qwen27 / validated corrected final (separate view),bethgelab-part-00004-2037,e752734e20d849b60e7b02ce9e46531322dbcce129c18a31886b6aee93a3890c,17,0.1487424111014744,0.11751951431049436,5,0,/e/fscratch/reformo/schuhmann1/scientific-distillation-865-20261004/release/data/train.jsonl:505
Qwen27 / raw generator training target,bethgelab-part-00004-2051,a354244884e604a3dc480e40c4c73003ef3c67affc154b19f42386c29b1034be,18,0.16822429906542055,0.14419225634178906,5,0,/e/fscratch/reformo/schuhmann1/scientific-distillation-865-20261004/release/data/train.jsonl:506
Qwen27 / validated corrected final (separate view),bethgelab-part-00004-2051,a354244884e604a3dc480e40c4c73003ef3c67affc154b19f42386c29b1034be,18,0.17002310993727301,0.14427203697589963,5,0,/e/fscratch/reformo/schuhmann1/scientific-distillation-865-20261004/release/data/train.jsonl:506
Qwen27 / raw generator training target,bethgelab-part-00004-2070,9b668502ddb4bbf9d11104ecf9e2af3b0158fa83024afeea3b53a06a6dd98ce4,17,0.08359220559164078,0.054786783394521324,5,2,/e/fscratch/reformo/schuhmann1/scientific-distillation-865-20261004/release/data/train.jsonl:507
Qwen27 / validated corrected final (separate view),bethgelab-part-00004-2070,9b668502ddb4bbf9d11104ecf9e2af3b0158fa83024afeea3b53a06a6dd98ce4,17,0.09956592512208357,0.07352143244709712,5,0,/e/fscratch/reformo/schuhmann1/scientific-distillation-865-20261004/release/data/train.jsonl:507
Qwen27 / raw generator training target,bethgelab-part-00004-2145,d6fa5e575500c2a0383fd5b1325ea8226ec0e607999caea38aeebc8b6766c7c0,13,0.09774143302180685,0.060358255451713395,8,2,/e/fscratch/reformo/schuhmann1/scientific-distillation-865-20261004/release/data/train.jsonl:508
Qwen27 / validated corrected final (separate view),bethgelab-part-00004-2145,d6fa5e575500c2a0383fd5b1325ea8226ec0e607999caea38aeebc8b6766c7c0,17,0.10323958704165183,0.06479174083303667,5,0,/e/fscratch/reformo/schuhmann1/scientific-distillation-865-20261004/release/data/train.jsonl:508
Qwen27 / raw generator training target,bethgelab-part-00004-2201,c3f0d09c724ae94101370dc1901d7599eed85b0ebcd73770ce0b4d493af7ac64,14,0.16504404265183126,0.12331942512749189,5,1,/e/fscratch/reformo/schuhmann1/scientific-distillation-865-20261004/release/data/train.jsonl:509
Qwen27 / validated corrected final (separate view),bethgelab-part-00004-2201,c3f0d09c724ae94101370dc1901d7599eed85b0ebcd73770ce0b4d493af7ac64,15,0.22282120395327942,0.16621743036837378,5,0,/e/fscratch/reformo/schuhmann1/scientific-distillation-865-20261004/release/data/train.jsonl:509
Qwen27 / raw generator training target,bethgelab-part-00004-222,d391cdbdb5207e7c094f432a1978daa239a72c29e8e00af45879850ebc899b8a,16,0.21834786218347862,0.1519302615193026,4,0,/e/fscratch/reformo/schuhmann1/scientific-distillation-865-20261004/release/data/train.jsonl:510
Qwen27 / validated corrected final (separate view),bethgelab-part-00004-222,d391cdbdb5207e7c094f432a1978daa239a72c29e8e00af45879850ebc899b8a,16,0.2292358803986711,0.16279069767441862,4,0,/e/fscratch/reformo/schuhmann1/scientific-distillation-865-20261004/release/data/train.jsonl:510
Qwen27 / raw generator training target,bethgelab-part-00004-2227,46fdefb50c982053feb4277c657eff219b2760bf73a0829392497b541543726c,19,0.23431899641577061,0.19399641577060933,4,0,/e/fscratch/reformo/schuhmann1/scientific-distillation-865-20261004/release/data/train.jsonl:511
Qwen27 / validated corrected final (separate view),bethgelab-part-00004-2227,46fdefb50c982053feb4277c657eff219b2760bf73a0829392497b541543726c,19,0.23961521644075207,0.20288587669435942,4,0,/e/fscratch/reformo/schuhmann1/scientific-distillation-865-20261004/release/data/train.jsonl:511
Qwen27 / raw generator training target,bethgelab-part-00004-2241,92053bc3d09f625879c7f7046aac65da7bb339b6b3f95d021a1b1aa8637317bd,16,0.17032551097653292,0.12225586676760031,4,0,/e/fscratch/reformo/schuhmann1/scientific-distillation-865-20261004/release/data/train.jsonl:512
Qwen27 / validated corrected final (separate view),bethgelab-part-00004-2241,92053bc3d09f625879c7f7046aac65da7bb339b6b3f95d021a1b1aa8637317bd,16,0.18481481481481482,0.13555555555555557,4,0,/e/fscratch/reformo/schuhmann1/scientific-distillation-865-20261004/release/data/train.jsonl:512
Qwen27 / raw generator training target,bethgelab-part-00004-2253,779578553cbc6eb382c926dbc5209a8d5c1f02e3006d80953002f7f3865e616f,14,0.10300574130361365,0.06653157716987504,5,0,/e/fscratch/reformo/schuhmann1/scientific-distillation-865-20261004/release/data/train.jsonl:513
Qwen27 / validated corrected final (separate view),bethgelab-part-00004-2253,779578553cbc6eb382c926dbc5209a8d5c1f02e3006d80953002f7f3865e616f,28,0.1249624511865425,0.08891559026734755,5,0,/e/fscratch/reformo/schuhmann1/scientific-distillation-865-20261004/release/data/train.jsonl:513
Qwen27 / raw generator training target,bethgelab-part-00004-2263,70e6db699d375bda0c016e5e8bbf376caf670df39a584fd6625f2783ca0d02bc,16,0.16170479473519273,0.13350047007207771,5,0,/e/fscratch/reformo/schuhmann1/scientific-distillation-865-20261004/release/data/train.jsonl:514
Qwen27 / validated corrected final (separate view),bethgelab-part-00004-2263,70e6db699d375bda0c016e5e8bbf376caf670df39a584fd6625f2783ca0d02bc,16,0.1687315634218289,0.13510324483775812,5,0,/e/fscratch/reformo/schuhmann1/scientific-distillation-865-20261004/release/data/train.jsonl:514
Qwen27 / raw generator training target,bethgelab-part-00004-229,8e80321306ad5aaee4ebd9f1babfe3fd8374ef5b82bad26c7033887abb99b14a,15,0.20006702412868632,0.1467828418230563,4,0,/e/fscratch/reformo/schuhmann1/scientific-distillation-865-20261004/release/data/train.jsonl:515
Qwen27 / validated corrected final (separate view),bethgelab-part-00004-229,8e80321306ad5aaee4ebd9f1babfe3fd8374ef5b82bad26c7033887abb99b14a,15,0.195679012345679,0.1447530864197531,5,0,/e/fscratch/reformo/schuhmann1/scientific-distillation-865-20261004/release/data/train.jsonl:515
Qwen27 / raw generator training target,bethgelab-part-00004-2338,40174df2c852c1adc8bd45d7378b0fbf66e5c6510459bbd90c11b1911c9358f8,26,0.20829769033361847,0.1544054747647562,6,4,/e/fscratch/reformo/schuhmann1/scientific-distillation-865-20261004/release/data/train.jsonl:516
Qwen27 / validated corrected final (separate view),bethgelab-part-00004-2338,40174df2c852c1adc8bd45d7378b0fbf66e5c6510459bbd90c11b1911c9358f8,26,0.21428571428571427,0.15946843853820597,5,0,/e/fscratch/reformo/schuhmann1/scientific-distillation-865-20261004/release/data/train.jsonl:516
Qwen27 / raw generator training target,bethgelab-part-00004-238,4613e81cdb865c094746c2ed19052f658588d6c8df072d933d9af50adb4e700c,20,0.155589704187476,0.12716096811371494,4,0,/e/fscratch/reformo/schuhmann1/scientific-distillation-865-20261004/release/data/train.jsonl:517
Qwen27 / validated corrected final (separate view),bethgelab-part-00004-238,4613e81cdb865c094746c2ed19052f658588d6c8df072d933d9af50adb4e700c,20,0.14958158995815898,0.1192468619246862,4,0,/e/fscratch/reformo/schuhmann1/scientific-distillation-865-20261004/release/data/train.jsonl:517
Qwen27 / raw generator training target,bethgelab-part-00004-2383,311ffb621d84c2fedfdd473064c87030f4f273687b3ac04923b8e25497313a34,20,0.1093145869947276,0.0671353251318102,4,0,/e/fscratch/reformo/schuhmann1/scientific-distillation-865-20261004/release/data/train.jsonl:518
Qwen27 / validated corrected final (separate view),bethgelab-part-00004-2383,311ffb621d84c2fedfdd473064c87030f4f273687b3ac04923b8e25497313a34,20,0.11122770199370409,0.06925498426023086,4,0,/e/fscratch/reformo/schuhmann1/scientific-distillation-865-20261004/release/data/train.jsonl:518
Qwen27 / raw generator training target,bethgelab-part-00004-2470,bdc9786886a5f9b57c6a28b2f1bd7d62405b943acc209d04c47854645c3ec74b,21,0.1243396993092239,0.08695652173913043,5,0,/e/fscratch/reformo/schuhmann1/scientific-distillation-865-20261004/release/data/train.jsonl:519
Qwen27 / validated corrected final (separate view),bethgelab-part-00004-2470,bdc9786886a5f9b57c6a28b2f1bd7d62405b943acc209d04c47854645c3ec74b,21,0.13100081366965013,0.0935720097640358,5,0,/e/fscratch/reformo/schuhmann1/scientific-distillation-865-20261004/release/data/train.jsonl:519
Qwen27 / raw generator training target,bethgelab-part-00004-2525,ad5f5f0bce938e9a3435e9a809c9d08a1c41b792e69c21f398a41c028871c85a,19,0.18134981968057703,0.14992272024729522,4,0,/e/fscratch/reformo/schuhmann1/scientific-distillation-865-20261004/release/data/train.jsonl:520
Qwen27 / validated corrected final (separate view),bethgelab-part-00004-2525,ad5f5f0bce938e9a3435e9a809c9d08a1c41b792e69c21f398a41c028871c85a,19,0.17088305489260144,0.13890214797136038,4,0,/e/fscratch/reformo/schuhmann1/scientific-distillation-865-20261004/release/data/train.jsonl:520
Qwen27 / raw generator training target,bethgelab-part-00004-26,4a178708f61e619bae3895086000abea3cb1a1a027f0406573f09777e1a7ceb2,21,0.22535863026376676,0.1920407218880148,5,0,/e/fscratch/reformo/schuhmann1/scientific-distillation-865-20261004/release/data/train.jsonl:521
Qwen27 / validated corrected final (separate view),bethgelab-part-00004-26,4a178708f61e619bae3895086000abea3cb1a1a027f0406573f09777e1a7ceb2,21,0.24271844660194175,0.2003530450132392,5,0,/e/fscratch/reformo/schuhmann1/scientific-distillation-865-20261004/release/data/train.jsonl:521
Qwen27 / raw generator training target,bethgelab-part-00004-2641,c9330608fed412d967845978ce21913b984d714f31925840b3e7033f7e2f7cd9,12,0.10882867132867133,0.08435314685314685,5,0,/e/fscratch/reformo/schuhmann1/scientific-distillation-865-20261004/release/data/train.jsonl:522
Qwen27 / validated corrected final (separate view),bethgelab-part-00004-2641,c9330608fed412d967845978ce21913b984d714f31925840b3e7033f7e2f7cd9,12,0.1156761069006781,0.09573195053849222,5,0,/e/fscratch/reformo/schuhmann1/scientific-distillation-865-20261004/release/data/train.jsonl:522
Qwen27 / raw generator training target,bethgelab-part-00004-2673,c925de2d22802977a84ea1e1b26305d874209efb288a89a2517820bcd68d57d9,13,0.12663185378590078,0.08485639686684072,5,0,/e/fscratch/reformo/schuhmann1/scientific-distillation-865-20261004/release/data/train.jsonl:523
Qwen27 / validated corrected final (separate view),bethgelab-part-00004-2673,c925de2d22802977a84ea1e1b26305d874209efb288a89a2517820bcd68d57d9,15,0.14279766860949208,0.09783513738551207,5,0,/e/fscratch/reformo/schuhmann1/scientific-distillation-865-20261004/release/data/train.jsonl:523
Qwen27 / raw generator training target,bethgelab-part-00004-2690,ac714ddf7b66606454cee45678c45a98fd70b76ecc30112ab6ba664075cd66ba,18,0.16226259289843104,0.129644921552436,5,0,/e/fscratch/reformo/schuhmann1/scientific-distillation-865-20261004/release/data/train.jsonl:524
Qwen27 / validated corrected final (separate view),bethgelab-part-00004-2690,ac714ddf7b66606454cee45678c45a98fd70b76ecc30112ab6ba664075cd66ba,18,0.16120323949093715,0.130736598534516,5,0,/e/fscratch/reformo/schuhmann1/scientific-distillation-865-20261004/release/data/train.jsonl:524
Qwen27 / raw generator training target,bethgelab-part-00004-2705,c8a650c09ee91f0fa705f1a6adb5bd156a371c25470274d2dbe577a3d8859589,21,0.23690773067331672,0.19201995012468828,4,0,/e/fscratch/reformo/schuhmann1/scientific-distillation-865-20261004/release/data/train.jsonl:525
Qwen27 / validated corrected final (separate view),bethgelab-part-00004-2705,c8a650c09ee91f0fa705f1a6adb5bd156a371c25470274d2dbe577a3d8859589,21,0.22525597269624573,0.18430034129692832,5,0,/e/fscratch/reformo/schuhmann1/scientific-distillation-865-20261004/release/data/train.jsonl:525
Qwen27 / raw generator training target,bethgelab-part-00004-2742,1f05e0e82f76dd4d5bb5a1b30c682a6f4072b1b394c2a5491cb9dd76baf51014,14,0.08869309838472834,0.05873715124816446,5,0,/e/fscratch/reformo/schuhmann1/scientific-distillation-865-20261004/release/data/train.jsonl:526
Qwen27 / validated corrected final (separate view),bethgelab-part-00004-2742,1f05e0e82f76dd4d5bb5a1b30c682a6f4072b1b394c2a5491cb9dd76baf51014,14,0.08874522480164561,0.05877167205406994,5,0,/e/fscratch/reformo/schuhmann1/scientific-distillation-865-20261004/release/data/train.jsonl:526
Qwen27 / raw generator training target,bethgelab-part-00004-2770,173d5378c65d24c0db46a0068adb8d2e6c337a2dc5e90a01b4e479f4d424cdd3,12,0.05773282764433207,0.032448377581120944,5,0,/e/fscratch/reformo/schuhmann1/scientific-distillation-865-20261004/release/data/train.jsonl:527
Qwen27 / validated corrected final (separate view),bethgelab-part-00004-2770,173d5378c65d24c0db46a0068adb8d2e6c337a2dc5e90a01b4e479f4d424cdd3,22,0.0697286012526096,0.044676409185803755,5,0,/e/fscratch/reformo/schuhmann1/scientific-distillation-865-20261004/release/data/train.jsonl:527
Qwen27 / raw generator training target,bethgelab-part-00004-2838,bde64817f11a432bf7354e2e4491e038c92cc0fe8c0c5d62984422b62c2d0d4d,16,0.1253968253968254,0.08492063492063492,4,0,/e/fscratch/reformo/schuhmann1/scientific-distillation-865-20261004/release/data/train.jsonl:528
Qwen27 / validated corrected final (separate view),bethgelab-part-00004-2838,bde64817f11a432bf7354e2e4491e038c92cc0fe8c0c5d62984422b62c2d0d4d,16,0.1377570818781529,0.09351959642995732,5,0,/e/fscratch/reformo/schuhmann1/scientific-distillation-865-20261004/release/data/train.jsonl:528
Qwen27 / raw generator training target,bethgelab-part-00004-2871,10aeed8b00a054216351ccda081247902adc3dcf5c0a0ba08177a041b181f626,25,0.33115886415963164,0.2478894858019954,4,0,/e/fscratch/reformo/schuhmann1/scientific-distillation-865-20261004/release/data/train.jsonl:529
Qwen27 / validated corrected final (separate view),bethgelab-part-00004-2871,10aeed8b00a054216351ccda081247902adc3dcf5c0a0ba08177a041b181f626,25,0.3248293208767517,0.244699964067553,4,0,/e/fscratch/reformo/schuhmann1/scientific-distillation-865-20261004/release/data/train.jsonl:529
Qwen27 / raw generator training target,bethgelab-part-00004-292,096fa102b302945bfef3af254a098a99d7d143d5eba5e2846556af6b31b832d6,17,0.1422680412371134,0.11010309278350515,5,0,/e/fscratch/reformo/schuhmann1/scientific-distillation-865-20261004/release/data/train.jsonl:530
Qwen27 / validated corrected final (separate view),bethgelab-part-00004-292,096fa102b302945bfef3af254a098a99d7d143d5eba5e2846556af6b31b832d6,18,0.14989648033126293,0.11759834368530021,5,0,/e/fscratch/reformo/schuhmann1/scientific-distillation-865-20261004/release/data/train.jsonl:530
Qwen27 / raw generator training target,bethgelab-part-00004-2927,2b51cb6ad580e255f452a1ab5d0aabb3496df0c227e8ac0d8c61a5aaedb70010,26,0.2238372093023256,0.1686046511627907,4,0,/e/fscratch/reformo/schuhmann1/scientific-distillation-865-20261004/release/data/train.jsonl:531
Qwen27 / validated corrected final (separate view),bethgelab-part-00004-2927,2b51cb6ad580e255f452a1ab5d0aabb3496df0c227e8ac0d8c61a5aaedb70010,26,0.22853120600656968,0.17785077428437354,4,0,/e/fscratch/reformo/schuhmann1/scientific-distillation-865-20261004/release/data/train.jsonl:531
Qwen27 / raw generator training target,bethgelab-part-00004-2967,21a105687fe884e14df0fcf08ccab52d84ec80dcaf25b6daf8955d9e0e77e131,18,0.27687048993543484,0.226737561716673,4,0,/e/fscratch/reformo/schuhmann1/scientific-distillation-865-20261004/release/data/train.jsonl:532
Qwen27 / validated corrected final (separate view),bethgelab-part-00004-2967,21a105687fe884e14df0fcf08ccab52d84ec80dcaf25b6daf8955d9e0e77e131,18,0.2919042189281642,0.23717217787913342,4,0,/e/fscratch/reformo/schuhmann1/scientific-distillation-865-20261004/release/data/train.jsonl:532
Qwen27 / raw generator training target,bethgelab-part-00004-2999,e4640c63ecb77ac0c05219db0f46852115b8dab0f3dcbcdbeaa4dd380c06dfa7,16,0.17264224473889322,0.11886204208885424,5,0,/e/fscratch/reformo/schuhmann1/scientific-distillation-865-20261004/release/data/train.jsonl:533
Qwen27 / validated corrected final (separate view),bethgelab-part-00004-2999,e4640c63ecb77ac0c05219db0f46852115b8dab0f3dcbcdbeaa4dd380c06dfa7,16,0.17469643556600079,0.12064238151194673,5,0,/e/fscratch/reformo/schuhmann1/scientific-distillation-865-20261004/release/data/train.jsonl:533
Qwen27 / raw generator training target,bethgelab-part-00004-3041,1b7eaa01e753ec38b359cd638a577e96dd75ea7474655d416359fa5f073a94e9,17,0.16383662230380908,0.11702615878843506,5,0,/e/fscratch/reformo/schuhmann1/scientific-distillation-865-20261004/release/data/train.jsonl:534
Qwen27 / validated corrected final (separate view),bethgelab-part-00004-3041,1b7eaa01e753ec38b359cd638a577e96dd75ea7474655d416359fa5f073a94e9,17,0.16539115646258504,0.11437074829931973,5,0,/e/fscratch/reformo/schuhmann1/scientific-distillation-865-20261004/release/data/train.jsonl:534
Qwen27 / raw generator training target,bethgelab-part-00004-3069,cb18f22e16c5439de495aecfa1fc710d0b00aa0223ac9250474349d6ad52fba4,16,0.20012666244458518,0.13711209626345788,5,0,/e/fscratch/reformo/schuhmann1/scientific-distillation-865-20261004/release/data/train.jsonl:535
Qwen27 / validated corrected final (separate view),bethgelab-part-00004-3069,cb18f22e16c5439de495aecfa1fc710d0b00aa0223ac9250474349d6ad52fba4,16,0.21801224132905858,0.14951909064412708,5,0,/e/fscratch/reformo/schuhmann1/scientific-distillation-865-20261004/release/data/train.jsonl:535
Qwen27 / raw generator training target,bethgelab-part-00004-3120,cf9d6bf81efc053537299b211cba80bc3f1de24093b880b796d8c647093055c6,17,0.23227665706051873,0.18559077809798272,5,0,/e/fscratch/reformo/schuhmann1/scientific-distillation-865-20261004/release/data/train.jsonl:536
Qwen27 / validated corrected final (separate view),bethgelab-part-00004-3120,cf9d6bf81efc053537299b211cba80bc3f1de24093b880b796d8c647093055c6,17,0.24061873388713836,0.19421369235176167,5,0,/e/fscratch/reformo/schuhmann1/scientific-distillation-865-20261004/release/data/train.jsonl:536
Qwen27 / raw generator training target,bethgelab-part-00004-3129,755e70f2ee2b6c263da4dfb0de0ff31e47be96826382d2de7f69c6ca0cbe0990,15,0.12132661628883291,0.09109991603694374,5,0,/e/fscratch/reformo/schuhmann1/scientific-distillation-865-20261004/release/data/train.jsonl:537
Qwen27 / validated corrected final (separate view),bethgelab-part-00004-3129,755e70f2ee2b6c263da4dfb0de0ff31e47be96826382d2de7f69c6ca0cbe0990,18,0.15482758620689654,0.12379310344827586,5,0,/e/fscratch/reformo/schuhmann1/scientific-distillation-865-20261004/release/data/train.jsonl:537
Qwen27 / raw generator training target,bethgelab-part-00004-3150,8f69497cffc4c41325cc1c5ee32c0255a78b19aad96ab3894756a5fdaff7a0ce,20,0.1228143213988343,0.10491257285595337,5,0,/e/fscratch/reformo/schuhmann1/scientific-distillation-865-20261004/release/data/train.jsonl:538
Qwen27 / validated corrected final (separate view),bethgelab-part-00004-3150,8f69497cffc4c41325cc1c5ee32c0255a78b19aad96ab3894756a5fdaff7a0ce,20,0.12779156327543426,0.11000827129859388,5,0,/e/fscratch/reformo/schuhmann1/scientific-distillation-865-20261004/release/data/train.jsonl:538
Qwen27 / raw generator training target,bethgelab-part-00004-3153,3c58485a08c49a5b3c6ae88f3d52679caa517df1bc0341afae20b071ed3e4acd,17,0.20311933260790715,0.15306492564381574,4,0,/e/fscratch/reformo/schuhmann1/scientific-distillation-865-20261004/release/data/train.jsonl:539
Qwen27 / validated corrected final (separate view),bethgelab-part-00004-3153,3c58485a08c49a5b3c6ae88f3d52679caa517df1bc0341afae20b071ed3e4acd,17,0.20843170320404722,0.15986509274873525,4,0,/e/fscratch/reformo/schuhmann1/scientific-distillation-865-20261004/release/data/train.jsonl:539
Qwen27 / raw generator training target,bethgelab-part-00004-3204,1ff36707ddf7f6dd537783391b2dd7fea045de68b25d14155ea32fd1badf8ce1,20,0.17487612940833577,0.12940833576216845,5,0,/e/fscratch/reformo/schuhmann1/scientific-distillation-865-20261004/release/data/train.jsonl:540
Qwen27 / validated corrected final (separate view),bethgelab-part-00004-3204,1ff36707ddf7f6dd537783391b2dd7fea045de68b25d14155ea32fd1badf8ce1,20,0.18008534850640115,0.13399715504978663,5,0,/e/fscratch/reformo/schuhmann1/scientific-distillation-865-20261004/release/data/train.jsonl:540
Qwen27 / raw generator training target,bethgelab-part-00004-3239,515557a6c6a64129fadf977f3dfe3d4f5c5f1c836b2a62318c515f2fa68a1135,16,0.2076923076923077,0.14835164835164835,4,0,/e/fscratch/reformo/schuhmann1/scientific-distillation-865-20261004/release/data/train.jsonl:541
Qwen27 / validated corrected final (separate view),bethgelab-part-00004-3239,515557a6c6a64129fadf977f3dfe3d4f5c5f1c836b2a62318c515f2fa68a1135,16,0.19884038199181447,0.14358799454297408,4,0,/e/fscratch/reformo/schuhmann1/scientific-distillation-865-20261004/release/data/train.jsonl:541
Qwen27 / raw generator training target,bethgelab-part-00004-3305,9ef124096f2b259f5dd689ab31473b20e93cd3b98f99a9a58515613cc86ef228,14,0.0941274468971262,0.061640982923781756,5,0,/e/fscratch/reformo/schuhmann1/scientific-distillation-865-20261004/release/data/train.jsonl:542
Qwen27 / validated corrected final (separate view),bethgelab-part-00004-3305,9ef124096f2b259f5dd689ab31473b20e93cd3b98f99a9a58515613cc86ef228,14,0.0858662613981763,0.05623100303951368,5,0,/e/fscratch/reformo/schuhmann1/scientific-distillation-865-20261004/release/data/train.jsonl:542
Qwen27 / raw generator training target,bethgelab-part-00004-3337,c8e29eedc6e438176440d9f4b36038a489f1217cc07367f1c5a00da8fb536e58,12,0.12668024439918535,0.08839103869653768,4,0,/e/fscratch/reformo/schuhmann1/scientific-distillation-865-20261004/release/data/train.jsonl:543
Qwen27 / validated corrected final (separate view),bethgelab-part-00004-3337,c8e29eedc6e438176440d9f4b36038a489f1217cc07367f1c5a00da8fb536e58,12,0.12345679012345678,0.08714596949891068,4,0,/e/fscratch/reformo/schuhmann1/scientific-distillation-865-20261004/release/data/train.jsonl:543
Qwen27 / raw generator training target,bethgelab-part-00004-3341,9cd0f612026e346a0959f44a077719b0268adba7addae503c8c5593306ef3c95,19,0.31989664082687336,0.27958656330749354,4,0,/e/fscratch/reformo/schuhmann1/scientific-distillation-865-20261004/release/data/train.jsonl:544
Qwen27 / validated corrected final (separate view),bethgelab-part-00004-3341,9cd0f612026e346a0959f44a077719b0268adba7addae503c8c5593306ef3c95,21,0.3477604428787116,0.3085052843482637,4,0,/e/fscratch/reformo/schuhmann1/scientific-distillation-865-20261004/release/data/train.jsonl:544
Qwen27 / raw generator training target,bethgelab-part-00004-3391,5241ed91924ecf0a2e031d1029cf35c03e430e2ede24faedd43f8a63994dc8bb,24,0.3178826895565093,0.2515021459227468,5,0,/e/fscratch/reformo/schuhmann1/scientific-distillation-865-20261004/release/data/train.jsonl:545
Qwen27 / validated corrected final (separate view),bethgelab-part-00004-3391,5241ed91924ecf0a2e031d1029cf35c03e430e2ede24faedd43f8a63994dc8bb,24,0.332172515403161,0.2587731047414948,5,0,/e/fscratch/reformo/schuhmann1/scientific-distillation-865-20261004/release/data/train.jsonl:545
Qwen27 / raw generator training target,bethgelab-part-00004-3433,9169557475558de9294066208df148c4c487711c39e24dfb5933a60a74dc5940,23,0.32707774798927614,0.2622877569258266,4,0,/e/fscratch/reformo/schuhmann1/scientific-distillation-865-20261004/release/data/train.jsonl:546
Qwen27 / validated corrected final (separate view),bethgelab-part-00004-3433,9169557475558de9294066208df148c4c487711c39e24dfb5933a60a74dc5940,23,0.3355321020228672,0.2770448548812665,4,0,/e/fscratch/reformo/schuhmann1/scientific-distillation-865-20261004/release/data/train.jsonl:546
Qwen27 / raw generator training target,bethgelab-part-00004-3435,5be48db4d33da7234fab1723b251a70f4d29a9aa97250b2aa169c4316f6273db,15,0.16226108174054493,0.1032940219601464,5,0,/e/fscratch/reformo/schuhmann1/scientific-distillation-865-20261004/release/data/train.jsonl:547
Qwen27 / validated corrected final (separate view),bethgelab-part-00004-3435,5be48db4d33da7234fab1723b251a70f4d29a9aa97250b2aa169c4316f6273db,15,0.16226108174054493,0.1032940219601464,5,0,/e/fscratch/reformo/schuhmann1/scientific-distillation-865-20261004/release/data/train.jsonl:547
Qwen27 / raw generator training target,bethgelab-part-00004-344,b407a7486b6464ca0ad0d643d6c7726940f8f99e7ea8fa5f71040dce5b881532,17,0.18752334703025775,0.14942099364960776,6,3,/e/fscratch/reformo/schuhmann1/scientific-distillation-865-20261004/release/data/train.jsonl:548
Qwen27 / validated corrected final (separate view),bethgelab-part-00004-344,b407a7486b6464ca0ad0d643d6c7726940f8f99e7ea8fa5f71040dce5b881532,21,0.1999331327315279,0.15981277164827817,5,0,/e/fscratch/reformo/schuhmann1/scientific-distillation-865-20261004/release/data/train.jsonl:548
Qwen27 / raw generator training target,bethgelab-part-00004-3472,b7cf34213587fe8424ab17ed0846d976db10d67ba81968339f0bfdf2f918fc7a,14,0.10411263430900333,0.09299740644683216,4,0,/e/fscratch/reformo/schuhmann1/scientific-distillation-865-20261004/release/data/train.jsonl:549
Qwen27 / validated corrected final (separate view),bethgelab-part-00004-3472,b7cf34213587fe8424ab17ed0846d976db10d67ba81968339f0bfdf2f918fc7a,15,0.11486238532110092,0.10165137614678899,5,0,/e/fscratch/reformo/schuhmann1/scientific-distillation-865-20261004/release/data/train.jsonl:549
Qwen27 / raw generator training target,bethgelab-part-00004-3477,95e3669f7dbe6cc409db4bb78c49f5a8503d6f6201eb110ac4d805073c9cc59d,24,0.3868421052631579,0.3090225563909774,4,0,/e/fscratch/reformo/schuhmann1/scientific-distillation-865-20261004/release/data/train.jsonl:550
Qwen27 / validated corrected final (separate view),bethgelab-part-00004-3477,95e3669f7dbe6cc409db4bb78c49f5a8503d6f6201eb110ac4d805073c9cc59d,24,0.3935459940652819,0.314540059347181,4,0,/e/fscratch/reformo/schuhmann1/scientific-distillation-865-20261004/release/data/train.jsonl:550
Qwen27 / raw generator training target,bethgelab-part-00004-3511,5437a56c2b8679a536bab602c17e7a662133148d83b3ab2052138eb01d195ed4,20,0.17525035765379113,0.12732474964234622,4,0,/e/fscratch/reformo/schuhmann1/scientific-distillation-865-20261004/release/data/train.jsonl:551
Qwen27 / validated corrected final (separate view),bethgelab-part-00004-3511,5437a56c2b8679a536bab602c17e7a662133148d83b3ab2052138eb01d195ed4,20,0.17667844522968199,0.127208480565371,4,0,/e/fscratch/reformo/schuhmann1/scientific-distillation-865-20261004/release/data/train.jsonl:551
Qwen27 / raw generator training target,bethgelab-part-00004-3528,b9577c403bf6a283888fc6b322da48f4baeb79980dd42c3f0bb90ca3876a6461,12,0.1005700325732899,0.061482084690553745,4,0,/e/fscratch/reformo/schuhmann1/scientific-distillation-865-20261004/release/data/train.jsonl:552
Qwen27 / validated corrected final (separate view),bethgelab-part-00004-3528,b9577c403bf6a283888fc6b322da48f4baeb79980dd42c3f0bb90ca3876a6461,12,0.10061099796334012,0.0615071283095723,4,0,/e/fscratch/reformo/schuhmann1/scientific-distillation-865-20261004/release/data/train.jsonl:552
Qwen27 / raw generator training target,bethgelab-part-00004-3544,46f77c40a6fa2d915d4e7794555d4641b7e353a888c169b1d75b27ec35132cf1,14,0.08190271816881259,0.058297567954220315,6,1,/e/fscratch/reformo/schuhmann1/scientific-distillation-865-20261004/release/data/train.jsonl:553
Qwen27 / validated corrected final (separate view),bethgelab-part-00004-3544,46f77c40a6fa2d915d4e7794555d4641b7e353a888c169b1d75b27ec35132cf1,14,0.0816981805208705,0.05815198002140564,5,0,/e/fscratch/reformo/schuhmann1/scientific-distillation-865-20261004/release/data/train.jsonl:553
Qwen27 / raw generator training target,bethgelab-part-00004-355,35707c8632d5c6be9ddc8ae8a05f639a1bf5db5054cfbc8037deded7097527d0,17,0.19712793733681463,0.1422976501305483,5,0,/e/fscratch/reformo/schuhmann1/scientific-distillation-865-20261004/release/data/train.jsonl:554
Qwen27 / validated corrected final (separate view),bethgelab-part-00004-355,35707c8632d5c6be9ddc8ae8a05f639a1bf5db5054cfbc8037deded7097527d0,17,0.196870925684485,0.1421121251629726,5,0,/e/fscratch/reformo/schuhmann1/scientific-distillation-865-20261004/release/data/train.jsonl:554
Qwen27 / raw generator training target,bethgelab-part-00004-3590,133bbd3a35226d53f4c8e01d6b8f59c0c5fcd0716985d3ddeab90111c3819011,22,0.14829931972789115,0.13129251700680272,4,0,/e/fscratch/reformo/schuhmann1/scientific-distillation-865-20261004/release/data/train.jsonl:555
Qwen27 / validated corrected final (separate view),bethgelab-part-00004-3590,133bbd3a35226d53f4c8e01d6b8f59c0c5fcd0716985d3ddeab90111c3819011,22,0.18371335504885994,0.15570032573289902,4,0,/e/fscratch/reformo/schuhmann1/scientific-distillation-865-20261004/release/data/train.jsonl:555
Qwen27 / raw generator training target,bethgelab-part-00004-3602,e2ea1771dc32d9e6e79b543b7d73e6f37dc3879e84ab87fa83d02c2feec75a85,16,0.14082058414464535,0.11161335187760779,4,0,/e/fscratch/reformo/schuhmann1/scientific-distillation-865-20261004/release/data/train.jsonl:556
Qwen27 / validated corrected final (separate view),bethgelab-part-00004-3602,e2ea1771dc32d9e6e79b543b7d73e6f37dc3879e84ab87fa83d02c2feec75a85,16,0.14649898028552005,0.11794697484704283,4,0,/e/fscratch/reformo/schuhmann1/scientific-distillation-865-20261004/release/data/train.jsonl:556
Qwen27 / raw generator training target,bethgelab-part-00004-3604,416e858e7636b3f4aaf2cc633a39f1d166773393e75587063482a5b6509bb1c4,21,0.18802992518703243,0.13117206982543642,4,0,/e/fscratch/reformo/schuhmann1/scientific-distillation-865-20261004/release/data/train.jsonl:557
Qwen27 / validated corrected final (separate view),bethgelab-part-00004-3604,416e858e7636b3f4aaf2cc633a39f1d166773393e75587063482a5b6509bb1c4,21,0.20769610261470153,0.14849531327084362,4,0,/e/fscratch/reformo/schuhmann1/scientific-distillation-865-20261004/release/data/train.jsonl:557
Qwen27 / raw generator training target,bethgelab-part-00004-3626,319f4d57735958d468b200ef84a4d31001843f712621df480eb7a82822151b7d,16,0.13923598714744734,0.08568368439842913,4,0,/e/fscratch/reformo/schuhmann1/scientific-distillation-865-20261004/release/data/train.jsonl:558
Qwen27 / validated corrected final (separate view),bethgelab-part-00004-3626,319f4d57735958d468b200ef84a4d31001843f712621df480eb7a82822151b7d,16,0.1381509032943677,0.08501594048884166,4,0,/e/fscratch/reformo/schuhmann1/scientific-distillation-865-20261004/release/data/train.jsonl:558
Qwen27 / raw generator training target,bethgelab-part-00004-3630,85e72d2a679e1a0f4d1613f2560ea3af87f546090002b40f4045dd2910e41309,25,0.36399682791435367,0.3068992862807296,5,0,/e/fscratch/reformo/schuhmann1/scientific-distillation-865-20261004/release/data/train.jsonl:559
Qwen27 / validated corrected final (separate view),bethgelab-part-00004-3630,85e72d2a679e1a0f4d1613f2560ea3af87f546090002b40f4045dd2910e41309,27,0.3672741679873217,0.3102218700475436,5,0,/e/fscratch/reformo/schuhmann1/scientific-distillation-865-20261004/release/data/train.jsonl:559
Qwen27 / raw generator training target,bethgelab-part-00004-3645,237e3e980be5ac7d3386498b8b66006c0d6b6694291fb28cffd485e813cc7642,12,0.07932220039292731,0.05869351669941061,4,0,/e/fscratch/reformo/schuhmann1/scientific-distillation-865-20261004/release/data/train.jsonl:560
Qwen27 / validated corrected final (separate view),bethgelab-part-00004-3645,237e3e980be5ac7d3386498b8b66006c0d6b6694291fb28cffd485e813cc7642,12,0.086810551558753,0.06522781774580336,4,0,/e/fscratch/reformo/schuhmann1/scientific-distillation-865-20261004/release/data/train.jsonl:560
Qwen27 / raw generator training target,bethgelab-part-00004-3650,5ad115cfc87717feaade76d6d05b2f173a6c2045c8445f034cf7c7f4a57aae15,17,0.1687170474516696,0.14235500878734622,5,0,/e/fscratch/reformo/schuhmann1/scientific-distillation-865-20261004/release/data/train.jsonl:561
Qwen27 / validated corrected final (separate view),bethgelab-part-00004-3650,5ad115cfc87717feaade76d6d05b2f173a6c2045c8445f034cf7c7f4a57aae15,17,0.17546922741161064,0.14927979048450457,5,0,/e/fscratch/reformo/schuhmann1/scientific-distillation-865-20261004/release/data/train.jsonl:561
Qwen27 / raw generator training target,bethgelab-part-00004-3671,42e26278271170c3ebd444beee4d8b93d80880df2c77767b8dd21cf225016592,17,0.2408930669800235,0.18840579710144928,5,0,/e/fscratch/reformo/schuhmann1/scientific-distillation-865-20261004/release/data/train.jsonl:562
Qwen27 / validated corrected final (separate view),bethgelab-part-00004-3671,42e26278271170c3ebd444beee4d8b93d80880df2c77767b8dd21cf225016592,21,0.2537601234091786,0.19745468569224836,5,0,/e/fscratch/reformo/schuhmann1/scientific-distillation-865-20261004/release/data/train.jsonl:562
Qwen27 / raw generator training target,bethgelab-part-00004-3685,b490dfbce7e4d90dd0f118ed837fca937ca41eb8d59d6d3236167306ad753524,18,0.17195767195767195,0.12811791383219956,5,0,/e/fscratch/reformo/schuhmann1/scientific-distillation-865-20261004/release/data/train.jsonl:563
Qwen27 / validated corrected final (separate view),bethgelab-part-00004-3685,b490dfbce7e4d90dd0f118ed837fca937ca41eb8d59d6d3236167306ad753524,18,0.17066957787481804,0.12627365356623,5,0,/e/fscratch/reformo/schuhmann1/scientific-distillation-865-20261004/release/data/train.jsonl:563
Qwen27 / raw generator training target,bethgelab-part-00004-3704,7193ce7f8628319773453dfe09675426bffe24584e0f3aa7eff6c375188b5968,17,0.09133024487094639,0.07941760423560557,5,0,/e/fscratch/reformo/schuhmann1/scientific-distillation-865-20261004/release/data/train.jsonl:564
Qwen27 / validated corrected final (separate view),bethgelab-part-00004-3704,7193ce7f8628319773453dfe09675426bffe24584e0f3aa7eff6c375188b5968,17,0.09547244094488189,0.08366141732283465,5,0,/e/fscratch/reformo/schuhmann1/scientific-distillation-865-20261004/release/data/train.jsonl:564
Qwen27 / raw generator training target,bethgelab-part-00004-3720,a60051ff446ea0c3cfcb571880008ee05e21d58d4e6e6fc8071114b2e3f91008,23,0.150129103651789,0.09258576171154556,5,0,/e/fscratch/reformo/schuhmann1/scientific-distillation-865-20261004/release/data/train.jsonl:565
Qwen27 / validated corrected final (separate view),bethgelab-part-00004-3720,a60051ff446ea0c3cfcb571880008ee05e21d58d4e6e6fc8071114b2e3f91008,23,0.14913887871015025,0.09197508244778307,5,0,/e/fscratch/reformo/schuhmann1/scientific-distillation-865-20261004/release/data/train.jsonl:565
Qwen27 / raw generator training target,bethgelab-part-00004-3736,d3d4cb5ff64e4a9db680fde474c0556b31f25d2de79bac476f9384ceb6c9087f,27,0.14367580843225541,0.09864920180106426,5,1,/e/fscratch/reformo/schuhmann1/scientific-distillation-865-20261004/release/data/train.jsonl:566
Qwen27 / validated corrected final (separate view),bethgelab-part-00004-3736,d3d4cb5ff64e4a9db680fde474c0556b31f25d2de79bac476f9384ceb6c9087f,27,0.14274095160634404,0.09800732004880032,5,0,/e/fscratch/reformo/schuhmann1/scientific-distillation-865-20261004/release/data/train.jsonl:566
Qwen27 / raw generator training target,bethgelab-part-00004-3798,2234b6c5272d479865eda9f181a069b18a800da3b7419371f0cbfe85839448e8,27,0.2156784719458814,0.17031436530043773,4,0,/e/fscratch/reformo/schuhmann1/scientific-distillation-865-20261004/release/data/train.jsonl:567
Qwen27 / validated corrected final (separate view),bethgelab-part-00004-3798,2234b6c5272d479865eda9f181a069b18a800da3b7419371f0cbfe85839448e8,27,0.2281323877068558,0.18085106382978725,4,0,/e/fscratch/reformo/schuhmann1/scientific-distillation-865-20261004/release/data/train.jsonl:567
Qwen27 / raw generator training target,bethgelab-part-00004-3800,3f4681679ed576542e46295b725c26e57234d3b1f87154934e0a4cb6bdf08a08,19,0.06341694273544723,0.023663038334122102,5,0,/e/fscratch/reformo/schuhmann1/scientific-distillation-865-20261004/release/data/train.jsonl:568
Qwen27 / validated corrected final (separate view),bethgelab-part-00004-3800,3f4681679ed576542e46295b725c26e57234d3b1f87154934e0a4cb6bdf08a08,19,0.06890459363957598,0.029151943462897525,5,0,/e/fscratch/reformo/schuhmann1/scientific-distillation-865-20261004/release/data/train.jsonl:568
Qwen27 / raw generator training target,bethgelab-part-00004-3805,2287f6f64b5ebb0906764611b9beec9aca04c42138e347243c85aa7fc57ff192,16,0.2403778866340098,0.18369489153254023,3,0,/e/fscratch/reformo/schuhmann1/scientific-distillation-865-20261004/release/data/train.jsonl:569
Qwen27 / validated corrected final (separate view),bethgelab-part-00004-3805,2287f6f64b5ebb0906764611b9beec9aca04c42138e347243c85aa7fc57ff192,16,0.23590880303989867,0.1865104496516783,4,0,/e/fscratch/reformo/schuhmann1/scientific-distillation-865-20261004/release/data/train.jsonl:569
Qwen27 / raw generator training target,bethgelab-part-00004-3826,86281507603abf69cbd1adbbd4772b44a347988925ce45ceed4fa6336fe307e2,16,0.13161659513590845,0.0944206008583691,4,0,/e/fscratch/reformo/schuhmann1/scientific-distillation-865-20261004/release/data/train.jsonl:570
Qwen27 / validated corrected final (separate view),bethgelab-part-00004-3826,86281507603abf69cbd1adbbd4772b44a347988925ce45ceed4fa6336fe307e2,16,0.13777777777777778,0.10577777777777778,4,0,/e/fscratch/reformo/schuhmann1/scientific-distillation-865-20261004/release/data/train.jsonl:570
Qwen27 / raw generator training target,bethgelab-part-00004-3849,0cfa59ba928244fb2527ebace62f5b8a73c551fc0788bf82f6d827aa6125cd8a,11,0.10746037881716274,0.07499033629686896,5,0,/e/fscratch/reformo/schuhmann1/scientific-distillation-865-20261004/release/data/train.jsonl:571
Qwen27 / validated corrected final (separate view),bethgelab-part-00004-3849,0cfa59ba928244fb2527ebace62f5b8a73c551fc0788bf82f6d827aa6125cd8a,11,0.11476028690071725,0.07852019630049076,5,0,/e/fscratch/reformo/schuhmann1/scientific-distillation-865-20261004/release/data/train.jsonl:571
Qwen27 / raw generator training target,bethgelab-part-00004-3864,490c720e05aa9a64a0f6304259067648c9f629cc4ff15c2a44444456170a8d54,22,0.21533382245047689,0.17791636096845195,5,0,/e/fscratch/reformo/schuhmann1/scientific-distillation-865-20261004/release/data/train.jsonl:572
Qwen27 / validated corrected final (separate view),bethgelab-part-00004-3864,490c720e05aa9a64a0f6304259067648c9f629cc4ff15c2a44444456170a8d54,22,0.21244635193133046,0.1759656652360515,5,0,/e/fscratch/reformo/schuhmann1/scientific-distillation-865-20261004/release/data/train.jsonl:572
Qwen27 / raw generator training target,bethgelab-part-00004-389,e242c005a8ba85a07af0fd63c04463fce26b860041295b4e3c7707a1261f8c57,18,0.24612579762989972,0.20920692798541476,5,0,/e/fscratch/reformo/schuhmann1/scientific-distillation-865-20261004/release/data/train.jsonl:573
Qwen27 / validated corrected final (separate view),bethgelab-part-00004-389,e242c005a8ba85a07af0fd63c04463fce26b860041295b4e3c7707a1261f8c57,18,0.24744557974233675,0.21146157263438473,5,0,/e/fscratch/reformo/schuhmann1/scientific-distillation-865-20261004/release/data/train.jsonl:573
Qwen27 / raw generator training target,bethgelab-part-00004-3974,6bc2eb3e319a03d885741c9ab5dc201b52b14b23ef3b9942f7f2fe0858db6393,16,0.190671031096563,0.15261865793780688,5,0,/e/fscratch/reformo/schuhmann1/scientific-distillation-865-20261004/release/data/train.jsonl:574
Qwen27 / validated corrected final (separate view),bethgelab-part-00004-3974,6bc2eb3e319a03d885741c9ab5dc201b52b14b23ef3b9942f7f2fe0858db6393,16,0.20499181669394434,0.16693944353518822,5,0,/e/fscratch/reformo/schuhmann1/scientific-distillation-865-20261004/release/data/train.jsonl:574
Qwen27 / raw generator training target,bethgelab-part-00004-4014,865e3f0008188e6c81d0425cd1205d74db1d19ece232d4c1e1fb35154c509664,14,0.1187949332420404,0.08490243067442657,7,8,/e/fscratch/reformo/schuhmann1/scientific-distillation-865-20261004/release/data/train.jsonl:575
Qwen27 / validated corrected final (separate view),bethgelab-part-00004-4014,865e3f0008188e6c81d0425cd1205d74db1d19ece232d4c1e1fb35154c509664,14,0.12859560067681894,0.08697123519458545,5,0,/e/fscratch/reformo/schuhmann1/scientific-distillation-865-20261004/release/data/train.jsonl:575
Qwen27 / raw generator training target,bethgelab-part-00004-4030,5581ce6bc8c4562bc3f559352cefb62c10ada2c8d63c46096c926be79155c722,18,0.21520753400767353,0.17125915591210325,5,0,/e/fscratch/reformo/schuhmann1/scientific-distillation-865-20261004/release/data/train.jsonl:576
Qwen27 / validated corrected final (separate view),bethgelab-part-00004-4030,5581ce6bc8c4562bc3f559352cefb62c10ada2c8d63c46096c926be79155c722,18,0.21944346600915815,0.17294822120464953,5,0,/e/fscratch/reformo/schuhmann1/scientific-distillation-865-20261004/release/data/train.jsonl:576
Qwen27 / raw generator training target,bethgelab-part-00004-4042,d154bf80970d9a22d44f5046560f483b31a8165fdccbbec23a72cddc1c264504,16,0.13165969316596932,0.10376569037656903,5,0,/e/fscratch/reformo/schuhmann1/scientific-distillation-865-20261004/release/data/train.jsonl:577
Qwen27 / validated corrected final (separate view),bethgelab-part-00004-4042,d154bf80970d9a22d44f5046560f483b31a8165fdccbbec23a72cddc1c264504,19,0.12307303512762194,0.0978013646702047,5,0,/e/fscratch/reformo/schuhmann1/scientific-distillation-865-20261004/release/data/train.jsonl:577
Qwen27 / raw generator training target,bethgelab-part-00004-4060,6069bffca6de1537ab0e3c7dc6966d20c0351a16313a682aeb55b73b204967b3,14,0.15850258861011549,0.12266029470330546,5,0,/e/fscratch/reformo/schuhmann1/scientific-distillation-865-20261004/release/data/train.jsonl:578
Qwen27 / validated corrected final (separate view),bethgelab-part-00004-4060,6069bffca6de1537ab0e3c7dc6966d20c0351a16313a682aeb55b73b204967b3,14,0.16666666666666666,0.13649425287356323,5,0,/e/fscratch/reformo/schuhmann1/scientific-distillation-865-20261004/release/data/train.jsonl:578
Qwen27 / raw generator training target,bethgelab-part-00004-4080,79b3d6def2a85e637b07cfa456f16adf055689ea6a8bef52af7bd508332c4b45,17,0.19724599925567549,0.1496092296241161,5,0,/e/fscratch/reformo/schuhmann1/scientific-distillation-865-20261004/release/data/train.jsonl:579
Qwen27 / validated corrected final (separate view),bethgelab-part-00004-4080,79b3d6def2a85e637b07cfa456f16adf055689ea6a8bef52af7bd508332c4b45,17,0.19744563341387641,0.14911977908180876,5,0,/e/fscratch/reformo/schuhmann1/scientific-distillation-865-20261004/release/data/train.jsonl:579
Qwen27 / raw generator training target,bethgelab-part-00004-4095,4380393c7ad32d2fcb46a72cf4e447ce6924f96f8dd17b0aa75b7061780e0364,17,0.1416220666941128,0.11692054343351173,5,0,/e/fscratch/reformo/schuhmann1/scientific-distillation-865-20261004/release/data/train.jsonl:580
Qwen27 / validated corrected final (separate view),bethgelab-part-00004-4095,4380393c7ad32d2fcb46a72cf4e447ce6924f96f8dd17b0aa75b7061780e0364,17,0.14791987673343607,0.12018489984591679,5,0,/e/fscratch/reformo/schuhmann1/scientific-distillation-865-20261004/release/data/train.jsonl:580
Qwen27 / raw generator training target,bethgelab-part-00004-4098,2fd6813a521d1ff6c827fa0927b9e5e34f8a1feca47b709567eea0e7d233d521,17,0.14084507042253522,0.107981220657277,4,0,/e/fscratch/reformo/schuhmann1/scientific-distillation-865-20261004/release/data/train.jsonl:581
Qwen27 / validated corrected final (separate view),bethgelab-part-00004-4098,2fd6813a521d1ff6c827fa0927b9e5e34f8a1feca47b709567eea0e7d233d521,17,0.14251968503937007,0.10275590551181102,5,0,/e/fscratch/reformo/schuhmann1/scientific-distillation-865-20261004/release/data/train.jsonl:581
Qwen27 / raw generator training target,bethgelab-part-00004-4105,8344cf74bfd96c7355039e09e8a621c2bbdee3fa4c34646d2ddd777f159fb4d9,18,0.20555936856554563,0.16437886067261495,5,0,/e/fscratch/reformo/schuhmann1/scientific-distillation-865-20261004/release/data/train.jsonl:582
Qwen27 / validated corrected final (separate view),bethgelab-part-00004-4105,8344cf74bfd96c7355039e09e8a621c2bbdee3fa4c34646d2ddd777f159fb4d9,18,0.2071407494836235,0.17173207435821777,5,0,/e/fscratch/reformo/schuhmann1/scientific-distillation-865-20261004/release/data/train.jsonl:582
Qwen27 / raw generator training target,bethgelab-part-00004-4115,903ca848869933444ead9b6dd50f5ea7bbceda760914a6589fb7467a6fd4c03b,20,0.2335584784927124,0.20156416637042304,4,0,/e/fscratch/reformo/schuhmann1/scientific-distillation-865-20261004/release/data/train.jsonl:583
Qwen27 / validated corrected final (separate view),bethgelab-part-00004-4115,903ca848869933444ead9b6dd50f5ea7bbceda760914a6589fb7467a6fd4c03b,20,0.2565353781805507,0.2251655629139073,4,0,/e/fscratch/reformo/schuhmann1/scientific-distillation-865-20261004/release/data/train.jsonl:583
Qwen27 / raw generator training target,bethgelab-part-00004-4123,6d3c0181076370b001e06b9d1a392a035a3f2435c95d1cd8473a3e6ae1dfdb47,21,0.24317617866004962,0.1870967741935484,5,0,/e/fscratch/reformo/schuhmann1/scientific-distillation-865-20261004/release/data/train.jsonl:584
Qwen27 / validated corrected final (separate view),bethgelab-part-00004-4123,6d3c0181076370b001e06b9d1a392a035a3f2435c95d1cd8473a3e6ae1dfdb47,21,0.24485798237022527,0.19245837414299707,5,0,/e/fscratch/reformo/schuhmann1/scientific-distillation-865-20261004/release/data/train.jsonl:584
Qwen27 / raw generator training target,bethgelab-part-00004-4128,2409951d75c8f2bd4763a05cbd1282a1f2dbd8c3a1362e910fcbf2053facf00b,21,0.1433976541808551,0.09572455542943625,5,0,/e/fscratch/reformo/schuhmann1/scientific-distillation-865-20261004/release/data/train.jsonl:585
Qwen27 / validated corrected final (separate view),bethgelab-part-00004-4128,2409951d75c8f2bd4763a05cbd1282a1f2dbd8c3a1362e910fcbf2053facf00b,21,0.14546117389719285,0.0973386802770689,5,0,/e/fscratch/reformo/schuhmann1/scientific-distillation-865-20261004/release/data/train.jsonl:585
Qwen27 / raw generator training target,bethgelab-part-00004-4133,b58fcb639e8f717c53c7ae4ff2d34766ade27007ba4346870cb7b665d4ea01a0,19,0.15747719159063864,0.11939706465688218,3,0,/e/fscratch/reformo/schuhmann1/scientific-distillation-865-20261004/release/data/train.jsonl:586
Qwen27 / validated corrected final (separate view),bethgelab-part-00004-4133,b58fcb639e8f717c53c7ae4ff2d34766ade27007ba4346870cb7b665d4ea01a0,19,0.16058107577542208,0.11817824892029839,3,0,/e/fscratch/reformo/schuhmann1/scientific-distillation-865-20261004/release/data/train.jsonl:586
Qwen27 / raw generator training target,bethgelab-part-00004-4135,07e3f1d92f76e39021a02ea240edd4d93ce92124895f82218b9e4fff5a281564,14,0.20558263181214,0.16038989809481613,3,0,/e/fscratch/reformo/schuhmann1/scientific-distillation-865-20261004/release/data/train.jsonl:587
Qwen27 / validated corrected final (separate view),bethgelab-part-00004-4135,07e3f1d92f76e39021a02ea240edd4d93ce92124895f82218b9e4fff5a281564,14,0.20630749014454666,0.164257555847569,4,0,/e/fscratch/reformo/schuhmann1/scientific-distillation-865-20261004/release/data/train.jsonl:587
Qwen27 / raw generator training target,bethgelab-part-00004-4199,da73479efc1d45b1dbfef77f56b96cdd5a8688e16ca44a9d4afce5379ca79644,19,0.14390756302521007,0.08928571428571429,4,0,/e/fscratch/reformo/schuhmann1/scientific-distillation-865-20261004/release/data/train.jsonl:588
Qwen27 / validated corrected final (separate view),bethgelab-part-00004-4199,da73479efc1d45b1dbfef77f56b96cdd5a8688e16ca44a9d4afce5379ca79644,19,0.14421553090332806,0.08716323296354993,4,0,/e/fscratch/reformo/schuhmann1/scientific-distillation-865-20261004/release/data/train.jsonl:588
Qwen27 / raw generator training target,bethgelab-part-00004-4227,87d528b253807126f1be780a9f1f62d3114dd3cce43788ab77cd2834576a718f,27,0.29293544457978077,0.2673568818514007,4,0,/e/fscratch/reformo/schuhmann1/scientific-distillation-865-20261004/release/data/train.jsonl:589
Qwen27 / validated corrected final (separate view),bethgelab-part-00004-4227,87d528b253807126f1be780a9f1f62d3114dd3cce43788ab77cd2834576a718f,27,0.2915040528369859,0.26628640048033625,4,0,/e/fscratch/reformo/schuhmann1/scientific-distillation-865-20261004/release/data/train.jsonl:589
Qwen27 / raw generator training target,bethgelab-part-00004-4314,1b25eaad37ac3c448815133188cb88dd3e607961fcb033fc5364c5df4094095c,18,0.21189591078066913,0.20074349442379183,4,0,/e/fscratch/reformo/schuhmann1/scientific-distillation-865-20261004/release/data/train.jsonl:590
Qwen27 / validated corrected final (separate view),bethgelab-part-00004-4314,1b25eaad37ac3c448815133188cb88dd3e607961fcb033fc5364c5df4094095c,18,0.2189807976366322,0.20568685376661744,4,0,/e/fscratch/reformo/schuhmann1/scientific-distillation-865-20261004/release/data/train.jsonl:590
Qwen27 / raw generator training target,bethgelab-part-00004-4320,4e2c1326a15224d43335ab2525c565fa99630cfbac708cff799109e0024cfa45,30,0.391994917407878,0.335133418043202,5,0,/e/fscratch/reformo/schuhmann1/scientific-distillation-865-20261004/release/data/train.jsonl:591
Qwen27 / validated corrected final (separate view),bethgelab-part-00004-4320,4e2c1326a15224d43335ab2525c565fa99630cfbac708cff799109e0024cfa45,30,0.38367952522255194,0.3252225519287834,5,0,/e/fscratch/reformo/schuhmann1/scientific-distillation-865-20261004/release/data/train.jsonl:591
Qwen27 / raw generator training target,bethgelab-part-00004-4368,1485beaf0d61c6b6c6d32590f0cc64e04606ef6d9cfe89315426757f2468cb1a,19,0.24830067972810876,0.19992003198720512,5,0,/e/fscratch/reformo/schuhmann1/scientific-distillation-865-20261004/release/data/train.jsonl:592
Qwen27 / validated corrected final (separate view),bethgelab-part-00004-4368,1485beaf0d61c6b6c6d32590f0cc64e04606ef6d9cfe89315426757f2468cb1a,19,0.25039556962025317,0.20253164556962025,5,0,/e/fscratch/reformo/schuhmann1/scientific-distillation-865-20261004/release/data/train.jsonl:592
Qwen27 / raw generator training target,bethgelab-part-00004-4399,da24e4603398256b9d1c00b523735fb630a2f1958181e4fb2113769979c42f64,21,0.18157273034087074,0.1491731353358083,6,3,/e/fscratch/reformo/schuhmann1/scientific-distillation-865-20261004/release/data/train.jsonl:593
Qwen27 / validated corrected final (separate view),bethgelab-part-00004-4399,da24e4603398256b9d1c00b523735fb630a2f1958181e4fb2113769979c42f64,21,0.18003169572107766,0.14580031695721077,5,0,/e/fscratch/reformo/schuhmann1/scientific-distillation-865-20261004/release/data/train.jsonl:593
Qwen27 / raw generator training target,bethgelab-part-00004-4435,54ea246581b4488e82e29382189e2c77c6a8bf31c875eda921846c2773b0f2ce,25,0.329255505068158,0.26843760922754284,5,0,/e/fscratch/reformo/schuhmann1/scientific-distillation-865-20261004/release/data/train.jsonl:594
Qwen27 / validated corrected final (separate view),bethgelab-part-00004-4435,54ea246581b4488e82e29382189e2c77c6a8bf31c875eda921846c2773b0f2ce,27,0.3688975105075978,0.29906239896540576,5,0,/e/fscratch/reformo/schuhmann1/scientific-distillation-865-20261004/release/data/train.jsonl:594
Qwen27 / raw generator training target,bethgelab-part-00004-4441,6ff646d9bd47a46f20ad9618e28563f56a5f5289e5a1930adfad81bcffd03998,27,0.4840182648401826,0.43870741131015106,5,0,/e/fscratch/reformo/schuhmann1/scientific-distillation-865-20261004/release/data/train.jsonl:595
Qwen27 / validated corrected final (separate view),bethgelab-part-00004-4441,6ff646d9bd47a46f20ad9618e28563f56a5f5289e5a1930adfad81bcffd03998,27,0.4953528399311532,0.4530120481927711,5,0,/e/fscratch/reformo/schuhmann1/scientific-distillation-865-20261004/release/data/train.jsonl:595
Qwen27 / raw generator training target,bethgelab-part-00004-4501,a471e916a65ce2d01cc3436ab30ce6ade77dbab6cbcd4c9b80dc05f4819b1195,13,0.11757857974388825,0.08653473030655802,5,0,/e/fscratch/reformo/schuhmann1/scientific-distillation-865-20261004/release/data/train.jsonl:596
Qwen27 / validated corrected final (separate view),bethgelab-part-00004-4501,a471e916a65ce2d01cc3436ab30ce6ade77dbab6cbcd4c9b80dc05f4819b1195,23,0.12461656441717792,0.09394171779141104,5,0,/e/fscratch/reformo/schuhmann1/scientific-distillation-865-20261004/release/data/train.jsonl:596
Qwen27 / raw generator training target,bethgelab-part-00004-4546,7687465b9f79f061f7f36c8958769ddfe2433b7abc79b1470255e3df625f54bc,17,0.18535388927820604,0.13034337771548704,5,0,/e/fscratch/reformo/schuhmann1/scientific-distillation-865-20261004/release/data/train.jsonl:597
Qwen27 / validated corrected final (separate view),bethgelab-part-00004-4546,7687465b9f79f061f7f36c8958769ddfe2433b7abc79b1470255e3df625f54bc,17,0.1849912739965096,0.13054101221640488,5,0,/e/fscratch/reformo/schuhmann1/scientific-distillation-865-20261004/release/data/train.jsonl:597
Qwen27 / raw generator training target,bethgelab-part-00004-4552,4e7d0e854eea779dcdff067772515bfbfd2721290e6dc45bdf6b03f046618a09,17,0.19697732997481107,0.163727959697733,4,0,/e/fscratch/reformo/schuhmann1/scientific-distillation-865-20261004/release/data/train.jsonl:598
Qwen27 / validated corrected final (separate view),bethgelab-part-00004-4552,4e7d0e854eea779dcdff067772515bfbfd2721290e6dc45bdf6b03f046618a09,17,0.2163771712158809,0.18362282878411912,5,0,/e/fscratch/reformo/schuhmann1/scientific-distillation-865-20261004/release/data/train.jsonl:598
Qwen27 / raw generator training target,bethgelab-part-00004-459,5175f39ae10dc72c139d57108600d7c9cd2c162135421f3a77a63abe595ead04,20,0.06319554848966613,0.04411764705882353,5,0,/e/fscratch/reformo/schuhmann1/scientific-distillation-865-20261004/release/data/train.jsonl:599
Qwen27 / validated corrected final (separate view),bethgelab-part-00004-459,5175f39ae10dc72c139d57108600d7c9cd2c162135421f3a77a63abe595ead04,20,0.07536231884057971,0.0536231884057971,5,0,/e/fscratch/reformo/schuhmann1/scientific-distillation-865-20261004/release/data/train.jsonl:599
Qwen27 / raw generator training target,bethgelab-part-00004-4605,73d35eea99f17c73cad4e4dff338c2b6fd68d67cfb39a57680af6e87406c50be,23,0.24674940898345155,0.1908983451536643,5,0,/e/fscratch/reformo/schuhmann1/scientific-distillation-865-20261004/release/data/train.jsonl:600
Qwen27 / validated corrected final (separate view),bethgelab-part-00004-4605,73d35eea99f17c73cad4e4dff338c2b6fd68d67cfb39a57680af6e87406c50be,23,0.24212812160694897,0.18593919652551574,5,0,/e/fscratch/reformo/schuhmann1/scientific-distillation-865-20261004/release/data/train.jsonl:600
Qwen27 / raw generator training target,bethgelab-part-00004-461,46743cbaed23022f5501105329b478c8c65b3ac3b1a611993a29cc2361d9875e,21,0.2749110320284697,0.21619217081850534,4,0,/e/fscratch/reformo/schuhmann1/scientific-distillation-865-20261004/release/data/train.jsonl:601
Qwen27 / validated corrected final (separate view),bethgelab-part-00004-461,46743cbaed23022f5501105329b478c8c65b3ac3b1a611993a29cc2361d9875e,21,0.28682842287694976,0.2244367417677643,4,0,/e/fscratch/reformo/schuhmann1/scientific-distillation-865-20261004/release/data/train.jsonl:601
Qwen27 / raw generator training target,bethgelab-part-00004-466,0183597efdec95bdd8b6cc40cb277d9e393e7d62c820a142ded9a56b1e5027c0,11,0.04581850533807829,0.02179715302491103,4,0,/e/fscratch/reformo/schuhmann1/scientific-distillation-865-20261004/release/data/train.jsonl:602
Qwen27 / validated corrected final (separate view),bethgelab-part-00004-466,0183597efdec95bdd8b6cc40cb277d9e393e7d62c820a142ded9a56b1e5027c0,16,0.06840958605664488,0.04749455337690632,4,0,/e/fscratch/reformo/schuhmann1/scientific-distillation-865-20261004/release/data/train.jsonl:602
Qwen27 / raw generator training target,bethgelab-part-00004-4664,13122aadbb6dbb9afffd44a3f1acb2e7864e403687d611d22195620cde5aa773,21,0.17580788615475837,0.12955825674473762,5,2,/e/fscratch/reformo/schuhmann1/scientific-distillation-865-20261004/release/data/train.jsonl:603
Qwen27 / validated corrected final (separate view),bethgelab-part-00004-4664,13122aadbb6dbb9afffd44a3f1acb2e7864e403687d611d22195620cde5aa773,21,0.18009075439591604,0.13414634146341464,5,0,/e/fscratch/reformo/schuhmann1/scientific-distillation-865-20261004/release/data/train.jsonl:603
Qwen27 / raw generator training target,bethgelab-part-00004-4704,74e73023be17c254b374164819e88d194f1adcea36dce1f1bf70e1076d494dda,24,0.25254879114477136,0.21555490824351878,4,0,/e/fscratch/reformo/schuhmann1/scientific-distillation-865-20261004/release/data/train.jsonl:604
Qwen27 / validated corrected final (separate view),bethgelab-part-00004-4704,74e73023be17c254b374164819e88d194f1adcea36dce1f1bf70e1076d494dda,24,0.24467790987005805,0.211224771910423,4,0,/e/fscratch/reformo/schuhmann1/scientific-distillation-865-20261004/release/data/train.jsonl:604
Qwen27 / raw generator training target,bethgelab-part-00004-4730,1b2fa0650f15577d323a33adec87860dd91af1793ceac8bfc1ee59d686caa3f2,26,0.2916666666666667,0.26238738738738737,5,0,/e/fscratch/reformo/schuhmann1/scientific-distillation-865-20261004/release/data/train.jsonl:605
Qwen27 / validated corrected final (separate view),bethgelab-part-00004-4730,1b2fa0650f15577d323a33adec87860dd91af1793ceac8bfc1ee59d686caa3f2,26,0.3101644245142003,0.28101644245142005,5,0,/e/fscratch/reformo/schuhmann1/scientific-distillation-865-20261004/release/data/train.jsonl:605
Qwen27 / raw generator training target,bethgelab-part-00004-4747,ffcd98e5a47138788b8398cf72551ee8e47b7a54ad284ce003eb0e79a7321ad2,16,0.15341440598690365,0.09635173058933583,6,1,/e/fscratch/reformo/schuhmann1/scientific-distillation-865-20261004/release/data/train.jsonl:606
Qwen27 / validated corrected final (separate view),bethgelab-part-00004-4747,ffcd98e5a47138788b8398cf72551ee8e47b7a54ad284ce003eb0e79a7321ad2,16,0.1522748375116063,0.09563602599814298,5,0,/e/fscratch/reformo/schuhmann1/scientific-distillation-865-20261004/release/data/train.jsonl:606
Qwen27 / raw generator training target,bethgelab-part-00004-4764,a44faec09264b41881bd1dc5142b1e8d0ab46029c39e86c8b9731fa53b923392,25,0.27791361043194784,0.2265688671556642,5,0,/e/fscratch/reformo/schuhmann1/scientific-distillation-865-20261004/release/data/train.jsonl:607
Qwen27 / validated corrected final (separate view),bethgelab-part-00004-4764,a44faec09264b41881bd1dc5142b1e8d0ab46029c39e86c8b9731fa53b923392,25,0.29454545454545455,0.24363636363636362,5,0,/e/fscratch/reformo/schuhmann1/scientific-distillation-865-20261004/release/data/train.jsonl:607
Qwen27 / raw generator training target,bethgelab-part-00004-478,cf5cb96934e77ca5a6495742f4093f23fb3c9d2d76490bc1706e8f6d235f3452,22,0.19086614173228347,0.14929133858267715,4,0,/e/fscratch/reformo/schuhmann1/scientific-distillation-865-20261004/release/data/train.jsonl:608
Qwen27 / validated corrected final (separate view),bethgelab-part-00004-478,cf5cb96934e77ca5a6495742f4093f23fb3c9d2d76490bc1706e8f6d235f3452,22,0.1870789957134109,0.14666258420085732,4,0,/e/fscratch/reformo/schuhmann1/scientific-distillation-865-20261004/release/data/train.jsonl:608
Qwen27 / raw generator training target,bethgelab-part-00004-4797,243984e051eaf1d8a6a9cf5064f61cc507de740d39f68c14403fee5c45759aad,21,0.27374749498997997,0.22044088176352705,6,1,/e/fscratch/reformo/schuhmann1/scientific-distillation-865-20261004/release/data/train.jsonl:609
Qwen27 / validated corrected final (separate view),bethgelab-part-00004-4797,243984e051eaf1d8a6a9cf5064f61cc507de740d39f68c14403fee5c45759aad,21,0.26921620598258234,0.21885649375236652,5,0,/e/fscratch/reformo/schuhmann1/scientific-distillation-865-20261004/release/data/train.jsonl:609
Qwen27 / raw generator training target,bethgelab-part-00004-48,ffca72324e87ab379daf18f42085f986dd63582a2e7c11543f79f37bf4734e8b,22,0.22070844686648503,0.18619436875567666,5,0,/e/fscratch/reformo/schuhmann1/scientific-distillation-865-20261004/release/data/train.jsonl:610
Qwen27 / validated corrected final (separate view),bethgelab-part-00004-48,ffca72324e87ab379daf18f42085f986dd63582a2e7c11543f79f37bf4734e8b,22,0.22184732180514552,0.1792492619148039,5,0,/e/fscratch/reformo/schuhmann1/scientific-distillation-865-20261004/release/data/train.jsonl:610
Qwen27 / raw generator training target,bethgelab-part-00004-4811,f4a6b81346cf5a1dda379ba0c9f6af35f02185e6a7b122e874ee487b0fdaa27b,13,0.041747197526091996,0.021646695013529185,3,0,/e/fscratch/reformo/schuhmann1/scientific-distillation-865-20261004/release/data/train.jsonl:611
Qwen27 / validated corrected final (separate view),bethgelab-part-00004-4811,f4a6b81346cf5a1dda379ba0c9f6af35f02185e6a7b122e874ee487b0fdaa27b,13,0.040907400520639646,0.021569356638155446,4,0,/e/fscratch/reformo/schuhmann1/scientific-distillation-865-20261004/release/data/train.jsonl:611
Qwen27 / raw generator training target,bethgelab-part-00004-4814,396b61b397a022142c2431169479bbadbb51a155fc0e9479fa33ca8ee732bdf0,22,0.20833333333333334,0.17863036303630364,5,0,/e/fscratch/reformo/schuhmann1/scientific-distillation-865-20261004/release/data/train.jsonl:612
Qwen27 / validated corrected final (separate view),bethgelab-part-00004-4814,396b61b397a022142c2431169479bbadbb51a155fc0e9479fa33ca8ee732bdf0,22,0.2153907179690599,0.18445061483538278,5,0,/e/fscratch/reformo/schuhmann1/scientific-distillation-865-20261004/release/data/train.jsonl:612
Qwen27 / raw generator training target,bethgelab-part-00004-4818,4e4762e34f6b9ea3ff1f006679e9a6ec3b9b975f2f7fd0c9b877b65fc295c867,18,0.1296137339055794,0.08068669527896996,4,0,/e/fscratch/reformo/schuhmann1/scientific-distillation-865-20261004/release/data/train.jsonl:613
Qwen27 / validated corrected final (separate view),bethgelab-part-00004-4818,4e4762e34f6b9ea3ff1f006679e9a6ec3b9b975f2f7fd0c9b877b65fc295c867,18,0.12726506531816267,0.07922461019806153,4,0,/e/fscratch/reformo/schuhmann1/scientific-distillation-865-20261004/release/data/train.jsonl:613
Qwen27 / raw generator training target,bethgelab-part-00004-4882,ce5fe26b5a928f1ae837304cb4edbb5c3300a310252a53700e41fc5bf8275196,21,0.30545639979602246,0.2728199898011219,4,0,/e/fscratch/reformo/schuhmann1/scientific-distillation-865-20261004/release/data/train.jsonl:614
Qwen27 / validated corrected final (separate view),bethgelab-part-00004-4882,ce5fe26b5a928f1ae837304cb4edbb5c3300a310252a53700e41fc5bf8275196,21,0.30469934310257707,0.2693279434057605,4,0,/e/fscratch/reformo/schuhmann1/scientific-distillation-865-20261004/release/data/train.jsonl:614
Qwen27 / raw generator training target,bethgelab-part-00004-4949,48bab0cb28a9431909a14135cd86b1252910be6bbc7d82057dd3151a77ed84a9,15,0.11517212069698257,0.06927326816829579,5,0,/e/fscratch/reformo/schuhmann1/scientific-distillation-865-20261004/release/data/train.jsonl:615
Qwen27 / validated corrected final (separate view),bethgelab-part-00004-4949,48bab0cb28a9431909a14135cd86b1252910be6bbc7d82057dd3151a77ed84a9,15,0.12137757244855103,0.07601847963040739,5,0,/e/fscratch/reformo/schuhmann1/scientific-distillation-865-20261004/release/data/train.jsonl:615
Qwen27 / raw generator training target,bethgelab-part-00004-4989,f576b6b737e4e0b9f77fa2a78826fa9375ff2a52fbfb19fa3ad4f8429c3f308e,13,0.03938946331856229,0.024618414574101428,7,3,/e/fscratch/reformo/schuhmann1/scientific-distillation-865-20261004/release/data/train.jsonl:616
Qwen27 / validated corrected final (separate view),bethgelab-part-00004-4989,f576b6b737e4e0b9f77fa2a78826fa9375ff2a52fbfb19fa3ad4f8429c3f308e,13,0.05047619047619047,0.03619047619047619,5,0,/e/fscratch/reformo/schuhmann1/scientific-distillation-865-20261004/release/data/train.jsonl:616
Qwen27 / raw generator training target,bethgelab-part-00004-509,f7d07ad626b3371ce9d35b6905e5114a0c3e95b66099603f86b793ec6444e16e,14,0.12326869806094183,0.0796398891966759,4,0,/e/fscratch/reformo/schuhmann1/scientific-distillation-865-20261004/release/data/train.jsonl:617
Qwen27 / validated corrected final (separate view),bethgelab-part-00004-509,f7d07ad626b3371ce9d35b6905e5114a0c3e95b66099603f86b793ec6444e16e,14,0.12656903765690378,0.08263598326359832,4,0,/e/fscratch/reformo/schuhmann1/scientific-distillation-865-20261004/release/data/train.jsonl:617
Qwen27 / raw generator training target,bethgelab-part-00004-524,ca70eea41b15175e98a1e75f2df5df9bfaefa78e3920877b2cfe6b8dfa965816,22,0.19146608315098468,0.15025528811086797,4,0,/e/fscratch/reformo/schuhmann1/scientific-distillation-865-20261004/release/data/train.jsonl:618
Qwen27 / validated corrected final (separate view),bethgelab-part-00004-524,ca70eea41b15175e98a1e75f2df5df9bfaefa78e3920877b2cfe6b8dfa965816,22,0.24381071764337198,0.2102789094327797,4,0,/e/fscratch/reformo/schuhmann1/scientific-distillation-865-20261004/release/data/train.jsonl:618
Qwen27 / raw generator training target,bethgelab-part-00004-553,3289ba23f8c69c6928c12187c1a88b6c6be5ff0cc18f2ab4a1ec948c88620e52,13,0.10932835820895523,0.08917910447761195,5,0,/e/fscratch/reformo/schuhmann1/scientific-distillation-865-20261004/release/data/train.jsonl:619
Qwen27 / validated corrected final (separate view),bethgelab-part-00004-553,3289ba23f8c69c6928c12187c1a88b6c6be5ff0cc18f2ab4a1ec948c88620e52,13,0.1396813634679511,0.11745090774360874,5,0,/e/fscratch/reformo/schuhmann1/scientific-distillation-865-20261004/release/data/train.jsonl:619
Qwen27 / raw generator training target,bethgelab-part-00004-571,641e8faccc77faf684168e8d2ee3148f6af362985321c025f6159a3960a7ecd7,20,0.35283750440606276,0.30419457173070147,4,0,/e/fscratch/reformo/schuhmann1/scientific-distillation-865-20261004/release/data/train.jsonl:620
Qwen27 / validated corrected final (separate view),bethgelab-part-00004-571,641e8faccc77faf684168e8d2ee3148f6af362985321c025f6159a3960a7ecd7,20,0.36599020293911827,0.3198040587823653,4,0,/e/fscratch/reformo/schuhmann1/scientific-distillation-865-20261004/release/data/train.jsonl:620
Qwen27 / raw generator training target,bethgelab-part-00004-595,b087b1fd982f45ea1ac54dece9acc564f4d4e01fbf165c1d0f2ec3880c553532,21,0.2948234487487144,0.2392869386355845,7,1,/e/fscratch/reformo/schuhmann1/scientific-distillation-865-20261004/release/data/train.jsonl:621
Qwen27 / validated corrected final (separate view),bethgelab-part-00004-595,b087b1fd982f45ea1ac54dece9acc564f4d4e01fbf165c1d0f2ec3880c553532,31,0.2803708439897698,0.23433503836317135,5,0,/e/fscratch/reformo/schuhmann1/scientific-distillation-865-20261004/release/data/train.jsonl:621
Qwen27 / raw generator training target,bethgelab-part-00004-611,890ef06b713f1b46465202c06457789b8eea7497f4069fe1e934debcd8b2f489,24,0.31024338058304357,0.26263706873495585,4,0,/e/fscratch/reformo/schuhmann1/scientific-distillation-865-20261004/release/data/train.jsonl:622
Qwen27 / validated corrected final (separate view),bethgelab-part-00004-611,890ef06b713f1b46465202c06457789b8eea7497f4069fe1e934debcd8b2f489,24,0.29997553217518963,0.25348666503547834,5,0,/e/fscratch/reformo/schuhmann1/scientific-distillation-865-20261004/release/data/train.jsonl:622
Qwen27 / raw generator training target,bethgelab-part-00004-629,50bfe02f18b89bff3e8f35f0a6cbdea9bf2da279115c4018e95a07f5d34480f8,23,0.3975720789074355,0.33262518968133536,4,0,/e/fscratch/reformo/schuhmann1/scientific-distillation-865-20261004/release/data/train.jsonl:623
Qwen27 / validated corrected final (separate view),bethgelab-part-00004-629,50bfe02f18b89bff3e8f35f0a6cbdea9bf2da279115c4018e95a07f5d34480f8,23,0.388755980861244,0.32476076555023925,4,0,/e/fscratch/reformo/schuhmann1/scientific-distillation-865-20261004/release/data/train.jsonl:623
Qwen27 / raw generator training target,bethgelab-part-00004-63,65265644e29a74aa33c2cea74a36a24e1b87c58e385e3988af9f560a6a19f7d2,30,0.25019186492709133,0.20874904067536454,5,0,/e/fscratch/reformo/schuhmann1/scientific-distillation-865-20261004/release/data/train.jsonl:624
Qwen27 / validated corrected final (separate view),bethgelab-part-00004-63,65265644e29a74aa33c2cea74a36a24e1b87c58e385e3988af9f560a6a19f7d2,30,0.23719298245614034,0.19964912280701755,4,0,/e/fscratch/reformo/schuhmann1/scientific-distillation-865-20261004/release/data/train.jsonl:624
Qwen27 / raw generator training target,bethgelab-part-00004-645,1e5c674c12fe650efef7d69c80f6d341696a925a4125e4a279b40df0a2917f04,17,0.1364500190041809,0.10528316229570506,6,1,/e/fscratch/reformo/schuhmann1/scientific-distillation-865-20261004/release/data/train.jsonl:625
Qwen27 / validated corrected final (separate view),bethgelab-part-00004-645,1e5c674c12fe650efef7d69c80f6d341696a925a4125e4a279b40df0a2917f04,17,0.13934713934713935,0.10424710424710425,5,0,/e/fscratch/reformo/schuhmann1/scientific-distillation-865-20261004/release/data/train.jsonl:625
Qwen27 / raw generator training target,bethgelab-part-00004-663,a2833663673d2880acfd8acc046a4dd6d1f09b440a2984be5a4550095efffac5,18,0.16401229393685388,0.12210114557138865,4,0,/e/fscratch/reformo/schuhmann1/scientific-distillation-865-20261004/release/data/train.jsonl:626
Qwen27 / validated corrected final (separate view),bethgelab-part-00004-663,a2833663673d2880acfd8acc046a4dd6d1f09b440a2984be5a4550095efffac5,18,0.16516347237880497,0.12119503945885006,4,0,/e/fscratch/reformo/schuhmann1/scientific-distillation-865-20261004/release/data/train.jsonl:626
Qwen27 / raw generator training target,bethgelab-part-00004-675,6f9ec336934f075a63fc79fc87328fd8a4107c89cb89dc1783228221af8bc04b,22,0.2049042660396372,0.1525025193147464,7,5,/e/fscratch/reformo/schuhmann1/scientific-distillation-865-20261004/release/data/train.jsonl:627
Qwen27 / validated corrected final (separate view),bethgelab-part-00004-675,6f9ec336934f075a63fc79fc87328fd8a4107c89cb89dc1783228221af8bc04b,22,0.20427023581899298,0.1507329509241555,5,0,/e/fscratch/reformo/schuhmann1/scientific-distillation-865-20261004/release/data/train.jsonl:627
Qwen27 / raw generator training target,bethgelab-part-00004-710,63379e2da32db0b5648eeb45d39225bd3ca8ef0c7de12fcd06a57cd7b3c55b5b,26,0.35738831615120276,0.29133256968308513,5,0,/e/fscratch/reformo/schuhmann1/scientific-distillation-865-20261004/release/data/train.jsonl:628
Qwen27 / validated corrected final (separate view),bethgelab-part-00004-710,63379e2da32db0b5648eeb45d39225bd3ca8ef0c7de12fcd06a57cd7b3c55b5b,26,0.34149706795446705,0.28182131769575713,5,0,/e/fscratch/reformo/schuhmann1/scientific-distillation-865-20261004/release/data/train.jsonl:628
Qwen27 / raw generator training target,bethgelab-part-00004-723,2ce0403b4c9e3c403c4b65bb1e3392e7755a8b68653a5cef39e793f4a6a85139,17,0.06845585375340335,0.052119797744068455,5,0,/e/fscratch/reformo/schuhmann1/scientific-distillation-865-20261004/release/data/train.jsonl:629
Qwen27 / validated corrected final (separate view),bethgelab-part-00004-723,2ce0403b4c9e3c403c4b65bb1e3392e7755a8b68653a5cef39e793f4a6a85139,15,0.05803409503083061,0.044976423648893725,5,0,/e/fscratch/reformo/schuhmann1/scientific-distillation-865-20261004/release/data/train.jsonl:629
Qwen27 / raw generator training target,bethgelab-part-00004-757,dacb323be5cd8ac32c45e090704ed574b94884879df5e03376988b22677ee030,21,0.15335169880624427,0.10376492194674013,5,0,/e/fscratch/reformo/schuhmann1/scientific-distillation-865-20261004/release/data/train.jsonl:630
Qwen27 / validated corrected final (separate view),bethgelab-part-00004-757,dacb323be5cd8ac32c45e090704ed574b94884879df5e03376988b22677ee030,21,0.15982142857142856,0.10982142857142857,5,0,/e/fscratch/reformo/schuhmann1/scientific-distillation-865-20261004/release/data/train.jsonl:630
Qwen27 / raw generator training target,bethgelab-part-00004-778,7bdacf74e80b1bce6527b5dfb7f3b73fcc578439ccdbbce06cb8373deaab459e,28,0.1545178435839028,0.12034927866362946,5,0,/e/fscratch/reformo/schuhmann1/scientific-distillation-865-20261004/release/data/train.jsonl:631
Qwen27 / validated corrected final (separate view),bethgelab-part-00004-778,7bdacf74e80b1bce6527b5dfb7f3b73fcc578439ccdbbce06cb8373deaab459e,28,0.173850054328142,0.14342629482071714,5,0,/e/fscratch/reformo/schuhmann1/scientific-distillation-865-20261004/release/data/train.jsonl:631
Qwen27 / raw generator training target,bethgelab-part-00004-83,13b936415ca73a2a0b68e98d227b1fe0a8d0d7a2a0d65df20c8aebb7f92142f1,23,0.31110283159463487,0.2455290611028316,5,0,/e/fscratch/reformo/schuhmann1/scientific-distillation-865-20261004/release/data/train.jsonl:632
Qwen27 / validated corrected final (separate view),bethgelab-part-00004-83,13b936415ca73a2a0b68e98d227b1fe0a8d0d7a2a0d65df20c8aebb7f92142f1,23,0.34577387486278816,0.28357116721551406,5,0,/e/fscratch/reformo/schuhmann1/scientific-distillation-865-20261004/release/data/train.jsonl:632
Qwen27 / raw generator training target,bethgelab-part-00004-922,6a29a3828806066e6cde8f21d86fada05d2d1c35d01c0458c5943715910a3eb8,13,0.15311203319502076,0.10580912863070539,5,0,/e/fscratch/reformo/schuhmann1/scientific-distillation-865-20261004/release/data/train.jsonl:633
Qwen27 / validated corrected final (separate view),bethgelab-part-00004-922,6a29a3828806066e6cde8f21d86fada05d2d1c35d01c0458c5943715910a3eb8,15,0.157786038826931,0.11069805865344899,5,0,/e/fscratch/reformo/schuhmann1/scientific-distillation-865-20261004/release/data/train.jsonl:633
Qwen27 / raw generator training target,bethgelab-part-00004-946,57fda9f5e51b63ca614dbd55e7430d070d1bd1f40e5a92eed0f3fb6ee56d1ad6,16,0.16679447852760737,0.1276840490797546,4,0,/e/fscratch/reformo/schuhmann1/scientific-distillation-865-20261004/release/data/train.jsonl:634
Qwen27 / validated corrected final (separate view),bethgelab-part-00004-946,57fda9f5e51b63ca614dbd55e7430d070d1bd1f40e5a92eed0f3fb6ee56d1ad6,16,0.16079136690647483,0.1197841726618705,5,0,/e/fscratch/reformo/schuhmann1/scientific-distillation-865-20261004/release/data/train.jsonl:634
Qwen27 / raw generator training target,bethgelab-part-00004-981,a0eb9f597656fd2fbfb1176c98c8ea21e0d2fcd8d76dffa2d336687b4ae3e01f,11,0.07988274093074386,0.05789666544521803,7,10,/e/fscratch/reformo/schuhmann1/scientific-distillation-865-20261004/release/data/train.jsonl:635
Qwen27 / validated corrected final (separate view),bethgelab-part-00004-981,a0eb9f597656fd2fbfb1176c98c8ea21e0d2fcd8d76dffa2d336687b4ae3e01f,12,0.08646479387085006,0.06457497263772345,5,0,/e/fscratch/reformo/schuhmann1/scientific-distillation-865-20261004/release/data/train.jsonl:635
Qwen27 / raw generator training target,bethgelab-part-00004-994,818c2f93a51f49156acf726f2cb38ad7bbd86b5aae1ed2a50ef5d01338b2f03c,21,0.3139832055494706,0.24899598393574296,5,0,/e/fscratch/reformo/schuhmann1/scientific-distillation-865-20261004/release/data/train.jsonl:636
Qwen27 / validated corrected final (separate view),bethgelab-part-00004-994,818c2f93a51f49156acf726f2cb38ad7bbd86b5aae1ed2a50ef5d01338b2f03c,21,0.3139832055494706,0.24899598393574296,5,0,/e/fscratch/reformo/schuhmann1/scientific-distillation-865-20261004/release/data/train.jsonl:636
Qwen27 / raw generator training target,bethgelab-part-00055-1007,602b22923c9151b574e6ad2205ed865e99de03f371c1005c19547cfd73162945,15,0.20328719723183392,0.16868512110726644,5,0,/e/fscratch/reformo/schuhmann1/scientific-distillation-865-20261004/release/data/train.jsonl:637
Qwen27 / validated corrected final (separate view),bethgelab-part-00055-1007,602b22923c9151b574e6ad2205ed865e99de03f371c1005c19547cfd73162945,15,0.1970276008492569,0.16560509554140126,5,0,/e/fscratch/reformo/schuhmann1/scientific-distillation-865-20261004/release/data/train.jsonl:637
Qwen27 / raw generator training target,bethgelab-part-00055-1036,4f1d0483670f0d19a874fbeb59952937aa49f8076f2198f0ac567a6fa42e5bb9,31,0.2952146375791696,0.24173117522871218,5,0,/e/fscratch/reformo/schuhmann1/scientific-distillation-865-20261004/release/data/train.jsonl:638
Qwen27 / validated corrected final (separate view),bethgelab-part-00055-1036,4f1d0483670f0d19a874fbeb59952937aa49f8076f2198f0ac567a6fa42e5bb9,31,0.2861705525391249,0.23379112104758862,5,0,/e/fscratch/reformo/schuhmann1/scientific-distillation-865-20261004/release/data/train.jsonl:638
Qwen27 / raw generator training target,bethgelab-part-00055-1048,7a7361b635fc8383686d305293b8fd704d7bc439cb64a6c8dffdec730f5ee0f5,16,0.17734408145948238,0.11073398387781078,4,0,/e/fscratch/reformo/schuhmann1/scientific-distillation-865-20261004/release/data/train.jsonl:639
Qwen27 / validated corrected final (separate view),bethgelab-part-00055-1048,7a7361b635fc8383686d305293b8fd704d7bc439cb64a6c8dffdec730f5ee0f5,16,0.17537313432835822,0.11276948590381426,4,0,/e/fscratch/reformo/schuhmann1/scientific-distillation-865-20261004/release/data/train.jsonl:639
Qwen27 / raw generator training target,bethgelab-part-00055-1049,5e3ecd53f2774e82c62b0cb69f30b214f925b88861ee6b53f7194f69a1d18c1e,23,0.2753311851056212,0.22807017543859648,5,0,/e/fscratch/reformo/schuhmann1/scientific-distillation-865-20261004/release/data/train.jsonl:640
Qwen27 / validated corrected final (separate view),bethgelab-part-00055-1049,5e3ecd53f2774e82c62b0cb69f30b214f925b88861ee6b53f7194f69a1d18c1e,23,0.26808228268082285,0.2242866622428666,5,0,/e/fscratch/reformo/schuhmann1/scientific-distillation-865-20261004/release/data/train.jsonl:640
Qwen27 / raw generator training target,bethgelab-part-00055-1050,6255b993d1e964feed12588df931ea8fb11a0c0b3af639ac0ec3d90984652896,14,0.09856459330143541,0.08421052631578947,5,0,/e/fscratch/reformo/schuhmann1/scientific-distillation-865-20261004/release/data/train.jsonl:641
Qwen27 / validated corrected final (separate view),bethgelab-part-00055-1050,6255b993d1e964feed12588df931ea8fb11a0c0b3af639ac0ec3d90984652896,17,0.10926365795724466,0.09501187648456057,5,0,/e/fscratch/reformo/schuhmann1/scientific-distillation-865-20261004/release/data/train.jsonl:641
Qwen27 / raw generator training target,bethgelab-part-00055-1070,2bdcd8c474471753a4a421dc23ad92cd1e68046d7c62223415309ad8d61bbd9d,23,0.3364381520119225,0.28949329359165427,5,0,/e/fscratch/reformo/schuhmann1/scientific-distillation-865-20261004/release/data/train.jsonl:642
Qwen27 / validated corrected final (separate view),bethgelab-part-00055-1070,2bdcd8c474471753a4a421dc23ad92cd1e68046d7c62223415309ad8d61bbd9d,28,0.35210755813953487,0.29978197674418605,5,0,/e/fscratch/reformo/schuhmann1/scientific-distillation-865-20261004/release/data/train.jsonl:642
Qwen27 / raw generator training target,bethgelab-part-00055-1074,cdc4753c88e3536083b9ab1e18a8ed00450d4f51f4fd48d69f3d2d665c0b3bce,29,0.29559971611071684,0.2636621717530163,6,3,/e/fscratch/reformo/schuhmann1/scientific-distillation-865-20261004/release/data/train.jsonl:643
Qwen27 / validated corrected final (separate view),bethgelab-part-00055-1074,cdc4753c88e3536083b9ab1e18a8ed00450d4f51f4fd48d69f3d2d665c0b3bce,29,0.2988343341575415,0.26492405510420347,5,0,/e/fscratch/reformo/schuhmann1/scientific-distillation-865-20261004/release/data/train.jsonl:643
Qwen27 / raw generator training target,bethgelab-part-00055-1077,92bedb0a1d835642663d8641121777def652573f4ec13b6da744ed644525d68d,20,0.20008084074373483,0.14591754244139046,4,0,/e/fscratch/reformo/schuhmann1/scientific-distillation-865-20261004/release/data/train.jsonl:644
Qwen27 / validated corrected final (separate view),bethgelab-part-00055-1077,92bedb0a1d835642663d8641121777def652573f4ec13b6da744ed644525d68d,20,0.19951632406287786,0.14550584441757355,4,0,/e/fscratch/reformo/schuhmann1/scientific-distillation-865-20261004/release/data/train.jsonl:644
Qwen27 / raw generator training target,bethgelab-part-00055-1118,198146686439415e1c133de47565b7ce2d7ac353edf867f89ac207308c551584,22,0.3434980722046968,0.29688047669120227,5,0,/e/fscratch/reformo/schuhmann1/scientific-distillation-865-20261004/release/data/train.jsonl:645
Qwen27 / validated corrected final (separate view),bethgelab-part-00055-1118,198146686439415e1c133de47565b7ce2d7ac353edf867f89ac207308c551584,22,0.3487306064880113,0.3018335684062059,5,0,/e/fscratch/reformo/schuhmann1/scientific-distillation-865-20261004/release/data/train.jsonl:645
Qwen27 / raw generator training target,bethgelab-part-00055-1119,2616ff09c62ef1f39536cb30c87afd28ffaa99047acdcadb760cdc0e22c643b1,13,0.15739821251241312,0.11271102284011916,4,0,/e/fscratch/reformo/schuhmann1/scientific-distillation-865-20261004/release/data/train.jsonl:646
Qwen27 / validated corrected final (separate view),bethgelab-part-00055-1119,2616ff09c62ef1f39536cb30c87afd28ffaa99047acdcadb760cdc0e22c643b1,13,0.16129032258064516,0.11436950146627566,5,0,/e/fscratch/reformo/schuhmann1/scientific-distillation-865-20261004/release/data/train.jsonl:646
Qwen27 / raw generator training target,bethgelab-part-00055-113,d70ad2cb581049f2d8978259a953b41beca4839d507860a457c29a10247c5e61,25,0.322831583041618,0.27148969272656553,4,0,/e/fscratch/reformo/schuhmann1/scientific-distillation-865-20261004/release/data/train.jsonl:647
Qwen27 / validated corrected final (separate view),bethgelab-part-00055-113,d70ad2cb581049f2d8978259a953b41beca4839d507860a457c29a10247c5e61,25,0.34145413018652454,0.2820708031975638,5,0,/e/fscratch/reformo/schuhmann1/scientific-distillation-865-20261004/release/data/train.jsonl:647
Qwen27 / raw generator training target,bethgelab-part-00055-1140,96236ac8e4c7fb26c295ac5d02a564dc32007e378141bb90fb11c9c9ee7bde2b,22,0.23926134082697711,0.1934965877157768,5,0,/e/fscratch/reformo/schuhmann1/scientific-distillation-865-20261004/release/data/train.jsonl:648
Qwen27 / validated corrected final (separate view),bethgelab-part-00055-1140,96236ac8e4c7fb26c295ac5d02a564dc32007e378141bb90fb11c9c9ee7bde2b,22,0.24311762602788703,0.19806936002860207,5,0,/e/fscratch/reformo/schuhmann1/scientific-distillation-865-20261004/release/data/train.jsonl:648
Qwen27 / raw generator training target,bethgelab-part-00055-1145,73ceb6622874a2d5a2f3bb1491314a9459d172b1fb327b3f80809619c28ba985,17,0.1994523048836148,0.1738931994523049,5,0,/e/fscratch/reformo/schuhmann1/scientific-distillation-865-20261004/release/data/train.jsonl:649
Qwen27 / validated corrected final (separate view),bethgelab-part-00055-1145,73ceb6622874a2d5a2f3bb1491314a9459d172b1fb327b3f80809619c28ba985,17,0.20449438202247192,0.1793258426966292,5,0,/e/fscratch/reformo/schuhmann1/scientific-distillation-865-20261004/release/data/train.jsonl:649
Qwen27 / raw generator training target,bethgelab-part-00055-1152,d92180c69e1c57a5926c06db16e9f58e8ac5db06b354c3a08ce03c54d688877a,21,0.15393073117097306,0.13413963716327654,5,0,/e/fscratch/reformo/schuhmann1/scientific-distillation-865-20261004/release/data/train.jsonl:650
Qwen27 / validated corrected final (separate view),bethgelab-part-00055-1152,d92180c69e1c57a5926c06db16e9f58e8ac5db06b354c3a08ce03c54d688877a,21,0.16857798165137614,0.14793577981651376,5,0,/e/fscratch/reformo/schuhmann1/scientific-distillation-865-20261004/release/data/train.jsonl:650
Qwen27 / raw generator training target,bethgelab-part-00055-1164,3192e1831d87831089aba2adf9b90754ad0e1ef1096a92111d8cad3b848c1406,25,0.38652256834075016,0.31913541004450097,5,0,/e/fscratch/reformo/schuhmann1/scientific-distillation-865-20261004/release/data/train.jsonl:651
Qwen27 / validated corrected final (separate view),bethgelab-part-00055-1164,3192e1831d87831089aba2adf9b90754ad0e1ef1096a92111d8cad3b848c1406,25,0.38086854460093894,0.31338028169014087,5,0,/e/fscratch/reformo/schuhmann1/scientific-distillation-865-20261004/release/data/train.jsonl:651
Qwen27 / raw generator training target,bethgelab-part-00055-1202,2dd4d39253ff2501cf651a7e8e88c44724963b85fbe6fdd6f00401bed4bab14d,19,0.23628354024829795,0.19943932719263116,6,3,/e/fscratch/reformo/schuhmann1/scientific-distillation-865-20261004/release/data/train.jsonl:652
Qwen27 / validated corrected final (separate view),bethgelab-part-00055-1202,2dd4d39253ff2501cf651a7e8e88c44724963b85fbe6fdd6f00401bed4bab14d,19,0.24224806201550386,0.2065891472868217,5,0,/e/fscratch/reformo/schuhmann1/scientific-distillation-865-20261004/release/data/train.jsonl:652
Qwen27 / raw generator training target,bethgelab-part-00055-1206,defca7ce8f1b63190495b416232843720c23bb4aaa41ff900e5b7f2a98601a49,14,0.16728624535315986,0.13940520446096655,5,0,/e/fscratch/reformo/schuhmann1/scientific-distillation-865-20261004/release/data/train.jsonl:653
Qwen27 / validated corrected final (separate view),bethgelab-part-00055-1206,defca7ce8f1b63190495b416232843720c23bb4aaa41ff900e5b7f2a98601a49,19,0.2361111111111111,0.20654121863799282,5,0,/e/fscratch/reformo/schuhmann1/scientific-distillation-865-20261004/release/data/train.jsonl:653
Qwen27 / raw generator training target,bethgelab-part-00055-1210,9418a406e0e0af74445a6dfb5ff1cb5e6936360cd953e69e42784c34cf02e4a0,21,0.20637801400051853,0.15763546798029557,4,0,/e/fscratch/reformo/schuhmann1/scientific-distillation-865-20261004/release/data/train.jsonl:654
Qwen27 / validated corrected final (separate view),bethgelab-part-00055-1210,9418a406e0e0af74445a6dfb5ff1cb5e6936360cd953e69e42784c34cf02e4a0,21,0.21439588688946015,0.16452442159383032,4,0,/e/fscratch/reformo/schuhmann1/scientific-distillation-865-20261004/release/data/train.jsonl:654
Qwen27 / raw generator training target,bethgelab-part-00055-1221,f066189990f71f905de425242675784c2162d98ed150f51b6abfa297dc5f75ec,22,0.317115551694179,0.26295974514914566,5,0,/e/fscratch/reformo/schuhmann1/scientific-distillation-865-20261004/release/data/train.jsonl:655
Qwen27 / validated corrected final (separate view),bethgelab-part-00055-1221,f066189990f71f905de425242675784c2162d98ed150f51b6abfa297dc5f75ec,22,0.31916714204221336,0.26583000570450654,5,0,/e/fscratch/reformo/schuhmann1/scientific-distillation-865-20261004/release/data/train.jsonl:655
Qwen27 / raw generator training target,bethgelab-part-00055-1239,528c5c335e556170e5dcb80f40bbca76d9057f3ccc456e698f65bfe522d7c51e,22,0.22387320455671125,0.1812778603268945,5,0,/e/fscratch/reformo/schuhmann1/scientific-distillation-865-20261004/release/data/train.jsonl:656
Qwen27 / validated corrected final (separate view),bethgelab-part-00055-1239,528c5c335e556170e5dcb80f40bbca76d9057f3ccc456e698f65bfe522d7c51e,22,0.23494860499265785,0.19285364659814,5,0,/e/fscratch/reformo/schuhmann1/scientific-distillation-865-20261004/release/data/train.jsonl:656
Qwen27 / raw generator training target,bethgelab-part-00055-1319,274f5efe1594323f70c496e52ff9ac69b91e66a59a9a5bb6a03a9c900d4b5012,19,0.33167420814479637,0.27737556561085974,5,0,/e/fscratch/reformo/schuhmann1/scientific-distillation-865-20261004/release/data/train.jsonl:657
Qwen27 / validated corrected final (separate view),bethgelab-part-00055-1319,274f5efe1594323f70c496e52ff9ac69b91e66a59a9a5bb6a03a9c900d4b5012,33,0.3694367861362741,0.3198109491925955,5,0,/e/fscratch/reformo/schuhmann1/scientific-distillation-865-20261004/release/data/train.jsonl:657
Qwen27 / raw generator training target,bethgelab-part-00055-1353,15e5214567685260fec41b9e396a655896edf1e09570cd86df61a08e1f991a68,18,0.28981606101390756,0.23687752355316286,4,0,/e/fscratch/reformo/schuhmann1/scientific-distillation-865-20261004/release/data/train.jsonl:658
Qwen27 / validated corrected final (separate view),bethgelab-part-00055-1353,15e5214567685260fec41b9e396a655896edf1e09570cd86df61a08e1f991a68,18,0.2987941045109424,0.24073246985261276,4,0,/e/fscratch/reformo/schuhmann1/scientific-distillation-865-20261004/release/data/train.jsonl:658
Qwen27 / raw generator training target,bethgelab-part-00055-1358,d4201f797e52502c5afabd0f9b800f5515ceecb9f0813ccf06ac571f5f38b4a5,27,0.5318364611260054,0.47989276139410186,4,0,/e/fscratch/reformo/schuhmann1/scientific-distillation-865-20261004/release/data/train.jsonl:659
Qwen27 / validated corrected final (separate view),bethgelab-part-00055-1358,d4201f797e52502c5afabd0f9b800f5515ceecb9f0813ccf06ac571f5f38b4a5,27,0.5261599210266535,0.47515630141493914,4,0,/e/fscratch/reformo/schuhmann1/scientific-distillation-865-20261004/release/data/train.jsonl:659
Qwen27 / raw generator training target,bethgelab-part-00055-1364,e3511ce5f087c4896bb174e203acfde2bec4e422b5746382737d273494f0b0d9,23,0.3344625808438559,0.2771789344009855,5,0,/e/fscratch/reformo/schuhmann1/scientific-distillation-865-20261004/release/data/train.jsonl:660
Qwen27 / validated corrected final (separate view),bethgelab-part-00055-1364,e3511ce5f087c4896bb174e203acfde2bec4e422b5746382737d273494f0b0d9,26,0.3272832036876981,0.2736963411120715,5,0,/e/fscratch/reformo/schuhmann1/scientific-distillation-865-20261004/release/data/train.jsonl:660
Qwen27 / raw generator training target,bethgelab-part-00055-1365,be1c41e4ee31ff3af7b99d4025fc4a4a68025d71e68c18c5270c6a2a166873c0,17,0.15546410608139002,0.11796982167352538,5,0,/e/fscratch/reformo/schuhmann1/scientific-distillation-865-20261004/release/data/train.jsonl:661
Qwen27 / validated corrected final (separate view),bethgelab-part-00055-1365,be1c41e4ee31ff3af7b99d4025fc4a4a68025d71e68c18c5270c6a2a166873c0,16,0.1474308300395257,0.10553359683794467,5,0,/e/fscratch/reformo/schuhmann1/scientific-distillation-865-20261004/release/data/train.jsonl:661
Qwen27 / raw generator training target,bethgelab-part-00055-1393,c326187590d2677945f13c155f2cb9b3622accf3a8c502372f935a538b8dc785,19,0.12773109243697478,0.10789915966386554,6,1,/e/fscratch/reformo/schuhmann1/scientific-distillation-865-20261004/release/data/train.jsonl:662
Qwen27 / validated corrected final (separate view),bethgelab-part-00055-1393,c326187590d2677945f13c155f2cb9b3622accf3a8c502372f935a538b8dc785,19,0.14010450685826256,0.11299804049640758,5,0,/e/fscratch/reformo/schuhmann1/scientific-distillation-865-20261004/release/data/train.jsonl:662
Qwen27 / raw generator training target,bethgelab-part-00055-1442,8c042133ef7ebc3572a1611db0271082c7e782d3a7359b7497e3c672cd7b5ff0,23,0.39490006891798757,0.34114403859407305,5,0,/e/fscratch/reformo/schuhmann1/scientific-distillation-865-20261004/release/data/train.jsonl:663
Qwen27 / validated corrected final (separate view),bethgelab-part-00055-1442,8c042133ef7ebc3572a1611db0271082c7e782d3a7359b7497e3c672cd7b5ff0,23,0.42378048780487804,0.3709349593495935,5,0,/e/fscratch/reformo/schuhmann1/scientific-distillation-865-20261004/release/data/train.jsonl:663
Qwen27 / raw generator training target,bethgelab-part-00055-1447,9b7e28c75841826706d2b27324b69053ee9c3419ac510eefe7b029bcc9217fa8,23,0.14735283228433912,0.10144390966308775,5,0,/e/fscratch/reformo/schuhmann1/scientific-distillation-865-20261004/release/data/train.jsonl:664
Qwen27 / validated corrected final (separate view),bethgelab-part-00055-1447,9b7e28c75841826706d2b27324b69053ee9c3419ac510eefe7b029bcc9217fa8,23,0.15474028332727932,0.10533962949509626,5,0,/e/fscratch/reformo/schuhmann1/scientific-distillation-865-20261004/release/data/train.jsonl:664
Qwen27 / raw generator training target,bethgelab-part-00055-1495,a82b03891f44ad0e5798da1608e505ba846e6bf1096e2b2e28d1691719842b59,20,0.27041291524371314,0.2340887923005278,4,0,/e/fscratch/reformo/schuhmann1/scientific-distillation-865-20261004/release/data/train.jsonl:665
Qwen27 / validated corrected final (separate view),bethgelab-part-00055-1495,a82b03891f44ad0e5798da1608e505ba846e6bf1096e2b2e28d1691719842b59,20,0.27527216174183516,0.24074650077760498,4,0,/e/fscratch/reformo/schuhmann1/scientific-distillation-865-20261004/release/data/train.jsonl:665
Qwen27 / raw generator training target,bethgelab-part-00055-1526,c213cfd10966feefd1772c79fec7bf94f5d0ce012b5e4eccdd6b0206d151a2ca,30,0.32772133526850505,0.2772133526850508,5,0,/e/fscratch/reformo/schuhmann1/scientific-distillation-865-20261004/release/data/train.jsonl:666
Qwen27 / validated corrected final (separate view),bethgelab-part-00055-1526,c213cfd10966feefd1772c79fec7bf94f5d0ce012b5e4eccdd6b0206d151a2ca,30,0.3263448275862069,0.2783448275862069,5,0,/e/fscratch/reformo/schuhmann1/scientific-distillation-865-20261004/release/data/train.jsonl:666
Qwen27 / raw generator training target,bethgelab-part-00055-1530,d0e71d977f4bdd12314c04168b8ff3f8770e9ae0522dc8ed78f049d54172d86b,21,0.2494473102431835,0.20523212969786292,4,0,/e/fscratch/reformo/schuhmann1/scientific-distillation-865-20261004/release/data/train.jsonl:667
Qwen27 / validated corrected final (separate view),bethgelab-part-00055-1530,d0e71d977f4bdd12314c04168b8ff3f8770e9ae0522dc8ed78f049d54172d86b,21,0.24011007911936705,0.19676642586859305,4,0,/e/fscratch/reformo/schuhmann1/scientific-distillation-865-20261004/release/data/train.jsonl:667
Qwen27 / raw generator training target,bethgelab-part-00055-1558,8b09004b36884a8b8b070bab34e62c0b230df764838879b02bcfb1ac8a8232f7,30,0.28384718498659517,0.22184986595174264,4,0,/e/fscratch/reformo/schuhmann1/scientific-distillation-865-20261004/release/data/train.jsonl:668
Qwen27 / validated corrected final (separate view),bethgelab-part-00055-1558,8b09004b36884a8b8b070bab34e62c0b230df764838879b02bcfb1ac8a8232f7,30,0.27613350125944586,0.21788413098236775,4,0,/e/fscratch/reformo/schuhmann1/scientific-distillation-865-20261004/release/data/train.jsonl:668
Qwen27 / raw generator training target,bethgelab-part-00055-1581,2c4780829fe0cd924caf5405a2cf511e14825a1b7ab75ec945af62726d781f0e,20,0.16185172293769579,0.13505046989209885,5,0,/e/fscratch/reformo/schuhmann1/scientific-distillation-865-20261004/release/data/train.jsonl:669
Qwen27 / validated corrected final (separate view),bethgelab-part-00055-1581,2c4780829fe0cd924caf5405a2cf511e14825a1b7ab75ec945af62726d781f0e,20,0.15409105380452084,0.1314867876472461,5,0,/e/fscratch/reformo/schuhmann1/scientific-distillation-865-20261004/release/data/train.jsonl:669
Qwen27 / raw generator training target,bethgelab-part-00055-1586,96d8465c68440286b13edbbdf466bcf1019dad128c96b1043346280a64d427db,13,0.10783608914450037,0.08554996405463695,5,0,/e/fscratch/reformo/schuhmann1/scientific-distillation-865-20261004/release/data/train.jsonl:670
Qwen27 / validated corrected final (separate view),bethgelab-part-00055-1586,96d8465c68440286b13edbbdf466bcf1019dad128c96b1043346280a64d427db,13,0.10783608914450037,0.08554996405463695,5,0,/e/fscratch/reformo/schuhmann1/scientific-distillation-865-20261004/release/data/train.jsonl:670
Qwen27 / raw generator training target,bethgelab-part-00055-16,46cf2e963a7fee10517fef8be2efaadd1458624db2d86e50b2c6f79decb254ab,18,0.23624213836477986,0.1957547169811321,6,1,/e/fscratch/reformo/schuhmann1/scientific-distillation-865-20261004/release/data/train.jsonl:671
Qwen27 / validated corrected final (separate view),bethgelab-part-00055-16,46cf2e963a7fee10517fef8be2efaadd1458624db2d86e50b2c6f79decb254ab,25,0.278544061302682,0.22758620689655173,5,0,/e/fscratch/reformo/schuhmann1/scientific-distillation-865-20261004/release/data/train.jsonl:671
Qwen27 / raw generator training target,bethgelab-part-00055-1615,3c46beba0514a7b958dc0e0751dc5b6e63d93ac8b014b6d8ceb13b92e09f01a5,26,0.33319002579535684,0.26698194325021496,4,0,/e/fscratch/reformo/schuhmann1/scientific-distillation-865-20261004/release/data/train.jsonl:672
Qwen27 / validated corrected final (separate view),bethgelab-part-00055-1615,3c46beba0514a7b958dc0e0751dc5b6e63d93ac8b014b6d8ceb13b92e09f01a5,26,0.34668335419274093,0.28243637880684186,4,0,/e/fscratch/reformo/schuhmann1/scientific-distillation-865-20261004/release/data/train.jsonl:672
Qwen27 / raw generator training target,bethgelab-part-00055-1661,b659fcc87c96d566bc7fba5ff69022e8a61efb23860c69693992bd3d3b46a9bf,30,0.4132675930076199,0.3729269385925594,4,0,/e/fscratch/reformo/schuhmann1/scientific-distillation-865-20261004/release/data/train.jsonl:673
Qwen27 / validated corrected final (separate view),bethgelab-part-00055-1661,b659fcc87c96d566bc7fba5ff69022e8a61efb23860c69693992bd3d3b46a9bf,30,0.4282418089524688,0.38394093216428243,4,0,/e/fscratch/reformo/schuhmann1/scientific-distillation-865-20261004/release/data/train.jsonl:673
Qwen27 / raw generator training target,bethgelab-part-00055-1715,abbeb33656ebd9357daa1715f66b0daf4216b3b056eeb93b90a6cbdc899198cd,12,0.07608695652173914,0.04489603024574669,5,0,/e/fscratch/reformo/schuhmann1/scientific-distillation-865-20261004/release/data/train.jsonl:674
Qwen27 / validated corrected final (separate view),bethgelab-part-00055-1715,abbeb33656ebd9357daa1715f66b0daf4216b3b056eeb93b90a6cbdc899198cd,12,0.0800736309249885,0.04693971468016567,5,0,/e/fscratch/reformo/schuhmann1/scientific-distillation-865-20261004/release/data/train.jsonl:674
Qwen27 / raw generator training target,bethgelab-part-00055-1746,17f25cb90d6bcd0b3bd6ee8cc9198b65f437dc4f4299ca4b5b13aa8365557ae9,14,0.14719321148825065,0.09954308093994778,4,0,/e/fscratch/reformo/schuhmann1/scientific-distillation-865-20261004/release/data/train.jsonl:675
Qwen27 / validated corrected final (separate view),bethgelab-part-00055-1746,17f25cb90d6bcd0b3bd6ee8cc9198b65f437dc4f4299ca4b5b13aa8365557ae9,14,0.14263517712865134,0.09726538222498446,4,0,/e/fscratch/reformo/schuhmann1/scientific-distillation-865-20261004/release/data/train.jsonl:675
Qwen27 / raw generator training target,bethgelab-part-00055-1755,a1ee73398795c58868bdcb12559e47badf564258cdcb21aacbb7807c6b91c8a6,19,0.17224287484510534,0.13672036348616273,4,0,/e/fscratch/reformo/schuhmann1/scientific-distillation-865-20261004/release/data/train.jsonl:676
Qwen27 / validated corrected final (separate view),bethgelab-part-00055-1755,a1ee73398795c58868bdcb12559e47badf564258cdcb21aacbb7807c6b91c8a6,19,0.17173661917597227,0.1340007701193685,4,0,/e/fscratch/reformo/schuhmann1/scientific-distillation-865-20261004/release/data/train.jsonl:676
Qwen27 / raw generator training target,bethgelab-part-00055-1773,0adc48ab3cf8a08a8335848f082381968fa5867e43a7416a4f8515ed94de2c86,17,0.1284101599247413,0.09172154280338664,4,0,/e/fscratch/reformo/schuhmann1/scientific-distillation-865-20261004/release/data/train.jsonl:677
Qwen27 / validated corrected final (separate view),bethgelab-part-00055-1773,0adc48ab3cf8a08a8335848f082381968fa5867e43a7416a4f8515ed94de2c86,18,0.1407992565055762,0.10734200743494424,4,0,/e/fscratch/reformo/schuhmann1/scientific-distillation-865-20261004/release/data/train.jsonl:677
Qwen27 / raw generator training target,bethgelab-part-00055-1779,aa75fab813c0168098b716c3055f1c5de4c287fdbcce49773181fa7b47aa46b7,16,0.10956017908875428,0.08585725572820647,5,0,/e/fscratch/reformo/schuhmann1/scientific-distillation-865-20261004/release/data/train.jsonl:678
Qwen27 / validated corrected final (separate view),bethgelab-part-00055-1779,aa75fab813c0168098b716c3055f1c5de4c287fdbcce49773181fa7b47aa46b7,19,0.11376508249199704,0.09012558483132234,5,0,/e/fscratch/reformo/schuhmann1/scientific-distillation-865-20261004/release/data/train.jsonl:678
Qwen27 / raw generator training target,bethgelab-part-00055-1818,8121918406c2d1139ecae1818eeac725e53ad11e02d85ff00d181abc474c2950,19,0.27806222922410395,0.21662071681764475,4,0,/e/fscratch/reformo/schuhmann1/scientific-distillation-865-20261004/release/data/train.jsonl:679
Qwen27 / validated corrected final (separate view),bethgelab-part-00055-1818,8121918406c2d1139ecae1818eeac725e53ad11e02d85ff00d181abc474c2950,19,0.2811291569992266,0.21616395978344935,4,0,/e/fscratch/reformo/schuhmann1/scientific-distillation-865-20261004/release/data/train.jsonl:679
Qwen27 / raw generator training target,bethgelab-part-00055-1819,c24e6d28f314e1fe5470542202ea5446c7ce87688fc3e8a4727383d7b74daab2,18,0.19583333333333333,0.15946969696969698,5,0,/e/fscratch/reformo/schuhmann1/scientific-distillation-865-20261004/release/data/train.jsonl:680
Qwen27 / validated corrected final (separate view),bethgelab-part-00055-1819,c24e6d28f314e1fe5470542202ea5446c7ce87688fc3e8a4727383d7b74daab2,18,0.19310086239220098,0.15710536182977128,5,0,/e/fscratch/reformo/schuhmann1/scientific-distillation-865-20261004/release/data/train.jsonl:680
Qwen27 / raw generator training target,bethgelab-part-00055-1834,6c3b722e00c48e05ea11abb3ed8398f58b408cd4b607d9804981dcb2c0bc8cf7,22,0.28199052132701424,0.25829383886255924,4,0,/e/fscratch/reformo/schuhmann1/scientific-distillation-865-20261004/release/data/train.jsonl:681
Qwen27 / validated corrected final (separate view),bethgelab-part-00055-1834,6c3b722e00c48e05ea11abb3ed8398f58b408cd4b607d9804981dcb2c0bc8cf7,22,0.28262548262548265,0.2617760617760618,4,0,/e/fscratch/reformo/schuhmann1/scientific-distillation-865-20261004/release/data/train.jsonl:681
Qwen27 / raw generator training target,bethgelab-part-00055-1877,e4e6fbe00de5514f2b3578dac67141196d6c304f34b05dd2461174d2adf1e28c,29,0.3481953290870488,0.30233545647558385,7,8,/e/fscratch/reformo/schuhmann1/scientific-distillation-865-20261004/release/data/train.jsonl:682
Qwen27 / validated corrected final (separate view),bethgelab-part-00055-1877,e4e6fbe00de5514f2b3578dac67141196d6c304f34b05dd2461174d2adf1e28c,29,0.3674540682414698,0.32545931758530183,5,0,/e/fscratch/reformo/schuhmann1/scientific-distillation-865-20261004/release/data/train.jsonl:682
Qwen27 / raw generator training target,bethgelab-part-00055-1901,e9a2736c8dc9cd3a088640a53237c820bd77c53ff308b4042c6b33c4baa1516e,20,0.2616407982261641,0.21108647450110865,5,0,/e/fscratch/reformo/schuhmann1/scientific-distillation-865-20261004/release/data/train.jsonl:683
Qwen27 / validated corrected final (separate view),bethgelab-part-00055-1901,e9a2736c8dc9cd3a088640a53237c820bd77c53ff308b4042c6b33c4baa1516e,20,0.26768968456947995,0.21909633418584826,5,0,/e/fscratch/reformo/schuhmann1/scientific-distillation-865-20261004/release/data/train.jsonl:683
Qwen27 / raw generator training target,bethgelab-part-00055-1911,a3da28e839dc379495c57e863c14de847ab0513b6c37ad77e62f6062196945ea,30,0.31871657754010696,0.26773618538324423,5,0,/e/fscratch/reformo/schuhmann1/scientific-distillation-865-20261004/release/data/train.jsonl:684
Qwen27 / validated corrected final (separate view),bethgelab-part-00055-1911,a3da28e839dc379495c57e863c14de847ab0513b6c37ad77e62f6062196945ea,30,0.32930617880566104,0.27580255436658613,5,0,/e/fscratch/reformo/schuhmann1/scientific-distillation-865-20261004/release/data/train.jsonl:684
Qwen27 / raw generator training target,bethgelab-part-00055-1936,39641487ad422b4ba2b4af72ccf8f9d1d1c98288c64e6ad1d3b42d73e8d288c3,13,0.06130573248407643,0.030652866242038217,5,0,/e/fscratch/reformo/schuhmann1/scientific-distillation-865-20261004/release/data/train.jsonl:685
Qwen27 / validated corrected final (separate view),bethgelab-part-00055-1936,39641487ad422b4ba2b4af72ccf8f9d1d1c98288c64e6ad1d3b42d73e8d288c3,13,0.07384131971720345,0.03652788688138256,5,0,/e/fscratch/reformo/schuhmann1/scientific-distillation-865-20261004/release/data/train.jsonl:685
Qwen27 / raw generator training target,bethgelab-part-00055-196,d136495a0b488f064720c65e2e490e6d321f1654de71eb55c6d3535e3332768c,18,0.18625429553264605,0.1556701030927835,5,0,/e/fscratch/reformo/schuhmann1/scientific-distillation-865-20261004/release/data/train.jsonl:686
Qwen27 / validated corrected final (separate view),bethgelab-part-00055-196,d136495a0b488f064720c65e2e490e6d321f1654de71eb55c6d3535e3332768c,18,0.19395711500974658,0.16309291747888238,5,0,/e/fscratch/reformo/schuhmann1/scientific-distillation-865-20261004/release/data/train.jsonl:686
Qwen27 / raw generator training target,bethgelab-part-00055-1967,f3835326178655c2190a8ce35899fdb36bf656c35ce6173ffb5574fff6a018dd,19,0.32175182481751824,0.2586861313868613,4,0,/e/fscratch/reformo/schuhmann1/scientific-distillation-865-20261004/release/data/train.jsonl:687
Qwen27 / validated corrected final (separate view),bethgelab-part-00055-1967,f3835326178655c2190a8ce35899fdb36bf656c35ce6173ffb5574fff6a018dd,19,0.32358842075093147,0.26167956434508455,4,0,/e/fscratch/reformo/schuhmann1/scientific-distillation-865-20261004/release/data/train.jsonl:687
Qwen27 / raw generator training target,bethgelab-part-00055-1982,290dc9c8b72600404f68f6873fb1d0f81bcce68d208ea6002644d7698ecbb22d,23,0.35622475211164156,0.3037091443261109,4,0,/e/fscratch/reformo/schuhmann1/scientific-distillation-865-20261004/release/data/train.jsonl:688
Qwen27 / validated corrected final (separate view),bethgelab-part-00055-1982,290dc9c8b72600404f68f6873fb1d0f81bcce68d208ea6002644d7698ecbb22d,23,0.3343363423604146,0.2865262454028753,4,0,/e/fscratch/reformo/schuhmann1/scientific-distillation-865-20261004/release/data/train.jsonl:688
Qwen27 / raw generator training target,bethgelab-part-00055-2013,6ca8207e44d3a7f333b86f1f0f992b362955c2f7a6548043ecbfa87e0f2c149b,23,0.3035330261136713,0.24731182795698925,5,0,/e/fscratch/reformo/schuhmann1/scientific-distillation-865-20261004/release/data/train.jsonl:689
Qwen27 / validated corrected final (separate view),bethgelab-part-00055-2013,6ca8207e44d3a7f333b86f1f0f992b362955c2f7a6548043ecbfa87e0f2c149b,23,0.30972644376899694,0.2541033434650456,5,0,/e/fscratch/reformo/schuhmann1/scientific-distillation-865-20261004/release/data/train.jsonl:689
Qwen27 / raw generator training target,bethgelab-part-00055-2051,c944c3060206d67bb0d93be7726e3ac0b7e98ea3eede05545015684cde1d7332,28,0.27276105536975104,0.221850613154961,4,0,/e/fscratch/reformo/schuhmann1/scientific-distillation-865-20261004/release/data/train.jsonl:690
Qwen27 / validated corrected final (separate view),bethgelab-part-00055-2051,c944c3060206d67bb0d93be7726e3ac0b7e98ea3eede05545015684cde1d7332,28,0.2676975945017182,0.22061855670103092,4,0,/e/fscratch/reformo/schuhmann1/scientific-distillation-865-20261004/release/data/train.jsonl:690
Qwen27 / raw generator training target,bethgelab-part-00055-2058,99727c0c34dcf3c1602459ccec3143d8fc8d2e240a2a1bc0d777c4ce4198d977,23,0.3160294633461943,0.2823570676955454,4,0,/e/fscratch/reformo/schuhmann1/scientific-distillation-865-20261004/release/data/train.jsonl:691
Qwen27 / validated corrected final (separate view),bethgelab-part-00055-2058,99727c0c34dcf3c1602459ccec3143d8fc8d2e240a2a1bc0d777c4ce4198d977,23,0.2818725099601594,0.24402390438247012,4,0,/e/fscratch/reformo/schuhmann1/scientific-distillation-865-20261004/release/data/train.jsonl:691
Qwen27 / raw generator training target,bethgelab-part-00055-21,b94900b1d95074e241e54565107a99073f7aa852bdc38070df90f12077905a3f,24,0.22894521668029436,0.18111201962387571,4,0,/e/fscratch/reformo/schuhmann1/scientific-distillation-865-20261004/release/data/train.jsonl:692
Qwen27 / validated corrected final (separate view),bethgelab-part-00055-21,b94900b1d95074e241e54565107a99073f7aa852bdc38070df90f12077905a3f,24,0.22708840227088403,0.17964314679643148,4,0,/e/fscratch/reformo/schuhmann1/scientific-distillation-865-20261004/release/data/train.jsonl:692
Qwen27 / raw generator training target,bethgelab-part-00055-2115,512299f53a590f7617efc0ba45c8138a32fbdef3353f6afe63bde9ecfa0c3df1,14,0.14826610049539987,0.10332625619249823,4,0,/e/fscratch/reformo/schuhmann1/scientific-distillation-865-20261004/release/data/train.jsonl:693
Qwen27 / validated corrected final (separate view),bethgelab-part-00055-2115,512299f53a590f7617efc0ba45c8138a32fbdef3353f6afe63bde9ecfa0c3df1,18,0.14340712223291627,0.10266281681103626,4,0,/e/fscratch/reformo/schuhmann1/scientific-distillation-865-20261004/release/data/train.jsonl:693
Qwen27 / raw generator training target,bethgelab-part-00055-2138,8825c51daeb4ff532826aafee38ba190fbe0ad40ac74d8c7ead7d34aa0941a91,15,0.09239704329461457,0.073389651531151,4,0,/e/fscratch/reformo/schuhmann1/scientific-distillation-865-20261004/release/data/train.jsonl:694
Qwen27 / validated corrected final (separate view),bethgelab-part-00055-2138,8825c51daeb4ff532826aafee38ba190fbe0ad40ac74d8c7ead7d34aa0941a91,15,0.09460105112279026,0.07453416149068323,4,0,/e/fscratch/reformo/schuhmann1/scientific-distillation-865-20261004/release/data/train.jsonl:694
Qwen27 / raw generator training target,bethgelab-part-00055-2187,90a09746bf9bb21c9078fb9316e91c7d8e41b5a01028449715ff569270005d75,16,0.22160407974038016,0.1854427445526194,4,0,/e/fscratch/reformo/schuhmann1/scientific-distillation-865-20261004/release/data/train.jsonl:695
Qwen27 / validated corrected final (separate view),bethgelab-part-00055-2187,90a09746bf9bb21c9078fb9316e91c7d8e41b5a01028449715ff569270005d75,16,0.22060164083865086,0.18231540565177756,4,0,/e/fscratch/reformo/schuhmann1/scientific-distillation-865-20261004/release/data/train.jsonl:695
Qwen27 / raw generator training target,bethgelab-part-00055-219,50637c463942f797deba4797c3129fd78eba4d7eeeec3c5218d6d82b2db84e42,11,0.14482758620689656,0.118052738336714,5,0,/e/fscratch/reformo/schuhmann1/scientific-distillation-865-20261004/release/data/train.jsonl:696
Qwen27 / validated corrected final (separate view),bethgelab-part-00055-219,50637c463942f797deba4797c3129fd78eba4d7eeeec3c5218d6d82b2db84e42,11,0.1743912018853103,0.14611154752553024,5,0,/e/fscratch/reformo/schuhmann1/scientific-distillation-865-20261004/release/data/train.jsonl:696
Qwen27 / raw generator training target,bethgelab-part-00055-2194,cfe6923cbbcebad38362581c266038dc0a697d9a324861c4fa6a564f98f5fafd,24,0.26474176494509966,0.22041480276535177,6,1,/e/fscratch/reformo/schuhmann1/scientific-distillation-865-20261004/release/data/train.jsonl:697
Qwen27 / validated corrected final (separate view),bethgelab-part-00055-2194,cfe6923cbbcebad38362581c266038dc0a697d9a324861c4fa6a564f98f5fafd,24,0.30904334828101643,0.2593423019431988,5,0,/e/fscratch/reformo/schuhmann1/scientific-distillation-865-20261004/release/data/train.jsonl:697
Qwen27 / raw generator training target,bethgelab-part-00055-2210,d4f3657a456c4781cf5510969133091f48aac796f2c7127b5b8404f3b75ef621,18,0.2919530934088152,0.2312980186008896,4,0,/e/fscratch/reformo/schuhmann1/scientific-distillation-865-20261004/release/data/train.jsonl:698
Qwen27 / validated corrected final (separate view),bethgelab-part-00055-2210,d4f3657a456c4781cf5510969133091f48aac796f2c7127b5b8404f3b75ef621,28,0.2854122621564482,0.22339675828047922,4,0,/e/fscratch/reformo/schuhmann1/scientific-distillation-865-20261004/release/data/train.jsonl:698
Qwen27 / raw generator training target,bethgelab-part-00055-2218,44d89a6a50b799c8f76e3f364be30bda2e28efdffa7cfe7a9b37dfed67a8fd58,19,0.22709338009644892,0.17843051293292417,6,1,/e/fscratch/reformo/schuhmann1/scientific-distillation-865-20261004/release/data/train.jsonl:699
Qwen27 / validated corrected final (separate view),bethgelab-part-00055-2218,44d89a6a50b799c8f76e3f364be30bda2e28efdffa7cfe7a9b37dfed67a8fd58,19,0.2161290322580645,0.17620967741935484,5,0,/e/fscratch/reformo/schuhmann1/scientific-distillation-865-20261004/release/data/train.jsonl:699
Qwen27 / raw generator training target,bethgelab-part-00055-2248,08168cd59524a1d772ad74e1fc3b34ec22e4538e0f647638daade25fb384a626,22,0.20092378752886836,0.17875288683602772,4,0,/e/fscratch/reformo/schuhmann1/scientific-distillation-865-20261004/release/data/train.jsonl:700
Qwen27 / validated corrected final (separate view),bethgelab-part-00055-2248,08168cd59524a1d772ad74e1fc3b34ec22e4538e0f647638daade25fb384a626,22,0.21733212341197822,0.1955535390199637,5,0,/e/fscratch/reformo/schuhmann1/scientific-distillation-865-20261004/release/data/train.jsonl:700
Qwen27 / raw generator training target,bethgelab-part-00055-2290,0f76c94be269b65fe00855a2272f6be5d2364f07629f75eafe56b4645beea2c3,16,0.17060367454068243,0.13867016622922135,5,0,/e/fscratch/reformo/schuhmann1/scientific-distillation-865-20261004/release/data/train.jsonl:701
Qwen27 / validated corrected final (separate view),bethgelab-part-00055-2290,0f76c94be269b65fe00855a2272f6be5d2364f07629f75eafe56b4645beea2c3,16,0.19558359621451105,0.15998197386210006,5,0,/e/fscratch/reformo/schuhmann1/scientific-distillation-865-20261004/release/data/train.jsonl:701
Qwen27 / raw generator training target,bethgelab-part-00055-232,ce71e34735be8c41de940d0cb3795a286bc64fe96a4d915eb99a3359461c64e9,13,0.11932555123216602,0.08430609597924774,5,0,/e/fscratch/reformo/schuhmann1/scientific-distillation-865-20261004/release/data/train.jsonl:702
Qwen27 / validated corrected final (separate view),bethgelab-part-00055-232,ce71e34735be8c41de940d0cb3795a286bc64fe96a4d915eb99a3359461c64e9,13,0.13169897377423034,0.0974914481185861,5,0,/e/fscratch/reformo/schuhmann1/scientific-distillation-865-20261004/release/data/train.jsonl:702
Qwen27 / raw generator training target,bethgelab-part-00055-2378,063f75c14a287aba0d6280bb96b35e5310fe41c32fd1b7444a04dab720d89668,17,0.09531772575250837,0.06020066889632107,5,0,/e/fscratch/reformo/schuhmann1/scientific-distillation-865-20261004/release/data/train.jsonl:703
Qwen27 / validated corrected final (separate view),bethgelab-part-00055-2378,063f75c14a287aba0d6280bb96b35e5310fe41c32fd1b7444a04dab720d89668,17,0.09808709808709809,0.06145706145706146,5,0,/e/fscratch/reformo/schuhmann1/scientific-distillation-865-20261004/release/data/train.jsonl:703
Qwen27 / raw generator training target,bethgelab-part-00055-2396,41d535aef560570e6b30adcc7f58df2294e4915cc39f62507702e859347a1d2e,19,0.20725995316159251,0.1721311475409836,4,0,/e/fscratch/reformo/schuhmann1/scientific-distillation-865-20261004/release/data/train.jsonl:704
Qwen27 / validated corrected final (separate view),bethgelab-part-00055-2396,41d535aef560570e6b30adcc7f58df2294e4915cc39f62507702e859347a1d2e,19,0.19326818675352878,0.16069489685124863,4,0,/e/fscratch/reformo/schuhmann1/scientific-distillation-865-20261004/release/data/train.jsonl:704
Qwen27 / raw generator training target,bethgelab-part-00055-2431,cd9ceb6c54570645384d9158cb8f663c3a34d7209033279671f82dce56bcd4c1,21,0.3096129837702871,0.2737203495630462,4,0,/e/fscratch/reformo/schuhmann1/scientific-distillation-865-20261004/release/data/train.jsonl:705
Qwen27 / validated corrected final (separate view),bethgelab-part-00055-2431,cd9ceb6c54570645384d9158cb8f663c3a34d7209033279671f82dce56bcd4c1,21,0.3155775781975844,0.27996283679157635,4,0,/e/fscratch/reformo/schuhmann1/scientific-distillation-865-20261004/release/data/train.jsonl:705
Qwen27 / raw generator training target,bethgelab-part-00055-2438,05e00220d03fdb6afdb3a527e2de099b90f20e5e9de8770b3905e5a9016f2b75,24,0.2717208990271721,0.22945320362294533,4,0,/e/fscratch/reformo/schuhmann1/scientific-distillation-865-20261004/release/data/train.jsonl:706
Qwen27 / validated corrected final (separate view),bethgelab-part-00055-2438,05e00220d03fdb6afdb3a527e2de099b90f20e5e9de8770b3905e5a9016f2b75,24,0.2670670037926675,0.22155499367888748,4,0,/e/fscratch/reformo/schuhmann1/scientific-distillation-865-20261004/release/data/train.jsonl:706
Qwen27 / raw generator training target,bethgelab-part-00055-2464,8a95da42a87378a441a6b89eca79742c88a06ceecd08b2ea7a548ab2180d7f26,27,0.24151280524121502,0.20041691483025612,5,0,/e/fscratch/reformo/schuhmann1/scientific-distillation-865-20261004/release/data/train.jsonl:707
Qwen27 / validated corrected final (separate view),bethgelab-part-00055-2464,8a95da42a87378a441a6b89eca79742c88a06ceecd08b2ea7a548ab2180d7f26,27,0.24700380005846242,0.20666471791873722,5,0,/e/fscratch/reformo/schuhmann1/scientific-distillation-865-20261004/release/data/train.jsonl:707
Qwen27 / raw generator training target,bethgelab-part-00055-2481,9b112054d2d52325f0db74b05eadfb51fd03fd45c782cab4f42c76f419b018cb,21,0.16985230234578627,0.12814943527367506,5,2,/e/fscratch/reformo/schuhmann1/scientific-distillation-865-20261004/release/data/train.jsonl:708
Qwen27 / validated corrected final (separate view),bethgelab-part-00055-2481,9b112054d2d52325f0db74b05eadfb51fd03fd45c782cab4f42c76f419b018cb,21,0.2011173184357542,0.15513536742587022,5,0,/e/fscratch/reformo/schuhmann1/scientific-distillation-865-20261004/release/data/train.jsonl:708
Qwen27 / raw generator training target,bethgelab-part-00055-2518,bc66709f24d588661841fbf2e11975044761941c5800de9affbaa2bfd77503c0,14,0.12095032397408208,0.08963282937365011,6,3,/e/fscratch/reformo/schuhmann1/scientific-distillation-865-20261004/release/data/train.jsonl:709
Qwen27 / validated corrected final (separate view),bethgelab-part-00055-2518,bc66709f24d588661841fbf2e11975044761941c5800de9affbaa2bfd77503c0,14,0.12089077412513255,0.088016967126193,5,0,/e/fscratch/reformo/schuhmann1/scientific-distillation-865-20261004/release/data/train.jsonl:709
Qwen27 / raw generator training target,bethgelab-part-00055-2526,89f23e334821949cac38a31abbd35c2b8f43cf2e9434b5d274c291949deedf7a,17,0.19348939283101682,0.1320409656181419,5,0,/e/fscratch/reformo/schuhmann1/scientific-distillation-865-20261004/release/data/train.jsonl:710
Qwen27 / validated corrected final (separate view),bethgelab-part-00055-2526,89f23e334821949cac38a31abbd35c2b8f43cf2e9434b5d274c291949deedf7a,17,0.19285453882610282,0.13160772876412688,5,0,/e/fscratch/reformo/schuhmann1/scientific-distillation-865-20261004/release/data/train.jsonl:710
Qwen27 / raw generator training target,bethgelab-part-00055-2528,c4182212301b1cc5066c1dc3eccf365986b912ed7191a14dc7a82b460081428b,16,0.19640894100403078,0.1524367900329791,4,0,/e/fscratch/reformo/schuhmann1/scientific-distillation-865-20261004/release/data/train.jsonl:711
Qwen27 / validated corrected final (separate view),bethgelab-part-00055-2528,c4182212301b1cc5066c1dc3eccf365986b912ed7191a14dc7a82b460081428b,16,0.19558247239045243,0.15069469184182402,4,0,/e/fscratch/reformo/schuhmann1/scientific-distillation-865-20261004/release/data/train.jsonl:711
Qwen27 / raw generator training target,bethgelab-part-00055-2574,53f0cd07b2c546ddc5630004ed061fddeb9d4b37e3366544e9602ba2f16ab9be,14,0.2529182879377432,0.17769130998702984,5,0,/e/fscratch/reformo/schuhmann1/scientific-distillation-865-20261004/release/data/train.jsonl:712
Qwen27 / validated corrected final (separate view),bethgelab-part-00055-2574,53f0cd07b2c546ddc5630004ed061fddeb9d4b37e3366544e9602ba2f16ab9be,14,0.2588284171167428,0.1865392604902368,5,0,/e/fscratch/reformo/schuhmann1/scientific-distillation-865-20261004/release/data/train.jsonl:712
Qwen27 / raw generator training target,bethgelab-part-00055-2593,36b431da81a4ddf705dc0caa99c197c19ec8bbb71f6162096beb93112ae19451,17,0.13987372510927634,0.10781932977173385,5,0,/e/fscratch/reformo/schuhmann1/scientific-distillation-865-20261004/release/data/train.jsonl:713
Qwen27 / validated corrected final (separate view),bethgelab-part-00055-2593,36b431da81a4ddf705dc0caa99c197c19ec8bbb71f6162096beb93112ae19451,21,0.153125,0.12366071428571429,5,0,/e/fscratch/reformo/schuhmann1/scientific-distillation-865-20261004/release/data/train.jsonl:713
Qwen27 / raw generator training target,bethgelab-part-00055-2603,92298cb17a6d43788039531abb530f02509602e64cbecee18fda37850dd7e576,24,0.19492656875834447,0.15220293724966621,4,0,/e/fscratch/reformo/schuhmann1/scientific-distillation-865-20261004/release/data/train.jsonl:714
Qwen27 / validated corrected final (separate view),bethgelab-part-00055-2603,92298cb17a6d43788039531abb530f02509602e64cbecee18fda37850dd7e576,24,0.19456272518833934,0.15263675073698002,4,0,/e/fscratch/reformo/schuhmann1/scientific-distillation-865-20261004/release/data/train.jsonl:714
Qwen27 / raw generator training target,bethgelab-part-00055-2612,0ea5bb5d6f3e9b782c4dd73fbac51fabffc8edb1d25bf8e22f2ebd84b06bc664,20,0.3840553330906443,0.3298143429195486,4,0,/e/fscratch/reformo/schuhmann1/scientific-distillation-865-20261004/release/data/train.jsonl:715
Qwen27 / validated corrected final (separate view),bethgelab-part-00055-2612,0ea5bb5d6f3e9b782c4dd73fbac51fabffc8edb1d25bf8e22f2ebd84b06bc664,20,0.37900976290097627,0.3186889818688982,4,0,/e/fscratch/reformo/schuhmann1/scientific-distillation-865-20261004/release/data/train.jsonl:715
Qwen27 / raw generator training target,bethgelab-part-00055-2638,0da0fa333ef412ddd56b5f605d79689022def442d7f9d7ed18a827e4f1f9f324,17,0.2600262984878369,0.2126890203813281,5,0,/e/fscratch/reformo/schuhmann1/scientific-distillation-865-20261004/release/data/train.jsonl:716
Qwen27 / validated corrected final (separate view),bethgelab-part-00055-2638,0da0fa333ef412ddd56b5f605d79689022def442d7f9d7ed18a827e4f1f9f324,17,0.2435074854873205,0.19951115184845708,5,0,/e/fscratch/reformo/schuhmann1/scientific-distillation-865-20261004/release/data/train.jsonl:716
Qwen27 / raw generator training target,bethgelab-part-00055-2661,70b69eee5bf0e0bae51c33246114059a65f5e5a1ed67f41b92e0699e97962716,34,0.4081058260624824,0.3549113425274416,5,0,/e/fscratch/reformo/schuhmann1/scientific-distillation-865-20261004/release/data/train.jsonl:717
Qwen27 / validated corrected final (separate view),bethgelab-part-00055-2661,70b69eee5bf0e0bae51c33246114059a65f5e5a1ed67f41b92e0699e97962716,34,0.40746981185060377,0.35439483291210333,5,0,/e/fscratch/reformo/schuhmann1/scientific-distillation-865-20261004/release/data/train.jsonl:717
Qwen27 / raw generator training target,bethgelab-part-00055-274,62d660f3f3db96eab173f061b246f807350da9b2e7890e3e425a7dc442a7b968,26,0.6229830775285321,0.5690672963400236,4,0,/e/fscratch/reformo/schuhmann1/scientific-distillation-865-20261004/release/data/train.jsonl:718
Qwen27 / validated corrected final (separate view),bethgelab-part-00055-274,62d660f3f3db96eab173f061b246f807350da9b2e7890e3e425a7dc442a7b968,26,0.6265847099500577,0.5762581636573185,4,0,/e/fscratch/reformo/schuhmann1/scientific-distillation-865-20261004/release/data/train.jsonl:718
Qwen27 / raw generator training target,bethgelab-part-00055-2742,1f9f06f471b250c3b8bf9c13ea576e81149f1dafa7e9b77ad10f726e72b45e02,29,0.3892564170415454,0.34876951574490606,5,0,/e/fscratch/reformo/schuhmann1/scientific-distillation-865-20261004/release/data/train.jsonl:719
Qwen27 / validated corrected final (separate view),bethgelab-part-00055-2742,1f9f06f471b250c3b8bf9c13ea576e81149f1dafa7e9b77ad10f726e72b45e02,29,0.3958063681076883,0.3546466476831478,5,0,/e/fscratch/reformo/schuhmann1/scientific-distillation-865-20261004/release/data/train.jsonl:719
Qwen27 / raw generator training target,bethgelab-part-00055-2745,630d2e917226bbaea5a2b3b0bd24460feb024645f638dfb3db728f24253e3575,34,0.2746710526315789,0.21518640350877194,4,0,/e/fscratch/reformo/schuhmann1/scientific-distillation-865-20261004/release/data/train.jsonl:720
Qwen27 / validated corrected final (separate view),bethgelab-part-00055-2745,630d2e917226bbaea5a2b3b0bd24460feb024645f638dfb3db728f24253e3575,34,0.3109578137436986,0.2517909259750597,4,0,/e/fscratch/reformo/schuhmann1/scientific-distillation-865-20261004/release/data/train.jsonl:720
Qwen27 / raw generator training target,bethgelab-part-00055-276,884a8595d30e5095d7966294e4e77da737d2362429c81349f686c924b2b0eea2,16,0.20142905750255188,0.17284790745151413,7,1,/e/fscratch/reformo/schuhmann1/scientific-distillation-865-20261004/release/data/train.jsonl:721
Qwen27 / validated corrected final (separate view),bethgelab-part-00055-276,884a8595d30e5095d7966294e4e77da737d2362429c81349f686c924b2b0eea2,16,0.1913713405238829,0.1617873651771957,5,0,/e/fscratch/reformo/schuhmann1/scientific-distillation-865-20261004/release/data/train.jsonl:721
Qwen27 / raw generator training target,bethgelab-part-00055-2772,b6e7a3579989ce30345270b3b78641eade5180e32c8ba83f595e52f2acff24f4,26,0.19938650306748465,0.15030674846625766,5,0,/e/fscratch/reformo/schuhmann1/scientific-distillation-865-20261004/release/data/train.jsonl:722
Qwen27 / validated corrected final (separate view),bethgelab-part-00055-2772,b6e7a3579989ce30345270b3b78641eade5180e32c8ba83f595e52f2acff24f4,26,0.20938748335552596,0.15945406125166445,5,0,/e/fscratch/reformo/schuhmann1/scientific-distillation-865-20261004/release/data/train.jsonl:722
Qwen27 / raw generator training target,bethgelab-part-00055-282,1c2c029e6b9a882c693fbc6c4ed7d25edf873bae1e86bb89477cec0afbf1e025,21,0.16033057851239668,0.13801652892561983,5,0,/e/fscratch/reformo/schuhmann1/scientific-distillation-865-20261004/release/data/train.jsonl:723
Qwen27 / validated corrected final (separate view),bethgelab-part-00055-282,1c2c029e6b9a882c693fbc6c4ed7d25edf873bae1e86bb89477cec0afbf1e025,21,0.16139767054908485,0.1389351081530782,5,0,/e/fscratch/reformo/schuhmann1/scientific-distillation-865-20261004/release/data/train.jsonl:723
Qwen27 / raw generator training target,bethgelab-part-00055-2835,9c93e17dd82a9b3c3da572dbb764ca5894cadeca9da04090f49cfcb3027ebe42,23,0.3096013018714402,0.2754271765663141,5,0,/e/fscratch/reformo/schuhmann1/scientific-distillation-865-20261004/release/data/train.jsonl:724
Qwen27 / validated corrected final (separate view),bethgelab-part-00055-2835,9c93e17dd82a9b3c3da572dbb764ca5894cadeca9da04090f49cfcb3027ebe42,23,0.3264577548591829,0.2907576358587862,5,0,/e/fscratch/reformo/schuhmann1/scientific-distillation-865-20261004/release/data/train.jsonl:724
Qwen27 / raw generator training target,bethgelab-part-00055-2841,92e7167521407fd25956db1c10d18e5674288471e833b1ee39e8e40ef48488a1,10,0.06252894858730894,0.047244094488188976,5,1,/e/fscratch/reformo/schuhmann1/scientific-distillation-865-20261004/release/data/train.jsonl:725
Qwen27 / validated corrected final (separate view),bethgelab-part-00055-2841,92e7167521407fd25956db1c10d18e5674288471e833b1ee39e8e40ef48488a1,10,0.060775862068965514,0.04396551724137931,5,0,/e/fscratch/reformo/schuhmann1/scientific-distillation-865-20261004/release/data/train.jsonl:725
Qwen27 / raw generator training target,bethgelab-part-00055-2847,de609de5f52111bd90a60ddad44db409092009bd10924990500b6331b549378f,26,0.40970266040688574,0.37402190923317685,5,0,/e/fscratch/reformo/schuhmann1/scientific-distillation-865-20261004/release/data/train.jsonl:726
Qwen27 / validated corrected final (separate view),bethgelab-part-00055-2847,de609de5f52111bd90a60ddad44db409092009bd10924990500b6331b549378f,33,0.4012503552145496,0.3654447286160841,5,0,/e/fscratch/reformo/schuhmann1/scientific-distillation-865-20261004/release/data/train.jsonl:726
Qwen27 / raw generator training target,bethgelab-part-00055-2898,9434a54486c4b4d57309ec4a564fe7610261ffe15c740c403897b92b500d9951,22,0.30066170388751035,0.23531844499586435,4,0,/e/fscratch/reformo/schuhmann1/scientific-distillation-865-20261004/release/data/train.jsonl:727
Qwen27 / validated corrected final (separate view),bethgelab-part-00055-2898,9434a54486c4b4d57309ec4a564fe7610261ffe15c740c403897b92b500d9951,22,0.30362230362230364,0.23931623931623933,4,0,/e/fscratch/reformo/schuhmann1/scientific-distillation-865-20261004/release/data/train.jsonl:727
Qwen27 / raw generator training target,bethgelab-part-00055-2925,07d82fc662c67a25b3d630cc1632e8c81d61890b50f83b2d24adc063ff527e2d,20,0.24868282402528977,0.20266947664207938,4,0,/e/fscratch/reformo/schuhmann1/scientific-distillation-865-20261004/release/data/train.jsonl:728
Qwen27 / validated corrected final (separate view),bethgelab-part-00055-2925,07d82fc662c67a25b3d630cc1632e8c81d61890b50f83b2d24adc063ff527e2d,20,0.2521311475409836,0.20295081967213116,5,0,/e/fscratch/reformo/schuhmann1/scientific-distillation-865-20261004/release/data/train.jsonl:728
Qwen27 / raw generator training target,bethgelab-part-00055-2936,e9285adfa1b52fd8034fef02fe4d94012b428ddf1a6e9fde384dd943321b42a2,20,0.2571540572324579,0.23363386907095257,4,0,/e/fscratch/reformo/schuhmann1/scientific-distillation-865-20261004/release/data/train.jsonl:729
Qwen27 / validated corrected final (separate view),bethgelab-part-00055-2936,e9285adfa1b52fd8034fef02fe4d94012b428ddf1a6e9fde384dd943321b42a2,20,0.2448087431693989,0.22076502732240438,4,0,/e/fscratch/reformo/schuhmann1/scientific-distillation-865-20261004/release/data/train.jsonl:729
Qwen27 / raw generator training target,bethgelab-part-00055-2958,a0d41ecd63d832cf48354ddd9f914d3f1cfdaaaf4052690b118677eb5b7b8b65,21,0.2454608938547486,0.19937150837988826,4,0,/e/fscratch/reformo/schuhmann1/scientific-distillation-865-20261004/release/data/train.jsonl:730
Qwen27 / validated corrected final (separate view),bethgelab-part-00055-2958,a0d41ecd63d832cf48354ddd9f914d3f1cfdaaaf4052690b118677eb5b7b8b65,21,0.25274725274725274,0.20741758241758243,4,0,/e/fscratch/reformo/schuhmann1/scientific-distillation-865-20261004/release/data/train.jsonl:730
Qwen27 / raw generator training target,bethgelab-part-00055-2995,5a0977ec7a982ceb4a9c3d0f0ec9cc9aedf6617f670fea73ebf8afdc2229955b,9,0.02553626149131767,0.01634320735444331,6,3,/e/fscratch/reformo/schuhmann1/scientific-distillation-865-20261004/release/data/train.jsonl:731
Qwen27 / validated corrected final (separate view),bethgelab-part-00055-2995,5a0977ec7a982ceb4a9c3d0f0ec9cc9aedf6617f670fea73ebf8afdc2229955b,12,0.03395669291338583,0.025098425196850394,5,0,/e/fscratch/reformo/schuhmann1/scientific-distillation-865-20261004/release/data/train.jsonl:731
Qwen27 / raw generator training target,bethgelab-part-00055-30,a34a17e346bdd933139f3e2a66f1f7698a48aae8bfcd322d74c9862603cc0827,24,0.24038063715349606,0.18783616052958213,5,0,/e/fscratch/reformo/schuhmann1/scientific-distillation-865-20261004/release/data/train.jsonl:732
Qwen27 / validated corrected final (separate view),bethgelab-part-00055-30,a34a17e346bdd933139f3e2a66f1f7698a48aae8bfcd322d74c9862603cc0827,24,0.2382305194805195,0.18425324675324675,5,0,/e/fscratch/reformo/schuhmann1/scientific-distillation-865-20261004/release/data/train.jsonl:732
Qwen27 / raw generator training target,bethgelab-part-00055-307,fc5a5eee9690aea65529848df538645430da0c9b911387771207a9c6f7ed6bb8,16,0.13753026634382567,0.1171912832929782,4,0,/e/fscratch/reformo/schuhmann1/scientific-distillation-865-20261004/release/data/train.jsonl:733
Qwen27 / validated corrected final (separate view),bethgelab-part-00055-307,fc5a5eee9690aea65529848df538645430da0c9b911387771207a9c6f7ed6bb8,16,0.13640389725420726,0.11514614703277236,4,0,/e/fscratch/reformo/schuhmann1/scientific-distillation-865-20261004/release/data/train.jsonl:733
Qwen27 / raw generator training target,bethgelab-part-00055-3115,94c45ed9e8e9d434c6b116da6010c3ccf41cc7676d9b386eaa08bd0a6ffb5aa1,22,0.32452966714905934,0.2532561505065123,6,1,/e/fscratch/reformo/schuhmann1/scientific-distillation-865-20261004/release/data/train.jsonl:734
Qwen27 / validated corrected final (separate view),bethgelab-part-00055-3115,94c45ed9e8e9d434c6b116da6010c3ccf41cc7676d9b386eaa08bd0a6ffb5aa1,22,0.32452966714905934,0.2532561505065123,5,0,/e/fscratch/reformo/schuhmann1/scientific-distillation-865-20261004/release/data/train.jsonl:734
Qwen27 / raw generator training target,bethgelab-part-00055-3123,2db225d0b436491a895856019d0d115e5088b50472706b0c9a5fb8a0950f95ce,22,0.30985306828003456,0.283923941227312,4,0,/e/fscratch/reformo/schuhmann1/scientific-distillation-865-20261004/release/data/train.jsonl:735
Qwen27 / validated corrected final (separate view),bethgelab-part-00055-3123,2db225d0b436491a895856019d0d115e5088b50472706b0c9a5fb8a0950f95ce,22,0.32256637168141594,0.2960176991150443,4,0,/e/fscratch/reformo/schuhmann1/scientific-distillation-865-20261004/release/data/train.jsonl:735
Qwen27 / raw generator training target,bethgelab-part-00055-3138,21cac6d7cc85ef892694d6a5925459374585b4431886cd6fc1d90900293907cc,19,0.2423417290673928,0.185500340367597,5,0,/e/fscratch/reformo/schuhmann1/scientific-distillation-865-20261004/release/data/train.jsonl:736
Qwen27 / validated corrected final (separate view),bethgelab-part-00055-3138,21cac6d7cc85ef892694d6a5925459374585b4431886cd6fc1d90900293907cc,19,0.2412741443578448,0.1846831582514402,5,0,/e/fscratch/reformo/schuhmann1/scientific-distillation-865-20261004/release/data/train.jsonl:736
Qwen27 / raw generator training target,bethgelab-part-00055-3146,6be80fa940ae99ede33af4b546ab39f06fea4d1a3245b2f13645c75bafbb003f,20,0.2806673209028459,0.22080471050049066,5,0,/e/fscratch/reformo/schuhmann1/scientific-distillation-865-20261004/release/data/train.jsonl:737
Qwen27 / validated corrected final (separate view),bethgelab-part-00055-3146,6be80fa940ae99ede33af4b546ab39f06fea4d1a3245b2f13645c75bafbb003f,20,0.28254486133768353,0.22283849918433932,5,0,/e/fscratch/reformo/schuhmann1/scientific-distillation-865-20261004/release/data/train.jsonl:737
Qwen27 / raw generator training target,bethgelab-part-00055-315,ff6c59dcbeae1d74635e485f4c4b1ce5e0c98b1f75da6ed659527752a4f9ad2e,11,0.08942766295707472,0.06717011128775835,5,0,/e/fscratch/reformo/schuhmann1/scientific-distillation-865-20261004/release/data/train.jsonl:738
Qwen27 / validated corrected final (separate view),bethgelab-part-00055-315,ff6c59dcbeae1d74635e485f4c4b1ce5e0c98b1f75da6ed659527752a4f9ad2e,11,0.08841010401188708,0.06537890044576523,5,0,/e/fscratch/reformo/schuhmann1/scientific-distillation-865-20261004/release/data/train.jsonl:738
Qwen27 / raw generator training target,bethgelab-part-00055-3154,a0d1f4afc98fe69d892b46140f69655f84643c685a6653ccecbf682219b84b0d,14,0.12993630573248408,0.10445859872611465,5,1,/e/fscratch/reformo/schuhmann1/scientific-distillation-865-20261004/release/data/train.jsonl:739
Qwen27 / validated corrected final (separate view),bethgelab-part-00055-3154,a0d1f4afc98fe69d892b46140f69655f84643c685a6653ccecbf682219b84b0d,14,0.1328125,0.1078125,5,0,/e/fscratch/reformo/schuhmann1/scientific-distillation-865-20261004/release/data/train.jsonl:739
Qwen27 / raw generator training target,bethgelab-part-00055-3161,a7a41c6b4c0756b255ba42537fe53c2dd86ffc430d0b07d48056476a87529f53,20,0.26410348544735895,0.23212360761767875,5,0,/e/fscratch/reformo/schuhmann1/scientific-distillation-865-20261004/release/data/train.jsonl:740
Qwen27 / validated corrected final (separate view),bethgelab-part-00055-3161,a7a41c6b4c0756b255ba42537fe53c2dd86ffc430d0b07d48056476a87529f53,20,0.265900107797341,0.2339202299676608,5,0,/e/fscratch/reformo/schuhmann1/scientific-distillation-865-20261004/release/data/train.jsonl:740
Qwen27 / raw generator training target,bethgelab-part-00055-3187,e4e38b9bb66d9b552e32bb0bdbeac31d17f8fd09c8fb2b93fb8da8c78fda075e,22,0.2430992736077482,0.2198547215496368,5,0,/e/fscratch/reformo/schuhmann1/scientific-distillation-865-20261004/release/data/train.jsonl:741
Qwen27 / validated corrected final (separate view),bethgelab-part-00055-3187,e4e38b9bb66d9b552e32bb0bdbeac31d17f8fd09c8fb2b93fb8da8c78fda075e,22,0.2410323709536308,0.2121609798775153,5,0,/e/fscratch/reformo/schuhmann1/scientific-distillation-865-20261004/release/data/train.jsonl:741
Qwen27 / raw generator training target,bethgelab-part-00055-3200,fa4f94988dea6fb488e2a983947eebf521264a00790ae277d4bc8d37e4aa077f,26,0.2361290322580645,0.1993548387096774,4,0,/e/fscratch/reformo/schuhmann1/scientific-distillation-865-20261004/release/data/train.jsonl:742
Qwen27 / validated corrected final (separate view),bethgelab-part-00055-3200,fa4f94988dea6fb488e2a983947eebf521264a00790ae277d4bc8d37e4aa077f,26,0.2545915136162128,0.22229259024699177,4,0,/e/fscratch/reformo/schuhmann1/scientific-distillation-865-20261004/release/data/train.jsonl:742
Qwen27 / raw generator training target,bethgelab-part-00055-3205,568c4af00c82e8148af3c83f329ce6fc0dbb490c016279c803431132bb491c0f,21,0.3375,0.28194444444444444,5,0,/e/fscratch/reformo/schuhmann1/scientific-distillation-865-20261004/release/data/train.jsonl:743
Qwen27 / validated corrected final (separate view),bethgelab-part-00055-3205,568c4af00c82e8148af3c83f329ce6fc0dbb490c016279c803431132bb491c0f,21,0.3437932625749885,0.2884171665897554,5,0,/e/fscratch/reformo/schuhmann1/scientific-distillation-865-20261004/release/data/train.jsonl:743
Qwen27 / raw generator training target,bethgelab-part-00055-3238,4f9a3ede2add3fd024682aa8198738fdbb2f11ae4f45ecc082b8a6c26c4af03a,30,0.3772979282170995,0.3416982783775897,5,0,/e/fscratch/reformo/schuhmann1/scientific-distillation-865-20261004/release/data/train.jsonl:744
Qwen27 / validated corrected final (separate view),bethgelab-part-00055-3238,4f9a3ede2add3fd024682aa8198738fdbb2f11ae4f45ecc082b8a6c26c4af03a,30,0.385014409221902,0.3498559077809798,5,0,/e/fscratch/reformo/schuhmann1/scientific-distillation-865-20261004/release/data/train.jsonl:744
Qwen27 / raw generator training target,bethgelab-part-00055-3285,69567d0d2a06c67f3175b58a43aff9aa8bc9fa84899c295a1ae75322bde45df3,22,0.41965811965811967,0.3735042735042735,5,0,/e/fscratch/reformo/schuhmann1/scientific-distillation-865-20261004/release/data/train.jsonl:745
Qwen27 / validated corrected final (separate view),bethgelab-part-00055-3285,69567d0d2a06c67f3175b58a43aff9aa8bc9fa84899c295a1ae75322bde45df3,22,0.4248747913188648,0.3814691151919866,5,0,/e/fscratch/reformo/schuhmann1/scientific-distillation-865-20261004/release/data/train.jsonl:745
Qwen27 / raw generator training target,bethgelab-part-00055-329,4376660042f9539501450e0df2c8e5e5f0a0c518bf97f2903799894887eb274f,24,0.19681456200227532,0.1353811149032992,5,0,/e/fscratch/reformo/schuhmann1/scientific-distillation-865-20261004/release/data/train.jsonl:746
Qwen27 / validated corrected final (separate view),bethgelab-part-00055-329,4376660042f9539501450e0df2c8e5e5f0a0c518bf97f2903799894887eb274f,24,0.19896257873286402,0.1389403482771397,5,0,/e/fscratch/reformo/schuhmann1/scientific-distillation-865-20261004/release/data/train.jsonl:746
Qwen27 / raw generator training target,bethgelab-part-00055-330,e5843625dbcf478588144b6cc334db3afc6541685274ed96dd7aa6018384fbe3,19,0.17647058823529413,0.13368983957219252,5,0,/e/fscratch/reformo/schuhmann1/scientific-distillation-865-20261004/release/data/train.jsonl:747
Qwen27 / validated corrected final (separate view),bethgelab-part-00055-330,e5843625dbcf478588144b6cc334db3afc6541685274ed96dd7aa6018384fbe3,19,0.18735594336516298,0.1399407309845242,5,0,/e/fscratch/reformo/schuhmann1/scientific-distillation-865-20261004/release/data/train.jsonl:747
Qwen27 / raw generator training target,bethgelab-part-00055-3315,640bbab29126f2de5423cb82ed31740b64b5f39034d0a03245d9f640fd59e5a8,14,0.07941403238242097,0.05397070161912105,5,0,/e/fscratch/reformo/schuhmann1/scientific-distillation-865-20261004/release/data/train.jsonl:748
Qwen27 / validated corrected final (separate view),bethgelab-part-00055-3315,640bbab29126f2de5423cb82ed31740b64b5f39034d0a03245d9f640fd59e5a8,14,0.0874074074074074,0.056296296296296296,5,0,/e/fscratch/reformo/schuhmann1/scientific-distillation-865-20261004/release/data/train.jsonl:748
Qwen27 / raw generator training target,bethgelab-part-00055-3318,c71d2a6e0714aa8e60e8a612c3dea6558b1552f028a1a4cdfdb721e64b409357,22,0.3092033466715169,0.25900327391778827,5,0,/e/fscratch/reformo/schuhmann1/scientific-distillation-865-20261004/release/data/train.jsonl:749
Qwen27 / validated corrected final (separate view),bethgelab-part-00055-3318,c71d2a6e0714aa8e60e8a612c3dea6558b1552f028a1a4cdfdb721e64b409357,22,0.32342277012327775,0.2697606961566352,5,0,/e/fscratch/reformo/schuhmann1/scientific-distillation-865-20261004/release/data/train.jsonl:749
Qwen27 / raw generator training target,bethgelab-part-00055-3323,15cac5921b1541e0f46b8a7647207ee90f9e22b8d2a521bfa2533fdd8cbfcd1b,19,0.20425747592498733,0.16472377090724785,4,0,/e/fscratch/reformo/schuhmann1/scientific-distillation-865-20261004/release/data/train.jsonl:750
Qwen27 / validated corrected final (separate view),bethgelab-part-00055-3323,15cac5921b1541e0f46b8a7647207ee90f9e22b8d2a521bfa2533fdd8cbfcd1b,19,0.19812646370023418,0.16159250585480095,4,0,/e/fscratch/reformo/schuhmann1/scientific-distillation-865-20261004/release/data/train.jsonl:750
Qwen27 / raw generator training target,bethgelab-part-00055-3325,7a725771d550a9e47e3e0124df023d471a2cc2eb06c3518c62fbfef2935037c8,26,0.3791451731761238,0.3253500368459838,5,0,/e/fscratch/reformo/schuhmann1/scientific-distillation-865-20261004/release/data/train.jsonl:751
Qwen27 / validated corrected final (separate view),bethgelab-part-00055-3325,7a725771d550a9e47e3e0124df023d471a2cc2eb06c3518c62fbfef2935037c8,26,0.3836824696802646,0.3300257258360897,5,0,/e/fscratch/reformo/schuhmann1/scientific-distillation-865-20261004/release/data/train.jsonl:751
Qwen27 / raw generator training target,bethgelab-part-00055-3348,ecf764c7eb42e7b312da55372a0f6d9cdd14277f1908ab9a61844cbc7201e3b8,14,0.15013169446883232,0.10272168568920105,5,0,/e/fscratch/reformo/schuhmann1/scientific-distillation-865-20261004/release/data/train.jsonl:752
Qwen27 / validated corrected final (separate view),bethgelab-part-00055-3348,ecf764c7eb42e7b312da55372a0f6d9cdd14277f1908ab9a61844cbc7201e3b8,20,0.18703919285991463,0.14512999611951882,5,0,/e/fscratch/reformo/schuhmann1/scientific-distillation-865-20261004/release/data/train.jsonl:752
Qwen27 / raw generator training target,bethgelab-part-00055-3349,6fcc8d63f4167dbf5e1f060b9d5ecb0226040ebbf1b2ff507589134f8b9b65d7,26,0.3390234219928543,0.29575228265184594,5,0,/e/fscratch/reformo/schuhmann1/scientific-distillation-865-20261004/release/data/train.jsonl:753
Qwen27 / validated corrected final (separate view),bethgelab-part-00055-3349,6fcc8d63f4167dbf5e1f060b9d5ecb0226040ebbf1b2ff507589134f8b9b65d7,26,0.3257292445774121,0.2849663425579656,5,0,/e/fscratch/reformo/schuhmann1/scientific-distillation-865-20261004/release/data/train.jsonl:753
Qwen27 / raw generator training target,bethgelab-part-00055-3377,31afffdb4746804044ce4f2f1b19af0531052ae32c69199043dc4d0c0cddd2aa,18,0.21540528437080161,0.16972682489923868,4,0,/e/fscratch/reformo/schuhmann1/scientific-distillation-865-20261004/release/data/train.jsonl:754
Qwen27 / validated corrected final (separate view),bethgelab-part-00055-3377,31afffdb4746804044ce4f2f1b19af0531052ae32c69199043dc4d0c0cddd2aa,22,0.24645161290322581,0.2,5,0,/e/fscratch/reformo/schuhmann1/scientific-distillation-865-20261004/release/data/train.jsonl:754
Qwen27 / raw generator training target,bethgelab-part-00055-3384,e65b8be0964f8018caa71f587085c281453b729908d56a609b14fcd33a417508,24,0.44903940084662974,0.40605665906870725,4,0,/e/fscratch/reformo/schuhmann1/scientific-distillation-865-20261004/release/data/train.jsonl:755
Qwen27 / validated corrected final (separate view),bethgelab-part-00055-3384,e65b8be0964f8018caa71f587085c281453b729908d56a609b14fcd33a417508,24,0.4251280506176559,0.38354926182585114,4,0,/e/fscratch/reformo/schuhmann1/scientific-distillation-865-20261004/release/data/train.jsonl:755
Qwen27 / raw generator training target,bethgelab-part-00055-3399,81b74a81526078bfa25b6bcf68eb8cccc892c75e0f0e33ee2c694ceb5e447d39,17,0.1429079274795592,0.09740490579452542,4,0,/e/fscratch/reformo/schuhmann1/scientific-distillation-865-20261004/release/data/train.jsonl:756
Qwen27 / validated corrected final (separate view),bethgelab-part-00055-3399,81b74a81526078bfa25b6bcf68eb8cccc892c75e0f0e33ee2c694ceb5e447d39,17,0.15047879616963064,0.10054719562243503,5,0,/e/fscratch/reformo/schuhmann1/scientific-distillation-865-20261004/release/data/train.jsonl:756
Qwen27 / raw generator training target,bethgelab-part-00055-3406,733bb9fd895855c84ff5480326ca4528bb974ec11dc0b1cb001bee433aad621d,25,0.3248526217809494,0.27769159168476576,6,1,/e/fscratch/reformo/schuhmann1/scientific-distillation-865-20261004/release/data/train.jsonl:757
Qwen27 / validated corrected final (separate view),bethgelab-part-00055-3406,733bb9fd895855c84ff5480326ca4528bb974ec11dc0b1cb001bee433aad621d,25,0.3346589171000306,0.288161517283573,5,0,/e/fscratch/reformo/schuhmann1/scientific-distillation-865-20261004/release/data/train.jsonl:757
Qwen27 / raw generator training target,bethgelab-part-00055-3417,e74152e7767184b702c4fc9daaeca18da7ed70c1ff6e5f8ea5d2cea48d2e9f25,20,0.36968928344958785,0.2828154724159797,5,0,/e/fscratch/reformo/schuhmann1/scientific-distillation-865-20261004/release/data/train.jsonl:758
Qwen27 / validated corrected final (separate view),bethgelab-part-00055-3417,e74152e7767184b702c4fc9daaeca18da7ed70c1ff6e5f8ea5d2cea48d2e9f25,20,0.39580686149936467,0.30495552731893266,5,0,/e/fscratch/reformo/schuhmann1/scientific-distillation-865-20261004/release/data/train.jsonl:758
Qwen27 / raw generator training target,bethgelab-part-00055-3542,e870b20f97a8a46c03633a7b3a2168c74e02cb2f84b2a23b2556d82961b0416a,13,0.1706448165301033,0.1261132882080513,5,0,/e/fscratch/reformo/schuhmann1/scientific-distillation-865-20261004/release/data/train.jsonl:759
Qwen27 / validated corrected final (separate view),bethgelab-part-00055-3542,e870b20f97a8a46c03633a7b3a2168c74e02cb2f84b2a23b2556d82961b0416a,25,0.17992358457797847,0.13650573115665163,5,0,/e/fscratch/reformo/schuhmann1/scientific-distillation-865-20261004/release/data/train.jsonl:759
Qwen27 / raw generator training target,bethgelab-part-00055-3567,84b64fbe80ffd505c51d2a0b6a054276e46ea78e9f5589aba6cb02631ef9c453,23,0.3670360110803324,0.31024930747922436,4,0,/e/fscratch/reformo/schuhmann1/scientific-distillation-865-20261004/release/data/train.jsonl:760
Qwen27 / validated corrected final (separate view),bethgelab-part-00055-3567,84b64fbe80ffd505c51d2a0b6a054276e46ea78e9f5589aba6cb02631ef9c453,23,0.3822060826146164,0.3209260099863822,4,0,/e/fscratch/reformo/schuhmann1/scientific-distillation-865-20261004/release/data/train.jsonl:760
Qwen27 / raw generator training target,bethgelab-part-00055-3577,7317cfd37e5fa25cb3dac49e29e623d70d81c4991cebac416e4810ac354e4948,20,0.4143054595715273,0.3427781617138908,4,0,/e/fscratch/reformo/schuhmann1/scientific-distillation-865-20261004/release/data/train.jsonl:761
Qwen27 / validated corrected final (separate view),bethgelab-part-00055-3577,7317cfd37e5fa25cb3dac49e29e623d70d81c4991cebac416e4810ac354e4948,40,0.4325652841781874,0.3576036866359447,4,0,/e/fscratch/reformo/schuhmann1/scientific-distillation-865-20261004/release/data/train.jsonl:761
Qwen27 / raw generator training target,bethgelab-part-00055-3586,f28fb8837ac65dace6f0edb73fe563ce1ae0a7c81c888997599cc7e4368bf89f,27,0.3760217983651226,0.3371934604904632,4,0,/e/fscratch/reformo/schuhmann1/scientific-distillation-865-20261004/release/data/train.jsonl:762
Qwen27 / validated corrected final (separate view),bethgelab-part-00055-3586,f28fb8837ac65dace6f0edb73fe563ce1ae0a7c81c888997599cc7e4368bf89f,27,0.3983416252072968,0.35456053067993365,4,0,/e/fscratch/reformo/schuhmann1/scientific-distillation-865-20261004/release/data/train.jsonl:762
Qwen27 / raw generator training target,bethgelab-part-00055-36,d3a36826b8a0f944668c9d9de191d0859dc08814d3b9b2e534ebc28a863767a9,15,0.16526986255447537,0.1290646999664767,4,0,/e/fscratch/reformo/schuhmann1/scientific-distillation-865-20261004/release/data/train.jsonl:763
Qwen27 / validated corrected final (separate view),bethgelab-part-00055-36,d3a36826b8a0f944668c9d9de191d0859dc08814d3b9b2e534ebc28a863767a9,15,0.17272444858651756,0.13917365641503573,4,0,/e/fscratch/reformo/schuhmann1/scientific-distillation-865-20261004/release/data/train.jsonl:763
Qwen27 / raw generator training target,bethgelab-part-00055-3604,78cd8111b2b45cad91e5ea0e35b390334aaad76a7226ba72c3d0b2748b407860,15,0.06914678528103518,0.042458552365547915,6,2,/e/fscratch/reformo/schuhmann1/scientific-distillation-865-20261004/release/data/train.jsonl:764
Qwen27 / validated corrected final (separate view),bethgelab-part-00055-3604,78cd8111b2b45cad91e5ea0e35b390334aaad76a7226ba72c3d0b2748b407860,15,0.06599175103112111,0.03674540682414698,5,0,/e/fscratch/reformo/schuhmann1/scientific-distillation-865-20261004/release/data/train.jsonl:764
Qwen27 / raw generator training target,bethgelab-part-00055-3619,1b45a7dec32207710fa6f4ce4effc8b09feba5f84fea79cce7d5956b95a81ce6,21,0.17252657399836469,0.1402289452166803,4,0,/e/fscratch/reformo/schuhmann1/scientific-distillation-865-20261004/release/data/train.jsonl:765
Qwen27 / validated corrected final (separate view),bethgelab-part-00055-3619,1b45a7dec32207710fa6f4ce4effc8b09feba5f84fea79cce7d5956b95a81ce6,21,0.17092411720510894,0.13936889556724266,4,0,/e/fscratch/reformo/schuhmann1/scientific-distillation-865-20261004/release/data/train.jsonl:765
Qwen27 / raw generator training target,bethgelab-part-00055-3637,0fc10404c62d38e5f946dec8a8f2c79e063252a6a84923d7d0cc7fb5d7795771,26,0.38412563667232597,0.35865874363327677,4,0,/e/fscratch/reformo/schuhmann1/scientific-distillation-865-20261004/release/data/train.jsonl:766
Qwen27 / validated corrected final (separate view),bethgelab-part-00055-3637,0fc10404c62d38e5f946dec8a8f2c79e063252a6a84923d7d0cc7fb5d7795771,26,0.3841738417384174,0.3595735957359574,4,0,/e/fscratch/reformo/schuhmann1/scientific-distillation-865-20261004/release/data/train.jsonl:766
Qwen27 / raw generator training target,bethgelab-part-00055-3650,0f35c805e5844a4ff0b53b80b6fc2b0a4cb1afe35c3f0175867836670735a6cb,21,0.2619047619047619,0.17936507936507937,5,0,/e/fscratch/reformo/schuhmann1/scientific-distillation-865-20261004/release/data/train.jsonl:767
Qwen27 / validated corrected final (separate view),bethgelab-part-00055-3650,0f35c805e5844a4ff0b53b80b6fc2b0a4cb1afe35c3f0175867836670735a6cb,21,0.25413533834586466,0.17593984962406015,5,0,/e/fscratch/reformo/schuhmann1/scientific-distillation-865-20261004/release/data/train.jsonl:767
Qwen27 / raw generator training target,bethgelab-part-00055-3689,4c2a2ff1e6f1cae4029f4030d300c00a451687e71bee27c796b5d54fac26c66a,27,0.4090909090909091,0.33116883116883117,4,0,/e/fscratch/reformo/schuhmann1/scientific-distillation-865-20261004/release/data/train.jsonl:768
Qwen27 / validated corrected final (separate view),bethgelab-part-00055-3689,4c2a2ff1e6f1cae4029f4030d300c00a451687e71bee27c796b5d54fac26c66a,27,0.4115308151093439,0.33280318091451294,4,0,/e/fscratch/reformo/schuhmann1/scientific-distillation-865-20261004/release/data/train.jsonl:768
Qwen27 / raw generator training target,bethgelab-part-00055-37,57bcf25334582b1f4e7682735203a1fd62e4843ec50643a5724d4aff9ad94af6,17,0.16842800528401586,0.13210039630118892,5,0,/e/fscratch/reformo/schuhmann1/scientific-distillation-865-20261004/release/data/train.jsonl:769
Qwen27 / validated corrected final (separate view),bethgelab-part-00055-37,57bcf25334582b1f4e7682735203a1fd62e4843ec50643a5724d4aff9ad94af6,17,0.1624223602484472,0.1263975155279503,5,0,/e/fscratch/reformo/schuhmann1/scientific-distillation-865-20261004/release/data/train.jsonl:769
Qwen27 / raw generator training target,bethgelab-part-00055-3752,1664353fa462a195e9b3db87837b0d003059ec315b0a8745c9fa6334a79d7fa6,23,0.17052416609938734,0.14193328795098706,4,0,/e/fscratch/reformo/schuhmann1/scientific-distillation-865-20261004/release/data/train.jsonl:770
Qwen27 / validated corrected final (separate view),bethgelab-part-00055-3752,1664353fa462a195e9b3db87837b0d003059ec315b0a8745c9fa6334a79d7fa6,23,0.18113975576662145,0.15264586160108548,4,0,/e/fscratch/reformo/schuhmann1/scientific-distillation-865-20261004/release/data/train.jsonl:770
Qwen27 / raw generator training target,bethgelab-part-00055-3828,ab3a69ee3d4a3f828c031c497c48b30d540e42cb475b577113b25445e38862b5,25,0.4456437933693138,0.4082498072474942,5,0,/e/fscratch/reformo/schuhmann1/scientific-distillation-865-20261004/release/data/train.jsonl:771
Qwen27 / validated corrected final (separate view),bethgelab-part-00055-3828,ab3a69ee3d4a3f828c031c497c48b30d540e42cb475b577113b25445e38862b5,30,0.4469314079422383,0.40577617328519855,5,0,/e/fscratch/reformo/schuhmann1/scientific-distillation-865-20261004/release/data/train.jsonl:771
Qwen27 / raw generator training target,bethgelab-part-00055-3867,51abcff3284c27c2012b405cc219cc1176f2ca53d0ba2619130a1f77dcb2f607,22,0.3310843373493976,0.3002409638554217,5,0,/e/fscratch/reformo/schuhmann1/scientific-distillation-865-20261004/release/data/train.jsonl:772
Qwen27 / validated corrected final (separate view),bethgelab-part-00055-3867,51abcff3284c27c2012b405cc219cc1176f2ca53d0ba2619130a1f77dcb2f607,22,0.3420008814455707,0.30586161304539444,5,0,/e/fscratch/reformo/schuhmann1/scientific-distillation-865-20261004/release/data/train.jsonl:772
Qwen27 / raw generator training target,bethgelab-part-00055-3893,f9b9fc1f388b45441779ada6cfea18d9cf8225c9d3c3c862a4aae27cfd3fa6c5,29,0.32458697764820216,0.2675736961451247,4,0,/e/fscratch/reformo/schuhmann1/scientific-distillation-865-20261004/release/data/train.jsonl:773
Qwen27 / validated corrected final (separate view),bethgelab-part-00055-3893,f9b9fc1f388b45441779ada6cfea18d9cf8225c9d3c3c862a4aae27cfd3fa6c5,29,0.30160654743861776,0.24825704759017883,4,0,/e/fscratch/reformo/schuhmann1/scientific-distillation-865-20261004/release/data/train.jsonl:773
Qwen27 / raw generator training target,bethgelab-part-00055-390,4c8372561dbe6c54e3e1d9b79e44de9a2e422a52319661e0b3b5defd521a0298,19,0.19076797385620914,0.15155228758169934,5,0,/e/fscratch/reformo/schuhmann1/scientific-distillation-865-20261004/release/data/train.jsonl:774
Qwen27 / validated corrected final (separate view),bethgelab-part-00055-390,4c8372561dbe6c54e3e1d9b79e44de9a2e422a52319661e0b3b5defd521a0298,19,0.18831425187524675,0.14646664034741413,5,0,/e/fscratch/reformo/schuhmann1/scientific-distillation-865-20261004/release/data/train.jsonl:774
Qwen27 / raw generator training target,bethgelab-part-00055-3908,5596349e9ba5d2cbcf06ec4466223d3c7f36ba59acac5f3a1d7fcd278a330318,13,0.0695798319327731,0.041008403361344536,5,1,/e/fscratch/reformo/schuhmann1/scientific-distillation-865-20261004/release/data/train.jsonl:775
Qwen27 / validated corrected final (separate view),bethgelab-part-00055-3908,5596349e9ba5d2cbcf06ec4466223d3c7f36ba59acac5f3a1d7fcd278a330318,13,0.07279693486590039,0.041826309067688375,5,0,/e/fscratch/reformo/schuhmann1/scientific-distillation-865-20261004/release/data/train.jsonl:775
Qwen27 / raw generator training target,bethgelab-part-00055-3913,e3d185f3139a0b68ff1ce649f8bd7bbb1f0b9b9a9cd79a323e64981d33372386,38,0.5354796320630749,0.5157687253613666,4,0,/e/fscratch/reformo/schuhmann1/scientific-distillation-865-20261004/release/data/train.jsonl:776
Qwen27 / validated corrected final (separate view),bethgelab-part-00055-3913,e3d185f3139a0b68ff1ce649f8bd7bbb1f0b9b9a9cd79a323e64981d33372386,38,0.542528735632184,0.5208538587848933,4,0,/e/fscratch/reformo/schuhmann1/scientific-distillation-865-20261004/release/data/train.jsonl:776
Qwen27 / raw generator training target,bethgelab-part-00055-3923,6e2bc8005e26e7a3dee123c92d9e0f77062b3f178e91ecacfd82b5da294456f5,15,0.17717269675494218,0.14994405072734054,5,0,/e/fscratch/reformo/schuhmann1/scientific-distillation-865-20261004/release/data/train.jsonl:777
Qwen27 / validated corrected final (separate view),bethgelab-part-00055-3923,6e2bc8005e26e7a3dee123c92d9e0f77062b3f178e91ecacfd82b5da294456f5,19,0.1867447821310875,0.15781764921274258,5,0,/e/fscratch/reformo/schuhmann1/scientific-distillation-865-20261004/release/data/train.jsonl:777
Qwen27 / raw generator training target,bethgelab-part-00055-3924,e64fb2da637ded64a07b614a63cd98f1a84b56f7275a29bf04cf26c64ff74464,21,0.20064464141821112,0.1643835616438356,6,1,/e/fscratch/reformo/schuhmann1/scientific-distillation-865-20261004/release/data/train.jsonl:778
Qwen27 / validated corrected final (separate view),bethgelab-part-00055-3924,e64fb2da637ded64a07b614a63cd98f1a84b56f7275a29bf04cf26c64ff74464,21,0.2080220212347621,0.17027133307117578,4,0,/e/fscratch/reformo/schuhmann1/scientific-distillation-865-20261004/release/data/train.jsonl:778
Qwen27 / raw generator training target,bethgelab-part-00055-3931,20d11c3c6c2f5610c2c53d56211bf2eb1f10c8428090f695190ca63f4784898f,24,0.4207858048162231,0.3692437684833122,5,0,/e/fscratch/reformo/schuhmann1/scientific-distillation-865-20261004/release/data/train.jsonl:779
Qwen27 / validated corrected final (separate view),bethgelab-part-00055-3931,20d11c3c6c2f5610c2c53d56211bf2eb1f10c8428090f695190ca63f4784898f,24,0.4207858048162231,0.3692437684833122,5,0,/e/fscratch/reformo/schuhmann1/scientific-distillation-865-20261004/release/data/train.jsonl:779
Qwen27 / raw generator training target,bethgelab-part-00055-3934,e5f23fcd4a3c83fec3ae7d7561e47f76f5835103b248010b92063a401ffee33c,28,0.25053003533568907,0.21872791519434628,5,0,/e/fscratch/reformo/schuhmann1/scientific-distillation-865-20261004/release/data/train.jsonl:780
Qwen27 / validated corrected final (separate view),bethgelab-part-00055-3934,e5f23fcd4a3c83fec3ae7d7561e47f76f5835103b248010b92063a401ffee33c,28,0.2524601289446895,0.2158126908720733,5,0,/e/fscratch/reformo/schuhmann1/scientific-distillation-865-20261004/release/data/train.jsonl:780
Qwen27 / raw generator training target,bethgelab-part-00055-3938,cf41d67e0f6e843574a0f126e7e90cb4580ad547552fc25347174b904b590efc,21,0.21419676214196762,0.18057285180572852,5,0,/e/fscratch/reformo/schuhmann1/scientific-distillation-865-20261004/release/data/train.jsonl:781
Qwen27 / validated corrected final (separate view),bethgelab-part-00055-3938,cf41d67e0f6e843574a0f126e7e90cb4580ad547552fc25347174b904b590efc,21,0.19035153328347046,0.16230366492146597,5,0,/e/fscratch/reformo/schuhmann1/scientific-distillation-865-20261004/release/data/train.jsonl:781
Qwen27 / raw generator training target,bethgelab-part-00055-3962,c759f755cf2aa82b2f72795b0ef231f94066fb9b0fd775c32c8f018ed6b750f9,24,0.1665979381443299,0.14432989690721648,5,0,/e/fscratch/reformo/schuhmann1/scientific-distillation-865-20261004/release/data/train.jsonl:782
Qwen27 / validated corrected final (separate view),bethgelab-part-00055-3962,c759f755cf2aa82b2f72795b0ef231f94066fb9b0fd775c32c8f018ed6b750f9,24,0.16490658001624695,0.1454102355808286,5,0,/e/fscratch/reformo/schuhmann1/scientific-distillation-865-20261004/release/data/train.jsonl:782
Qwen27 / raw generator training target,bethgelab-part-00055-3986,fde1968245d907f7d693b54b234eb36e09a4667b20e80e84ce5053ef63f7b175,30,0.45788667687595713,0.41998468606431855,4,0,/e/fscratch/reformo/schuhmann1/scientific-distillation-865-20261004/release/data/train.jsonl:783
Qwen27 / validated corrected final (separate view),bethgelab-part-00055-3986,fde1968245d907f7d693b54b234eb36e09a4667b20e80e84ce5053ef63f7b175,30,0.46291365538227464,0.4229745150247242,4,0,/e/fscratch/reformo/schuhmann1/scientific-distillation-865-20261004/release/data/train.jsonl:783
Qwen27 / raw generator training target,bethgelab-part-00055-3994,be7e3b3d9a8d1cdd26706b43ba0dd3b5c69dfd5c02c3211213f8e566acb60fe6,21,0.12625838926174496,0.09857382550335571,4,0,/e/fscratch/reformo/schuhmann1/scientific-distillation-865-20261004/release/data/train.jsonl:784
Qwen27 / validated corrected final (separate view),bethgelab-part-00055-3994,be7e3b3d9a8d1cdd26706b43ba0dd3b5c69dfd5c02c3211213f8e566acb60fe6,21,0.1163895486935867,0.09399389209365457,5,0,/e/fscratch/reformo/schuhmann1/scientific-distillation-865-20261004/release/data/train.jsonl:784
Qwen27 / raw generator training target,bethgelab-part-00055-4099,af69d89d8b97ebda86efc72863b2d837965ed1a95bc36ccab2878fc6246c5d5c,20,0.22426981919332406,0.19019471488178025,5,0,/e/fscratch/reformo/schuhmann1/scientific-distillation-865-20261004/release/data/train.jsonl:785
Qwen27 / validated corrected final (separate view),bethgelab-part-00055-4099,af69d89d8b97ebda86efc72863b2d837965ed1a95bc36ccab2878fc6246c5d5c,20,0.22287491361437456,0.18901174844505875,5,0,/e/fscratch/reformo/schuhmann1/scientific-distillation-865-20261004/release/data/train.jsonl:785
Qwen27 / raw generator training target,bethgelab-part-00055-4109,64e78f93064ca7e8323d6da04e34de853151e4060508f5ad3bc3c8f53e3087d7,36,0.3435660218671152,0.315811606391926,4,0,/e/fscratch/reformo/schuhmann1/scientific-distillation-865-20261004/release/data/train.jsonl:786
Qwen27 / validated corrected final (separate view),bethgelab-part-00055-4109,64e78f93064ca7e8323d6da04e34de853151e4060508f5ad3bc3c8f53e3087d7,36,0.3265704252828716,0.2984783456886461,4,0,/e/fscratch/reformo/schuhmann1/scientific-distillation-865-20261004/release/data/train.jsonl:786
Qwen27 / raw generator training target,bethgelab-part-00055-4127,e77046621a1d860cd843e4f5b43dcc26b159ad0e6608091e1e03717f283acbbd,21,0.21984216459977451,0.1826381059751973,4,0,/e/fscratch/reformo/schuhmann1/scientific-distillation-865-20261004/release/data/train.jsonl:787
Qwen27 / validated corrected final (separate view),bethgelab-part-00055-4127,e77046621a1d860cd843e4f5b43dcc26b159ad0e6608091e1e03717f283acbbd,21,0.2322198275862069,0.19342672413793102,5,0,/e/fscratch/reformo/schuhmann1/scientific-distillation-865-20261004/release/data/train.jsonl:787
Qwen27 / raw generator training target,bethgelab-part-00055-4143,5140c77b9e84ccb5928b4c1a6d1053d0fa2bd2174f238aefbf9e17aa3f36f69a,23,0.2907259465092046,0.23202500868357068,5,0,/e/fscratch/reformo/schuhmann1/scientific-distillation-865-20261004/release/data/train.jsonl:788
Qwen27 / validated corrected final (separate view),bethgelab-part-00055-4143,5140c77b9e84ccb5928b4c1a6d1053d0fa2bd2174f238aefbf9e17aa3f36f69a,23,0.28107757221681273,0.22233041220382993,5,0,/e/fscratch/reformo/schuhmann1/scientific-distillation-865-20261004/release/data/train.jsonl:788
Qwen27 / raw generator training target,bethgelab-part-00055-4149,6177214625c39b04b69664cc4bf86be61f5b7181179aff4b1592cf42e506d81c,17,0.1927710843373494,0.16340361445783133,5,0,/e/fscratch/reformo/schuhmann1/scientific-distillation-865-20261004/release/data/train.jsonl:789
Qwen27 / validated corrected final (separate view),bethgelab-part-00055-4149,6177214625c39b04b69664cc4bf86be61f5b7181179aff4b1592cf42e506d81c,17,0.19634060520760027,0.1625615763546798,5,0,/e/fscratch/reformo/schuhmann1/scientific-distillation-865-20261004/release/data/train.jsonl:789
Qwen27 / raw generator training target,bethgelab-part-00055-4177,c9c21f828501933529c0e6965cb2dc2090b748c58840c4af8aea0dd4842cf432,21,0.2659391154508903,0.24353819643882826,5,0,/e/fscratch/reformo/schuhmann1/scientific-distillation-865-20261004/release/data/train.jsonl:790
Qwen27 / validated corrected final (separate view),bethgelab-part-00055-4177,c9c21f828501933529c0e6965cb2dc2090b748c58840c4af8aea0dd4842cf432,21,0.2614308768154922,0.24045185583647122,4,0,/e/fscratch/reformo/schuhmann1/scientific-distillation-865-20261004/release/data/train.jsonl:790
Qwen27 / raw generator training target,bethgelab-part-00055-418,b3bab17f24f4cd6db199238674bc23af652aea0dae3903cb87010548eee3fb73,12,0.056440600819299046,0.020482476103777878,4,0,/e/fscratch/reformo/schuhmann1/scientific-distillation-865-20261004/release/data/train.jsonl:791
Qwen27 / validated corrected final (separate view),bethgelab-part-00055-418,b3bab17f24f4cd6db199238674bc23af652aea0dae3903cb87010548eee3fb73,12,0.06952117863720074,0.027624309392265192,4,0,/e/fscratch/reformo/schuhmann1/scientific-distillation-865-20261004/release/data/train.jsonl:791
Qwen27 / raw generator training target,bethgelab-part-00055-4188,76672611a2a39c190801824eb1f899bec9d2d7095b93a2d4c3bc941f06cbb082,13,0.16217732884399552,0.11840628507295174,6,3,/e/fscratch/reformo/schuhmann1/scientific-distillation-865-20261004/release/data/train.jsonl:792
Qwen27 / validated corrected final (separate view),bethgelab-part-00055-4188,76672611a2a39c190801824eb1f899bec9d2d7095b93a2d4c3bc941f06cbb082,13,0.1504879301489471,0.10118130457113508,5,0,/e/fscratch/reformo/schuhmann1/scientific-distillation-865-20261004/release/data/train.jsonl:792
Qwen27 / raw generator training target,bethgelab-part-00055-4190,e16887cbb3ea1ef3281b821caa33afb65fa21ad4303ce0fe232283a5c1b2c66c,22,0.27380952380952384,0.22973657548125634,6,1,/e/fscratch/reformo/schuhmann1/scientific-distillation-865-20261004/release/data/train.jsonl:793
Qwen27 / validated corrected final (separate view),bethgelab-part-00055-4190,e16887cbb3ea1ef3281b821caa33afb65fa21ad4303ce0fe232283a5c1b2c66c,22,0.2694696607740086,0.22527472527472528,5,0,/e/fscratch/reformo/schuhmann1/scientific-distillation-865-20261004/release/data/train.jsonl:793
Qwen27 / raw generator training target,bethgelab-part-00055-4193,af329726392f64503878bab1dd1b4442f23010bddcf1150e8bf179b415f0343f,21,0.28061638280616386,0.25385239253852393,5,0,/e/fscratch/reformo/schuhmann1/scientific-distillation-865-20261004/release/data/train.jsonl:794
Qwen27 / validated corrected final (separate view),bethgelab-part-00055-4193,af329726392f64503878bab1dd1b4442f23010bddcf1150e8bf179b415f0343f,21,0.29517351416035104,0.2664539289988033,5,0,/e/fscratch/reformo/schuhmann1/scientific-distillation-865-20261004/release/data/train.jsonl:794
Qwen27 / raw generator training target,bethgelab-part-00055-4195,8627193937a4b1980919ad9a1f016d3f21f6f522b5acd3cd1c03ad6defd4e5ec,20,0.19827586206896552,0.15848806366047746,4,0,/e/fscratch/reformo/schuhmann1/scientific-distillation-865-20261004/release/data/train.jsonl:795
Qwen27 / validated corrected final (separate view),bethgelab-part-00055-4195,8627193937a4b1980919ad9a1f016d3f21f6f522b5acd3cd1c03ad6defd4e5ec,20,0.20673076923076922,0.16826923076923078,4,0,/e/fscratch/reformo/schuhmann1/scientific-distillation-865-20261004/release/data/train.jsonl:795
Qwen27 / raw generator training target,bethgelab-part-00055-4270,e552e6082890ea373410b69edd87755df5ab897d940e3720f9fad4b84d522f52,19,0.30844881537773805,0.21993741618238713,4,0,/e/fscratch/reformo/schuhmann1/scientific-distillation-865-20261004/release/data/train.jsonl:796
Qwen27 / validated corrected final (separate view),bethgelab-part-00055-4270,e552e6082890ea373410b69edd87755df5ab897d940e3720f9fad4b84d522f52,27,0.3136907399202481,0.2259636685866194,4,0,/e/fscratch/reformo/schuhmann1/scientific-distillation-865-20261004/release/data/train.jsonl:796
Qwen27 / raw generator training target,bethgelab-part-00055-4278,e63f4a24aa1dad1b55b5989f2d15048cccb5ee6e00f9aba0a68aa5b8c803522b,24,0.3835564053537285,0.34493307839388143,5,0,/e/fscratch/reformo/schuhmann1/scientific-distillation-865-20261004/release/data/train.jsonl:797
Qwen27 / validated corrected final (separate view),bethgelab-part-00055-4278,e63f4a24aa1dad1b55b5989f2d15048cccb5ee6e00f9aba0a68aa5b8c803522b,24,0.3864070255822833,0.34784268804887364,5,0,/e/fscratch/reformo/schuhmann1/scientific-distillation-865-20261004/release/data/train.jsonl:797
Qwen27 / raw generator training target,bethgelab-part-00055-4349,68694b03ab5e01d9a5b618b9f7ec74889ea322f646af4afc00b51322b6608554,20,0.16975748930099857,0.1398002853067047,5,0,/e/fscratch/reformo/schuhmann1/scientific-distillation-865-20261004/release/data/train.jsonl:798
Qwen27 / validated corrected final (separate view),bethgelab-part-00055-4349,68694b03ab5e01d9a5b618b9f7ec74889ea322f646af4afc00b51322b6608554,20,0.16404419149648478,0.13592233009708737,5,0,/e/fscratch/reformo/schuhmann1/scientific-distillation-865-20261004/release/data/train.jsonl:798
Qwen27 / raw generator training target,bethgelab-part-00055-436,db4ba65a2215a70004f634718168c5e960d3aa3c1791020419871c059d5ac36f,13,0.19651056014692378,0.16345270890725436,5,0,/e/fscratch/reformo/schuhmann1/scientific-distillation-865-20261004/release/data/train.jsonl:799
Qwen27 / validated corrected final (separate view),bethgelab-part-00055-436,db4ba65a2215a70004f634718168c5e960d3aa3c1791020419871c059d5ac36f,13,0.19522968197879859,0.16342756183745583,5,0,/e/fscratch/reformo/schuhmann1/scientific-distillation-865-20261004/release/data/train.jsonl:799
Qwen27 / raw generator training target,bethgelab-part-00055-437,9d7d6b98703028b99d84813667e1a92f197408ff7d168b0d55bacf5aab14d8cc,15,0.12196078431372549,0.08705882352941176,5,0,/e/fscratch/reformo/schuhmann1/scientific-distillation-865-20261004/release/data/train.jsonl:800
Qwen27 / validated corrected final (separate view),bethgelab-part-00055-437,9d7d6b98703028b99d84813667e1a92f197408ff7d168b0d55bacf5aab14d8cc,16,0.13999228692634014,0.1041264944080216,5,0,/e/fscratch/reformo/schuhmann1/scientific-distillation-865-20261004/release/data/train.jsonl:800
Qwen27 / raw generator training target,bethgelab-part-00055-4373,b0ea1e77109ce1f7086ae06ed46eed34a70200fc8686b77e2066add6409f5867,29,0.37496126433219706,0.3396343352959405,4,0,/e/fscratch/reformo/schuhmann1/scientific-distillation-865-20261004/release/data/train.jsonl:801
Qwen27 / validated corrected final (separate view),bethgelab-part-00055-4373,b0ea1e77109ce1f7086ae06ed46eed34a70200fc8686b77e2066add6409f5867,29,0.38902439024390245,0.3542682926829268,4,0,/e/fscratch/reformo/schuhmann1/scientific-distillation-865-20261004/release/data/train.jsonl:801
Qwen27 / raw generator training target,bethgelab-part-00055-4376,807922ca891431e542684c2cefa7375937abbfe3892af786ef55add50b27d69a,16,0.12057112638815441,0.09730301427815971,5,0,/e/fscratch/reformo/schuhmann1/scientific-distillation-865-20261004/release/data/train.jsonl:802
Qwen27 / validated corrected final (separate view),bethgelab-part-00055-4376,807922ca891431e542684c2cefa7375937abbfe3892af786ef55add50b27d69a,16,0.12111801242236025,0.09523809523809523,5,0,/e/fscratch/reformo/schuhmann1/scientific-distillation-865-20261004/release/data/train.jsonl:802
Qwen27 / raw generator training target,bethgelab-part-00055-4426,7c23a4ea8d1b82a2b97bbc5c8e6e89a0fa1264fc78b0f33e0e7b8e18aeb41412,21,0.24900133155792276,0.1940745672436751,5,0,/e/fscratch/reformo/schuhmann1/scientific-distillation-865-20261004/release/data/train.jsonl:803
Qwen27 / validated corrected final (separate view),bethgelab-part-00055-4426,7c23a4ea8d1b82a2b97bbc5c8e6e89a0fa1264fc78b0f33e0e7b8e18aeb41412,21,0.2674346201743462,0.21232876712328766,5,0,/e/fscratch/reformo/schuhmann1/scientific-distillation-865-20261004/release/data/train.jsonl:803
Qwen27 / raw generator training target,bethgelab-part-00055-4441,fe31ef3649ffd2ae5856e554b425aabd7ac2b0289050eef736be4866fb0c8532,15,0.22994900324524803,0.17338896615669913,3,0,/e/fscratch/reformo/schuhmann1/scientific-distillation-865-20261004/release/data/train.jsonl:804
Qwen27 / validated corrected final (separate view),bethgelab-part-00055-4441,fe31ef3649ffd2ae5856e554b425aabd7ac2b0289050eef736be4866fb0c8532,15,0.22907290729072907,0.17416741674167416,4,0,/e/fscratch/reformo/schuhmann1/scientific-distillation-865-20261004/release/data/train.jsonl:804
Qwen27 / raw generator training target,bethgelab-part-00055-4449,8051772f3d7fb801ea2743f1e8d24928b32fb88ac69ca10defe5b2bc2316a620,34,0.38927809929942125,0.34541577825159914,5,0,/e/fscratch/reformo/schuhmann1/scientific-distillation-865-20261004/release/data/train.jsonl:805
Qwen27 / validated corrected final (separate view),bethgelab-part-00055-4449,8051772f3d7fb801ea2743f1e8d24928b32fb88ac69ca10defe5b2bc2316a620,34,0.38576014006419607,0.3419900787861103,5,0,/e/fscratch/reformo/schuhmann1/scientific-distillation-865-20261004/release/data/train.jsonl:805
Qwen27 / raw generator training target,bethgelab-part-00055-4461,3885a9f7896896fdc47f8c10af0c1d47865d4cb3849f8551698491a31967ecff,19,0.14498006524102935,0.09749909387459224,8,14,/e/fscratch/reformo/schuhmann1/scientific-distillation-865-20261004/release/data/train.jsonl:806
Qwen27 / validated corrected final (separate view),bethgelab-part-00055-4461,3885a9f7896896fdc47f8c10af0c1d47865d4cb3849f8551698491a31967ecff,19,0.14280614066404856,0.09603712959657265,5,0,/e/fscratch/reformo/schuhmann1/scientific-distillation-865-20261004/release/data/train.jsonl:806
Qwen27 / raw generator training target,bethgelab-part-00055-4468,a5bb130835579f5a689efdaf1fdaf9b1ff18f2b3513f4ff3d0e95d839182a075,28,0.2962962962962963,0.2518518518518518,5,0,/e/fscratch/reformo/schuhmann1/scientific-distillation-865-20261004/release/data/train.jsonl:807
Qwen27 / validated corrected final (separate view),bethgelab-part-00055-4468,a5bb130835579f5a689efdaf1fdaf9b1ff18f2b3513f4ff3d0e95d839182a075,28,0.2978295819935691,0.25442122186495175,5,0,/e/fscratch/reformo/schuhmann1/scientific-distillation-865-20261004/release/data/train.jsonl:807
Qwen27 / raw generator training target,bethgelab-part-00055-4475,c4028264b800a76f66c5a15c25e465493ade46f9a7ff5bb4e99c92fe6254dd16,22,0.27028301886792455,0.2240566037735849,5,0,/e/fscratch/reformo/schuhmann1/scientific-distillation-865-20261004/release/data/train.jsonl:808
Qwen27 / validated corrected final (separate view),bethgelab-part-00055-4475,c4028264b800a76f66c5a15c25e465493ade46f9a7ff5bb4e99c92fe6254dd16,22,0.26231633535004323,0.20959377700950735,5,0,/e/fscratch/reformo/schuhmann1/scientific-distillation-865-20261004/release/data/train.jsonl:808
Qwen27 / raw generator training target,bethgelab-part-00055-4485,e096950507193f2d1d1d6d294bc96fc8d6b30a02be45e8692130ef4923a46d88,19,0.21890303623898139,0.18070519098922624,5,0,/e/fscratch/reformo/schuhmann1/scientific-distillation-865-20261004/release/data/train.jsonl:809
Qwen27 / validated corrected final (separate view),bethgelab-part-00055-4485,e096950507193f2d1d1d6d294bc96fc8d6b30a02be45e8692130ef4923a46d88,19,0.2238071815051648,0.1824889326119036,5,0,/e/fscratch/reformo/schuhmann1/scientific-distillation-865-20261004/release/data/train.jsonl:809
Qwen27 / raw generator training target,bethgelab-part-00055-4506,293becf54d48247e9ce4bb8ea1c131e46044095d9f0ec664a02633e6fe8fb398,27,0.41045845272206305,0.375,5,0,/e/fscratch/reformo/schuhmann1/scientific-distillation-865-20261004/release/data/train.jsonl:810
Qwen27 / validated corrected final (separate view),bethgelab-part-00055-4506,293becf54d48247e9ce4bb8ea1c131e46044095d9f0ec664a02633e6fe8fb398,28,0.39300134589502017,0.3620457604306864,5,0,/e/fscratch/reformo/schuhmann1/scientific-distillation-865-20261004/release/data/train.jsonl:810
Qwen27 / raw generator training target,bethgelab-part-00055-4534,b897325adf9a0969052251ee00daed04fc38cea73c90c9feaf75d260b6307b51,31,0.32083480721613017,0.27626459143968873,4,0,/e/fscratch/reformo/schuhmann1/scientific-distillation-865-20261004/release/data/train.jsonl:811
Qwen27 / validated corrected final (separate view),bethgelab-part-00055-4534,b897325adf9a0969052251ee00daed04fc38cea73c90c9feaf75d260b6307b51,31,0.35714285714285715,0.30905923344947733,4,0,/e/fscratch/reformo/schuhmann1/scientific-distillation-865-20261004/release/data/train.jsonl:811
Qwen27 / raw generator training target,bethgelab-part-00055-4555,91e52cc29905371acd50c9e05f633788831218924d473ea0141d37064e78ad72,14,0.1291824265347687,0.09426825720104742,5,0,/e/fscratch/reformo/schuhmann1/scientific-distillation-865-20261004/release/data/train.jsonl:812
Qwen27 / validated corrected final (separate view),bethgelab-part-00055-4555,91e52cc29905371acd50c9e05f633788831218924d473ea0141d37064e78ad72,19,0.15096915096915098,0.11657111657111657,5,0,/e/fscratch/reformo/schuhmann1/scientific-distillation-865-20261004/release/data/train.jsonl:812
Qwen27 / raw generator training target,bethgelab-part-00055-4560,269806e644aca73c943c0e398f4d6e1ba515d0053eb03bed16e52da257e206db,24,0.3815028901734104,0.32607956477388644,4,0,/e/fscratch/reformo/schuhmann1/scientific-distillation-865-20261004/release/data/train.jsonl:813
Qwen27 / validated corrected final (separate view),bethgelab-part-00055-4560,269806e644aca73c943c0e398f4d6e1ba515d0053eb03bed16e52da257e206db,30,0.383740381398461,0.3292070926731348,4,0,/e/fscratch/reformo/schuhmann1/scientific-distillation-865-20261004/release/data/train.jsonl:813
Qwen27 / raw generator training target,bethgelab-part-00055-4570,c5c3dfdfcad3cd1dd7270feeff4b27baea1fb925e681a0291d9efe9d6eaf7b80,16,0.2209547950992818,0.15758343895226024,5,0,/e/fscratch/reformo/schuhmann1/scientific-distillation-865-20261004/release/data/train.jsonl:814
Qwen27 / validated corrected final (separate view),bethgelab-part-00055-4570,c5c3dfdfcad3cd1dd7270feeff4b27baea1fb925e681a0291d9efe9d6eaf7b80,16,0.23788546255506607,0.1682018422106528,5,0,/e/fscratch/reformo/schuhmann1/scientific-distillation-865-20261004/release/data/train.jsonl:814
Qwen27 / raw generator training target,bethgelab-part-00055-4578,344b58a73a2d1caa9295238b12bcfc421ad53cd074ce81d71e9ae4d475388ccd,28,0.24352147674831381,0.21370252041178558,5,0,/e/fscratch/reformo/schuhmann1/scientific-distillation-865-20261004/release/data/train.jsonl:815
Qwen27 / validated corrected final (separate view),bethgelab-part-00055-4578,344b58a73a2d1caa9295238b12bcfc421ad53cd074ce81d71e9ae4d475388ccd,28,0.2506015812994156,0.22172567892746647,5,0,/e/fscratch/reformo/schuhmann1/scientific-distillation-865-20261004/release/data/train.jsonl:815
Qwen27 / raw generator training target,bethgelab-part-00055-4583,07e019b2e6efa4ce2c95a66375cd58bffcd44fcb7c574a3d9fed04219b46ebcc,22,0.3019545273234942,0.2520941364180295,4,0,/e/fscratch/reformo/schuhmann1/scientific-distillation-865-20261004/release/data/train.jsonl:816
Qwen27 / validated corrected final (separate view),bethgelab-part-00055-4583,07e019b2e6efa4ce2c95a66375cd58bffcd44fcb7c574a3d9fed04219b46ebcc,22,0.30439814814814814,0.25617283950617287,4,0,/e/fscratch/reformo/schuhmann1/scientific-distillation-865-20261004/release/data/train.jsonl:816
Qwen27 / raw generator training target,bethgelab-part-00055-4652,b7f45622a8784c1fb14a192eb6b425c7cff43c5f88c6636d9b885f5797979760,17,0.10553633217993079,0.08650519031141868,7,10,/e/fscratch/reformo/schuhmann1/scientific-distillation-865-20261004/release/data/train.jsonl:817
Qwen27 / validated corrected final (separate view),bethgelab-part-00055-4652,b7f45622a8784c1fb14a192eb6b425c7cff43c5f88c6636d9b885f5797979760,17,0.14144838212634822,0.12080123266563944,5,0,/e/fscratch/reformo/schuhmann1/scientific-distillation-865-20261004/release/data/train.jsonl:817
Qwen27 / raw generator training target,bethgelab-part-00055-4666,9e9dca73d2711f793635511eeb4b0c4f410820c0312c931a0654a9dfdccc2528,22,0.1890303623898139,0.14789422135161606,5,0,/e/fscratch/reformo/schuhmann1/scientific-distillation-865-20261004/release/data/train.jsonl:818
Qwen27 / validated corrected final (separate view),bethgelab-part-00055-4666,9e9dca73d2711f793635511eeb4b0c4f410820c0312c931a0654a9dfdccc2528,22,0.192838370565046,0.1514454664914586,5,0,/e/fscratch/reformo/schuhmann1/scientific-distillation-865-20261004/release/data/train.jsonl:818
Qwen27 / raw generator training target,bethgelab-part-00055-4673,903d91b2c84e7f7523bb9b8546107b5d85bdc65b1b6a7d2a35786e8e5e6fd4d2,18,0.2708106143220647,0.2242820792439113,4,0,/e/fscratch/reformo/schuhmann1/scientific-distillation-865-20261004/release/data/train.jsonl:819
Qwen27 / validated corrected final (separate view),bethgelab-part-00055-4673,903d91b2c84e7f7523bb9b8546107b5d85bdc65b1b6a7d2a35786e8e5e6fd4d2,23,0.27005532503457813,0.22579529737206086,4,0,/e/fscratch/reformo/schuhmann1/scientific-distillation-865-20261004/release/data/train.jsonl:819
Qwen27 / raw generator training target,bethgelab-part-00055-4683,bd3c75dfd9192bac1fbd3087a94bebe66a1b476dab8743897f74faf416ca7ad2,18,0.21747299201503054,0.14983560356975106,4,0,/e/fscratch/reformo/schuhmann1/scientific-distillation-865-20261004/release/data/train.jsonl:820
Qwen27 / validated corrected final (separate view),bethgelab-part-00055-4683,bd3c75dfd9192bac1fbd3087a94bebe66a1b476dab8743897f74faf416ca7ad2,18,0.22248464808691545,0.15446386395843173,4,0,/e/fscratch/reformo/schuhmann1/scientific-distillation-865-20261004/release/data/train.jsonl:820
Qwen27 / raw generator training target,bethgelab-part-00055-4684,1740df73fc5e5137dbe5678faead0492a4fbeb83af64600bde79a2b52863a004,19,0.22578062449959968,0.16493194555644516,5,0,/e/fscratch/reformo/schuhmann1/scientific-distillation-865-20261004/release/data/train.jsonl:821
Qwen27 / validated corrected final (separate view),bethgelab-part-00055-4684,1740df73fc5e5137dbe5678faead0492a4fbeb83af64600bde79a2b52863a004,19,0.20723917672107878,0.14868701206529453,5,0,/e/fscratch/reformo/schuhmann1/scientific-distillation-865-20261004/release/data/train.jsonl:821
Qwen27 / raw generator training target,bethgelab-part-00055-4715,6907f722e2bef1f167ea2972881f3dd2fca846e622730ad2b4e25820eb9a81b6,24,0.34949409780775714,0.29679595278246207,3,0,/e/fscratch/reformo/schuhmann1/scientific-distillation-865-20261004/release/data/train.jsonl:822
Qwen27 / validated corrected final (separate view),bethgelab-part-00055-4715,6907f722e2bef1f167ea2972881f3dd2fca846e622730ad2b4e25820eb9a81b6,24,0.3497557003257329,0.2964169381107492,5,0,/e/fscratch/reformo/schuhmann1/scientific-distillation-865-20261004/release/data/train.jsonl:822
Qwen27 / raw generator training target,bethgelab-part-00055-4749,456760355ab1615a704ad596b5b2ee4e1de9e371ffb95c2ab233143946ec8277,20,0.11608260325406758,0.07478097622027534,6,2,/e/fscratch/reformo/schuhmann1/scientific-distillation-865-20261004/release/data/train.jsonl:823
Qwen27 / validated corrected final (separate view),bethgelab-part-00055-4749,456760355ab1615a704ad596b5b2ee4e1de9e371ffb95c2ab233143946ec8277,20,0.11803944315545244,0.07685614849187936,5,0,/e/fscratch/reformo/schuhmann1/scientific-distillation-865-20261004/release/data/train.jsonl:823
Qwen27 / raw generator training target,bethgelab-part-00055-477,4d6cb3604f913a7729e26870b4ec197aa1dc859719cb9118972ac05a5e73f585,17,0.10857142857142857,0.07164835164835165,5,0,/e/fscratch/reformo/schuhmann1/scientific-distillation-865-20261004/release/data/train.jsonl:824
Qwen27 / validated corrected final (separate view),bethgelab-part-00055-477,4d6cb3604f913a7729e26870b4ec197aa1dc859719cb9118972ac05a5e73f585,17,0.12027789839339992,0.08380373425966131,5,0,/e/fscratch/reformo/schuhmann1/scientific-distillation-865-20261004/release/data/train.jsonl:824
Qwen27 / raw generator training target,bethgelab-part-00055-4779,843de32cf2a85808c42c594f2c67060d9f0ad7f558f37b4dcc4a67fc95bbe64d,20,0.13782542113323124,0.11370597243491577,3,0,/e/fscratch/reformo/schuhmann1/scientific-distillation-865-20261004/release/data/train.jsonl:825
Qwen27 / validated corrected final (separate view),bethgelab-part-00055-4779,843de32cf2a85808c42c594f2c67060d9f0ad7f558f37b4dcc4a67fc95bbe64d,20,0.13729198184568836,0.1157337367624811,5,0,/e/fscratch/reformo/schuhmann1/scientific-distillation-865-20261004/release/data/train.jsonl:825
Qwen27 / raw generator training target,bethgelab-part-00055-4783,806d63d5dab6e6d4f8486f06d33c9a52c7fafa313165528ac8f7b241c02b4e99,22,0.22033898305084745,0.17433414043583534,4,0,/e/fscratch/reformo/schuhmann1/scientific-distillation-865-20261004/release/data/train.jsonl:826
Qwen27 / validated corrected final (separate view),bethgelab-part-00055-4783,806d63d5dab6e6d4f8486f06d33c9a52c7fafa313165528ac8f7b241c02b4e99,22,0.21360457724094087,0.16942148760330578,5,0,/e/fscratch/reformo/schuhmann1/scientific-distillation-865-20261004/release/data/train.jsonl:826
Qwen27 / raw generator training target,bethgelab-part-00055-4814,78be6455477000e9f78d9a6c0ae9196bed08b1af52a21a6f8949e7682db8b8de,19,0.19473319473319473,0.15315315315315314,5,0,/e/fscratch/reformo/schuhmann1/scientific-distillation-865-20261004/release/data/train.jsonl:827
Qwen27 / validated corrected final (separate view),bethgelab-part-00055-4814,78be6455477000e9f78d9a6c0ae9196bed08b1af52a21a6f8949e7682db8b8de,19,0.20303343674594967,0.15753188555670458,5,0,/e/fscratch/reformo/schuhmann1/scientific-distillation-865-20261004/release/data/train.jsonl:827
Qwen27 / raw generator training target,bethgelab-part-00055-4820,1ba1ab1af36a1c3e15041edec03705918cd8345dae5372b32906dc4ff5eb225b,15,0.15694227769110763,0.10982839313572543,5,0,/e/fscratch/reformo/schuhmann1/scientific-distillation-865-20261004/release/data/train.jsonl:828
Qwen27 / validated corrected final (separate view),bethgelab-part-00055-4820,1ba1ab1af36a1c3e15041edec03705918cd8345dae5372b32906dc4ff5eb225b,15,0.16877880184331798,0.1201036866359447,5,0,/e/fscratch/reformo/schuhmann1/scientific-distillation-865-20261004/release/data/train.jsonl:828
Qwen27 / raw generator training target,bethgelab-part-00055-4822,b55f01788badae686fa86ffdceef4e95972d543b0ad1f581bf67be9ba8fee2e1,20,0.2233502538071066,0.18092820884699057,4,0,/e/fscratch/reformo/schuhmann1/scientific-distillation-865-20261004/release/data/train.jsonl:829
Qwen27 / validated corrected final (separate view),bethgelab-part-00055-4822,b55f01788badae686fa86ffdceef4e95972d543b0ad1f581bf67be9ba8fee2e1,20,0.23275284661754855,0.19156061620897522,4,0,/e/fscratch/reformo/schuhmann1/scientific-distillation-865-20261004/release/data/train.jsonl:829
Qwen27 / raw generator training target,bethgelab-part-00055-4852,dda8949baf8fdd0bf7d509e19ee0e702158d78df4ab545cc72f171bcf22710f8,23,0.21471103327495622,0.17057793345008757,6,1,/e/fscratch/reformo/schuhmann1/scientific-distillation-865-20261004/release/data/train.jsonl:830
Qwen27 / validated corrected final (separate view),bethgelab-part-00055-4852,dda8949baf8fdd0bf7d509e19ee0e702158d78df4ab545cc72f171bcf22710f8,23,0.2255509641873278,0.1821625344352617,5,0,/e/fscratch/reformo/schuhmann1/scientific-distillation-865-20261004/release/data/train.jsonl:830
Qwen27 / raw generator training target,bethgelab-part-00055-4862,fe7463fa08630eed8e789656210e368e226c85dfc602dfe3aa77ca4962831563,12,0.1349009900990099,0.08787128712871287,5,0,/e/fscratch/reformo/schuhmann1/scientific-distillation-865-20261004/release/data/train.jsonl:831
Qwen27 / validated corrected final (separate view),bethgelab-part-00055-4862,fe7463fa08630eed8e789656210e368e226c85dfc602dfe3aa77ca4962831563,22,0.14067861227601983,0.09035455585207777,5,0,/e/fscratch/reformo/schuhmann1/scientific-distillation-865-20261004/release/data/train.jsonl:831
Qwen27 / raw generator training target,bethgelab-part-00055-4865,c35fe818a1ef622e04d9538bf3fc75a96459f4f564a2a69e9c7767c4397ba278,29,0.27214474180173387,0.2156049754994346,4,0,/e/fscratch/reformo/schuhmann1/scientific-distillation-865-20261004/release/data/train.jsonl:832
Qwen27 / validated corrected final (separate view),bethgelab-part-00055-4865,c35fe818a1ef622e04d9538bf3fc75a96459f4f564a2a69e9c7767c4397ba278,29,0.279126213592233,0.22295423023578365,4,0,/e/fscratch/reformo/schuhmann1/scientific-distillation-865-20261004/release/data/train.jsonl:832
Qwen27 / raw generator training target,bethgelab-part-00055-488,dae11cec527a035626cf55b4d8b12cb9b71a0c56bb581cdf0ce5b3d52fc51d99,29,0.23218390804597702,0.19632183908045978,5,0,/e/fscratch/reformo/schuhmann1/scientific-distillation-865-20261004/release/data/train.jsonl:833
Qwen27 / validated corrected final (separate view),bethgelab-part-00055-488,dae11cec527a035626cf55b4d8b12cb9b71a0c56bb581cdf0ce5b3d52fc51d99,29,0.24471434997750788,0.206927575348628,5,0,/e/fscratch/reformo/schuhmann1/scientific-distillation-865-20261004/release/data/train.jsonl:833
Qwen27 / raw generator training target,bethgelab-part-00055-4892,f985d1fcd5567284e2db717f149e7cddae18bb32afe164c5cdfa31d97d244ab6,21,0.1741405082212257,0.11659192825112108,5,0,/e/fscratch/reformo/schuhmann1/scientific-distillation-865-20261004/release/data/train.jsonl:834
Qwen27 / validated corrected final (separate view),bethgelab-part-00055-4892,f985d1fcd5567284e2db717f149e7cddae18bb32afe164c5cdfa31d97d244ab6,21,0.17591623036649215,0.12216404886561955,5,0,/e/fscratch/reformo/schuhmann1/scientific-distillation-865-20261004/release/data/train.jsonl:834
Qwen27 / raw generator training target,bethgelab-part-00055-497,bdddabef127ec532b45120e9b82be4f0e89dec6f008884098dec090dc6eca74f,30,0.24660869565217391,0.21913043478260869,5,0,/e/fscratch/reformo/schuhmann1/scientific-distillation-865-20261004/release/data/train.jsonl:835
Qwen27 / validated corrected final (separate view),bethgelab-part-00055-497,bdddabef127ec532b45120e9b82be4f0e89dec6f008884098dec090dc6eca74f,30,0.2539570875835385,0.22405909250791417,5,0,/e/fscratch/reformo/schuhmann1/scientific-distillation-865-20261004/release/data/train.jsonl:835
Qwen27 / raw generator training target,bethgelab-part-00055-4978,25a94017fd6431052e1295fbdd1cf6566397e545b6c2d73aa90a96ede9b4b2c9,29,0.35342691990090835,0.3137902559867878,4,0,/e/fscratch/reformo/schuhmann1/scientific-distillation-865-20261004/release/data/train.jsonl:836
Qwen27 / validated corrected final (separate view),bethgelab-part-00055-4978,25a94017fd6431052e1295fbdd1cf6566397e545b6c2d73aa90a96ede9b4b2c9,29,0.3924261339991677,0.35746982937994176,4,0,/e/fscratch/reformo/schuhmann1/scientific-distillation-865-20261004/release/data/train.jsonl:836
Qwen27 / raw generator training target,bethgelab-part-00055-4989,a91f053132e477edb61399d567393e604e86a315cf778aab90174dc28a4a38f4,18,0.19468045807166606,0.12744735869966753,5,0,/e/fscratch/reformo/schuhmann1/scientific-distillation-865-20261004/release/data/train.jsonl:837
Qwen27 / validated corrected final (separate view),bethgelab-part-00055-4989,a91f053132e477edb61399d567393e604e86a315cf778aab90174dc28a4a38f4,19,0.19097339171438193,0.12563152576625125,5,0,/e/fscratch/reformo/schuhmann1/scientific-distillation-865-20261004/release/data/train.jsonl:837
Qwen27 / raw generator training target,bethgelab-part-00055-503,c929695fb6a1de5f4ab527786e38869c38161cf8ff5b110ea30f630387bfe112,12,0.08883248730964467,0.05583756345177665,3,0,/e/fscratch/reformo/schuhmann1/scientific-distillation-865-20261004/release/data/train.jsonl:838
Qwen27 / validated corrected final (separate view),bethgelab-part-00055-503,c929695fb6a1de5f4ab527786e38869c38161cf8ff5b110ea30f630387bfe112,18,0.0969800085070183,0.06380263717566993,3,0,/e/fscratch/reformo/schuhmann1/scientific-distillation-865-20261004/release/data/train.jsonl:838
Qwen27 / raw generator training target,bethgelab-part-00055-527,d3c44552526d02638f51df2a840176f9bef409bd0f055d348da25bbc2aa884bf,22,0.2517219787100814,0.1897307451471509,4,0,/e/fscratch/reformo/schuhmann1/scientific-distillation-865-20261004/release/data/train.jsonl:839
Qwen27 / validated corrected final (separate view),bethgelab-part-00055-527,d3c44552526d02638f51df2a840176f9bef409bd0f055d348da25bbc2aa884bf,22,0.2575710271620356,0.19388073680924134,4,0,/e/fscratch/reformo/schuhmann1/scientific-distillation-865-20261004/release/data/train.jsonl:839
Qwen27 / raw generator training target,bethgelab-part-00055-548,9cc57d37999c40353e244a05faa6241ad34517bac6c71542adf7309cdaf495af,27,0.34205426356589147,0.29941860465116277,5,0,/e/fscratch/reformo/schuhmann1/scientific-distillation-865-20261004/release/data/train.jsonl:840
Qwen27 / validated corrected final (separate view),bethgelab-part-00055-548,9cc57d37999c40353e244a05faa6241ad34517bac6c71542adf7309cdaf495af,27,0.35,0.3038461538461538,5,0,/e/fscratch/reformo/schuhmann1/scientific-distillation-865-20261004/release/data/train.jsonl:840
Qwen27 / raw generator training target,bethgelab-part-00055-556,ab08a5d9b6109dff2b445089163f12cbb0889097ff302ef70e9de18057f761dc,27,0.19794871794871796,0.16307692307692306,5,0,/e/fscratch/reformo/schuhmann1/scientific-distillation-865-20261004/release/data/train.jsonl:841
Qwen27 / validated corrected final (separate view),bethgelab-part-00055-556,ab08a5d9b6109dff2b445089163f12cbb0889097ff302ef70e9de18057f761dc,27,0.19328010645375915,0.16134397870924816,5,0,/e/fscratch/reformo/schuhmann1/scientific-distillation-865-20261004/release/data/train.jsonl:841
Qwen27 / raw generator training target,bethgelab-part-00055-568,9e6fa37e58d43658781128da1e35f6b9b57d60bb84b300e424c65d209dc8309b,16,0.16610333172380493,0.12844036697247707,6,1,/e/fscratch/reformo/schuhmann1/scientific-distillation-865-20261004/release/data/train.jsonl:842
Qwen27 / validated corrected final (separate view),bethgelab-part-00055-568,9e6fa37e58d43658781128da1e35f6b9b57d60bb84b300e424c65d209dc8309b,16,0.16736990154711673,0.1279887482419128,5,0,/e/fscratch/reformo/schuhmann1/scientific-distillation-865-20261004/release/data/train.jsonl:842
Qwen27 / raw generator training target,bethgelab-part-00055-587,f378695c4306abcefe64617b9e14161a51884f3c659863f8678a4608ef8bbae4,21,0.3898643256185156,0.3292098962490024,5,0,/e/fscratch/reformo/schuhmann1/scientific-distillation-865-20261004/release/data/train.jsonl:843
Qwen27 / validated corrected final (separate view),bethgelab-part-00055-587,f378695c4306abcefe64617b9e14161a51884f3c659863f8678a4608ef8bbae4,25,0.39096267190569745,0.331237721021611,5,0,/e/fscratch/reformo/schuhmann1/scientific-distillation-865-20261004/release/data/train.jsonl:843
Qwen27 / raw generator training target,bethgelab-part-00055-632,f336903ccb8af908c865a85e681481817bb38bb67663fb809a40278bea8d151b,21,0.056210335448776065,0.04805077062556664,4,0,/e/fscratch/reformo/schuhmann1/scientific-distillation-865-20261004/release/data/train.jsonl:844
Qwen27 / validated corrected final (separate view),bethgelab-part-00055-632,f336903ccb8af908c865a85e681481817bb38bb67663fb809a40278bea8d151b,21,0.05911552346570397,0.050992779783393505,4,0,/e/fscratch/reformo/schuhmann1/scientific-distillation-865-20261004/release/data/train.jsonl:844
Qwen27 / raw generator training target,bethgelab-part-00055-637,e301e8c4537c44bbd4e6e14032ee45fa965ddbf8b1a258e0beab7b0a6dccfe6d,19,0.18729372937293728,0.13407590759075907,5,0,/e/fscratch/reformo/schuhmann1/scientific-distillation-865-20261004/release/data/train.jsonl:845
Qwen27 / validated corrected final (separate view),bethgelab-part-00055-637,e301e8c4537c44bbd4e6e14032ee45fa965ddbf8b1a258e0beab7b0a6dccfe6d,19,0.19359534206695778,0.1401018922852984,5,0,/e/fscratch/reformo/schuhmann1/scientific-distillation-865-20261004/release/data/train.jsonl:845
Qwen27 / raw generator training target,bethgelab-part-00055-67,550d75f992a445391ec9552f86e597e561703b98fc50237b12f69a7ea4afc2a7,17,0.1465692245229395,0.09541209906617945,6,1,/e/fscratch/reformo/schuhmann1/scientific-distillation-865-20261004/release/data/train.jsonl:846
Qwen27 / validated corrected final (separate view),bethgelab-part-00055-67,550d75f992a445391ec9552f86e597e561703b98fc50237b12f69a7ea4afc2a7,17,0.16483516483516483,0.11708980674497915,5,0,/e/fscratch/reformo/schuhmann1/scientific-distillation-865-20261004/release/data/train.jsonl:846
Qwen27 / raw generator training target,bethgelab-part-00055-680,35a8226408a0b005233690ff2371a988aa9ac746457e4d56b8e63c233640f1f2,19,0.1871577899452464,0.1602787456445993,5,0,/e/fscratch/reformo/schuhmann1/scientific-distillation-865-20261004/release/data/train.jsonl:847
Qwen27 / validated corrected final (separate view),bethgelab-part-00055-680,35a8226408a0b005233690ff2371a988aa9ac746457e4d56b8e63c233640f1f2,19,0.1780821917808219,0.15422006186478127,5,0,/e/fscratch/reformo/schuhmann1/scientific-distillation-865-20261004/release/data/train.jsonl:847
Qwen27 / raw generator training target,bethgelab-part-00055-71,e9f97bfb55ab99b9e2ef8d7bb35f4b75d1f6215955a1b45438256447dba08830,22,0.1818936877076412,0.13704318936877077,5,0,/e/fscratch/reformo/schuhmann1/scientific-distillation-865-20261004/release/data/train.jsonl:848
Qwen27 / validated corrected final (separate view),bethgelab-part-00055-71,e9f97bfb55ab99b9e2ef8d7bb35f4b75d1f6215955a1b45438256447dba08830,22,0.2058220582205822,0.15908159081590817,5,0,/e/fscratch/reformo/schuhmann1/scientific-distillation-865-20261004/release/data/train.jsonl:848
Qwen27 / raw generator training target,bethgelab-part-00055-744,e179ac05075058ff1acb896af42fdf655390425fd9d58c565f677ac2ff40ab82,16,0.15065999089667728,0.09604005461993628,5,0,/e/fscratch/reformo/schuhmann1/scientific-distillation-865-20261004/release/data/train.jsonl:849
Qwen27 / validated corrected final (separate view),bethgelab-part-00055-744,e179ac05075058ff1acb896af42fdf655390425fd9d58c565f677ac2ff40ab82,19,0.16959855660802886,0.11817771763644565,5,0,/e/fscratch/reformo/schuhmann1/scientific-distillation-865-20261004/release/data/train.jsonl:849
Qwen27 / raw generator training target,bethgelab-part-00055-766,2bc091686863d81e0f6bdc43b39ba803f99249f059ec590b74334bb4bf5e8989,26,0.3173319858514401,0.26680141485598785,4,0,/e/fscratch/reformo/schuhmann1/scientific-distillation-865-20261004/release/data/train.jsonl:850
Qwen27 / validated corrected final (separate view),bethgelab-part-00055-766,2bc091686863d81e0f6bdc43b39ba803f99249f059ec590b74334bb4bf5e8989,26,0.3274123859817571,0.27364378300528086,5,0,/e/fscratch/reformo/schuhmann1/scientific-distillation-865-20261004/release/data/train.jsonl:850
Qwen27 / raw generator training target,bethgelab-part-00055-770,ea56369fbe92747b43843fa90726e5c45bbef43326a584a7f316a341d6c8aeb2,15,0.09751108080463688,0.0726218888510058,5,1,/e/fscratch/reformo/schuhmann1/scientific-distillation-865-20261004/release/data/train.jsonl:851
Qwen27 / validated corrected final (separate view),bethgelab-part-00055-770,ea56369fbe92747b43843fa90726e5c45bbef43326a584a7f316a341d6c8aeb2,15,0.09854876814039824,0.07188660141748228,5,0,/e/fscratch/reformo/schuhmann1/scientific-distillation-865-20261004/release/data/train.jsonl:851
Qwen27 / raw generator training target,bethgelab-part-00055-773,35333c66d8b4d9ce6a8eeea5d811d80ee2e3f7ec8902274c329a240b25600e01,24,0.3181262729124236,0.28879837067209774,5,0,/e/fscratch/reformo/schuhmann1/scientific-distillation-865-20261004/release/data/train.jsonl:852
Qwen27 / validated corrected final (separate view),bethgelab-part-00055-773,35333c66d8b4d9ce6a8eeea5d811d80ee2e3f7ec8902274c329a240b25600e01,24,0.32097288676236047,0.28987240829346095,5,0,/e/fscratch/reformo/schuhmann1/scientific-distillation-865-20261004/release/data/train.jsonl:852
Qwen27 / raw generator training target,bethgelab-part-00055-795,e4bb40de376cac485e4c3d5232acbf568357a1f0ecfb2c5e69b13b78a757a39b,21,0.18991416309012876,0.1473533619456366,6,2,/e/fscratch/reformo/schuhmann1/scientific-distillation-865-20261004/release/data/train.jsonl:853
Qwen27 / validated corrected final (separate view),bethgelab-part-00055-795,e4bb40de376cac485e4c3d5232acbf568357a1f0ecfb2c5e69b13b78a757a39b,21,0.2247393024092053,0.17979144192736426,5,0,/e/fscratch/reformo/schuhmann1/scientific-distillation-865-20261004/release/data/train.jsonl:853
Qwen27 / raw generator training target,bethgelab-part-00055-801,410cd700c0a520414e054a41ce12bbb3819cf0a7921f2c08bcd6530ed291d86b,23,0.25037878787878787,0.20946969696969697,5,0,/e/fscratch/reformo/schuhmann1/scientific-distillation-865-20261004/release/data/train.jsonl:854
Qwen27 / validated corrected final (separate view),bethgelab-part-00055-801,410cd700c0a520414e054a41ce12bbb3819cf0a7921f2c08bcd6530ed291d86b,23,0.25037878787878787,0.20946969696969697,5,0,/e/fscratch/reformo/schuhmann1/scientific-distillation-865-20261004/release/data/train.jsonl:854
Qwen27 / raw generator training target,bethgelab-part-00055-855,b123c7d500f26a0267e7c2b669b701b1349c37e864208bae1197462c8aae72a8,20,0.31161364507474126,0.2560367957071675,5,0,/e/fscratch/reformo/schuhmann1/scientific-distillation-865-20261004/release/data/train.jsonl:855
Qwen27 / validated corrected final (separate view),bethgelab-part-00055-855,b123c7d500f26a0267e7c2b669b701b1349c37e864208bae1197462c8aae72a8,20,0.31375521030693443,0.2588101553618795,5,0,/e/fscratch/reformo/schuhmann1/scientific-distillation-865-20261004/release/data/train.jsonl:855
Qwen27 / raw generator training target,bethgelab-part-00055-858,28b9abb4da62fedfba49f70316277d940b431e461b897e2967c0dae397f51cc1,17,0.16774791473586653,0.12604263206672844,5,0,/e/fscratch/reformo/schuhmann1/scientific-distillation-865-20261004/release/data/train.jsonl:856
Qwen27 / validated corrected final (separate view),bethgelab-part-00055-858,28b9abb4da62fedfba49f70316277d940b431e461b897e2967c0dae397f51cc1,17,0.1790468012022327,0.13267496779733792,5,0,/e/fscratch/reformo/schuhmann1/scientific-distillation-865-20261004/release/data/train.jsonl:856
Qwen27 / raw generator training target,bethgelab-part-00055-862,b0f5c06f3d57757cd2bd263c82c04405163ef7e9d90a38b2bd9b6228e03b18f6,20,0.2553418803418803,0.2297008547008547,5,0,/e/fscratch/reformo/schuhmann1/scientific-distillation-865-20261004/release/data/train.jsonl:857
Qwen27 / validated corrected final (separate view),bethgelab-part-00055-862,b0f5c06f3d57757cd2bd263c82c04405163ef7e9d90a38b2bd9b6228e03b18f6,20,0.25339366515837103,0.22926093514328807,5,0,/e/fscratch/reformo/schuhmann1/scientific-distillation-865-20261004/release/data/train.jsonl:857
Qwen27 / raw generator training target,bethgelab-part-00055-908,67a39826250949599aaea3368b69cb673102dde5a5ab106adb38107151e8b66f,24,0.40071237756010686,0.3392698130008905,5,0,/e/fscratch/reformo/schuhmann1/scientific-distillation-865-20261004/release/data/train.jsonl:858
Qwen27 / validated corrected final (separate view),bethgelab-part-00055-908,67a39826250949599aaea3368b69cb673102dde5a5ab106adb38107151e8b66f,24,0.40071237756010686,0.3392698130008905,5,0,/e/fscratch/reformo/schuhmann1/scientific-distillation-865-20261004/release/data/train.jsonl:858
Qwen27 / raw generator training target,bethgelab-part-00055-953,4c4dfc34cdd65995810cf1eaa96ac5e916009bf99de687cc4d79d99130b6c021,16,0.1371571072319202,0.1172069825436409,4,0,/e/fscratch/reformo/schuhmann1/scientific-distillation-865-20261004/release/data/train.jsonl:859
Qwen27 / validated corrected final (separate view),bethgelab-part-00055-953,4c4dfc34cdd65995810cf1eaa96ac5e916009bf99de687cc4d79d99130b6c021,16,0.16273393002441008,0.13588283157038242,4,0,/e/fscratch/reformo/schuhmann1/scientific-distillation-865-20261004/release/data/train.jsonl:859
Qwen27 / raw generator training target,bethgelab-part-00055-955,aa23837ffd1d7fa93fa311ef36947a4938b2dcf88f09be09bc1776e89c0bbbc7,17,0.139683895771038,0.09653994019649723,4,0,/e/fscratch/reformo/schuhmann1/scientific-distillation-865-20261004/release/data/train.jsonl:860
Qwen27 / validated corrected final (separate view),bethgelab-part-00055-955,aa23837ffd1d7fa93fa311ef36947a4938b2dcf88f09be09bc1776e89c0bbbc7,17,0.13636363636363635,0.09537337662337662,4,0,/e/fscratch/reformo/schuhmann1/scientific-distillation-865-20261004/release/data/train.jsonl:860
Qwen27 / raw generator training target,bethgelab-part-00055-958,020db94475d82355e873b8401e47ade090f82bac269449a65598a353b7a7d927,16,0.18043331076506433,0.13337846987136087,5,0,/e/fscratch/reformo/schuhmann1/scientific-distillation-865-20261004/release/data/train.jsonl:861
Qwen27 / validated corrected final (separate view),bethgelab-part-00055-958,020db94475d82355e873b8401e47ade090f82bac269449a65598a353b7a7d927,16,0.16954377311960542,0.124845869297164,5,0,/e/fscratch/reformo/schuhmann1/scientific-distillation-865-20261004/release/data/train.jsonl:861
Qwen27 / raw generator training target,bethgelab-part-00055-97,c55e8d79a59e53743940848768c4710e606c57230f972d8c4a5740e26282f05e,23,0.33645183645183646,0.2751212751212751,6,4,/e/fscratch/reformo/schuhmann1/scientific-distillation-865-20261004/release/data/train.jsonl:862
Qwen27 / validated corrected final (separate view),bethgelab-part-00055-97,c55e8d79a59e53743940848768c4710e606c57230f972d8c4a5740e26282f05e,23,0.347009735744089,0.2809457579972184,5,0,/e/fscratch/reformo/schuhmann1/scientific-distillation-865-20261004/release/data/train.jsonl:862
Qwen27 / raw generator training target,bethgelab-part-00055-984,ffce0cf515798e1b736a9f64151badd43d7db8640409100c62ea5b1b1f5a6ff7,23,0.3253646677471637,0.25810372771474877,5,0,/e/fscratch/reformo/schuhmann1/scientific-distillation-865-20261004/release/data/train.jsonl:863
Qwen27 / validated corrected final (separate view),bethgelab-part-00055-984,ffce0cf515798e1b736a9f64151badd43d7db8640409100c62ea5b1b1f5a6ff7,34,0.3259341472438032,0.26230114687384387,5,0,/e/fscratch/reformo/schuhmann1/scientific-distillation-865-20261004/release/data/train.jsonl:863
Qwen27 / raw generator training target,bethgelab-part-00055-989,e7b7241d2166a234ade976315726b405a01a37b1fd9a1eba37b8e7fbcad0582e,13,0.07823029592733666,0.05010254907705831,4,0,/e/fscratch/reformo/schuhmann1/scientific-distillation-865-20261004/release/data/train.jsonl:864
Qwen27 / validated corrected final (separate view),bethgelab-part-00055-989,e7b7241d2166a234ade976315726b405a01a37b1fd9a1eba37b8e7fbcad0582e,17,0.09179019384264538,0.0661345496009122,4,0,/e/fscratch/reformo/schuhmann1/scientific-distillation-865-20261004/release/data/train.jsonl:864
Qwen27 / raw generator training target,bethgelab-part-00055-994,517c0607d3b870cc26ff9f0f76d04e0a640029e1e321f4984a9c4cbdcdbe1c52,16,0.18735719725818736,0.138994668697639,5,0,/e/fscratch/reformo/schuhmann1/scientific-distillation-865-20261004/release/data/train.jsonl:865
Qwen27 / validated corrected final (separate view),bethgelab-part-00055-994,517c0607d3b870cc26ff9f0f76d04e0a640029e1e321f4984a9c4cbdcdbe1c52,15,0.1978102189781022,0.14635036496350365,5,0,/e/fscratch/reformo/schuhmann1/scientific-distillation-865-20261004/release/data/train.jsonl:865
Ornith9B / raw generator training target,arxiv-new_00338-1007,87619e52c79130cda96e462b73e69574a356f62faff3ff9554a6b5a461506807,17,0.16470074268239407,0.11402359108781127,8,2,/e/fscratch/reformo/schuhmann1/ornith-distillation-736-20261004/release/data/train.jsonl:1
Ornith9B / raw generator training target,arxiv-new_00338-1013,b6c42d40c5311e341fff45836af80f08778fd972f33d1fc3643704f8efdcc35a,13,0.10704845814977973,0.07004405286343612,6,2,/e/fscratch/reformo/schuhmann1/ornith-distillation-736-20261004/release/data/train.jsonl:2
Ornith9B / raw generator training target,arxiv-new_00338-1036,6f1f62769672effc4b17dbab92ee0a6f1b9b543d5522eb1321e28a5a274e11ef,17,0.2510183299389002,0.1960285132382892,7,7,/e/fscratch/reformo/schuhmann1/ornith-distillation-736-20261004/release/data/train.jsonl:3
Ornith9B / raw generator training target,arxiv-new_00338-1047,039796b244c66e6ed8399b7425c86406ece8692cbf4200805df3fd21e6daa4b0,14,0.15022860875244937,0.10973220117570215,9,24,/e/fscratch/reformo/schuhmann1/ornith-distillation-736-20261004/release/data/train.jsonl:4
Ornith9B / raw generator training target,arxiv-new_00338-1048,96463c36e8d6c5003612e703394d0ad352d46788d4223220fc86872e1257d3ac,16,0.0400775694893342,0.02068519715578539,19,109,/e/fscratch/reformo/schuhmann1/ornith-distillation-736-20261004/release/data/train.jsonl:5
Ornith9B / raw generator training target,arxiv-new_00338-1052,777ff73e7a6b764872b248cf261ca24aadab7878f6f909dc64a8a5f56a965c90,14,0.3038062283737024,0.24152249134948098,12,58,/e/fscratch/reformo/schuhmann1/ornith-distillation-736-20261004/release/data/train.jsonl:6
Ornith9B / raw generator training target,arxiv-new_00338-1057,fd22a635774048ac7cee5ab92aac49f65214f656cc9d006051d6bd21ad7e595c,17,0.07280647168637212,0.054138145612943375,6,7,/e/fscratch/reformo/schuhmann1/ornith-distillation-736-20261004/release/data/train.jsonl:7
Ornith9B / raw generator training target,arxiv-new_00338-1071,30ae1f524eef4db00c7b500cec3380277d05b6458cc074b5232f63062caf05b7,12,0.10906612133605999,0.08043626448534424,14,46,/e/fscratch/reformo/schuhmann1/ornith-distillation-736-20261004/release/data/train.jsonl:8
Ornith9B / raw generator training target,arxiv-new_00338-1082,8d7bcbf62525761aad4a94610aeac90821eb4660f7017f9bc55d21d5198174d7,29,0.3432682425488181,0.2867420349434738,18,44,/e/fscratch/reformo/schuhmann1/ornith-distillation-736-20261004/release/data/train.jsonl:9
Ornith9B / raw generator training target,arxiv-new_00338-11,895383f513f4aec1f1f24bda418143be11c6871f0e785ac88baa864f53990e9c,18,0.15911730545876887,0.11091753774680604,8,26,/e/fscratch/reformo/schuhmann1/ornith-distillation-736-20261004/release/data/train.jsonl:10
Ornith9B / raw generator training target,arxiv-new_00338-1103,3a190469755c77d9d84ddeaa9f96e6e92d9e2e8d145bb6ea764ae29b50838879,11,0.037745879851143006,0.017543859649122806,9,31,/e/fscratch/reformo/schuhmann1/ornith-distillation-736-20261004/release/data/train.jsonl:11
Ornith9B / raw generator training target,arxiv-new_00338-1108,80863bc5e892cb4c73e3fe07c20199fdd7536f9abca6a63cd72ca07c375ff3ca,10,0.05873379099923722,0.03585049580472922,15,72,/e/fscratch/reformo/schuhmann1/ornith-distillation-736-20261004/release/data/train.jsonl:12
Ornith9B / raw generator training target,arxiv-new_00338-1125,2a8c51891bca8bd137db0e43ad49e584a46208557957f905d74b917fb6208e5e,16,0.18010752688172044,0.128494623655914,11,65,/e/fscratch/reformo/schuhmann1/ornith-distillation-736-20261004/release/data/train.jsonl:13
Ornith9B / raw generator training target,arxiv-new_00338-1130,762bc826a903f224dee76d91118855a1132f7a60c50800f1f4ee83d5c5716330,10,0.0372940156114484,0.02168256721595837,10,12,/e/fscratch/reformo/schuhmann1/ornith-distillation-736-20261004/release/data/train.jsonl:14
Ornith9B / raw generator training target,arxiv-new_00338-1132,86b918f45527f14649c1c3034fd25cb7c0445fbc77d21dfa0752b316fd39761e,7,0.021136063408190225,0.009247027741083224,8,17,/e/fscratch/reformo/schuhmann1/ornith-distillation-736-20261004/release/data/train.jsonl:15
Ornith9B / raw generator training target,arxiv-new_00338-1133,3c74d1bfcbe9a53d0f3a32d4119a590106526b638315658db3c840be96c00aec,23,0.22826086956521738,0.1408514492753623,24,161,/e/fscratch/reformo/schuhmann1/ornith-distillation-736-20261004/release/data/train.jsonl:16
Ornith9B / raw generator training target,arxiv-new_00338-1155,25c7786f3a8e326bbd9d08ae87c04cdc4e1f151ddba028490ef9fd11fb02196a,14,0.09562043795620438,0.0781021897810219,7,10,/e/fscratch/reformo/schuhmann1/ornith-distillation-736-20261004/release/data/train.jsonl:17
Ornith9B / raw generator training target,arxiv-new_00338-1175,7d891e6a51e34c4bb95f486ee0a95613a28f34db7a0732db4cfbb20e6e763da2,11,0.11779448621553884,0.08771929824561403,11,60,/e/fscratch/reformo/schuhmann1/ornith-distillation-736-20261004/release/data/train.jsonl:18
Ornith9B / raw generator training target,arxiv-new_00338-1200,c75d209904e0b6dfcc1354bd8660206205d0ee58face15cf97a54c2bfbad9232,29,0.3078534031413613,0.27486910994764396,8,27,/e/fscratch/reformo/schuhmann1/ornith-distillation-736-20261004/release/data/train.jsonl:19
Ornith9B / raw generator training target,arxiv-new_00338-1210,60a8e82de5f072e79cb7290d1bcb7bea760697dd2202557dbcb487700faf13f9,14,0.1296068796068796,0.09643734643734644,7,11,/e/fscratch/reformo/schuhmann1/ornith-distillation-736-20261004/release/data/train.jsonl:20
Ornith9B / raw generator training target,arxiv-new_00338-1213,880c752b02ae9189d766e6011278c8536085ab682648ba9db765568af3bc6dc0,20,0.1720647773279352,0.15384615384615385,23,106,/e/fscratch/reformo/schuhmann1/ornith-distillation-736-20261004/release/data/train.jsonl:21
Ornith9B / raw generator training target,arxiv-new_00338-1224,c3830a9d524c3d83131e9381e5814f663787b3f76220b0cf43e8cb8c25f70302,10,0.12347117064647642,0.0885264997087944,5,0,/e/fscratch/reformo/schuhmann1/ornith-distillation-736-20261004/release/data/train.jsonl:22
Ornith9B / raw generator training target,arxiv-new_00338-1245,9a0c442727ba70dec94c814babff78756ba14200334dd3790db71e0c25cbad24,13,0.06556503198294243,0.036780383795309166,9,56,/e/fscratch/reformo/schuhmann1/ornith-distillation-736-20261004/release/data/train.jsonl:23
Ornith9B / raw generator training target,arxiv-new_00338-125,0e70e35ddf10258693e883cb187260c768f9d7d44fc058a59c936acb15fb8171,11,0.08396946564885496,0.04103053435114504,12,104,/e/fscratch/reformo/schuhmann1/ornith-distillation-736-20261004/release/data/train.jsonl:24
Ornith9B / raw generator training target,arxiv-new_00338-126,c999d5a5f74c8d6b47ddfa4659424807e1afb29eb34ee47937115208b19a1c47,17,0.277504105090312,0.19376026272577998,9,13,/e/fscratch/reformo/schuhmann1/ornith-distillation-736-20261004/release/data/train.jsonl:25
Ornith9B / raw generator training target,arxiv-new_00338-1281,1d367bf272893e78f7fe4f09d23c1901a54e511344482bf3642be19557840243,13,0.24,0.18181818181818182,7,12,/e/fscratch/reformo/schuhmann1/ornith-distillation-736-20261004/release/data/train.jsonl:26
Ornith9B / raw generator training target,arxiv-new_00338-1283,6dee40fbfe4f792bad27713516a1b79794b335d47c37a63fa3d8d8348591c59f,42,0.42382022471910114,0.3896629213483146,12,110,/e/fscratch/reformo/schuhmann1/ornith-distillation-736-20261004/release/data/train.jsonl:27
Ornith9B / raw generator training target,arxiv-new_00338-1291,ea16a9595ce31ed1994c8d4b709caf492f136277c7eded96cb89f2c67e4f4b19,22,0.17270429654591407,0.13732097725358045,13,44,/e/fscratch/reformo/schuhmann1/ornith-distillation-736-20261004/release/data/train.jsonl:28
Ornith9B / raw generator training target,arxiv-new_00338-1301,1bd5a6d7cea76ec84eb0009335d0319f7e04156dd548008110e18291805ec888,15,0.17807563427477263,0.10914313068453806,12,38,/e/fscratch/reformo/schuhmann1/ornith-distillation-736-20261004/release/data/train.jsonl:29
Ornith9B / raw generator training target,arxiv-new_00338-1303,653097cedfb8e4fdfa1603f93360e27e488d9129d45e4e9a528411b9b279e53f,21,0.12842105263157894,0.10666666666666667,13,18,/e/fscratch/reformo/schuhmann1/ornith-distillation-736-20261004/release/data/train.jsonl:30
Ornith9B / raw generator training target,arxiv-new_00338-1336,2d5ca41c400d3ce297f1def297f5adee01c5ae96ff2750b5e8185d5b3a9af0a8,28,0.1421188630490956,0.13824289405684753,8,40,/e/fscratch/reformo/schuhmann1/ornith-distillation-736-20261004/release/data/train.jsonl:31
Ornith9B / raw generator training target,arxiv-new_00338-1337,0653df9e877a3b6f5b96257ebad5eb301c033369026659106ca80a7a1f9c4260,18,0.48670465337132,0.4131054131054131,8,8,/e/fscratch/reformo/schuhmann1/ornith-distillation-736-20261004/release/data/train.jsonl:32
Ornith9B / raw generator training target,arxiv-new_00338-1354,ea5a7205270659012584c9f10135ff3a818982fdd4f56325ed6b1daf111e2423,14,0.0821917808219178,0.06789755807027993,9,81,/e/fscratch/reformo/schuhmann1/ornith-distillation-736-20261004/release/data/train.jsonl:33
Ornith9B / raw generator training target,arxiv-new_00338-1362,4d58f76f0bdd67705c2b09ebe5c0de18008a2372590a69d91b23e083bace6cf8,10,0.07742461287693561,0.042379788101059496,10,32,/e/fscratch/reformo/schuhmann1/ornith-distillation-736-20261004/release/data/train.jsonl:34
Ornith9B / raw generator training target,arxiv-new_00338-1392,cd767dd28b23df460682df7462673d08f08adff34838f52ea6d47f258cc735f4,21,0.3584905660377358,0.2728199898011219,8,42,/e/fscratch/reformo/schuhmann1/ornith-distillation-736-20261004/release/data/train.jsonl:35
Ornith9B / raw generator training target,arxiv-new_00338-1395,e1f6265b301db97ec2b53a3a12e2f5ddd499c7170da63c0a19fbc0beb40e0961,9,0.08253358925143954,0.05886116442738324,12,70,/e/fscratch/reformo/schuhmann1/ornith-distillation-736-20261004/release/data/train.jsonl:36
Ornith9B / raw generator training target,arxiv-new_00338-1406,77a25069683cf5aa10e6f046b15ce715697799e76ec27392b7acc761effcdf58,18,0.26529659037832787,0.21765530126109295,13,36,/e/fscratch/reformo/schuhmann1/ornith-distillation-736-20261004/release/data/train.jsonl:37
Ornith9B / raw generator training target,arxiv-new_00338-1426,d2e4dedd9c0e838f7ef223bfc186cfb91ec971ae62e3a0d2cfbc8d09ea8854ed,16,0.14370290635091496,0.12109795479009688,14,96,/e/fscratch/reformo/schuhmann1/ornith-distillation-736-20261004/release/data/train.jsonl:38
Ornith9B / raw generator training target,arxiv-new_00338-1431,73416a8c862468b6eaf215f912b3f3ceab4b6fdf110b52d442b8eee3bd4a8d01,10,0.12288447387785136,0.07431935246504782,15,29,/e/fscratch/reformo/schuhmann1/ornith-distillation-736-20261004/release/data/train.jsonl:39
Ornith9B / raw generator training target,arxiv-new_00338-1443,0eb4e63f6304ea1eaa9ef2a9b43d8ae5c2600bd23f02f841aedb67dd010bf79a,22,0.1824175824175824,0.14285714285714285,25,110,/e/fscratch/reformo/schuhmann1/ornith-distillation-736-20261004/release/data/train.jsonl:40
Ornith9B / raw generator training target,arxiv-new_00338-147,5af6334f0992d4027d0653a5256578f8b94923b81c2e76e43ebcb5d045010310,15,0.13768115942028986,0.10869565217391304,14,52,/e/fscratch/reformo/schuhmann1/ornith-distillation-736-20261004/release/data/train.jsonl:41
Ornith9B / raw generator training target,arxiv-new_00338-1471,ff5123faec06ecd545d6ff3999651d9fa3672b3d0f2edf2e185d4b32c5c9690c,10,0.07146974063400577,0.03170028818443804,17,94,/e/fscratch/reformo/schuhmann1/ornith-distillation-736-20261004/release/data/train.jsonl:42
Ornith9B / raw generator training target,arxiv-new_00338-150,456095923228ae398e178b339156f0d2d4ef06b7b0b0e48d0b076a0b690f54c5,10,0.1995528228060369,0.11570709893795417,9,45,/e/fscratch/reformo/schuhmann1/ornith-distillation-736-20261004/release/data/train.jsonl:43
Ornith9B / raw generator training target,arxiv-new_00338-1503,58643c2e83d2e733ede2d769b722573da1c47340e04b79bafbb1b26556a900f4,14,0.17726218097447796,0.11044083526682134,11,50,/e/fscratch/reformo/schuhmann1/ornith-distillation-736-20261004/release/data/train.jsonl:44
Ornith9B / raw generator training target,arxiv-new_00338-1519,11cd61ca6dcfa1ecc1cdea49d06b7c7f2e5acf23572e80515582c9f5957a19e8,10,0.14736842105263157,0.09774436090225563,10,19,/e/fscratch/reformo/schuhmann1/ornith-distillation-736-20261004/release/data/train.jsonl:45
Ornith9B / raw generator training target,arxiv-new_00338-1529,b984e4d206cf15b2dcefdb8d39680949e91030ddba7edc97ec35eae0b4b6718d,18,0.19294117647058823,0.13929411764705882,23,108,/e/fscratch/reformo/schuhmann1/ornith-distillation-736-20261004/release/data/train.jsonl:46
Ornith9B / raw generator training target,arxiv-new_00338-1545,b93ea4b91417a8be92c3f6e7a5860b882c613703f91468dff54f593f0f3f4c63,14,0.03385049365303244,0.02538787023977433,16,85,/e/fscratch/reformo/schuhmann1/ornith-distillation-736-20261004/release/data/train.jsonl:47
Ornith9B / raw generator training target,arxiv-new_00338-1553,197e2d6ac47239a93e589346cb8d88728a7540d191f709e2bbe548e796e8d078,15,0.08691983122362869,0.06666666666666667,12,47,/e/fscratch/reformo/schuhmann1/ornith-distillation-736-20261004/release/data/train.jsonl:48
Ornith9B / raw generator training target,arxiv-new_00338-1562,a5a940c3bf9ce799b6a2d2ff22f13e6690576f0429eeee97eff8071d5cd01889,36,0.24283825473776993,0.1978845306302336,8,39,/e/fscratch/reformo/schuhmann1/ornith-distillation-736-20261004/release/data/train.jsonl:49
Ornith9B / raw generator training target,arxiv-new_00338-1573,b73babe5a13f6df48545094764b6fef56e0bf77b8450d9631a3c8723113f1623,14,0.07967589466576637,0.029709655638082377,7,12,/e/fscratch/reformo/schuhmann1/ornith-distillation-736-20261004/release/data/train.jsonl:50
Ornith9B / raw generator training target,arxiv-new_00338-1575,a416d30b2b394f5b0d9b7785e3879c6df632fca813be0ce997bd2a853f5e555e,16,0.1806966618287373,0.1328011611030479,6,4,/e/fscratch/reformo/schuhmann1/ornith-distillation-736-20261004/release/data/train.jsonl:51
Ornith9B / raw generator training target,arxiv-new_00338-1603,f89e967c5b46b04f44270f9d2fd765f2f552cb9b2dd899019c50d50f14c52216,20,0.20306258322237017,0.1511318242343542,9,45,/e/fscratch/reformo/schuhmann1/ornith-distillation-736-20261004/release/data/train.jsonl:52
Ornith9B / raw generator training target,arxiv-new_00338-1660,8bde10d643672a286b9c7e332b1ff61d664e874df7eed1d0761de368e1a5fbb1,15,0.2992900054614965,0.2599672310212998,16,63,/e/fscratch/reformo/schuhmann1/ornith-distillation-736-20261004/release/data/train.jsonl:53
Ornith9B / raw generator training target,arxiv-new_00338-1670,5abbd3b57567eab4c5c88c2dedf2b67e786745a5d1001a04e05a587b4b6c5ad8,21,0.30042421905129196,0.2564596991901273,9,52,/e/fscratch/reformo/schuhmann1/ornith-distillation-736-20261004/release/data/train.jsonl:54
Ornith9B / raw generator training target,arxiv-new_00338-1680,c10118c1ac4d836b7a7ee0891ee81c60c2bf84130ac7d7a00b94e2f61bb44715,13,0.027916251246261216,0.020937188434695914,12,84,/e/fscratch/reformo/schuhmann1/ornith-distillation-736-20261004/release/data/train.jsonl:55
Ornith9B / raw generator training target,arxiv-new_00338-1682,f2d6b6b1fdae64e165c7a2c0f46cf5c9d8627906259639a8db84fbe95ada52af,29,0.2464604090194022,0.19979024646040902,9,62,/e/fscratch/reformo/schuhmann1/ornith-distillation-736-20261004/release/data/train.jsonl:56
Ornith9B / raw generator training target,arxiv-new_00338-1706,45eb0b1688ea1a6e18eece89048229854c267dd379aaee44be4a1b25b1663ed0,12,0.10526315789473684,0.08174692049272117,7,9,/e/fscratch/reformo/schuhmann1/ornith-distillation-736-20261004/release/data/train.jsonl:57
Ornith9B / raw generator training target,arxiv-new_00338-1726,cc1476fd87579b205d199a1e14d6f8f0fd998c95d17d2b9ee2cee077f6b0dbbc,48,0.4035928143712575,0.3508982035928144,8,27,/e/fscratch/reformo/schuhmann1/ornith-distillation-736-20261004/release/data/train.jsonl:58
Ornith9B / raw generator training target,arxiv-new_00338-1738,e9556f60aafe293a1673c18ad856492656386758a5bd34d05253cd2514ca9b85,36,0.1847766133480419,0.13513513513513514,10,40,/e/fscratch/reformo/schuhmann1/ornith-distillation-736-20261004/release/data/train.jsonl:59
Ornith9B / raw generator training target,arxiv-new_00338-1739,9fc4b064e6bdd2cce99c89d5579f122db213dc2c43ec3e697ebf622db0fdec95,17,0.07419354838709677,0.041935483870967745,6,10,/e/fscratch/reformo/schuhmann1/ornith-distillation-736-20261004/release/data/train.jsonl:60
Ornith9B / raw generator training target,arxiv-new_00338-1752,e16aefe11b20ca0f80378ff472d451d5478a71bbe12a89dade1c34f90b78b193,10,0.08226837060702875,0.048722044728434506,16,29,/e/fscratch/reformo/schuhmann1/ornith-distillation-736-20261004/release/data/train.jsonl:61
Ornith9B / raw generator training target,arxiv-new_00338-1797,988240fd17e2877f1ccd96e4ef8cf5a7621ad2c1eb31f6fca7a7fff6bfd47216,11,0.10524316109422492,0.05737082066869301,5,2,/e/fscratch/reformo/schuhmann1/ornith-distillation-736-20261004/release/data/train.jsonl:62
Ornith9B / raw generator training target,arxiv-new_00338-1801,0817fd502bfa82ac81d534b8113fed4c70c1830489fd212a726e7ea4e369acb6,12,0.11360874848116646,0.08809234507897934,10,40,/e/fscratch/reformo/schuhmann1/ornith-distillation-736-20261004/release/data/train.jsonl:63
Ornith9B / raw generator training target,arxiv-new_00338-1819,6e9c929a0d13c3b7e4d1ebc9c5a0249c7a16b0c4b3c7ac67c0c443555776db0e,21,0.25523809523809526,0.16380952380952382,7,15,/e/fscratch/reformo/schuhmann1/ornith-distillation-736-20261004/release/data/train.jsonl:64
Ornith9B / raw generator training target,arxiv-new_00338-1820,f5e06e4b293dabb54236183444080d0e7a7f55944cc471901af34430314b36ab,54,0.15751158173395102,0.1257445400397088,13,19,/e/fscratch/reformo/schuhmann1/ornith-distillation-736-20261004/release/data/train.jsonl:65
Ornith9B / raw generator training target,arxiv-new_00338-1827,740bf2c48a23e8ae90b5be01934dd422b84213609d6480ecc66cdf07dfc6e5ca,10,0.07784431137724551,0.058247142079477406,6,4,/e/fscratch/reformo/schuhmann1/ornith-distillation-736-20261004/release/data/train.jsonl:66
Ornith9B / raw generator training target,arxiv-new_00338-1839,dff57b805d94ea28803249137a9deded52aa9265a88767f1bf72a06cdd629d0a,18,0.30827325780981807,0.26913834534843806,12,93,/e/fscratch/reformo/schuhmann1/ornith-distillation-736-20261004/release/data/train.jsonl:67
Ornith9B / raw generator training target,arxiv-new_00338-1842,6c91fb62792da065f80b2bb5586983f0a2a80b239bf639bc635a9777c8aa7d1e,14,0.20550964187327825,0.1746556473829201,11,23,/e/fscratch/reformo/schuhmann1/ornith-distillation-736-20261004/release/data/train.jsonl:68
Ornith9B / raw generator training target,arxiv-new_00338-1846,f34c854eb6da41363077bf44b24e8468b8e0cbdac1c6d0c6a01a6e100904dac9,18,0.17988883274381,0.1374431531076301,10,53,/e/fscratch/reformo/schuhmann1/ornith-distillation-736-20261004/release/data/train.jsonl:69
Ornith9B / raw generator training target,arxiv-new_00338-1857,9f7c70b93fbb0d0f1afd162b4ec916f75d68c8372517fe202eda6d701e524cba,7,0.024844720496894408,0.017391304347826087,8,21,/e/fscratch/reformo/schuhmann1/ornith-distillation-736-20261004/release/data/train.jsonl:70
Ornith9B / raw generator training target,arxiv-new_00338-1867,134d53e352968f047edcf18d9b2629fb3657f6b3499aeaa66603b2f6e8264274,9,0.09447104919460166,0.06835002176752286,13,165,/e/fscratch/reformo/schuhmann1/ornith-distillation-736-20261004/release/data/train.jsonl:71
Ornith9B / raw generator training target,arxiv-new_00338-1875,26d9eb7d6274374ee1991f61af0bc26d526de6c7702e0b7ce0c07d57463c4fad,10,0.06554121151936444,0.029791459781529295,19,83,/e/fscratch/reformo/schuhmann1/ornith-distillation-736-20261004/release/data/train.jsonl:72
Ornith9B / raw generator training target,arxiv-new_00338-1920,68169b35a68f64210182bde9dda3737d07b459f588edc7dab5129dbac77aa172,9,0.07922912205567452,0.027123483226266953,12,57,/e/fscratch/reformo/schuhmann1/ornith-distillation-736-20261004/release/data/train.jsonl:73
Ornith9B / raw generator training target,arxiv-new_00338-1931,d052550f57f91df5e7fae1304478ef7322e2faa8239073dc81fa75c70f9b8364,7,0.05348133198789102,0.035317860746720484,7,10,/e/fscratch/reformo/schuhmann1/ornith-distillation-736-20261004/release/data/train.jsonl:74
Ornith9B / raw generator training target,arxiv-new_00338-1942,1c3bfe1d6811a3cde440d34c34d6eafe3b757c6af2fdb184cfec1a013aa7ac2b,9,0.04925723221266615,0.03049257232212666,9,27,/e/fscratch/reformo/schuhmann1/ornith-distillation-736-20261004/release/data/train.jsonl:75
Ornith9B / raw generator training target,arxiv-new_00338-1985,0f81ce33acf902514278cdf2ccac89fdbb20c4e33e1d9b1872fbf9342c6265aa,13,0.13664987405541562,0.09130982367758186,11,46,/e/fscratch/reformo/schuhmann1/ornith-distillation-736-20261004/release/data/train.jsonl:76
Ornith9B / raw generator training target,arxiv-new_00338-2023,b3b4d2c4bd644ffbac3ad5bccf9f879dbd8b25262be4f7fde4440063bfffdc17,8,0.015384615384615385,0.004733727810650888,8,11,/e/fscratch/reformo/schuhmann1/ornith-distillation-736-20261004/release/data/train.jsonl:77
Ornith9B / raw generator training target,arxiv-new_00338-205,65c5360fbc0b3075a335197f7809f708ef49f2cb69ff26fcfb8995eac5a1db8b,12,0.22748815165876776,0.17061611374407584,14,73,/e/fscratch/reformo/schuhmann1/ornith-distillation-736-20261004/release/data/train.jsonl:78
Ornith9B / raw generator training target,arxiv-new_00338-2101,6d5ce085e9e9d8537e45a4afffa8f9d4df1aa2bd360f59b7e946610e059ec5d0,14,0.1390224358974359,0.09575320512820513,5,0,/e/fscratch/reformo/schuhmann1/ornith-distillation-736-20261004/release/data/train.jsonl:79
Ornith9B / raw generator training target,arxiv-new_00338-2130,3157cf3802ce0f4d0205091f236fc44d0403a6343215609986fa22b795df361f,18,0.15236523652365236,0.11606160616061606,12,55,/e/fscratch/reformo/schuhmann1/ornith-distillation-736-20261004/release/data/train.jsonl:80
Ornith9B / raw generator training target,arxiv-new_00338-2140,62c2b4d285de66a07029ffd4a7b7f0e547d1af79fee56342b0432fc98275d089,14,0.12517449976733364,0.10283852954862727,9,36,/e/fscratch/reformo/schuhmann1/ornith-distillation-736-20261004/release/data/train.jsonl:81
Ornith9B / raw generator training target,arxiv-new_00338-2148,6e8dcb3b1d4d1cdcb282dce4dbd30c513c8fdea8baf2d2cef8f9083b2bbcbc25,16,0.2051035146846413,0.16947520462205104,16,81,/e/fscratch/reformo/schuhmann1/ornith-distillation-736-20261004/release/data/train.jsonl:82
Ornith9B / raw generator training target,arxiv-new_00338-2241,1a708f3ee5d75fc14e7c45adee1a1723375be1475c05dbb47d9452120289ea81,15,0.04810126582278481,0.0379746835443038,7,17,/e/fscratch/reformo/schuhmann1/ornith-distillation-736-20261004/release/data/train.jsonl:83
Ornith9B / raw generator training target,arxiv-new_00338-2260,d8d0aa5caaccd422df6d5896f94b21a124da4a99c5b71e4bec6d0008382df1a5,41,0.11522633744855967,0.102880658436214,7,13,/e/fscratch/reformo/schuhmann1/ornith-distillation-736-20261004/release/data/train.jsonl:84
Ornith9B / raw generator training target,arxiv-new_00338-227,9a3200010c736ebda6c6a9d0762af85e768f037647697d61e88856acfe506158,13,0.10126582278481013,0.05581127733026467,14,81,/e/fscratch/reformo/schuhmann1/ornith-distillation-736-20261004/release/data/train.jsonl:85
Ornith9B / raw generator training target,arxiv-new_00338-2279,30ef33873e0db17ec69d2f76c63acdb2b9a9a5467323cd0568da55d9c66f8e92,22,0.20678642714570858,0.14610778443113773,0,0,/e/fscratch/reformo/schuhmann1/ornith-distillation-736-20261004/release/data/train.jsonl:86
Ornith9B / raw generator training target,arxiv-new_00338-2283,e52d0fa055a7a12b33a76fae4f48bf105f86d15357201feaac595d23cf470882,11,0.09692898272552783,0.0671785028790787,13,83,/e/fscratch/reformo/schuhmann1/ornith-distillation-736-20261004/release/data/train.jsonl:87
Ornith9B / raw generator training target,arxiv-new_00338-2293,7b8b9e0249d99ff7003983b015539bb3d52e468c3c04edfc866f5a6ed55ca672,16,0.12492933860938384,0.0847936687394008,16,52,/e/fscratch/reformo/schuhmann1/ornith-distillation-736-20261004/release/data/train.jsonl:88
Ornith9B / raw generator training target,arxiv-new_00338-2294,58cf30d7b246546f2260fcd96d63583c4a7bce912224f94a51a29948386fd280,17,0.23957290623957292,0.19486152819486152,8,35,/e/fscratch/reformo/schuhmann1/ornith-distillation-736-20261004/release/data/train.jsonl:89
Ornith9B / raw generator training target,arxiv-new_00338-2308,351609e9548697916ac19a7a79540191ca7145af85f85e7accb97b5036451552,11,0.03725656223539373,0.027095681625740897,14,109,/e/fscratch/reformo/schuhmann1/ornith-distillation-736-20261004/release/data/train.jsonl:90
Ornith9B / raw generator training target,arxiv-new_00338-2309,68a6d7d62f64b5581a32f0ff3c7c93454a76ea214988e6f561f6ad8b0e51f8ac,10,0.028288543140028287,0.028288543140028287,14,28,/e/fscratch/reformo/schuhmann1/ornith-distillation-736-20261004/release/data/train.jsonl:91
Ornith9B / raw generator training target,arxiv-new_00338-2323,5159cce1730b2d5f8e28dbc58e981fc521730cb41d39c57bc564145d73588320,8,0.05152838427947598,0.020087336244541485,9,46,/e/fscratch/reformo/schuhmann1/ornith-distillation-736-20261004/release/data/train.jsonl:92
Ornith9B / raw generator training target,arxiv-new_00338-2338,d23f62fe33b983ddea313a49afa784ed1e7318e6441a82beb485d270ec257a2a,16,0.24856096284667714,0.1988487702773417,13,41,/e/fscratch/reformo/schuhmann1/ornith-distillation-736-20261004/release/data/train.jsonl:93
Ornith9B / raw generator training target,arxiv-new_00338-2340,e6d05b031cd90d6760191b8b4078c52ee625bffda346e851826e5c9c9d905291,12,0.08952468850946008,0.06183664051684356,12,27,/e/fscratch/reformo/schuhmann1/ornith-distillation-736-20261004/release/data/train.jsonl:94
Ornith9B / raw generator training target,arxiv-new_00338-2365,4a606b73dadd65d1ec4bf176b91de2a2c7412c9dffcc096c04f3100029a9bf82,16,0.22149032523672293,0.17826265953067105,9,35,/e/fscratch/reformo/schuhmann1/ornith-distillation-736-20261004/release/data/train.jsonl:95
Ornith9B / raw generator training target,arxiv-new_00338-2402,f0aa65c95390a52960637ffcebed0b03392f8ef9da767c9758ab867e85366b5a,21,0.10597826086956522,0.04076086956521739,13,70,/e/fscratch/reformo/schuhmann1/ornith-distillation-736-20261004/release/data/train.jsonl:96
Ornith9B / raw generator training target,arxiv-new_00338-2409,b4cf1e7f3ec8bfb1752faa2b8a2c99e84d633a777c6ecc7bbf474890095f78ee,10,0.08525202240199128,0.06533914125700062,27,81,/e/fscratch/reformo/schuhmann1/ornith-distillation-736-20261004/release/data/train.jsonl:97
Ornith9B / raw generator training target,arxiv-new_00338-242,1a35e3362795c774a846abf85a1975cb2fe471a9e4e271061f534ce797798785,14,0.14243759177679882,0.08957415565345081,9,22,/e/fscratch/reformo/schuhmann1/ornith-distillation-736-20261004/release/data/train.jsonl:98
Ornith9B / raw generator training target,arxiv-new_00338-2435,70889c9ac63171a8fa5ad33b54ca5824da79c6e6229cea0f7c55d2e998d73480,27,0.13073394495412843,0.10665137614678899,14,117,/e/fscratch/reformo/schuhmann1/ornith-distillation-736-20261004/release/data/train.jsonl:99
Ornith9B / raw generator training target,arxiv-new_00338-2444,246faf7e481a2079e98869bde074ea0e1f3627d2fcd5f54fcbc620d23ae15301,9,0.0846055979643766,0.04262086513994911,7,10,/e/fscratch/reformo/schuhmann1/ornith-distillation-736-20261004/release/data/train.jsonl:100
Ornith9B / raw generator training target,arxiv-new_00338-2446,69df2086abdea5b67c4af41f1e8f4ae4981a70b66412a2471b7235ada1628227,14,0.2533211177278974,0.21484196060467248,10,71,/e/fscratch/reformo/schuhmann1/ornith-distillation-736-20261004/release/data/train.jsonl:101
Ornith9B / raw generator training target,arxiv-new_00338-2447,d120e47d11ffdf550a056803c196d6ad310015665c01aa9beee8131bb3128742,19,0.14629948364888123,0.11187607573149742,9,68,/e/fscratch/reformo/schuhmann1/ornith-distillation-736-20261004/release/data/train.jsonl:102
Ornith9B / raw generator training target,arxiv-new_00338-2449,c134b51bd0132d3609848d8461aa7559c8651dd8ee1d5a410a922bbc20adf473,10,0.03462603878116344,0.0221606648199446,16,109,/e/fscratch/reformo/schuhmann1/ornith-distillation-736-20261004/release/data/train.jsonl:103
Ornith9B / raw generator training target,arxiv-new_00338-2458,a6f6e2da75d291bffc8c6b6ef5cd57cf526bd77e8dfdf2a025ac38f7b641ba0c,17,0.1608933454876937,0.12488605287146765,7,3,/e/fscratch/reformo/schuhmann1/ornith-distillation-736-20261004/release/data/train.jsonl:104
Ornith9B / raw generator training target,arxiv-new_00338-248,9a7a896b6917099c9df368f2a03ac5b076038e5932a60112e24252693d609ff6,13,0.1179925253603844,0.0795515216230646,6,8,/e/fscratch/reformo/schuhmann1/ornith-distillation-736-20261004/release/data/train.jsonl:105
Ornith9B / raw generator training target,arxiv-new_00338-2481,daf2cf6ef5d82e2c596e20abe240999711c25d58efa5ab2a08f6043d91557b04,23,0.2690523525513585,0.19350563286944997,7,14,/e/fscratch/reformo/schuhmann1/ornith-distillation-736-20261004/release/data/train.jsonl:106
Ornith9B / raw generator training target,arxiv-new_00338-2508,d88033d0e72673369455e6ac2668d891ee1b0d3d9b974ac41659578921add30c,13,0.035545023696682464,0.02132701421800948,16,63,/e/fscratch/reformo/schuhmann1/ornith-distillation-736-20261004/release/data/train.jsonl:107
Ornith9B / raw generator training target,arxiv-new_00338-2587,2179a9fea8e9f30fd5fef573844454b2a9451d83f40300cdb7067b556f7d32fd,27,0.3171483622350674,0.25934489402697497,25,122,/e/fscratch/reformo/schuhmann1/ornith-distillation-736-20261004/release/data/train.jsonl:108
Ornith9B / raw generator training target,arxiv-new_00338-2598,c5c5d207269606b82e29fe7c098d02018ec402c82d6a8ebb8480b38de518205a,18,0.12642169728783903,0.10279965004374453,11,24,/e/fscratch/reformo/schuhmann1/ornith-distillation-736-20261004/release/data/train.jsonl:109
Ornith9B / raw generator training target,arxiv-new_00338-2621,c5a71df270a1e97d2adcf5d2b1d7d56f5ee25e9efd8adcc14af57f90a6754f09,21,0.16510903426791276,0.13707165109034267,15,129,/e/fscratch/reformo/schuhmann1/ornith-distillation-736-20261004/release/data/train.jsonl:110
Ornith9B / raw generator training target,arxiv-new_00338-2637,9a849b9e331bf4472942d0c5a644d8911c5e3c0b81dece67f4447bf5dc578343,14,0.07288828337874659,0.048365122615803814,17,29,/e/fscratch/reformo/schuhmann1/ornith-distillation-736-20261004/release/data/train.jsonl:111
Ornith9B / raw generator training target,arxiv-new_00338-2638,b97632e37836039d12c6c9450b9772b970613a63c46bfaff09d9ec77af623f4b,9,0.08277404921700224,0.05592841163310962,12,51,/e/fscratch/reformo/schuhmann1/ornith-distillation-736-20261004/release/data/train.jsonl:112
Ornith9B / raw generator training target,arxiv-new_00338-2641,7eddc20ee4a4beb8f5e34409a7a7c215052c67d10301be79340cddccbe964eec,13,0.19825436408977556,0.14588528678304238,16,104,/e/fscratch/reformo/schuhmann1/ornith-distillation-736-20261004/release/data/train.jsonl:113
Ornith9B / raw generator training target,arxiv-new_00338-2659,c8b1fb90a640b407985f1b586b868e691059e79e2b0a070f070ce2c60965b46f,25,0.2224310776942356,0.16604010025062657,9,40,/e/fscratch/reformo/schuhmann1/ornith-distillation-736-20261004/release/data/train.jsonl:114
Ornith9B / raw generator training target,arxiv-new_00338-2663,3a030d0a0bef61e24ab04cda879a90b4c33e305c6ffb4f41a5dc035e879f5816,12,0.13034410844629823,0.11366006256517205,11,94,/e/fscratch/reformo/schuhmann1/ornith-distillation-736-20261004/release/data/train.jsonl:115
Ornith9B / raw generator training target,arxiv-new_00338-2671,b377887a75c9d606e226dec37b71d8bdd9956811945fe951ef6a1cfd310e1bd3,14,0.13483590351917754,0.09766706207987347,7,28,/e/fscratch/reformo/schuhmann1/ornith-distillation-736-20261004/release/data/train.jsonl:116
Ornith9B / raw generator training target,arxiv-new_00338-268,0f20c87082f3b9acbb61f772ec9b419802cca229d798e40643aa6eef95f063be,16,0.07343941248470012,0.06242350061199511,18,125,/e/fscratch/reformo/schuhmann1/ornith-distillation-736-20261004/release/data/train.jsonl:117
Ornith9B / raw generator training target,arxiv-new_00338-2680,267653589199bb64ecb016a63ed5f29985907464d4f81c650e0313de0fd36326,11,0.031201248049921998,0.0265210608424337,9,9,/e/fscratch/reformo/schuhmann1/ornith-distillation-736-20261004/release/data/train.jsonl:118
Ornith9B / raw generator training target,arxiv-new_00338-2708,49963aa3a8d51d33af2ecb5b288d92aa13fbea051807c1364bcfa96c6a258077,9,0.04239533651298357,0.020137784843667197,17,106,/e/fscratch/reformo/schuhmann1/ornith-distillation-736-20261004/release/data/train.jsonl:119
Ornith9B / raw generator training target,arxiv-new_00338-2712,d73e2cfe2a25539e681be4a41f9e0e04931c07a9df74688c1a24f8e03c385bbb,14,0.0886426592797784,0.06786703601108034,11,43,/e/fscratch/reformo/schuhmann1/ornith-distillation-736-20261004/release/data/train.jsonl:120
Ornith9B / raw generator training target,arxiv-new_00338-2716,9b4db2ff43afccc1233b498b40adcc7e2b7a0274b6774f6f1506519c225371d8,20,0.18447246184472463,0.14465826144658261,10,28,/e/fscratch/reformo/schuhmann1/ornith-distillation-736-20261004/release/data/train.jsonl:121
Ornith9B / raw generator training target,arxiv-new_00338-2721,1d6ec25ac8b973d52c07faf8bfd1cc7ab26dc7921fd46d416931c4610040c8ab,10,0.06620808254514188,0.05588993981083405,14,55,/e/fscratch/reformo/schuhmann1/ornith-distillation-736-20261004/release/data/train.jsonl:122
Ornith9B / raw generator training target,arxiv-new_00338-276,e00f059843a7ea13127b58d68b47f6fc120f930612cd0337e0a5aaf793548554,17,0.29560384032339565,0.2501263264274886,14,65,/e/fscratch/reformo/schuhmann1/ornith-distillation-736-20261004/release/data/train.jsonl:123
Ornith9B / raw generator training target,arxiv-new_00338-2772,23d0e7804a8de201aa10bbcc559e11ebb2331afdd6e62fa829e5789af43ea9d9,13,0.10298661174047374,0.07209062821833162,6,2,/e/fscratch/reformo/schuhmann1/ornith-distillation-736-20261004/release/data/train.jsonl:124
Ornith9B / raw generator training target,arxiv-new_00338-2788,8200ef320ca291ce29005171590d99ff83397e424a87b2ea99f5de49cd82e428,12,0.03471444568868981,0.02463605823068309,9,16,/e/fscratch/reformo/schuhmann1/ornith-distillation-736-20261004/release/data/train.jsonl:125
Ornith9B / raw generator training target,arxiv-new_00338-2795,1eec1c2e0ca59c6ff17464425efeb33378138fa120543f1ddbaacaad0f21019b,7,0.03297997644287397,0.008244994110718492,21,141,/e/fscratch/reformo/schuhmann1/ornith-distillation-736-20261004/release/data/train.jsonl:126
Ornith9B / raw generator training target,arxiv-new_00338-2815,74f34a1d5bb8b25e8fab8f66f8269d3929086b98dd6dbd7060937067adf77e58,11,0.06512505899008966,0.03964134025483719,12,113,/e/fscratch/reformo/schuhmann1/ornith-distillation-736-20261004/release/data/train.jsonl:127
Ornith9B / raw generator training target,arxiv-new_00338-2859,4ff01e9400b7e0ae3553a679021b9cf1568bc734a2f5d5a86b599a935c66cb49,10,0.055900621118012424,0.023957409050576754,15,112,/e/fscratch/reformo/schuhmann1/ornith-distillation-736-20261004/release/data/train.jsonl:128
Ornith9B / raw generator training target,arxiv-new_00338-2892,419ff2fee71cd1f711bb2ae6a093d555132aba4f3cb30bf66ae38e3a03569d4c,9,0.10344827586206896,0.06620689655172414,6,1,/e/fscratch/reformo/schuhmann1/ornith-distillation-736-20261004/release/data/train.jsonl:129
Ornith9B / raw generator training target,arxiv-new_00338-2894,210698c02b61682a5189def354f26f9222d469dd50900efba0f9b84a8a9e9c63,107,0.2618110236220472,0.19881889763779528,6,4,/e/fscratch/reformo/schuhmann1/ornith-distillation-736-20261004/release/data/train.jsonl:130
Ornith9B / raw generator training target,arxiv-new_00338-2908,cfd287efcfce8492563ebb92c563cfcc67f49d8c94f4d4e46ca5b1049ef0c414,8,0.03844208396560445,0.02326757713707638,12,82,/e/fscratch/reformo/schuhmann1/ornith-distillation-736-20261004/release/data/train.jsonl:131
Ornith9B / raw generator training target,arxiv-new_00338-2909,014d56dc9189fb5fa03dcd173ede7ae50bc0b7d573cddc8cd9813eaf29def92c,25,0.32457027300303337,0.2851365015166835,17,92,/e/fscratch/reformo/schuhmann1/ornith-distillation-736-20261004/release/data/train.jsonl:132
Ornith9B / raw generator training target,arxiv-new_00338-2923,b7900d9f61d34da41661631703ff264fca69dd33c0002d40ccac02533c179fab,15,0.16052060737527116,0.08966015907447578,8,9,/e/fscratch/reformo/schuhmann1/ornith-distillation-736-20261004/release/data/train.jsonl:133
Ornith9B / raw generator training target,arxiv-new_00338-2964,964f689315d5a664fed7f7d0ea9843664ef2356436507f65c810cea0a0fa3a5a,20,0.16622411046202867,0.13117365905469994,15,126,/e/fscratch/reformo/schuhmann1/ornith-distillation-736-20261004/release/data/train.jsonl:134
Ornith9B / raw generator training target,arxiv-new_00338-2976,ea364c41a11f099609ed78d843a7708028a86f510711ade499b5f779f03dc52a,12,0.19057519057519057,0.11573111573111573,7,2,/e/fscratch/reformo/schuhmann1/ornith-distillation-736-20261004/release/data/train.jsonl:135
Ornith9B / raw generator training target,arxiv-new_00338-2983,5cb45a6c86ebcef5b53a143c5cc71a6664a9fc12f614e46c571976bf9fd55704,8,0.020386826973340304,0.007841087297438577,28,72,/e/fscratch/reformo/schuhmann1/ornith-distillation-736-20261004/release/data/train.jsonl:136
Ornith9B / raw generator training target,arxiv-new_00338-3007,5705c08a64d55a6708f76d39103e1a8938c59f89b58ae92716c78c4f6a10c631,14,0.1252072968490879,0.07545605306799337,6,5,/e/fscratch/reformo/schuhmann1/ornith-distillation-736-20261004/release/data/train.jsonl:137
Ornith9B / raw generator training target,arxiv-new_00338-3015,8e6ac17b9b3017c9f2dca1968f35751792bdfbca90c86f749969b50ccd3470ec,9,0.06598680263947211,0.022795440911817635,9,19,/e/fscratch/reformo/schuhmann1/ornith-distillation-736-20261004/release/data/train.jsonl:138
Ornith9B / raw generator training target,arxiv-new_00338-3037,abef87a8c81352532750ce44792a8fdb69d32ef6aafee90d48672a3be2b45ea7,30,0.21681997371879105,0.16951379763469118,15,52,/e/fscratch/reformo/schuhmann1/ornith-distillation-736-20261004/release/data/train.jsonl:139
Ornith9B / raw generator training target,arxiv-new_00338-3077,b61288de2c60bd6d411c2c049345177f32e250c701adf114c61df9ee27d91465,21,0.11301192327630896,0.09745982374287196,13,69,/e/fscratch/reformo/schuhmann1/ornith-distillation-736-20261004/release/data/train.jsonl:140
Ornith9B / raw generator training target,arxiv-new_00338-3087,0babce3a1372cd4dedfe22423fb331799dd565b8355b14ae025eb169ecc3b66b,7,0.013736263736263736,0.0038461538461538464,9,45,/e/fscratch/reformo/schuhmann1/ornith-distillation-736-20261004/release/data/train.jsonl:141
Ornith9B / raw generator training target,arxiv-new_00338-3139,fc11543fb0bc593a647892fe865c6012a6d103223502c058366c16e21c9a64a0,10,0.10276679841897234,0.06549971767363072,10,20,/e/fscratch/reformo/schuhmann1/ornith-distillation-736-20261004/release/data/train.jsonl:142
Ornith9B / raw generator training target,arxiv-new_00338-314,2b5b225e729a03304269525cc1f67df0902421305c53b6e51e3004ed5713b89a,16,0.10042283298097252,0.09408033826638477,7,15,/e/fscratch/reformo/schuhmann1/ornith-distillation-736-20261004/release/data/train.jsonl:143
Ornith9B / raw generator training target,arxiv-new_00338-3146,6fc4c39c73949816a7e01e5d85b77850a4460d461a950d85584d42d5e8c56614,15,0.0627177700348432,0.047038327526132406,6,15,/e/fscratch/reformo/schuhmann1/ornith-distillation-736-20261004/release/data/train.jsonl:144
Ornith9B / raw generator training target,arxiv-new_00338-3155,ae1533e4d719d2c6fcc36d0606e07b824826ba151ec95c4b61ef370e8dd63cfe,10,0.15133037694013304,0.09146341463414634,9,46,/e/fscratch/reformo/schuhmann1/ornith-distillation-736-20261004/release/data/train.jsonl:145
Ornith9B / raw generator training target,arxiv-new_00338-3159,3e92cde3535c0903971360fd6cdf99c8728761654aed732b7078458bdd21b088,14,0.1945983379501385,0.157202216066482,8,5,/e/fscratch/reformo/schuhmann1/ornith-distillation-736-20261004/release/data/train.jsonl:146
Ornith9B / raw generator training target,arxiv-new_00338-3163,0184bf8717db4ab0dd102ab1227a3b25918419d64322667245102fcdcd7cf39e,14,0.13340623291416073,0.09075997813012575,11,51,/e/fscratch/reformo/schuhmann1/ornith-distillation-736-20261004/release/data/train.jsonl:147
Ornith9B / raw generator training target,arxiv-new_00338-3174,77d47b830a4214052eddfea3bdafca7a01a0bd059f19eef7f6bd49d0d351319c,20,0.33161350844277676,0.29221388367729834,7,1,/e/fscratch/reformo/schuhmann1/ornith-distillation-736-20261004/release/data/train.jsonl:148
Ornith9B / raw generator training target,arxiv-new_00338-3214,86eacd43cf3fb15bcfb12942d796119006d2cf3a35fbc2411ca1ddb8f5cc6214,86,0.2686682063125481,0.2409545804464973,8,42,/e/fscratch/reformo/schuhmann1/ornith-distillation-736-20261004/release/data/train.jsonl:149
Ornith9B / raw generator training target,arxiv-new_00338-3216,78be8080773751f0276705d13a04009f67460478e6b4351274c954ac20f00d53,9,0.04015151515151515,0.035606060606060606,9,31,/e/fscratch/reformo/schuhmann1/ornith-distillation-736-20261004/release/data/train.jsonl:150
Ornith9B / raw generator training target,arxiv-new_00338-3235,f7cc6e8e2e138f81bac8fba01b16d5e354fe0888a720680d45769ee5d9ec4996,12,0.1328600405679513,0.08316430020283976,12,22,/e/fscratch/reformo/schuhmann1/ornith-distillation-736-20261004/release/data/train.jsonl:151
Ornith9B / raw generator training target,arxiv-new_00338-3244,a38e3967d301366d5324a5e760d15cf611c877ecb9ad0ed25492fd3ef6fce146,20,0.060984060984060985,0.04851004851004851,11,25,/e/fscratch/reformo/schuhmann1/ornith-distillation-736-20261004/release/data/train.jsonl:152
Ornith9B / raw generator training target,arxiv-new_00338-3250,67fef02376e46edc14a9d039cee2b52eed3991205573450912ea3eae7195466b,21,0.1039671682626539,0.08755129958960328,6,21,/e/fscratch/reformo/schuhmann1/ornith-distillation-736-20261004/release/data/train.jsonl:153
Ornith9B / raw generator training target,arxiv-new_00338-3266,f5b65d3528b4b7c594c61a0bd143ae234585c4d5415d24d06e3ee4142e612c7d,21,0.42970946579194,0.3683223992502343,10,43,/e/fscratch/reformo/schuhmann1/ornith-distillation-736-20261004/release/data/train.jsonl:154
Ornith9B / raw generator training target,arxiv-new_00338-336,b9ee6bef2aa638c2835dbfdeba6a4c993399563a817fd9765b17079e3e03785d,13,0.23473389355742297,0.173109243697479,12,69,/e/fscratch/reformo/schuhmann1/ornith-distillation-736-20261004/release/data/train.jsonl:155
Ornith9B / raw generator training target,arxiv-new_00338-3369,19a61993a205997923ebc45e41840f28f29ded217a22ea4fc21892eb72b2fc18,21,0.44726120416478043,0.41240380262562243,7,10,/e/fscratch/reformo/schuhmann1/ornith-distillation-736-20261004/release/data/train.jsonl:156
Ornith9B / raw generator training target,arxiv-new_00338-337,91614c44fa92e9a1c06030c2f0341b4b2a175bbca4ed9df592af62b9084b27b9,10,0.10914051841746249,0.07048658481127786,17,111,/e/fscratch/reformo/schuhmann1/ornith-distillation-736-20261004/release/data/train.jsonl:157
Ornith9B / raw generator training target,arxiv-new_00338-3372,6d36c55d31fae6b4697ac9741efbf1b8f128f6ff47c4103ee9191f224a478fd2,18,0.14465092918131592,0.11451531893520844,14,110,/e/fscratch/reformo/schuhmann1/ornith-distillation-736-20261004/release/data/train.jsonl:158
Ornith9B / raw generator training target,arxiv-new_00338-3388,71987c71ef728a311e95e5fe60549f1adf08439628ffc85dea47efa2bbbfa004,30,0.1805026656511805,0.14546839299314546,30,103,/e/fscratch/reformo/schuhmann1/ornith-distillation-736-20261004/release/data/train.jsonl:159
Ornith9B / raw generator training target,arxiv-new_00338-3391,7dcd8865ec0ae8d0cb481e0dfaaf155fdf6ae731558dcc24bbfe5d4b77ad1445,19,0.13935886019590382,0.09928762243989314,10,35,/e/fscratch/reformo/schuhmann1/ornith-distillation-736-20261004/release/data/train.jsonl:160
Ornith9B / raw generator training target,arxiv-new_00338-3392,ef80094267b6c312e151a04c8785f814ef1db5766091777804974f7a66bfb208,12,0.23171521035598705,0.16828478964401294,9,20,/e/fscratch/reformo/schuhmann1/ornith-distillation-736-20261004/release/data/train.jsonl:161
Ornith9B / raw generator training target,arxiv-new_00338-3405,20169542ab5525ad626f3d6110b1895f5290d8e6c7a82fa47667be9b7387e6ea,13,0.2374405076679006,0.19619249074563722,19,103,/e/fscratch/reformo/schuhmann1/ornith-distillation-736-20261004/release/data/train.jsonl:162
Ornith9B / raw generator training target,arxiv-new_00338-3426,ca13967cd7aa39ffc284916534a5772bad9459bc06527d3d7cdc7da85f49aa87,16,0.06060606060606061,0.04345340194396798,7,10,/e/fscratch/reformo/schuhmann1/ornith-distillation-736-20261004/release/data/train.jsonl:163
Ornith9B / raw generator training target,arxiv-new_00338-3460,fac0f59f010822ca6fd1b69b352b82932ca48f8aff90f7492711a935bc8e78d1,31,0.13592946362968406,0.11388684790595151,11,56,/e/fscratch/reformo/schuhmann1/ornith-distillation-736-20261004/release/data/train.jsonl:164
Ornith9B / raw generator training target,arxiv-new_00338-3472,f1504c55e17ced05b1f24099c0751a6cc47c26c935d0b3f6c3795cb16d73e433,18,0.36191860465116277,0.28924418604651164,10,57,/e/fscratch/reformo/schuhmann1/ornith-distillation-736-20261004/release/data/train.jsonl:165
Ornith9B / raw generator training target,arxiv-new_00338-3480,bebccc5d88128447014e1dc5a793209fa837476d020ebf31c2e1a5c79ebfc376,14,0.08947368421052632,0.05263157894736842,20,141,/e/fscratch/reformo/schuhmann1/ornith-distillation-736-20261004/release/data/train.jsonl:166
Ornith9B / raw generator training target,arxiv-new_00338-3485,d2fd7dfd4dcc7ebe16e63942078be06f2e1af711206adbfc90e4001f9fb51f96,14,0.2135770234986945,0.16971279373368145,7,25,/e/fscratch/reformo/schuhmann1/ornith-distillation-736-20261004/release/data/train.jsonl:167
Ornith9B / raw generator training target,arxiv-new_00338-3489,5e5ee2052118d26cc3732ad4733f337e0216a69bfa951c4ec6c2703de1cc49a0,8,0.11267605633802817,0.09030654515327258,9,17,/e/fscratch/reformo/schuhmann1/ornith-distillation-736-20261004/release/data/train.jsonl:168
Ornith9B / raw generator training target,arxiv-new_00338-3496,e806791db0258bbd9b5adabfefc7dec60b768d47afe30089e9381477dd78770f,22,0.2030188679245283,0.17132075471698113,12,30,/e/fscratch/reformo/schuhmann1/ornith-distillation-736-20261004/release/data/train.jsonl:169
Ornith9B / raw generator training target,arxiv-new_00338-3504,1814296ba6c054c5fd29ff81dd80dc7684e7e32ca1d7ef46cb44ee564b356f42,12,0.12110894941634241,0.06857976653696499,6,4,/e/fscratch/reformo/schuhmann1/ornith-distillation-736-20261004/release/data/train.jsonl:170
Ornith9B / raw generator training target,arxiv-new_00338-3516,96646590535e3c16c5d17af6e2191286864a030480ca6ef3412a6ac32105cb3b,9,0.08819133034379671,0.07025411061285501,12,123,/e/fscratch/reformo/schuhmann1/ornith-distillation-736-20261004/release/data/train.jsonl:171
Ornith9B / raw generator training target,arxiv-new_00338-3522,9d2c4aaa6890060a0f740524b8141ba6be86e5adc5cd9bd652127597492ec38c,16,0.1467242055708121,0.11847783444488034,27,132,/e/fscratch/reformo/schuhmann1/ornith-distillation-736-20261004/release/data/train.jsonl:172
Ornith9B / raw generator training target,arxiv-new_00338-3529,34257251c57912eb6bac56c9af5d875681c909960a74465f8beffda1a7f89a60,17,0.18216318785578747,0.1347248576850095,7,3,/e/fscratch/reformo/schuhmann1/ornith-distillation-736-20261004/release/data/train.jsonl:173
Ornith9B / raw generator training target,arxiv-new_00338-353,ea16934fc389696c0c76de6ad18b56bb2be9a20dae2b9899fe824d02471e80f5,16,0.22291993720565148,0.1643118785975929,6,7,/e/fscratch/reformo/schuhmann1/ornith-distillation-736-20261004/release/data/train.jsonl:174
Ornith9B / raw generator training target,arxiv-new_00338-3532,cab542e3bad698f47cf5a16dc20bdbc27eca1bcfd17301fa86f4a956c70642ce,27,0.1987551867219917,0.16887966804979254,9,38,/e/fscratch/reformo/schuhmann1/ornith-distillation-736-20261004/release/data/train.jsonl:175
Ornith9B / raw generator training target,arxiv-new_00338-3541,99582066cf233564e132d908695194dad097af20264285228c4ebf49e4e375c6,6,0.009528851244044468,0.0,24,160,/e/fscratch/reformo/schuhmann1/ornith-distillation-736-20261004/release/data/train.jsonl:176
Ornith9B / raw generator training target,arxiv-new_00338-3563,3cc12b7b58acf399319025590e1a1290f9d1449298a6487634a61dc098b5285b,21,0.35714285714285715,0.319047619047619,8,15,/e/fscratch/reformo/schuhmann1/ornith-distillation-736-20261004/release/data/train.jsonl:177
Ornith9B / raw generator training target,arxiv-new_00338-3586,78af6913dc47c3d9bfe209ab52f94987b9b26bfc600a5f67f4fdab82dd0d11bc,16,0.05667752442996743,0.03713355048859935,9,40,/e/fscratch/reformo/schuhmann1/ornith-distillation-736-20261004/release/data/train.jsonl:178
Ornith9B / raw generator training target,arxiv-new_00338-3592,43e0fe287dc69d77496011e7c46795066758f096fea829d05256bb8b241c7fe0,12,0.07652399481193256,0.0648508430609598,12,48,/e/fscratch/reformo/schuhmann1/ornith-distillation-736-20261004/release/data/train.jsonl:179
Ornith9B / raw generator training target,arxiv-new_00338-3602,dd79b0d37931df7b0a98cac0fa6f9dbf44163f28d331800456185fba20d691a7,26,0.19488817891373802,0.16485623003194888,19,88,/e/fscratch/reformo/schuhmann1/ornith-distillation-736-20261004/release/data/train.jsonl:180
Ornith9B / raw generator training target,arxiv-new_00338-3605,2dca006c269c4307e100e7859fa11aec1d57ac389575e85a2a0347741c8d7dbf,7,0.024756189047261814,0.015753938484621154,7,6,/e/fscratch/reformo/schuhmann1/ornith-distillation-736-20261004/release/data/train.jsonl:181
Ornith9B / raw generator training target,arxiv-new_00338-3631,a574d481d059aaf5753917cde95cfa43a35181c21ae6cf50b4f1671e8641e0b2,15,0.14564220183486237,0.11811926605504587,7,8,/e/fscratch/reformo/schuhmann1/ornith-distillation-736-20261004/release/data/train.jsonl:182
Ornith9B / raw generator training target,arxiv-new_00338-3647,aef41518e38e607e0637cc5ea4bd7395c66696025d3a0a6ab1b936ec2c0419a4,16,0.1218150087260035,0.0862129144851658,0,0,/e/fscratch/reformo/schuhmann1/ornith-distillation-736-20261004/release/data/train.jsonl:183
Ornith9B / raw generator training target,arxiv-new_00338-3650,c8a38e2dd589c27d934f2bf6e391092dc7a3410ff9647dcb46a5306e3206eeb6,21,0.3771723813997182,0.31517144199154534,8,16,/e/fscratch/reformo/schuhmann1/ornith-distillation-736-20261004/release/data/train.jsonl:184
Ornith9B / raw generator training target,arxiv-new_00338-3698,d031c02b8cfaf7a71025ac45c8c38883528f3ff9d2b12427b6b854336efe6ea6,23,0.17275280898876405,0.10112359550561797,14,65,/e/fscratch/reformo/schuhmann1/ornith-distillation-736-20261004/release/data/train.jsonl:185
Ornith9B / raw generator training target,arxiv-new_00338-374,2e0ecaaaf8fa01d609f22e7c80175dced46e8c9cce14d62f4af94f5d7c396bf2,15,0.22905759162303665,0.16230366492146597,12,61,/e/fscratch/reformo/schuhmann1/ornith-distillation-736-20261004/release/data/train.jsonl:186
Ornith9B / raw generator training target,arxiv-new_00338-3770,f676f32519da10bc227674291b6b71acf17ae20cbd8341cd03dc11fbab1931ba,17,0.09760132340777503,0.07278742762613731,12,73,/e/fscratch/reformo/schuhmann1/ornith-distillation-736-20261004/release/data/train.jsonl:187
Ornith9B / raw generator training target,arxiv-new_00338-3780,bc61f62a847b5b7a4ae695a29d105466a5a6cd729ac59fb56f6b269b56522ed5,17,0.16601178781925344,0.12770137524557956,11,27,/e/fscratch/reformo/schuhmann1/ornith-distillation-736-20261004/release/data/train.jsonl:188
Ornith9B / raw generator training target,arxiv-new_00338-3820,f1ab934257d6392df82d28a39cc1a68f0ef208febdabdd8a27bc618511e6dc49,27,0.1027542372881356,0.09639830508474577,13,43,/e/fscratch/reformo/schuhmann1/ornith-distillation-736-20261004/release/data/train.jsonl:189
Ornith9B / raw generator training target,arxiv-new_00338-3832,3b18feb3408a4c9c1feb65efe20d8a63e1dcca75268f2e7dea75c28c78992b76,19,0.3015340364333653,0.2641418983700863,13,63,/e/fscratch/reformo/schuhmann1/ornith-distillation-736-20261004/release/data/train.jsonl:190
Ornith9B / raw generator training target,arxiv-new_00338-3833,9b38375d35ac1247388cad3778d4429408955fb8fad3cf9da28e6ce10e8d9fe5,10,0.06765899864682003,0.04330175913396482,9,28,/e/fscratch/reformo/schuhmann1/ornith-distillation-736-20261004/release/data/train.jsonl:191
Ornith9B / raw generator training target,arxiv-new_00338-3846,042b12d123280264157cacd84c5b919f1ecd6d2ad74af26d5fe4f835fb0a6357,14,0.1131617289946576,0.09567751335599806,11,65,/e/fscratch/reformo/schuhmann1/ornith-distillation-736-20261004/release/data/train.jsonl:192
Ornith9B / raw generator training target,arxiv-new_00338-3852,df24c2399bbb45ccd1b2cff55f6e30cc10aaa4f82b9334777bb270835cda1bee,15,0.06380857427716849,0.0518444666001994,6,10,/e/fscratch/reformo/schuhmann1/ornith-distillation-736-20261004/release/data/train.jsonl:193
Ornith9B / raw generator training target,arxiv-new_00338-3889,f99d5dbfab8d86fbfbbed507cc1d37c9d06577315d5fe362122dd720e9949885,17,0.10676532769556026,0.06871035940803383,25,102,/e/fscratch/reformo/schuhmann1/ornith-distillation-736-20261004/release/data/train.jsonl:194
Ornith9B / raw generator training target,arxiv-new_00338-3899,5ada677592f02e37e1085fce7b6077ff27fcbf91c21323d6fce12caeb3d1007a,16,0.09980582524271844,0.07378640776699029,9,36,/e/fscratch/reformo/schuhmann1/ornith-distillation-736-20261004/release/data/train.jsonl:195
Ornith9B / raw generator training target,arxiv-new_00338-3928,6ed37ef9e5dad5c12862bc0cd381ce5441416ba9dc6bceaa4d5e958a4e77eee0,11,0.07535829865926953,0.04623208506703652,17,117,/e/fscratch/reformo/schuhmann1/ornith-distillation-736-20261004/release/data/train.jsonl:196
Ornith9B / raw generator training target,arxiv-new_00338-3947,2172e8c1e695630155494c97932f6505fd54972b1c4f19ccc4606c323fffcc3c,9,0.02376425855513308,0.02376425855513308,11,17,/e/fscratch/reformo/schuhmann1/ornith-distillation-736-20261004/release/data/train.jsonl:197
Ornith9B / raw generator training target,arxiv-new_00338-3968,3cff0e33677c60a28c583db0d198b408076bcb9f07c66ed982a47fa49c0ae226,12,0.19039250146455772,0.1411833626244874,10,63,/e/fscratch/reformo/schuhmann1/ornith-distillation-736-20261004/release/data/train.jsonl:198
Ornith9B / raw generator training target,arxiv-new_00338-397,97736e8e672ffac30c660018c2689d49bed384b04bcb54021eea2db93f7b7614,11,0.045349730976172176,0.026902382782475018,13,65,/e/fscratch/reformo/schuhmann1/ornith-distillation-736-20261004/release/data/train.jsonl:199
Ornith9B / raw generator training target,arxiv-new_00338-4030,4c1b3c0a00db6fe8aea1348a2a8b060f17d4f3c68baf12b863cd6a65f48dfccf,11,0.042114695340501794,0.00985663082437276,8,17,/e/fscratch/reformo/schuhmann1/ornith-distillation-736-20261004/release/data/train.jsonl:200
Ornith9B / raw generator training target,arxiv-new_00338-4041,f69f18ff673ccdefd8072ba0fd23c80c8800187a461d8f0d692dc3dcab52dd86,9,0.050455927051671734,0.02735562310030395,9,19,/e/fscratch/reformo/schuhmann1/ornith-distillation-736-20261004/release/data/train.jsonl:201
Ornith9B / raw generator training target,arxiv-new_00338-4049,2331fd7d88aa72d1e02e2fb90bf4900c1a3f4f2608c7d58e3c947d98d0eea108,29,0.23742824339839266,0.17956371986222733,4,0,/e/fscratch/reformo/schuhmann1/ornith-distillation-736-20261004/release/data/train.jsonl:202
Ornith9B / raw generator training target,arxiv-new_00338-4058,89abb509e75ddf32cc0ae45d12963bb0943647a3dffdfad301850a762417b1fd,14,0.15517241379310345,0.11161524500907441,16,85,/e/fscratch/reformo/schuhmann1/ornith-distillation-736-20261004/release/data/train.jsonl:203
Ornith9B / raw generator training target,arxiv-new_00338-4101,bce10aaf018115798c59f79a908c197ab3c1f2f530d3aebf913e12655c997f8c,23,0.23297938788257339,0.16239850093691444,9,24,/e/fscratch/reformo/schuhmann1/ornith-distillation-736-20261004/release/data/train.jsonl:204
Ornith9B / raw generator training target,arxiv-new_00338-412,2caa41217aa7e7fd140052be9438bfc7fec5d1378603ef6341ce4f19f5278b1c,21,0.19304152637485972,0.1526374859708193,12,88,/e/fscratch/reformo/schuhmann1/ornith-distillation-736-20261004/release/data/train.jsonl:205
Ornith9B / raw generator training target,arxiv-new_00338-4149,27e24fae225d916b298848c9493fdea6cb7841fa9ef7be60baf971aa2fe301fa,13,0.14546640574037834,0.12198303979125896,9,88,/e/fscratch/reformo/schuhmann1/ornith-distillation-736-20261004/release/data/train.jsonl:206
Ornith9B / raw generator training target,arxiv-new_00338-4152,c7d90388c8fe0e4517598cdcdc546badc22dd916a2e2c1a47dc989d063708251,16,0.19846153846153847,0.11076923076923077,13,146,/e/fscratch/reformo/schuhmann1/ornith-distillation-736-20261004/release/data/train.jsonl:207
Ornith9B / raw generator training target,arxiv-new_00338-4178,aeff28c02dc1dddb942b3c84d645c25208fe262ec2ae857931ccc0f0b48800c4,11,0.055204140310523286,0.027602070155261643,9,19,/e/fscratch/reformo/schuhmann1/ornith-distillation-736-20261004/release/data/train.jsonl:208
Ornith9B / raw generator training target,arxiv-new_00338-4246,7ebfd9a1d7c9eea329ada431d734950e75330f8a1842ce63b77e7e937d101b53,9,0.03619381202568593,0.022183304144775248,14,124,/e/fscratch/reformo/schuhmann1/ornith-distillation-736-20261004/release/data/train.jsonl:209
Ornith9B / raw generator training target,arxiv-new_00338-4265,5ad1d916175268c73c90bf1b4938e06a4ac21f3309d6456a31d6e138b9979977,19,0.062122519413287315,0.03882657463330457,10,57,/e/fscratch/reformo/schuhmann1/ornith-distillation-736-20261004/release/data/train.jsonl:210
Ornith9B / raw generator training target,arxiv-new_00338-4316,ef96e031d989ab4172e05eb1c5edd7b56d472bf010955fbcf85229761309ae0a,25,0.2593886462882096,0.21441048034934498,12,34,/e/fscratch/reformo/schuhmann1/ornith-distillation-736-20261004/release/data/train.jsonl:211
Ornith9B / raw generator training target,arxiv-new_00338-4329,82e429b1969ed40cb6df497509d984aefcd9bc13a926c18424bfc4e1df95a4d1,14,0.10215427380125087,0.09381514940931203,12,27,/e/fscratch/reformo/schuhmann1/ornith-distillation-736-20261004/release/data/train.jsonl:212
Ornith9B / raw generator training target,arxiv-new_00338-4345,145fd601f9444bbfbeca8f057189a868897fe114d43cbf574e6c0f09cfc10cb3,20,0.21257062146892655,0.15254237288135594,13,79,/e/fscratch/reformo/schuhmann1/ornith-distillation-736-20261004/release/data/train.jsonl:213
Ornith9B / raw generator training target,arxiv-new_00338-4396,20cc9fea2dad804e619719253d578ae66a3885cf1f1a11a10a87b3c5dab8de65,11,0.12812299807815503,0.057655349135169766,10,51,/e/fscratch/reformo/schuhmann1/ornith-distillation-736-20261004/release/data/train.jsonl:214
Ornith9B / raw generator training target,arxiv-new_00338-4410,b2b1f5d2096dca3f6fd3fb75f78d83ea6209ab11e791fa392c2139f397211d38,9,0.025412960609911054,0.010165184243964422,9,26,/e/fscratch/reformo/schuhmann1/ornith-distillation-736-20261004/release/data/train.jsonl:215
Ornith9B / raw generator training target,arxiv-new_00338-4413,c2eed47d3248e872e1966dc26e2a9c0f64a1b25d469662553d4fbda989e374ba,11,0.08793324775353016,0.05263157894736842,11,51,/e/fscratch/reformo/schuhmann1/ornith-distillation-736-20261004/release/data/train.jsonl:216
Ornith9B / raw generator training target,arxiv-new_00338-4478,f9bbbc03f48b2354e21e19e05a35d38ab2e855b8dfed449639d5fe38cadc5748,12,0.1402936378466558,0.09135399673735727,19,96,/e/fscratch/reformo/schuhmann1/ornith-distillation-736-20261004/release/data/train.jsonl:217
Ornith9B / raw generator training target,arxiv-new_00338-4557,9535016e1dcd3242670d7267a8ca960ef5397f330a780122e2487209db2c1777,9,0.06975184439973173,0.04560697518443997,14,71,/e/fscratch/reformo/schuhmann1/ornith-distillation-736-20261004/release/data/train.jsonl:218
Ornith9B / raw generator training target,arxiv-new_00338-4567,5009b79c66a94c8bd54678e9c0d30119b0deac04dee0b8df83d5a9a085aa934b,13,0.12840627580511974,0.07555739058629232,15,97,/e/fscratch/reformo/schuhmann1/ornith-distillation-736-20261004/release/data/train.jsonl:219
Ornith9B / raw generator training target,arxiv-new_00338-4591,dfa9548a5a06b7eccc4b6fbb91d0d124c718c6c6055c19479184aeb0c6f801a5,11,0.22029850746268656,0.1444776119402985,10,49,/e/fscratch/reformo/schuhmann1/ornith-distillation-736-20261004/release/data/train.jsonl:220
Ornith9B / raw generator training target,arxiv-new_00338-4627,cebe986b03f01f35f51e081ff2c6d4b35cb10d9c82c4e2a306c87557d7e8cfe9,9,0.022234574763757644,0.018899388549193995,10,25,/e/fscratch/reformo/schuhmann1/ornith-distillation-736-20261004/release/data/train.jsonl:221
Ornith9B / raw generator training target,arxiv-new_00338-4651,6f24ca60a9dca737755272980a058243637f3ea000be45820bf18c94e62aaeec,20,0.12981624184943688,0.0995850622406639,11,46,/e/fscratch/reformo/schuhmann1/ornith-distillation-736-20261004/release/data/train.jsonl:222
Ornith9B / raw generator training target,arxiv-new_00338-4670,852e85e320eb23db7e93ba408a344a0ba98882443712aab47d9a2abb5bcea858,24,0.4884742041712404,0.45554335894621295,11,60,/e/fscratch/reformo/schuhmann1/ornith-distillation-736-20261004/release/data/train.jsonl:223
Ornith9B / raw generator training target,arxiv-new_00338-4680,946f2771e32f4406cb92ab654591bef9de04ebfae76812a558640bd077442ec7,14,0.07023809523809524,0.055952380952380955,33,93,/e/fscratch/reformo/schuhmann1/ornith-distillation-736-20261004/release/data/train.jsonl:224
Ornith9B / raw generator training target,arxiv-new_00338-4696,d0121f3fa558947c8f9b4209225ca59c7622a65ac14536e4412b2027dad23a2f,25,0.6370786516853932,0.5970037453183521,11,69,/e/fscratch/reformo/schuhmann1/ornith-distillation-736-20261004/release/data/train.jsonl:225
Ornith9B / raw generator training target,arxiv-new_00338-4760,7aa3e969b64f3ec3aa763e7d2a620ed88337252591dc1386902bcdb6f0b74207,19,0.2656811825809029,0.2105473431881742,10,49,/e/fscratch/reformo/schuhmann1/ornith-distillation-736-20261004/release/data/train.jsonl:226
Ornith9B / raw generator training target,arxiv-new_00338-4781,f181cf69a3b726875baf7eeaaee4496f436f2e25a40c321ffa0c46eb825912db,25,0.15066394279877426,0.11695607763023494,15,79,/e/fscratch/reformo/schuhmann1/ornith-distillation-736-20261004/release/data/train.jsonl:227
Ornith9B / raw generator training target,arxiv-new_00338-4783,ca9e9b996d7c9edbf3f6b745b7216aee3d27e42d972637dbdc176181d02e47de,17,0.08167770419426049,0.059602649006622516,9,40,/e/fscratch/reformo/schuhmann1/ornith-distillation-736-20261004/release/data/train.jsonl:228
Ornith9B / raw generator training target,arxiv-new_00338-4815,de84518cc04b50d6ba4cfaad6ce56e9bf64e6589b98dafbd5898dd9b4d647c38,21,0.2167707404103479,0.16859946476360393,17,63,/e/fscratch/reformo/schuhmann1/ornith-distillation-736-20261004/release/data/train.jsonl:229
Ornith9B / raw generator training target,arxiv-new_00338-4823,1ad5978f3eff8006bf8eeb0d34248dacba71704cceb4862bbc247ee43c6a396d,17,0.11541850220264317,0.07841409691629955,11,40,/e/fscratch/reformo/schuhmann1/ornith-distillation-736-20261004/release/data/train.jsonl:230
Ornith9B / raw generator training target,arxiv-new_00338-4861,989949bb25a589394dc498d4fc82471328bebbd696928b41db070b13305e1d13,14,0.12364294330518698,0.08383594692400483,21,69,/e/fscratch/reformo/schuhmann1/ornith-distillation-736-20261004/release/data/train.jsonl:231
Ornith9B / raw generator training target,arxiv-new_00338-4878,93cd224a86196f2550fed8c1ab8c596aa342819413c4703aa65f7368cff2df39,15,0.15513928914505284,0.10854947166186359,15,160,/e/fscratch/reformo/schuhmann1/ornith-distillation-736-20261004/release/data/train.jsonl:232
Ornith9B / raw generator training target,arxiv-new_00338-4910,e349e6b2489093b654282c989d6ceea10fa4125a36364e962de4ade2ac7c4b88,12,0.22704266088214028,0.15835140997830802,11,26,/e/fscratch/reformo/schuhmann1/ornith-distillation-736-20261004/release/data/train.jsonl:233
Ornith9B / raw generator training target,arxiv-new_00338-4918,5395994796a9264c1508abd21547c36a0837f7a1e92d35eb372109f853d96778,9,0.017386984600099353,0.008445106805762544,17,127,/e/fscratch/reformo/schuhmann1/ornith-distillation-736-20261004/release/data/train.jsonl:234
Ornith9B / raw generator training target,arxiv-new_00338-4921,3bf541de501006b7549ed4e7f554a5ce39d49923151265f42d3179aec4875d52,24,0.3845633039945836,0.34563303994583616,12,98,/e/fscratch/reformo/schuhmann1/ornith-distillation-736-20261004/release/data/train.jsonl:235
Ornith9B / raw generator training target,arxiv-new_00338-4923,058a276275ace24a881508ba1f760ba064f81071679284d587705d0dfaf48e61,10,0.07191780821917808,0.0589041095890411,10,50,/e/fscratch/reformo/schuhmann1/ornith-distillation-736-20261004/release/data/train.jsonl:236
Ornith9B / raw generator training target,arxiv-new_00338-4933,b2999d75990207e42172b8c12d5fcee79fc00afa16094c9913cc0c6b932adb31,7,0.02134756504336224,0.009339559706470981,17,124,/e/fscratch/reformo/schuhmann1/ornith-distillation-736-20261004/release/data/train.jsonl:237
Ornith9B / raw generator training target,arxiv-new_00338-4968,e6a8cb9c183f3e4771e1fa272a3feac98c605ca63272dbf3230b6385f3dcbe08,25,0.2646797153024911,0.20818505338078291,9,20,/e/fscratch/reformo/schuhmann1/ornith-distillation-736-20261004/release/data/train.jsonl:238
Ornith9B / raw generator training target,arxiv-new_00338-4975,d87d44a70bed8aa3045feaa25df06027873a321d1cbc0de0a00da0187c50eb38,9,0.027777777777777776,0.020025839793281652,8,28,/e/fscratch/reformo/schuhmann1/ornith-distillation-736-20261004/release/data/train.jsonl:239
Ornith9B / raw generator training target,arxiv-new_00338-4987,f3da015147dbb4fa52588d89a40c64541a4c1edb87c3f1040f8ad4b835ebef60,14,0.18672930123311804,0.16147974163241338,14,69,/e/fscratch/reformo/schuhmann1/ornith-distillation-736-20261004/release/data/train.jsonl:240
Ornith9B / raw generator training target,arxiv-new_00338-514,83128cf3e2c275c19200e20ee09cf29f149e71738646846f3609a0e3b7330098,17,0.09644194756554307,0.06835205992509363,17,61,/e/fscratch/reformo/schuhmann1/ornith-distillation-736-20261004/release/data/train.jsonl:241
Ornith9B / raw generator training target,arxiv-new_00338-53,affd4b1ef59cbbe5eada77e9bc73487ad148f5e81a1bdc5221286142c79995ed,11,0.1560717196414018,0.06560717196414018,0,0,/e/fscratch/reformo/schuhmann1/ornith-distillation-736-20261004/release/data/train.jsonl:242
Ornith9B / raw generator training target,arxiv-new_00338-538,e795d500fe1f6836185eeb324e47fd84af8a52128f1df2eb98ae9cf1d69c7252,37,0.2833158447009444,0.236096537250787,15,96,/e/fscratch/reformo/schuhmann1/ornith-distillation-736-20261004/release/data/train.jsonl:243
Ornith9B / raw generator training target,arxiv-new_00338-591,4a8be7c2ac53d368d46595e8955bee6fc4641ca708cd1dfaaf2c317f71558ed7,10,0.06761006289308176,0.04245283018867924,11,65,/e/fscratch/reformo/schuhmann1/ornith-distillation-736-20261004/release/data/train.jsonl:244
Ornith9B / raw generator training target,arxiv-new_00338-594,227bade7021a13f26e10ef545613fc7a3c8f6525dafd88468436abb368a99943,7,0.02172164119066774,0.016894609814963796,15,41,/e/fscratch/reformo/schuhmann1/ornith-distillation-736-20261004/release/data/train.jsonl:245
Ornith9B / raw generator training target,arxiv-new_00338-597,46781d62da4ab3cc1e51dcd44fe97f875122bd309a57864ef369335b5cda6dbb,21,0.12181069958847737,0.10699588477366255,28,124,/e/fscratch/reformo/schuhmann1/ornith-distillation-736-20261004/release/data/train.jsonl:246
Ornith9B / raw generator training target,arxiv-new_00338-61,f906a540db0ac595afa2aade0de3423fd247f7a0e97d672dc1caacf2b4a5d152,10,0.1181273816004355,0.08219923788786064,17,118,/e/fscratch/reformo/schuhmann1/ornith-distillation-736-20261004/release/data/train.jsonl:247
Ornith9B / raw generator training target,arxiv-new_00338-617,81fe1c10ce12d4d07961da09b68fe0a27f8bb1f99b2bfdeaec6fbe01911d30f5,10,0.06568877551020408,0.035076530612244895,10,51,/e/fscratch/reformo/schuhmann1/ornith-distillation-736-20261004/release/data/train.jsonl:248
Ornith9B / raw generator training target,arxiv-new_00338-623,c4d03af0aa953b726f1ed1310b71cc4a5149f3d2640371601391fa32a554d24f,16,0.11893112532931878,0.08694015807301468,7,9,/e/fscratch/reformo/schuhmann1/ornith-distillation-736-20261004/release/data/train.jsonl:249
Ornith9B / raw generator training target,arxiv-new_00338-644,c3c3932e8ee4a0fc03f79d76ae5486a98ddee8e67baec3486c4a197c9387445d,19,0.18611378977820636,0.15043394406943106,11,68,/e/fscratch/reformo/schuhmann1/ornith-distillation-736-20261004/release/data/train.jsonl:250
Ornith9B / raw generator training target,arxiv-new_00338-648,a867ab6365598d246ea590b7f9d5b164f045b4e351191ee4e857c9a4a3d24c12,15,0.16236626809314034,0.12208936438011328,9,9,/e/fscratch/reformo/schuhmann1/ornith-distillation-736-20261004/release/data/train.jsonl:251
Ornith9B / raw generator training target,arxiv-new_00338-653,fa9eb1220a09d8490aaeb8b5b74cbd369508dc730b1a14fc36203f68dee208d0,26,0.07698675496688742,0.057947019867549666,11,41,/e/fscratch/reformo/schuhmann1/ornith-distillation-736-20261004/release/data/train.jsonl:252
Ornith9B / raw generator training target,arxiv-new_00338-661,bb984f3f0dc5c8b3de50671c37261ea29f3ab748e95932cf8e2981a90f7b57cc,19,0.11049723756906077,0.06261510128913444,8,28,/e/fscratch/reformo/schuhmann1/ornith-distillation-736-20261004/release/data/train.jsonl:253
Ornith9B / raw generator training target,arxiv-new_00338-676,c1aa9d0a135bc98c084628c4f47860aa13019b053b6f56535bd9cf69113d5c7f,15,0.14561664190193166,0.1188707280832095,10,66,/e/fscratch/reformo/schuhmann1/ornith-distillation-736-20261004/release/data/train.jsonl:254
Ornith9B / raw generator training target,arxiv-new_00338-682,dee804743e701f1f568c3981f06f87a88a4d91b353e62f380e57cab45edac1e4,12,0.11492734478203434,0.07529722589167767,8,11,/e/fscratch/reformo/schuhmann1/ornith-distillation-736-20261004/release/data/train.jsonl:255
Ornith9B / raw generator training target,arxiv-new_00338-691,7594aec4af845c45387e338449cb3f3d680eb65af805dc25f1fba2e82818de6e,8,0.028416779431664412,0.02029769959404601,11,64,/e/fscratch/reformo/schuhmann1/ornith-distillation-736-20261004/release/data/train.jsonl:256
Ornith9B / raw generator training target,arxiv-new_00338-722,fe93a44920eadd09e70a2d85a1cbb1e11a67067c8ccf306d5800bd7637bdec2b,11,0.04221105527638191,0.036180904522613064,10,44,/e/fscratch/reformo/schuhmann1/ornith-distillation-736-20261004/release/data/train.jsonl:257
Ornith9B / raw generator training target,arxiv-new_00338-732,df4336e87ddb2ad26f8a4da6606831e77c8a4abb03061e4773f0c0ddf07f771f,14,0.07323232323232323,0.050505050505050504,10,24,/e/fscratch/reformo/schuhmann1/ornith-distillation-736-20261004/release/data/train.jsonl:258
Ornith9B / raw generator training target,arxiv-new_00338-738,08c3c6f0e02634eba565c6f84b5cc25288a1e21014783ed3612aba40d9a6e45f,10,0.14174107142857142,0.078125,19,135,/e/fscratch/reformo/schuhmann1/ornith-distillation-736-20261004/release/data/train.jsonl:259
Ornith9B / raw generator training target,arxiv-new_00338-756,172da55939ac65d94b557682f060c466c9f48cb806fcd0de69e39bda1bd5da5f,11,0.05824372759856631,0.025985663082437275,5,0,/e/fscratch/reformo/schuhmann1/ornith-distillation-736-20261004/release/data/train.jsonl:260
Ornith9B / raw generator training target,arxiv-new_00338-77,7cd36082c76438059be05476a074dc4e82a9aaab855c9cbd3fbefc3238a05969,14,0.16785079928952043,0.12033747779751332,17,64,/e/fscratch/reformo/schuhmann1/ornith-distillation-736-20261004/release/data/train.jsonl:261
Ornith9B / raw generator training target,arxiv-new_00338-771,3bc7fba06d757e30119aa5fe78f5c211f456f1801520df623c420f0f65e96370,22,0.3677298311444653,0.32045028142589116,8,18,/e/fscratch/reformo/schuhmann1/ornith-distillation-736-20261004/release/data/train.jsonl:262
Ornith9B / raw generator training target,arxiv-new_00338-781,f67e9e2618d34458d89842b1e1ffa83a2294c12e749629654c8cc03d019f50e5,11,0.07255008121277748,0.030319436924742826,13,45,/e/fscratch/reformo/schuhmann1/ornith-distillation-736-20261004/release/data/train.jsonl:263
Ornith9B / raw generator training target,arxiv-new_00338-785,8ecafaca0f7f6b8a54e14ae1b2287a052fb99423fda1bab1ad42f73b9882869f,8,0.030272452068617558,0.018163471241170535,9,20,/e/fscratch/reformo/schuhmann1/ornith-distillation-736-20261004/release/data/train.jsonl:264
Ornith9B / raw generator training target,arxiv-new_00338-787,977027dba4db1487b40a7803ecc29aee104210b5da1a9eab16f2e476f504223f,10,0.10652920962199312,0.07353951890034365,9,48,/e/fscratch/reformo/schuhmann1/ornith-distillation-736-20261004/release/data/train.jsonl:265
Ornith9B / raw generator training target,arxiv-new_00338-805,410190cb38b49e9a2859389c3b1fa866f06835375b6a2a97a554858d433459f6,13,0.056338028169014086,0.03683640303358613,13,58,/e/fscratch/reformo/schuhmann1/ornith-distillation-736-20261004/release/data/train.jsonl:266
Ornith9B / raw generator training target,arxiv-new_00338-813,d8dc6af123105cfa2a2f37592c8cc2fd8ac71c37f8fb72f546eeba2f557f2b9e,45,0.1842234198922097,0.157765801077903,19,104,/e/fscratch/reformo/schuhmann1/ornith-distillation-736-20261004/release/data/train.jsonl:267
Ornith9B / raw generator training target,arxiv-new_00338-823,b767c19e1d450959d27a8d150b0d4ef8ee0ef716f2569fbe4deea8a56df810a3,20,0.15329626687847497,0.12470214455917394,8,48,/e/fscratch/reformo/schuhmann1/ornith-distillation-736-20261004/release/data/train.jsonl:268
Ornith9B / raw generator training target,arxiv-new_00338-858,6da0072053ad2c032042179b19110023ca879b9956a6cc051b1143f67eb07821,8,0.038853503184713374,0.01464968152866242,17,121,/e/fscratch/reformo/schuhmann1/ornith-distillation-736-20261004/release/data/train.jsonl:269
Ornith9B / raw generator training target,arxiv-new_00338-90,60c5f7f1b8c918b034fcc72c8b2c4abb0193f78e586d6b4699e9c905626b531f,22,0.10059563203176704,0.056915949702183985,13,50,/e/fscratch/reformo/schuhmann1/ornith-distillation-736-20261004/release/data/train.jsonl:270
Ornith9B / raw generator training target,arxiv-new_00338-907,9faa7706c745df4a86b2b2954815c49d8cc79debb1e8993e3ddaca45341abfda,33,0.25354609929078015,0.22163120567375885,11,46,/e/fscratch/reformo/schuhmann1/ornith-distillation-736-20261004/release/data/train.jsonl:271
Ornith9B / raw generator training target,arxiv-new_00338-951,788659d9be137bb6a3a4840105a16f7e99d440d8a31ebef836aaf2fa04a56a28,13,0.09177215189873418,0.06223628691983123,18,112,/e/fscratch/reformo/schuhmann1/ornith-distillation-736-20261004/release/data/train.jsonl:272
Ornith9B / raw generator training target,arxiv-new_00338-958,bf9fa0de50bbb2d1c9bbd00cfbdcc21b1f68017ae3ebfc96de2a5bd280b6f2cd,48,0.20634920634920634,0.16666666666666666,19,46,/e/fscratch/reformo/schuhmann1/ornith-distillation-736-20261004/release/data/train.jsonl:273
Ornith9B / raw generator training target,arxiv-new_00338-973,51964efba04957ba892c6fddf49833b57ba08da7a6af174141e25e5de992dda0,13,0.1172962226640159,0.0874751491053678,11,57,/e/fscratch/reformo/schuhmann1/ornith-distillation-736-20261004/release/data/train.jsonl:274
Ornith9B / raw generator training target,arxiv-new_00338-989,f07ffc09fd3d19de06f6aa10a7f2e63b7508fad609b1066b2c5022cc8842426b,9,0.05312084993359894,0.029216467463479414,9,37,/e/fscratch/reformo/schuhmann1/ornith-distillation-736-20261004/release/data/train.jsonl:275
Ornith9B / raw generator training target,bethgelab-part-00002-1043,758de7b5acfb5d85f7c0b6b48bc44cbe5873f26e42efb50a91764f4626144afc,18,0.07173447537473233,0.04122055674518201,17,120,/e/fscratch/reformo/schuhmann1/ornith-distillation-736-20261004/release/data/train.jsonl:276
Ornith9B / raw generator training target,bethgelab-part-00002-1057,ba5225699c58e6c0a86612cc2831c6eccb3498c8aa4509898c9cde3e79b3a146,19,0.3602085840352988,0.30806257521058966,11,43,/e/fscratch/reformo/schuhmann1/ornith-distillation-736-20261004/release/data/train.jsonl:277
Ornith9B / raw generator training target,bethgelab-part-00002-1091,2f8c143be3a02c05c0c6481d64653d20658d2b8969513745ada1cdab5634c6fa,21,0.20765890248716937,0.16975917883932096,7,15,/e/fscratch/reformo/schuhmann1/ornith-distillation-736-20261004/release/data/train.jsonl:278
Ornith9B / raw generator training target,bethgelab-part-00002-11,dee0351f14ae6060e30368ca26d6f29c14f397e9a997cc4751d897ed6dbe32b1,29,0.2903757415952538,0.24093605800922874,20,67,/e/fscratch/reformo/schuhmann1/ornith-distillation-736-20261004/release/data/train.jsonl:279
Ornith9B / raw generator training target,bethgelab-part-00002-1101,d0e21893047cdcc8a7b643ed9456a5dd07e6342f9b62f346ec544e0de7dad306,25,0.2866632600919775,0.2345426673479816,8,16,/e/fscratch/reformo/schuhmann1/ornith-distillation-736-20261004/release/data/train.jsonl:280
Ornith9B / raw generator training target,bethgelab-part-00002-1151,fe12c6c2cd00d88db8205f9da47936a3154f1714b98ef411411e8a429e28b3c9,15,0.2829143587558585,0.23434171282488284,18,109,/e/fscratch/reformo/schuhmann1/ornith-distillation-736-20261004/release/data/train.jsonl:281
Ornith9B / raw generator training target,bethgelab-part-00002-1176,d42fd88aa25abb72b9d29b832169e88179e31a6fb606208fb5e76ccf75ea1979,17,0.30054917623564653,0.2526210683974039,0,0,/e/fscratch/reformo/schuhmann1/ornith-distillation-736-20261004/release/data/train.jsonl:282
Ornith9B / raw generator training target,bethgelab-part-00002-1206,540ad2e5b280ecff89a55c136ca48288b33033d027181e3559e05ef7cfde2f5e,11,0.09513435003631082,0.06899055918663761,9,27,/e/fscratch/reformo/schuhmann1/ornith-distillation-736-20261004/release/data/train.jsonl:283
Ornith9B / raw generator training target,bethgelab-part-00002-1219,bfd2a12381c41f63c1f80012c407b78bceb21882755d6ff63e9e70f8bc27c82d,12,0.05627425614489004,0.04463130659767141,26,107,/e/fscratch/reformo/schuhmann1/ornith-distillation-736-20261004/release/data/train.jsonl:284
Ornith9B / raw generator training target,bethgelab-part-00002-1259,c6bb5ae01ecce30fdf4d80f80a370802ca35b0890d4de3d05f8da72b290c2833,16,0.039613081529249194,0.025794564716720404,9,55,/e/fscratch/reformo/schuhmann1/ornith-distillation-736-20261004/release/data/train.jsonl:285
Ornith9B / raw generator training target,bethgelab-part-00002-1261,141c58ecc82f8fd9c71bf64f9bf0e6517f15979fbd8e1eef0118cbfa6b18fc0e,17,0.14442700156985872,0.09733124018838304,16,124,/e/fscratch/reformo/schuhmann1/ornith-distillation-736-20261004/release/data/train.jsonl:286
Ornith9B / raw generator training target,bethgelab-part-00002-1289,da2cd32eb590cf0a7039423c9837584e9bd0b796adc8e9a7dd27d1423f7d45b3,13,0.20484465508162192,0.15429173249078462,16,33,/e/fscratch/reformo/schuhmann1/ornith-distillation-736-20261004/release/data/train.jsonl:287
Ornith9B / raw generator training target,bethgelab-part-00002-1317,9e5a1210aa11acb7200461abc4a97641df9f855c6dfdea7e4d5f9d377fe140e2,25,0.15129331381161543,0.10444119082479258,14,93,/e/fscratch/reformo/schuhmann1/ornith-distillation-736-20261004/release/data/train.jsonl:288
Ornith9B / raw generator training target,bethgelab-part-00002-1318,6adfcba4fd8dbbbbd3f8f77ccaa7309df61e02f667b1265cd9af92643d759d75,11,0.11140443505807814,0.0723336853220697,13,117,/e/fscratch/reformo/schuhmann1/ornith-distillation-736-20261004/release/data/train.jsonl:289
Ornith9B / raw generator training target,bethgelab-part-00002-1354,1cfd2c1754e458d0ff79111af8e5f4fd49fd49f066e5ac51ca9d39dff0863943,14,0.20070600100857286,0.1341401916288452,10,43,/e/fscratch/reformo/schuhmann1/ornith-distillation-736-20261004/release/data/train.jsonl:290
Ornith9B / raw generator training target,bethgelab-part-00002-1392,ade7644a2404a2bdefba8481a2469891e0842495732631f5434f90e41dd3d7d6,10,0.11704180064308682,0.09003215434083602,12,67,/e/fscratch/reformo/schuhmann1/ornith-distillation-736-20261004/release/data/train.jsonl:291
Ornith9B / raw generator training target,bethgelab-part-00002-1412,f66a119a23d6b7ae0088f2e8ff8bb62899379a32fe03be15c6865f82a3494cda,12,0.15088967971530248,0.10391459074733096,15,95,/e/fscratch/reformo/schuhmann1/ornith-distillation-736-20261004/release/data/train.jsonl:292
Ornith9B / raw generator training target,bethgelab-part-00002-1423,3ee387c74a0984543ebe91f1cc79dc4ffed154570afcec068c8e0a785048a6cd,13,0.16445623342175067,0.10477453580901856,10,36,/e/fscratch/reformo/schuhmann1/ornith-distillation-736-20261004/release/data/train.jsonl:293
Ornith9B / raw generator training target,bethgelab-part-00002-1450,c187fdc48a07d8875abef95c371414e3b8f9b5f9228da5aafe8def5341b4e6f8,22,0.3397185301016419,0.2642689601250977,9,28,/e/fscratch/reformo/schuhmann1/ornith-distillation-736-20261004/release/data/train.jsonl:294
Ornith9B / raw generator training target,bethgelab-part-00002-1586,95ec42fa1599ff368d9c326785d18f4066900ed8cf284f56af8408bb7be54209,7,0.010668163952835485,0.0039303761931499155,38,149,/e/fscratch/reformo/schuhmann1/ornith-distillation-736-20261004/release/data/train.jsonl:295
Ornith9B / raw generator training target,bethgelab-part-00002-1593,1cf4f82ea17c67abaf1d24cd35d22070d29e4bddc5446662c77cdc3f3ba813c4,56,0.5730759588869391,0.5086487841564302,0,0,/e/fscratch/reformo/schuhmann1/ornith-distillation-736-20261004/release/data/train.jsonl:296
Ornith9B / raw generator training target,bethgelab-part-00002-1599,5774d6838afa92ac3266c53607cd90c626c7129c59b8d1a1c663b85f993f7ca5,9,0.07572815533980583,0.05501618122977346,21,94,/e/fscratch/reformo/schuhmann1/ornith-distillation-736-20261004/release/data/train.jsonl:297
Ornith9B / raw generator training target,bethgelab-part-00002-1606,4a2b8188873ebc9e58e79150020bfe71e9801fa1a9786168cee43b3d80d7cf69,21,0.25877192982456143,0.19298245614035087,21,89,/e/fscratch/reformo/schuhmann1/ornith-distillation-736-20261004/release/data/train.jsonl:298
Ornith9B / raw generator training target,bethgelab-part-00002-1612,d3d40e87e47b9d129cde3ba6faa427fc04c19633d75c25e76f4d8ed22a8820b5,10,0.03755416466056813,0.020221473278767454,14,95,/e/fscratch/reformo/schuhmann1/ornith-distillation-736-20261004/release/data/train.jsonl:299
Ornith9B / raw generator training target,bethgelab-part-00002-1613,e30436529b4fb9ee7b680976a77b7327f606d3d471147c90e63ad0ea1928b51a,12,0.08719346049046321,0.06376021798365122,12,31,/e/fscratch/reformo/schuhmann1/ornith-distillation-736-20261004/release/data/train.jsonl:300
Ornith9B / raw generator training target,bethgelab-part-00002-1676,7f8966fc4ea5aa75b0d218a14349e43cee8b257e3254e2ad8e6569c5be6a7d97,9,0.04833512352309345,0.02900107411385607,20,112,/e/fscratch/reformo/schuhmann1/ornith-distillation-736-20261004/release/data/train.jsonl:301
Ornith9B / raw generator training target,bethgelab-part-00002-1683,ca8f9f463bfe3ad1161e804e465b9a778a6e79a3fba30b92feb1f2a6d8c95f4d,9,0.040694789081885854,0.0228287841191067,16,123,/e/fscratch/reformo/schuhmann1/ornith-distillation-736-20261004/release/data/train.jsonl:302
Ornith9B / raw generator training target,bethgelab-part-00002-1718,a8e55b391540c9057e4489660d0f8863cb26290c63a65cf6d3f1e7e77540c10c,50,0.23170731707317074,0.19207317073170732,13,82,/e/fscratch/reformo/schuhmann1/ornith-distillation-736-20261004/release/data/train.jsonl:303
Ornith9B / raw generator training target,bethgelab-part-00002-1725,fd35ebdaaf5c43fbef52a8fd761a8fc2bb92dd61fdf52bda4edc997fbb201431,11,0.046671767406273906,0.019127773527161437,11,82,/e/fscratch/reformo/schuhmann1/ornith-distillation-736-20261004/release/data/train.jsonl:304
Ornith9B / raw generator training target,bethgelab-part-00002-1730,4d36a44b3ce1f95d1864a799376da4083b27994654991d97c0daf8302d18b91b,52,0.2371069182389937,0.1918238993710692,12,45,/e/fscratch/reformo/schuhmann1/ornith-distillation-736-20261004/release/data/train.jsonl:305
Ornith9B / raw generator training target,bethgelab-part-00002-1751,08fdd1b2fecf68e8f49683d9c23a2ed710c32fd41532da562dc20e944e191d14,13,0.13077731092436976,0.0898109243697479,7,3,/e/fscratch/reformo/schuhmann1/ornith-distillation-736-20261004/release/data/train.jsonl:306
Ornith9B / raw generator training target,bethgelab-part-00002-1785,a7724314014b7c7ba82c4960c63b0311d93fde57967c9a321a59bfdad5c858e8,10,0.050026609898882385,0.03299627461415647,12,62,/e/fscratch/reformo/schuhmann1/ornith-distillation-736-20261004/release/data/train.jsonl:307
Ornith9B / raw generator training target,bethgelab-part-00002-181,100af49ad00526672cbed4786d1fda9c8df6aaa4cb50de0ef8a76c9d618a1c01,15,0.2693689071318625,0.22319138019497178,8,22,/e/fscratch/reformo/schuhmann1/ornith-distillation-736-20261004/release/data/train.jsonl:308
Ornith9B / raw generator training target,bethgelab-part-00002-1862,2fd16a9073452bc7dd06ab73c0cd462714778145832de464d065a24124c83693,17,0.24969450101832993,0.1959266802443992,16,127,/e/fscratch/reformo/schuhmann1/ornith-distillation-736-20261004/release/data/train.jsonl:309
Ornith9B / raw generator training target,bethgelab-part-00002-1871,dc6c7127637231b840ee142216b7631981598034636cedc3acaf139affd2fb8e,31,0.4827345657481688,0.4415765608650157,15,94,/e/fscratch/reformo/schuhmann1/ornith-distillation-736-20261004/release/data/train.jsonl:310
Ornith9B / raw generator training target,bethgelab-part-00002-1886,4224c4375921d62cfc36fa45c0e0f94b46a7c88eb7fe457f21b7e22252eece8c,11,0.1237645036527718,0.07606360120326601,24,128,/e/fscratch/reformo/schuhmann1/ornith-distillation-736-20261004/release/data/train.jsonl:311
Ornith9B / raw generator training target,bethgelab-part-00002-1894,0a4147bf3f21e5d64a16cb36308fe455c468f8796fea74360865a1fc3380358f,17,0.22938530734632684,0.15742128935532235,21,125,/e/fscratch/reformo/schuhmann1/ornith-distillation-736-20261004/release/data/train.jsonl:312
Ornith9B / raw generator training target,bethgelab-part-00002-1917,bb55b57a5058ea0e0309dd932e3af166e03a837b1cb1dc2df75dcd9c3fa944f2,13,0.08976377952755905,0.06456692913385827,8,2,/e/fscratch/reformo/schuhmann1/ornith-distillation-736-20261004/release/data/train.jsonl:313
Ornith9B / raw generator training target,bethgelab-part-00002-1931,6af17e9e1ed189275bd3a24abd8bdd8e2c89bd83c8e0c7cc5b909b1bf5f41f6e,12,0.18212669683257918,0.13122171945701358,7,6,/e/fscratch/reformo/schuhmann1/ornith-distillation-736-20261004/release/data/train.jsonl:314
Ornith9B / raw generator training target,bethgelab-part-00002-1989,c10edbeb369f716e0e74a0f6a7ec93a9fbb1d6775da60679c6278a6c8eb282d0,9,0.0638646288209607,0.04093886462882096,6,1,/e/fscratch/reformo/schuhmann1/ornith-distillation-736-20261004/release/data/train.jsonl:315
Ornith9B / raw generator training target,bethgelab-part-00002-199,af77d7ec0f543f27bf4406699341669e04efae9730d811b338b5a5aada96a46b,12,0.09380428488708743,0.06601042269832079,7,17,/e/fscratch/reformo/schuhmann1/ornith-distillation-736-20261004/release/data/train.jsonl:316
Ornith9B / raw generator training target,bethgelab-part-00002-203,54771da9bbfdff62164eda9bf17e698ce633997c133265b13973d8f8faa53572,9,0.03729071537290715,0.02815829528158295,13,51,/e/fscratch/reformo/schuhmann1/ornith-distillation-736-20261004/release/data/train.jsonl:317
Ornith9B / raw generator training target,bethgelab-part-00002-2034,f81aab122d3388391f5fa6da975c8631a5141a93944d531535cc86868a71189d,13,0.11401098901098901,0.06456043956043957,15,78,/e/fscratch/reformo/schuhmann1/ornith-distillation-736-20261004/release/data/train.jsonl:318
Ornith9B / raw generator training target,bethgelab-part-00002-2068,fea8328aec406d6ba0ff6e0ca840cfe96471bde4bf2674a143e3de74a5e71def,14,0.269000853970965,0.20239111870196413,18,120,/e/fscratch/reformo/schuhmann1/ornith-distillation-736-20261004/release/data/train.jsonl:319
Ornith9B / raw generator training target,bethgelab-part-00002-2080,ee40c6c6fc01f7dee3fde9fb9faecdf929c4efde25eee25036bd2da50df5c554,78,0.3484848484848485,0.29944178628389156,10,62,/e/fscratch/reformo/schuhmann1/ornith-distillation-736-20261004/release/data/train.jsonl:320
Ornith9B / raw generator training target,bethgelab-part-00002-2142,d9766109595d9f36f2b8d7ff061fe472ca9d4680e6b0ccef5c8ef59dbe379cbc,23,0.21794221996958946,0.1941206284845413,23,83,/e/fscratch/reformo/schuhmann1/ornith-distillation-736-20261004/release/data/train.jsonl:321
Ornith9B / raw generator training target,bethgelab-part-00002-2183,3937a4bd583d7763aeeddd9bcbac8518cb254be1de174c3143aa1f3a9a962045,16,0.07266629401900503,0.042481833426495245,22,124,/e/fscratch/reformo/schuhmann1/ornith-distillation-736-20261004/release/data/train.jsonl:322
Ornith9B / raw generator training target,bethgelab-part-00002-2186,444c4663bf71beab1459dae16625328d717f6dd435ae511b0256840b30973015,11,0.1673881673881674,0.07792207792207792,0,0,/e/fscratch/reformo/schuhmann1/ornith-distillation-736-20261004/release/data/train.jsonl:323
Ornith9B / raw generator training target,bethgelab-part-00002-2188,f7e00ed98ba45c79df02888ee9287475f61aee6d8a25908821cbcefcd6b61b5e,24,0.29716358839050133,0.23977572559366755,10,55,/e/fscratch/reformo/schuhmann1/ornith-distillation-736-20261004/release/data/train.jsonl:324
Ornith9B / raw generator training target,bethgelab-part-00002-2228,ac94553f27758b94e27becd37e2ed377d436770e48ba235165a10d1169b094ca,20,0.22384701912260968,0.19460067491563554,10,55,/e/fscratch/reformo/schuhmann1/ornith-distillation-736-20261004/release/data/train.jsonl:325
Ornith9B / raw generator training target,bethgelab-part-00002-2231,7b1366d0dbb6f3b68f8b9878122c3e13898f3ed8a9e338f8f9f0b5fde42c1bab,9,0.050682261208576995,0.01949317738791423,14,102,/e/fscratch/reformo/schuhmann1/ornith-distillation-736-20261004/release/data/train.jsonl:326
Ornith9B / raw generator training target,bethgelab-part-00002-2253,836619af7d4786ed3e879206b7abc01693f3c71dc25b0d70706fe1b910f0e2ac,12,0.06603275224511358,0.02746962493396725,17,147,/e/fscratch/reformo/schuhmann1/ornith-distillation-736-20261004/release/data/train.jsonl:327
Ornith9B / raw generator training target,bethgelab-part-00002-2276,dfbeff639defc34f09a0f102c6cc88b46957dc840eb5e8be522637ae8b57b2ee,12,0.16332726168791742,0.09775349119611415,15,52,/e/fscratch/reformo/schuhmann1/ornith-distillation-736-20261004/release/data/train.jsonl:328
Ornith9B / raw generator training target,bethgelab-part-00002-2280,0cab520bff703d387d8d03d53a5639d85e7781c8381797794a6499a664a9086d,11,0.073735199138859,0.041442411194833155,10,80,/e/fscratch/reformo/schuhmann1/ornith-distillation-736-20261004/release/data/train.jsonl:329
Ornith9B / raw generator training target,bethgelab-part-00002-2316,153e523b0b8fae7fae75ea69c02ca15eacb09d82d22bf8720a5b8659a8a6620c,7,0.05157232704402516,0.01761006289308176,19,129,/e/fscratch/reformo/schuhmann1/ornith-distillation-736-20261004/release/data/train.jsonl:330
Ornith9B / raw generator training target,bethgelab-part-00002-232,614b0207b7e0794cc16464907311387e8b4b7b2fdfb1298713216d38c17f4447,12,0.20828182941903584,0.17119901112484548,15,78,/e/fscratch/reformo/schuhmann1/ornith-distillation-736-20261004/release/data/train.jsonl:331
Ornith9B / raw generator training target,bethgelab-part-00002-2387,9c4597a2fe13c5f706c3b726aa6b8b885da106ea8ea4de9a6ebabc4f4004b8dc,14,0.19141914191419143,0.1551155115511551,6,4,/e/fscratch/reformo/schuhmann1/ornith-distillation-736-20261004/release/data/train.jsonl:332
Ornith9B / raw generator training target,bethgelab-part-00002-240,32a258ef0b111b5ff10a511eaf776481fc0f9ac6e1be1040ac8954fc5be7711d,14,0.17579075425790755,0.11739659367396593,10,43,/e/fscratch/reformo/schuhmann1/ornith-distillation-736-20261004/release/data/train.jsonl:333
Ornith9B / raw generator training target,bethgelab-part-00002-2412,8dd5a1911e51288691dac76f99c93d739a6107c853214d1585d00eebc9cbe549,9,0.08409321175278622,0.04305977710233029,16,87,/e/fscratch/reformo/schuhmann1/ornith-distillation-736-20261004/release/data/train.jsonl:334
Ornith9B / raw generator training target,bethgelab-part-00002-2424,b1319a1547e296e74d2577ea5dbedd992993ef0bbcf046a5ece0df0fa0402f83,16,0.20900473933649288,0.16303317535545023,11,67,/e/fscratch/reformo/schuhmann1/ornith-distillation-736-20261004/release/data/train.jsonl:335
Ornith9B / raw generator training target,bethgelab-part-00002-2432,8521636c879817aef35973f3bfb61820f01d5a4e22742206032a8527358afe9c,9,0.052480230050323505,0.02228612508986341,9,60,/e/fscratch/reformo/schuhmann1/ornith-distillation-736-20261004/release/data/train.jsonl:336
Ornith9B / raw generator training target,bethgelab-part-00002-2454,e9a8b0bd468148434bcc5047e080971c1329c962825442651da2e491aed07535,8,0.009702009702009701,0.005544005544005544,33,129,/e/fscratch/reformo/schuhmann1/ornith-distillation-736-20261004/release/data/train.jsonl:337
Ornith9B / raw generator training target,bethgelab-part-00002-2461,902fac869c6ca8e24b4c7de111975d4cbb395d65315ad1bbbdeb2b0042d6cd54,46,0.313970235237638,0.26788286125780125,8,39,/e/fscratch/reformo/schuhmann1/ornith-distillation-736-20261004/release/data/train.jsonl:338
Ornith9B / raw generator training target,bethgelab-part-00002-2473,17fad8065476341fcf3bbebcd21d3e9c0fb3e67fd93cd0e3b9a03282ec5a8891,20,0.08887876025524157,0.054694621695533276,17,103,/e/fscratch/reformo/schuhmann1/ornith-distillation-736-20261004/release/data/train.jsonl:339
Ornith9B / raw generator training target,bethgelab-part-00002-2482,bd957153b9b69c2a0660ace5ae8ca59d62fd79dc9d865e4f9f527fe58903fe9a,24,0.29414032382420974,0.24518118735543562,9,15,/e/fscratch/reformo/schuhmann1/ornith-distillation-736-20261004/release/data/train.jsonl:340
Ornith9B / raw generator training target,bethgelab-part-00002-2489,a12b01053fe1d3e79251fad0ad74e7761a37ce9fdcb8233a407945548c0451fa,11,0.03937007874015748,0.026771653543307086,12,74,/e/fscratch/reformo/schuhmann1/ornith-distillation-736-20261004/release/data/train.jsonl:341
Ornith9B / raw generator training target,bethgelab-part-00002-2514,863d0857f8e10aef7c9db0ad6b1f97dc33793aeeab97f77ccc2ed4ab4002e595,14,0.11298076923076923,0.06394230769230769,10,47,/e/fscratch/reformo/schuhmann1/ornith-distillation-736-20261004/release/data/train.jsonl:342
Ornith9B / raw generator training target,bethgelab-part-00002-2549,81df10f8424d5f5c2ecdda6494e62bfef2cd6a58c8a4b4b7a7150776ba6ec9d5,7,0.01997422680412371,0.004510309278350515,11,21,/e/fscratch/reformo/schuhmann1/ornith-distillation-736-20261004/release/data/train.jsonl:343
Ornith9B / raw generator training target,bethgelab-part-00002-2574,187d4a50a45dd3204d8de91e9e4c2a8e3ba061f57998b3b932c0e44a60ec4130,14,0.1517010596765198,0.09815950920245399,10,47,/e/fscratch/reformo/schuhmann1/ornith-distillation-736-20261004/release/data/train.jsonl:344
Ornith9B / raw generator training target,bethgelab-part-00002-2581,d2b82a87ca6418be0587750ca25d905f5437cd52284bb23380aba15547729842,30,0.4703603254552499,0.42619139868268113,9,35,/e/fscratch/reformo/schuhmann1/ornith-distillation-736-20261004/release/data/train.jsonl:345
Ornith9B / raw generator training target,bethgelab-part-00002-2601,6fc0ebc129f9dba400b15151d5cd64e5ad8711f5a7dcfe508491d9fba4d7cf1b,16,0.0985277463193658,0.07474518686296716,16,78,/e/fscratch/reformo/schuhmann1/ornith-distillation-736-20261004/release/data/train.jsonl:346
Ornith9B / raw generator training target,bethgelab-part-00002-2606,58fa89d930ef698a806895a6bd33bfe169048475d012a6a5cc0fbce88e82444a,17,0.17575140091696384,0.13295975547631178,11,77,/e/fscratch/reformo/schuhmann1/ornith-distillation-736-20261004/release/data/train.jsonl:347
Ornith9B / raw generator training target,bethgelab-part-00002-268,fb36f3716e8e6ffcd602772d3ca7da59dfceee1d335e8fd1678830efe4d8886f,7,0.0073145245559038665,0.0073145245559038665,11,60,/e/fscratch/reformo/schuhmann1/ornith-distillation-736-20261004/release/data/train.jsonl:348
Ornith9B / raw generator training target,bethgelab-part-00002-2714,39b73c1958dcc1bcb99d2c3bf78d2ca3caecf6cc89c511cf6ade626e06add39e,11,0.14042553191489363,0.09787234042553192,7,19,/e/fscratch/reformo/schuhmann1/ornith-distillation-736-20261004/release/data/train.jsonl:349
Ornith9B / raw generator training target,bethgelab-part-00002-2776,d55d5cd1142f3ae3640823406d6653e04a9cd4e2b9bb35ed96a8ff3459ea2a67,17,0.31356968215158926,0.2726161369193154,13,52,/e/fscratch/reformo/schuhmann1/ornith-distillation-736-20261004/release/data/train.jsonl:350
Ornith9B / raw generator training target,bethgelab-part-00002-2890,9bd0451d7faa4cc128e2089c16f3882c6634920b02ccd0d36a881d399580db35,21,0.21241050119331742,0.18138424821002386,11,72,/e/fscratch/reformo/schuhmann1/ornith-distillation-736-20261004/release/data/train.jsonl:351
Ornith9B / raw generator training target,bethgelab-part-00002-2933,d6a4900a57ba2484549dd4b9d556eb29458287b8ba55f18fa53fdd3f14a3d541,15,0.1927710843373494,0.13609995537706382,10,37,/e/fscratch/reformo/schuhmann1/ornith-distillation-736-20261004/release/data/train.jsonl:352
Ornith9B / raw generator training target,bethgelab-part-00002-2951,dd51cc096b738a7fd55324eed5933d200733a21a205b16f732313bd9a9e36514,9,0.054038349796629866,0.029633933759442184,11,63,/e/fscratch/reformo/schuhmann1/ornith-distillation-736-20261004/release/data/train.jsonl:353
Ornith9B / raw generator training target,bethgelab-part-00002-2961,2b62c0faebe0645b67e3dc054d61f650cfa8326179b9186dfaaa794e2dbd22b4,12,0.09825224374114312,0.0812470477090222,14,143,/e/fscratch/reformo/schuhmann1/ornith-distillation-736-20261004/release/data/train.jsonl:354
Ornith9B / raw generator training target,bethgelab-part-00002-2978,e55e85645b66b44004becafd742fe86ba89ce33540309ae5603370fb9057e1ea,7,0.04592901878914405,0.017745302713987474,13,86,/e/fscratch/reformo/schuhmann1/ornith-distillation-736-20261004/release/data/train.jsonl:355
Ornith9B / raw generator training target,bethgelab-part-00002-2982,6ddccfa51197c7ce9e036a64b6b2e09c0a82637980e6f0c1304ed192e5989f74,14,0.1725279271824576,0.11915597848572611,8,35,/e/fscratch/reformo/schuhmann1/ornith-distillation-736-20261004/release/data/train.jsonl:356
Ornith9B / raw generator training target,bethgelab-part-00002-30,91471fbccce87dc8323406d9bdd9cd94b014548f51f35fcc98fec370803c6591,11,0.09842041312272175,0.06561360874848117,11,66,/e/fscratch/reformo/schuhmann1/ornith-distillation-736-20261004/release/data/train.jsonl:357
Ornith9B / raw generator training target,bethgelab-part-00002-3033,4895ead647f007d3d5bc5708cfb687967768768b74e335ab5503048e18445e15,27,0.2147410358565737,0.18764940239043826,11,67,/e/fscratch/reformo/schuhmann1/ornith-distillation-736-20261004/release/data/train.jsonl:358
Ornith9B / raw generator training target,bethgelab-part-00002-3075,5da14df60c4c54d43b4b3b9b39791cac97aaeb5a672c30e151625e0158f0f5b3,13,0.1914235190097259,0.14102564102564102,8,3,/e/fscratch/reformo/schuhmann1/ornith-distillation-736-20261004/release/data/train.jsonl:359
Ornith9B / raw generator training target,bethgelab-part-00002-3097,e50b2fb851c73a2138cc317c9e2a73643f44d55180e780748f62fa28b0b54d19,20,0.1333714939896966,0.09559244419004007,23,94,/e/fscratch/reformo/schuhmann1/ornith-distillation-736-20261004/release/data/train.jsonl:360
Ornith9B / raw generator training target,bethgelab-part-00002-3098,2764f4a6bb13ce3036cc1c1e30b2c485c2bc4596ad176e0a7c5cf9398c3c683b,11,0.029965156794425088,0.024390243902439025,9,35,/e/fscratch/reformo/schuhmann1/ornith-distillation-736-20261004/release/data/train.jsonl:361
Ornith9B / raw generator training target,bethgelab-part-00002-3148,d943120ed354e183b24f52f2c118af1a3ac6f22dc22fce541e3096cb40732f13,7,0.018101367658889783,0.008447304907481898,18,111,/e/fscratch/reformo/schuhmann1/ornith-distillation-736-20261004/release/data/train.jsonl:362
Ornith9B / raw generator training target,bethgelab-part-00002-315,a464611962fe4793ff6e69b6d8244bd97464baaf8bab4fc87b9de51c8d4c4864,14,0.11018957345971564,0.07464454976303317,9,22,/e/fscratch/reformo/schuhmann1/ornith-distillation-736-20261004/release/data/train.jsonl:363
Ornith9B / raw generator training target,bethgelab-part-00002-3158,a535720715606c000362365c8436b27138886ad1a679ec67a83089338785a81c,22,0.05537873965626989,0.04392106938255888,14,53,/e/fscratch/reformo/schuhmann1/ornith-distillation-736-20261004/release/data/train.jsonl:364
Ornith9B / raw generator training target,bethgelab-part-00002-3179,1d360983cedc2f88d5ca6da123f5152909c8bc63aae25cc58736aa923ad4cce2,15,0.12157918349035442,0.10004486316733961,11,25,/e/fscratch/reformo/schuhmann1/ornith-distillation-736-20261004/release/data/train.jsonl:365
Ornith9B / raw generator training target,bethgelab-part-00002-319,ef6af594c44ce49bf7cfb535258704cf93a6d66e61157c547f4f3dd5c5f5d3c9,19,0.2712363330529857,0.2304457527333894,23,122,/e/fscratch/reformo/schuhmann1/ornith-distillation-736-20261004/release/data/train.jsonl:366
Ornith9B / raw generator training target,bethgelab-part-00002-3208,05293dd0677934f71624f0ea6bf4dd608744fac657d627e510ab221f10cf7dd5,8,0.03125,0.01753048780487805,29,121,/e/fscratch/reformo/schuhmann1/ornith-distillation-736-20261004/release/data/train.jsonl:367
Ornith9B / raw generator training target,bethgelab-part-00002-3229,c98fe273aba4359e0b33ed56b06f55d66aa8a5a31eb2fefd9d9a45655f24eaa3,22,0.17621832358674464,0.13762183235867445,14,112,/e/fscratch/reformo/schuhmann1/ornith-distillation-736-20261004/release/data/train.jsonl:368
Ornith9B / raw generator training target,bethgelab-part-00002-3309,076cfbebcd74c922c98176465c4bbff3eb3431905d7d156eb5926904a15a1fd9,17,0.18680578929653316,0.13564456411982498,6,1,/e/fscratch/reformo/schuhmann1/ornith-distillation-736-20261004/release/data/train.jsonl:369
Ornith9B / raw generator training target,bethgelab-part-00002-3350,4de77406b9941162c53f9e36b987c682944c4486af22280a5a2c87df44517c8a,12,0.17371601208459214,0.11027190332326284,7,14,/e/fscratch/reformo/schuhmann1/ornith-distillation-736-20261004/release/data/train.jsonl:370
Ornith9B / raw generator training target,bethgelab-part-00002-3380,c5b3f9ccbd0b6c19abab84616daccf960a2d657a9f182a1b2757eb6e2105fb8f,22,0.12093023255813953,0.06697674418604652,5,0,/e/fscratch/reformo/schuhmann1/ornith-distillation-736-20261004/release/data/train.jsonl:371
Ornith9B / raw generator training target,bethgelab-part-00002-3411,e68f83d369b33729f70c03146142a5f3d96920f73eae7bb0fbb2b0837c70daa8,19,0.10590440487347703,0.08341143392689784,19,94,/e/fscratch/reformo/schuhmann1/ornith-distillation-736-20261004/release/data/train.jsonl:372
Ornith9B / raw generator training target,bethgelab-part-00002-3417,07ccd199767b8eda68bef8f9ce7d83c92b0638115d7b451cdb6fadf4045bbc10,51,0.17196476445806205,0.12370739180390655,20,119,/e/fscratch/reformo/schuhmann1/ornith-distillation-736-20261004/release/data/train.jsonl:373
Ornith9B / raw generator training target,bethgelab-part-00002-3428,c977df9b944ade9623c35904170cf6ddd79fc05cf28ca60121fd8c2e292a7339,18,0.16539717083786726,0.1294885745375408,28,144,/e/fscratch/reformo/schuhmann1/ornith-distillation-736-20261004/release/data/train.jsonl:374
Ornith9B / raw generator training target,bethgelab-part-00002-3494,51a1e80f7f1a1f2497d430f7b469bf7b9e74452edccc92126ccbd35bad2a6384,11,0.056179775280898875,0.04085801838610827,15,79,/e/fscratch/reformo/schuhmann1/ornith-distillation-736-20261004/release/data/train.jsonl:375
Ornith9B / raw generator training target,bethgelab-part-00002-350,f4c5c0816163f26184be77077fd42d026c2cbc74659c1ea317a716bd93735a37,12,0.05635195254572417,0.029658922392486405,11,56,/e/fscratch/reformo/schuhmann1/ornith-distillation-736-20261004/release/data/train.jsonl:376
Ornith9B / raw generator training target,bethgelab-part-00002-3529,c9adab53044dda4a139652dafb65ebc20bee4423dc846f65348d3e27e2c3a44a,9,0.020728008088978768,0.011627906976744186,19,99,/e/fscratch/reformo/schuhmann1/ornith-distillation-736-20261004/release/data/train.jsonl:377
Ornith9B / raw generator training target,bethgelab-part-00002-3588,f6b36bbfbbc4d521bfcef59845017fb321ae0d87a6525fa13c62653d9c3c6716,21,0.3307121013543032,0.2809086937527305,12,34,/e/fscratch/reformo/schuhmann1/ornith-distillation-736-20261004/release/data/train.jsonl:378
Ornith9B / raw generator training target,bethgelab-part-00002-3598,079e83752c64b53e4679bc026989f03c52cb858b70cab0da2977debf195f5bbe,10,0.045774647887323945,0.028873239436619718,12,55,/e/fscratch/reformo/schuhmann1/ornith-distillation-736-20261004/release/data/train.jsonl:379
Ornith9B / raw generator training target,bethgelab-part-00002-3609,c8128764117ebe08df68f97af05f5b8d2e34496a844d41f8f659c36c4ca1a739,17,0.22169466764061357,0.1866325785244704,8,5,/e/fscratch/reformo/schuhmann1/ornith-distillation-736-20261004/release/data/train.jsonl:380
Ornith9B / raw generator training target,bethgelab-part-00002-363,0ce8669646fabbc1644b41dac488595d667a05b1bfb2bc119f5cf1389b554f64,13,0.07997311827956989,0.043682795698924734,26,101,/e/fscratch/reformo/schuhmann1/ornith-distillation-736-20261004/release/data/train.jsonl:381
Ornith9B / raw generator training target,bethgelab-part-00002-3669,3eb2fdb9437e41246d8c4669e5d3801982dd2c2e11d42c3320d7557218e16802,16,0.24984147114774888,0.16613823715916295,10,31,/e/fscratch/reformo/schuhmann1/ornith-distillation-736-20261004/release/data/train.jsonl:382
Ornith9B / raw generator training target,bethgelab-part-00002-372,b0a512ee020fe08d29c7d0b83cd29f07e4caab5ee8403d245fa59e3c6fc58d71,12,0.08721704394141146,0.05126498002663116,16,72,/e/fscratch/reformo/schuhmann1/ornith-distillation-736-20261004/release/data/train.jsonl:383
Ornith9B / raw generator training target,bethgelab-part-00002-3751,607d6e97ddaa0eb78b8cbcfbec56a9fe518ef3710c5ecf392767a77ad0500d9d,25,0.22023346303501945,0.18521400778210118,35,132,/e/fscratch/reformo/schuhmann1/ornith-distillation-736-20261004/release/data/train.jsonl:384
Ornith9B / raw generator training target,bethgelab-part-00002-3885,64bc97bd71fe1c09a5ba6b839419ccfd6ac68a74c0fec09bc609e1d31029dcf7,10,0.06670637284097677,0.05598570577724836,9,33,/e/fscratch/reformo/schuhmann1/ornith-distillation-736-20261004/release/data/train.jsonl:385
Ornith9B / raw generator training target,bethgelab-part-00002-3889,d441ca8cd4a4c095b564136439335ee89245dcf8e7bd3b07f08026d84b39e27b,18,0.2835758835758836,0.26361746361746363,9,40,/e/fscratch/reformo/schuhmann1/ornith-distillation-736-20261004/release/data/train.jsonl:386
Ornith9B / raw generator training target,bethgelab-part-00002-3919,fe014f4809e3255e9535e2034733bd9076def1a3576cd285eb6185dcecd3d165,13,0.1794434980124929,0.10789324247586599,11,116,/e/fscratch/reformo/schuhmann1/ornith-distillation-736-20261004/release/data/train.jsonl:387
Ornith9B / raw generator training target,bethgelab-part-00002-3946,6e2734a4a3f1f8dc83c8d35c5e9bfcc61c16be1e65fc14e87f159ac6e5cb7aea,26,0.2262323943661972,0.17077464788732394,21,145,/e/fscratch/reformo/schuhmann1/ornith-distillation-736-20261004/release/data/train.jsonl:388
Ornith9B / raw generator training target,bethgelab-part-00002-3949,a77303d4db53ea7789a08d46524d70455e5159d1ea7cf89c804ae20064f79b4d,15,0.08714285714285715,0.07,8,15,/e/fscratch/reformo/schuhmann1/ornith-distillation-736-20261004/release/data/train.jsonl:389
Ornith9B / raw generator training target,bethgelab-part-00002-3960,3454fe9f618aa019faec9ab68bd27f0fffb0cada974e066930a8c623d72aaf64,23,0.09243697478991597,0.07899159663865546,22,158,/e/fscratch/reformo/schuhmann1/ornith-distillation-736-20261004/release/data/train.jsonl:390
Ornith9B / raw generator training target,bethgelab-part-00002-3992,807d2f59a1dc28433246c57bc514f43d9e87d93ec515cb9af66b353479c1433b,36,0.4118792599805258,0.3943524829600779,9,114,/e/fscratch/reformo/schuhmann1/ornith-distillation-736-20261004/release/data/train.jsonl:391
Ornith9B / raw generator training target,bethgelab-part-00002-400,8d0d64e99c459b371870bc9dc4fa0a751bdf5c58723763c893f42b3f5b078369,32,0.4997094712376525,0.4694944799535154,8,22,/e/fscratch/reformo/schuhmann1/ornith-distillation-736-20261004/release/data/train.jsonl:392
Ornith9B / raw generator training target,bethgelab-part-00002-4042,977d054aeddbd70390b7dc01a6cae384d6aa80987026c5412469c3c64f424e3f,10,0.07659574468085106,0.05106382978723404,15,84,/e/fscratch/reformo/schuhmann1/ornith-distillation-736-20261004/release/data/train.jsonl:393
Ornith9B / raw generator training target,bethgelab-part-00002-406,fd5e8cd2d1532b509aeaac655ab0bc29bd98cf0a0987e06879ef9ad7cda7df61,24,0.21889055472263869,0.16241879060469766,9,43,/e/fscratch/reformo/schuhmann1/ornith-distillation-736-20261004/release/data/train.jsonl:394
Ornith9B / raw generator training target,bethgelab-part-00002-4098,cee3831570dd05f3d913fdf879db01e4a6fcf68180888fcd68a186c3bc27829f,12,0.12685337726523888,0.10378912685337727,16,73,/e/fscratch/reformo/schuhmann1/ornith-distillation-736-20261004/release/data/train.jsonl:395
Ornith9B / raw generator training target,bethgelab-part-00002-410,3d913fac41d20bfd25e5eb9ad2dd3a95a4cf4bccf48933f6b8e19c717f531abd,10,0.038767923526287836,0.022835900159320233,10,120,/e/fscratch/reformo/schuhmann1/ornith-distillation-736-20261004/release/data/train.jsonl:396
Ornith9B / raw generator training target,bethgelab-part-00002-4104,babdd389926e1875f48ae37d4adf05418286ac9dbd55e7fc8f04c1c6417b34b6,13,0.09858156028368795,0.06879432624113475,11,92,/e/fscratch/reformo/schuhmann1/ornith-distillation-736-20261004/release/data/train.jsonl:397
Ornith9B / raw generator training target,bethgelab-part-00002-4109,e44ec5eff66a042d54813575cffa363f913ab6114885bc23fde37013b9df0d9a,12,0.08953553441522104,0.0693900391717963,13,68,/e/fscratch/reformo/schuhmann1/ornith-distillation-736-20261004/release/data/train.jsonl:398
Ornith9B / raw generator training target,bethgelab-part-00002-4124,d9ddb85c08351125d05ca029e319c1051ac4b3d243a6c6aa59a3a6e0ad2a99f0,18,0.1937984496124031,0.16279069767441862,6,5,/e/fscratch/reformo/schuhmann1/ornith-distillation-736-20261004/release/data/train.jsonl:399
Ornith9B / raw generator training target,bethgelab-part-00002-4159,41edc1db5fcac17cebf7a677c389f5e919e0682784da96d1533afb571da92b62,13,0.06689655172413793,0.0503448275862069,12,49,/e/fscratch/reformo/schuhmann1/ornith-distillation-736-20261004/release/data/train.jsonl:400
Ornith9B / raw generator training target,bethgelab-part-00002-42,b9f9c940985f1513edeb9d366702013b33bf40c95246c81cecb39c615c80e85e,20,0.24697508896797152,0.1786476868327402,14,67,/e/fscratch/reformo/schuhmann1/ornith-distillation-736-20261004/release/data/train.jsonl:401
Ornith9B / raw generator training target,bethgelab-part-00002-4201,abdeaf1bd0c44e6d42ff6dda150bb215fd12c04385bacc71d9d138cd74b27e06,23,0.067618332081142,0.0405709992486852,7,17,/e/fscratch/reformo/schuhmann1/ornith-distillation-736-20261004/release/data/train.jsonl:402
Ornith9B / raw generator training target,bethgelab-part-00002-4214,a0466f4d974199c0841f0b19d16471d5d96311ae90a8c8453fa995dfb1a76110,11,0.06145966709346991,0.046094750320102434,11,43,/e/fscratch/reformo/schuhmann1/ornith-distillation-736-20261004/release/data/train.jsonl:403
Ornith9B / raw generator training target,bethgelab-part-00002-4233,651283b2e920086f63e05e7a09dea40861882779f7d293946c2fe58d1e628c6f,8,0.05181086519114688,0.018108651911468814,10,13,/e/fscratch/reformo/schuhmann1/ornith-distillation-736-20261004/release/data/train.jsonl:404
Ornith9B / raw generator training target,bethgelab-part-00002-4260,4d1f08e8b7fa3429cfed0c83e59f0a6acf89375ca59a24ee9436b256b3a4f7f7,10,0.06726457399103139,0.039860488290981565,16,113,/e/fscratch/reformo/schuhmann1/ornith-distillation-736-20261004/release/data/train.jsonl:405
Ornith9B / raw generator training target,bethgelab-part-00002-4312,32dff4e9795c75af46643a240655fee3e8b78f326b3a36d59f5006bb292fabe4,14,0.15050460728389645,0.09784993418165862,10,38,/e/fscratch/reformo/schuhmann1/ornith-distillation-736-20261004/release/data/train.jsonl:406
Ornith9B / raw generator training target,bethgelab-part-00002-4338,48cb85ea53ccc39f0db97f229fe23bc715450b7ad5e2f2e9f257234b5cdb1ebc,12,0.07988505747126437,0.041379310344827586,16,122,/e/fscratch/reformo/schuhmann1/ornith-distillation-736-20261004/release/data/train.jsonl:407
Ornith9B / raw generator training target,bethgelab-part-00002-4372,39f430dd4293d321bf26133d3dd0365dfe75e44232968d29228a586396012659,18,0.3483285183656624,0.2765167148163434,8,27,/e/fscratch/reformo/schuhmann1/ornith-distillation-736-20261004/release/data/train.jsonl:408
Ornith9B / raw generator training target,bethgelab-part-00002-4382,268f80ea49fa3887365719a437fd6e675ad3647b9f358bb15f6001af6a6a6163,61,0.24164317358034634,0.1860652436568667,38,166,/e/fscratch/reformo/schuhmann1/ornith-distillation-736-20261004/release/data/train.jsonl:409
Ornith9B / raw generator training target,bethgelab-part-00002-4462,c40b7273e58e0ae9ba759e2f66233c6d66a005496761e9b3bf62a4577aaaa42a,11,0.10251322751322751,0.05489417989417989,10,58,/e/fscratch/reformo/schuhmann1/ornith-distillation-736-20261004/release/data/train.jsonl:410
Ornith9B / raw generator training target,bethgelab-part-00002-4464,cb472e6e13db5586d2a950052fa60f26d42c2063c5622461fd6619ac0bf83adc,8,0.04533333333333334,0.022933333333333333,13,89,/e/fscratch/reformo/schuhmann1/ornith-distillation-736-20261004/release/data/train.jsonl:411
Ornith9B / raw generator training target,bethgelab-part-00002-448,dcb63b9ee4aec67bcae1d16047c5bb6ad971ca44fd2562bd56e2a67e9be6948d,12,0.07341269841269842,0.037698412698412696,7,4,/e/fscratch/reformo/schuhmann1/ornith-distillation-736-20261004/release/data/train.jsonl:412
Ornith9B / raw generator training target,bethgelab-part-00002-4510,a28fd71cae0be5f1add3ce1337db552936fe75b69f5e7e133d48b4fa86cc3d13,17,0.21580690960719356,0.15901561760530053,12,69,/e/fscratch/reformo/schuhmann1/ornith-distillation-736-20261004/release/data/train.jsonl:413
Ornith9B / raw generator training target,bethgelab-part-00002-4524,7a6db813454a8ab785f5b76dea5d909d02a379627053b12e7ccd698502bf3869,11,0.12084257206208426,0.08702882483370289,13,46,/e/fscratch/reformo/schuhmann1/ornith-distillation-736-20261004/release/data/train.jsonl:414
Ornith9B / raw generator training target,bethgelab-part-00002-453,90e437fa6d1cdfa5aea0f9d1d156707f8abb915dad702adbf0e908a98c198077,8,0.03625815808556925,0.03625815808556925,16,79,/e/fscratch/reformo/schuhmann1/ornith-distillation-736-20261004/release/data/train.jsonl:415
Ornith9B / raw generator training target,bethgelab-part-00002-4542,789c96608243a9f201720eb8777607457b402dec81d08b3385650374a7b98cf1,12,0.11630170316301704,0.07834549878345498,7,20,/e/fscratch/reformo/schuhmann1/ornith-distillation-736-20261004/release/data/train.jsonl:416
Ornith9B / raw generator training target,bethgelab-part-00002-4594,c7d7bf044917a81f253a0b9a83ba9748c6115311f8c87094d97cbd4106ba85f0,87,0.3783595113438045,0.3172774869109948,18,145,/e/fscratch/reformo/schuhmann1/ornith-distillation-736-20261004/release/data/train.jsonl:417
Ornith9B / raw generator training target,bethgelab-part-00002-4609,bde41236f049a81f23970c66281706be1d4b67e6aecc514bb91593d5ac7e695f,14,0.1696969696969697,0.13002754820936638,7,31,/e/fscratch/reformo/schuhmann1/ornith-distillation-736-20261004/release/data/train.jsonl:418
Ornith9B / raw generator training target,bethgelab-part-00002-4624,301e78c9c7463d7ea63fe55c43bc6b201d8088f7e4822c2262547c25dc709c71,9,0.11481683980317113,0.06889010388190268,8,22,/e/fscratch/reformo/schuhmann1/ornith-distillation-736-20261004/release/data/train.jsonl:419
Ornith9B / raw generator training target,bethgelab-part-00002-4632,78a873334c909f08f74791c67e89164ffc775d0e7674d2d1ffff400525b749b8,18,0.2498048399687744,0.2029664324746292,30,135,/e/fscratch/reformo/schuhmann1/ornith-distillation-736-20261004/release/data/train.jsonl:420
Ornith9B / raw generator training target,bethgelab-part-00002-4638,5816ffdc4ca57f4404474ee65e39ae62e06f4c25c1beac3a0ccfd07bd54037e5,24,0.18548387096774194,0.14012096774193547,17,93,/e/fscratch/reformo/schuhmann1/ornith-distillation-736-20261004/release/data/train.jsonl:421
Ornith9B / raw generator training target,bethgelab-part-00002-4693,4cee87e0cf319c2ed65751867fc113a8739449076a6669600e1bfdb5fe502d9a,11,0.13197767145135567,0.07695374800637958,9,50,/e/fscratch/reformo/schuhmann1/ornith-distillation-736-20261004/release/data/train.jsonl:422
Ornith9B / raw generator training target,bethgelab-part-00002-4719,6bd2e6984a2f96c0eb40d27e467efe3302880e053a9ea0fc047c9f124f9d95ad,21,0.06761957119296316,0.04123144584936778,12,54,/e/fscratch/reformo/schuhmann1/ornith-distillation-736-20261004/release/data/train.jsonl:423
Ornith9B / raw generator training target,bethgelab-part-00002-4771,8b8e56928c0eec7161bddb27cbb6c7334e70f193cd5d3e12efd60ecc69232444,84,0.19431137724550898,0.15838323353293413,0,0,/e/fscratch/reformo/schuhmann1/ornith-distillation-736-20261004/release/data/train.jsonl:424
Ornith9B / raw generator training target,bethgelab-part-00002-478,68e78388e1fa4d1ad5626fd85819f805c60295448cb7921865149eb10d75c0e2,25,0.4592391304347826,0.414741847826087,6,3,/e/fscratch/reformo/schuhmann1/ornith-distillation-736-20261004/release/data/train.jsonl:425
Ornith9B / raw generator training target,bethgelab-part-00002-479,983f513cad2e58b959e63c10c604466f117d38c479f0452272a2e8c00cf1502b,17,0.27830451756832125,0.23480200780814278,7,11,/e/fscratch/reformo/schuhmann1/ornith-distillation-736-20261004/release/data/train.jsonl:426
Ornith9B / raw generator training target,bethgelab-part-00002-4790,2e53d54f3df85aa9222133e964501ffd7e7f534d79c4f9f1722c5aa803702e8d,10,0.10056497175141244,0.06666666666666667,21,128,/e/fscratch/reformo/schuhmann1/ornith-distillation-736-20261004/release/data/train.jsonl:427
Ornith9B / raw generator training target,bethgelab-part-00002-4821,1f75227d0a17b03421ab3dd8fb63c83af2453b33a6edeb82bd9534d08b8903cc,12,0.14630390143737165,0.09702258726899383,12,136,/e/fscratch/reformo/schuhmann1/ornith-distillation-736-20261004/release/data/train.jsonl:428
Ornith9B / raw generator training target,bethgelab-part-00002-487,42d6b8e35a5b6a32d8f37d977d51e268e09b3e687799e1a8602d3b33b3514b49,13,0.21643466546924114,0.16524472384373598,9,17,/e/fscratch/reformo/schuhmann1/ornith-distillation-736-20261004/release/data/train.jsonl:429
Ornith9B / raw generator training target,bethgelab-part-00002-4887,7ddd2d81198df3fedcb1ba9d8eeb1f920d80357e66642af621dce117f0dbaca4,21,0.3002936857562408,0.25183553597650515,10,48,/e/fscratch/reformo/schuhmann1/ornith-distillation-736-20261004/release/data/train.jsonl:430
Ornith9B / raw generator training target,bethgelab-part-00002-489,e219745533b28f773dd57b679230a7f6698114e7e53b4e17557176a703588b43,13,0.17902097902097902,0.11608391608391608,13,40,/e/fscratch/reformo/schuhmann1/ornith-distillation-736-20261004/release/data/train.jsonl:431
Ornith9B / raw generator training target,bethgelab-part-00002-4901,b94967659cd9105d5f53700f9edfb92aab6d5fcba3f18463a3f19a2a1e16e8ca,12,0.05940130963517306,0.034144059869036486,10,65,/e/fscratch/reformo/schuhmann1/ornith-distillation-736-20261004/release/data/train.jsonl:432
Ornith9B / raw generator training target,bethgelab-part-00002-4940,bbf2a0cbf0c4398d7e41a01c239e0b3eb06bff9339c05e50c012d68bac271130,11,0.028852056476365868,0.01780233271945979,12,131,/e/fscratch/reformo/schuhmann1/ornith-distillation-736-20261004/release/data/train.jsonl:433
Ornith9B / raw generator training target,bethgelab-part-00002-506,cb8968277ee44f47b211a520322d6bcbaf4f9cd663c7f7c546dc878bd699e14a,11,0.09203444564047362,0.08073196986006459,16,72,/e/fscratch/reformo/schuhmann1/ornith-distillation-736-20261004/release/data/train.jsonl:434
Ornith9B / raw generator training target,bethgelab-part-00002-507,12814e3ce0cab97aaf2e251b6d56c4b9424f1211412ebb72a06bf253e5aaad51,23,0.4610969387755102,0.3762755102040816,13,6,/e/fscratch/reformo/schuhmann1/ornith-distillation-736-20261004/release/data/train.jsonl:435
Ornith9B / raw generator training target,bethgelab-part-00002-527,a9f3799c359d86d12c10680c1f6baec22a0af35eee4621da73d332b308d86348,11,0.07597340930674264,0.03323836657169991,9,99,/e/fscratch/reformo/schuhmann1/ornith-distillation-736-20261004/release/data/train.jsonl:436
Ornith9B / raw generator training target,bethgelab-part-00002-565,91bbb3efe8e4c0bdcd6f7660393b76588e45916b14c194454f475f7a0c8128bc,14,0.18978855079938112,0.13976276431150078,9,27,/e/fscratch/reformo/schuhmann1/ornith-distillation-736-20261004/release/data/train.jsonl:437
Ornith9B / raw generator training target,bethgelab-part-00002-589,5a726d5a7ac55bb4e311f671c7f27e83e2e7d9fde004c21eae4c93e8f7975196,14,0.08014293006636039,0.06789178152118427,18,106,/e/fscratch/reformo/schuhmann1/ornith-distillation-736-20261004/release/data/train.jsonl:438
Ornith9B / raw generator training target,bethgelab-part-00002-594,cc05ed470fcd116fd293266898a05764fba0e97d6029d09f9ce73bb5656cc212,9,0.06992609437180217,0.04604889141557703,9,29,/e/fscratch/reformo/schuhmann1/ornith-distillation-736-20261004/release/data/train.jsonl:439
Ornith9B / raw generator training target,bethgelab-part-00002-622,d94f2ab8393d7d2aaaf353759779514262118e90cc7dee09eab178bc69cc75e7,7,0.012393998695368558,0.0045662100456621,11,72,/e/fscratch/reformo/schuhmann1/ornith-distillation-736-20261004/release/data/train.jsonl:440
Ornith9B / raw generator training target,bethgelab-part-00002-67,447bd1ce746c347860e40a9fca10769babc359cd4cea224cd8c67ca1cd8ae665,13,0.09023789991796555,0.05578342904019688,9,13,/e/fscratch/reformo/schuhmann1/ornith-distillation-736-20261004/release/data/train.jsonl:441
Ornith9B / raw generator training target,bethgelab-part-00002-682,5ed857748cada35cd02c5d5b497ac4932f8f1991e0870af9b629ffe83c795a8d,27,0.608286252354049,0.568738229755179,11,72,/e/fscratch/reformo/schuhmann1/ornith-distillation-736-20261004/release/data/train.jsonl:442
Ornith9B / raw generator training target,bethgelab-part-00002-758,3d3b9a12574b59dc0111a6e587de8bcbe85fa1255d6e2ca4e7aaa521a30e9460,13,0.08024691358024691,0.04657687991021325,18,103,/e/fscratch/reformo/schuhmann1/ornith-distillation-736-20261004/release/data/train.jsonl:443
Ornith9B / raw generator training target,bethgelab-part-00002-798,c84f33c16567842debb661838f1830720ecf8f1696c36df0ec1512bba19bb9e7,20,0.13260393873085338,0.09321663019693655,28,95,/e/fscratch/reformo/schuhmann1/ornith-distillation-736-20261004/release/data/train.jsonl:444
Ornith9B / raw generator training target,bethgelab-part-00002-848,e6b43a7947bc7fa0cddbea5d94bc1920453e36991c5f09590ea15bb7392278ee,10,0.06438969764837627,0.04759238521836506,8,11,/e/fscratch/reformo/schuhmann1/ornith-distillation-736-20261004/release/data/train.jsonl:445
Ornith9B / raw generator training target,bethgelab-part-00002-855,162e6756d8615847c5a1cc10bf2eb386b8e4360a51a4bd9c1ef17dba457b80e1,24,0.19270833333333334,0.13589015151515152,22,97,/e/fscratch/reformo/schuhmann1/ornith-distillation-736-20261004/release/data/train.jsonl:446
Ornith9B / raw generator training target,bethgelab-part-00002-895,0a2b9b858624eeaaeb45049f5dcb7d4907e66c9bd006aba7411facdd472dc07c,8,0.029733009708737865,0.01820388349514563,22,123,/e/fscratch/reformo/schuhmann1/ornith-distillation-736-20261004/release/data/train.jsonl:447
Ornith9B / raw generator training target,bethgelab-part-00002-9,8aeaa013b7d7f8c1482a50b2f936d808ba151499b5022a1624b7edeb3ddb3212,12,0.13121476166068682,0.0912352639671963,12,49,/e/fscratch/reformo/schuhmann1/ornith-distillation-736-20261004/release/data/train.jsonl:448
Ornith9B / raw generator training target,bethgelab-part-00004-1062,e2de364c1bdf96c590fb10b7f4dc7c8087d81d7f44316bb5224e076443171e2e,10,0.05053695514845231,0.04295641187618446,11,54,/e/fscratch/reformo/schuhmann1/ornith-distillation-736-20261004/release/data/train.jsonl:449
Ornith9B / raw generator training target,bethgelab-part-00004-1077,682552fe06c4cdc8124016f4286b19a291d9819645bf1b8b6da6845aec5d512f,36,0.3563579277864992,0.3116169544740973,13,61,/e/fscratch/reformo/schuhmann1/ornith-distillation-736-20261004/release/data/train.jsonl:450
Ornith9B / raw generator training target,bethgelab-part-00004-109,a9ab852932e40546249ae46028e8e928d9855d2290d45d217364706e1075b616,11,0.06455643481882549,0.04914618908788005,9,39,/e/fscratch/reformo/schuhmann1/ornith-distillation-736-20261004/release/data/train.jsonl:451
Ornith9B / raw generator training target,bethgelab-part-00004-1139,4ed2e87de4f39603e29791ed105ed02cee09a41ceadc5f94d212070593e6aa82,17,0.15561758548499652,0.11828332170272156,12,28,/e/fscratch/reformo/schuhmann1/ornith-distillation-736-20261004/release/data/train.jsonl:452
Ornith9B / raw generator training target,bethgelab-part-00004-1140,0f2e83ea1a7bd60d7aa2b6b24e79d34019323900c2affbb0022c7ee8b9b426bd,23,0.16826703246456332,0.12391403749428441,33,149,/e/fscratch/reformo/schuhmann1/ornith-distillation-736-20261004/release/data/train.jsonl:453
Ornith9B / raw generator training target,bethgelab-part-00004-1149,a1891cbee07be8e9957e1116e3bc4d9f4d8f60041926d7affd62843308cf5131,7,0.040273037542662114,0.023890784982935155,11,77,/e/fscratch/reformo/schuhmann1/ornith-distillation-736-20261004/release/data/train.jsonl:454
Ornith9B / raw generator training target,bethgelab-part-00004-117,ff11f1a7f21c6fc32e90ca4de573914d85847e99efbc97596d048723c363b113,10,0.04608550805108273,0.02609661299278179,8,5,/e/fscratch/reformo/schuhmann1/ornith-distillation-736-20261004/release/data/train.jsonl:455
Ornith9B / raw generator training target,bethgelab-part-00004-118,f0c7454e952b648ad91a5994577356e214da31b52eb876de97ee33afe5d0c9e9,13,0.13434727503168567,0.10773130544993663,11,34,/e/fscratch/reformo/schuhmann1/ornith-distillation-736-20261004/release/data/train.jsonl:456
Ornith9B / raw generator training target,bethgelab-part-00004-1243,e5ae77ada03f812f9d861cb608aaff9a6a6ce2d07757f29b20f7aee381f1d13c,55,0.3177132146204311,0.3064667291471415,14,202,/e/fscratch/reformo/schuhmann1/ornith-distillation-736-20261004/release/data/train.jsonl:457
Ornith9B / raw generator training target,bethgelab-part-00004-1247,dbcf5f1a411444af0496aacf4bb3b182d92cc8d3851da00c259f4138d2277865,13,0.14222954420647996,0.10928061504667765,9,16,/e/fscratch/reformo/schuhmann1/ornith-distillation-736-20261004/release/data/train.jsonl:458
Ornith9B / raw generator training target,bethgelab-part-00004-1277,cd1706c73b067748c3c3a9683bb81277ad01034314853deca405047c2bb32e1c,20,0.3337378640776699,0.2803398058252427,15,80,/e/fscratch/reformo/schuhmann1/ornith-distillation-736-20261004/release/data/train.jsonl:459
Ornith9B / raw generator training target,bethgelab-part-00004-1281,d40e45cf43613e6e7538c4565453b5e69b147764ba829e338142f020d13f27f3,13,0.09195402298850575,0.05544286680189317,13,71,/e/fscratch/reformo/schuhmann1/ornith-distillation-736-20261004/release/data/train.jsonl:460
Ornith9B / raw generator training target,bethgelab-part-00004-1362,bce14181bceac42f21952e9aa9dda7376fc2b70836c712c1c9386678f9bcd6e2,32,0.1320754716981132,0.11663807890222985,17,122,/e/fscratch/reformo/schuhmann1/ornith-distillation-736-20261004/release/data/train.jsonl:461
Ornith9B / raw generator training target,bethgelab-part-00004-1370,399311d72032910ab51188a2bee4f46317026a0a084c9948f06873acfaec0ea9,15,0.14925939992404103,0.09912647170527915,17,136,/e/fscratch/reformo/schuhmann1/ornith-distillation-736-20261004/release/data/train.jsonl:462
Ornith9B / raw generator training target,bethgelab-part-00004-1397,1eef0afc12d2ca8158d13409830b956ef497030becf346ca86eb806f576e27bf,8,0.030239099859353025,0.02180028129395218,21,127,/e/fscratch/reformo/schuhmann1/ornith-distillation-736-20261004/release/data/train.jsonl:463
Ornith9B / raw generator training target,bethgelab-part-00004-1419,06d9347cbfd23d0924e47abb8906a89e66290528fbaa2c083f235294bc9892fc,17,0.25022583559168926,0.1987353206865402,13,101,/e/fscratch/reformo/schuhmann1/ornith-distillation-736-20261004/release/data/train.jsonl:464
Ornith9B / raw generator training target,bethgelab-part-00004-1424,738ee0690f35e9d63d86e7528bd239a741ef110e77901537836090f3f94df235,13,0.2967032967032967,0.24960753532182103,37,233,/e/fscratch/reformo/schuhmann1/ornith-distillation-736-20261004/release/data/train.jsonl:465
Ornith9B / raw generator training target,bethgelab-part-00004-1447,a0348afdf677ebe7e00cce2d1f4832a71ab7f2e00c2c9f3caece800646cbaa8a,13,0.043339706819630335,0.030592734225621414,9,32,/e/fscratch/reformo/schuhmann1/ornith-distillation-736-20261004/release/data/train.jsonl:466
Ornith9B / raw generator training target,bethgelab-part-00004-149,906f032c7078aa0ff3050a6ef9a5514b4f6bb85e273755e450799df420f5f8cd,19,0.33254437869822484,0.28441814595660747,9,61,/e/fscratch/reformo/schuhmann1/ornith-distillation-736-20261004/release/data/train.jsonl:467
Ornith9B / raw generator training target,bethgelab-part-00004-151,9457c0e47f7e4766e59de6c52f16371ed2fa5265549e3138d2afb7aef3469f52,26,0.15897435897435896,0.1111111111111111,27,94,/e/fscratch/reformo/schuhmann1/ornith-distillation-736-20261004/release/data/train.jsonl:468
Ornith9B / raw generator training target,bethgelab-part-00004-1569,50bef5aa405d024633f90f19e8017c19afeced25409f23f589902bd5810028fa,9,0.056652806652806656,0.028586278586278588,12,68,/e/fscratch/reformo/schuhmann1/ornith-distillation-736-20261004/release/data/train.jsonl:469
Ornith9B / raw generator training target,bethgelab-part-00004-1570,53aa6a95b1a81777395fc7d6a659888174e098c8de836b51b82451f497908a6c,6,0.014705882352941176,0.0,8,20,/e/fscratch/reformo/schuhmann1/ornith-distillation-736-20261004/release/data/train.jsonl:470
Ornith9B / raw generator training target,bethgelab-part-00004-1617,eb2614940f6fba14e02b7e13adc1887b6ab735f4b510d7fabc61eba04cb839a6,12,0.09775222164140095,0.04443282801881861,23,72,/e/fscratch/reformo/schuhmann1/ornith-distillation-736-20261004/release/data/train.jsonl:471
Ornith9B / raw generator training target,bethgelab-part-00004-1663,da9b661f81f1f868d4dc1476884b85912a0e25920c7cece3d326ddacca060ff5,29,0.6597693351424695,0.6292401628222524,9,76,/e/fscratch/reformo/schuhmann1/ornith-distillation-736-20261004/release/data/train.jsonl:472
Ornith9B / raw generator training target,bethgelab-part-00004-1679,8228146579cee81392d6be8ee6c404f3bae295c1aeb8249e3d88a7a471dbc2f6,21,0.2915015411712902,0.24658740642888596,18,97,/e/fscratch/reformo/schuhmann1/ornith-distillation-736-20261004/release/data/train.jsonl:473
Ornith9B / raw generator training target,bethgelab-part-00004-1729,a5d27753cebc49fd6dd005d8d762abba37bcd50df64b12013df8de25b32943d6,21,0.19878105954055322,0.14533520862634786,11,41,/e/fscratch/reformo/schuhmann1/ornith-distillation-736-20261004/release/data/train.jsonl:474
Ornith9B / raw generator training target,bethgelab-part-00004-1743,79ee42ef8e958da429b1b16bbd7dd28164e56d80bf3102fcbcece09182c0759b,25,0.3563218390804598,0.3103448275862069,10,7,/e/fscratch/reformo/schuhmann1/ornith-distillation-736-20261004/release/data/train.jsonl:475
Ornith9B / raw generator training target,bethgelab-part-00004-1744,259d4ad00f58e1fc21f99c9591946e9665da8ec259ee2cfa9f745e542842087d,13,0.09331476323119778,0.05153203342618384,18,121,/e/fscratch/reformo/schuhmann1/ornith-distillation-736-20261004/release/data/train.jsonl:476
Ornith9B / raw generator training target,bethgelab-part-00004-178,f4e05341386a53bc3c1056e6fe2218c4f1edc0eee12f2d23234b4c8df489c6c7,18,0.11909009812667261,0.10570918822479929,18,189,/e/fscratch/reformo/schuhmann1/ornith-distillation-736-20261004/release/data/train.jsonl:477
Ornith9B / raw generator training target,bethgelab-part-00004-1786,b795a1a3de00ac297348f15b36e5a768dc390c96912d4f13676870d5ce38d56f,11,0.0743002544529262,0.04376590330788804,9,53,/e/fscratch/reformo/schuhmann1/ornith-distillation-736-20261004/release/data/train.jsonl:478
Ornith9B / raw generator training target,bethgelab-part-00004-1791,75df6487fe621aaf2f0825ede7cda9ff47b46707b53b9554868f0ec2d5c79f19,9,0.03491042719338539,0.021129995406522738,10,36,/e/fscratch/reformo/schuhmann1/ornith-distillation-736-20261004/release/data/train.jsonl:479
Ornith9B / raw generator training target,bethgelab-part-00004-1801,34b8009ed6c807eb74f8ada2d1aa39d66f3488c3cdba157c2902c044fe7f7352,19,0.386535889433794,0.33927775300936247,8,40,/e/fscratch/reformo/schuhmann1/ornith-distillation-736-20261004/release/data/train.jsonl:480
Ornith9B / raw generator training target,bethgelab-part-00004-1815,370433e7fab65a61f9c499472e578f219d2e40830cd50efe35836690754291b3,14,0.1686746987951807,0.1180722891566265,15,91,/e/fscratch/reformo/schuhmann1/ornith-distillation-736-20261004/release/data/train.jsonl:481
Ornith9B / raw generator training target,bethgelab-part-00004-1834,63bcafa2691e87bec678bf10a2d50a42df9d2d6e9b04386bcbf4b2a74883254f,15,0.03571428571428571,0.024864376130198915,15,103,/e/fscratch/reformo/schuhmann1/ornith-distillation-736-20261004/release/data/train.jsonl:482
Ornith9B / raw generator training target,bethgelab-part-00004-1857,5a04783302690d6277ea4bf576082d1ca3bfffda6a0cb73ad39520d48efa71d7,13,0.08561643835616438,0.05593607305936073,7,26,/e/fscratch/reformo/schuhmann1/ornith-distillation-736-20261004/release/data/train.jsonl:483
Ornith9B / raw generator training target,bethgelab-part-00004-1871,d59cafae0cb053671bb4e488e25d3435d4ec494ffe879eb606f9d6f87059d020,12,0.047036082474226804,0.03157216494845361,7,4,/e/fscratch/reformo/schuhmann1/ornith-distillation-736-20261004/release/data/train.jsonl:484
Ornith9B / raw generator training target,bethgelab-part-00004-1965,ace22cc6b6deccf5225b1724966749f68beb2d7cc032d392633bc699047e33be,17,0.41728828433523474,0.36507240017551557,7,5,/e/fscratch/reformo/schuhmann1/ornith-distillation-736-20261004/release/data/train.jsonl:485
Ornith9B / raw generator training target,bethgelab-part-00004-2004,0a14c37b5e2b801b55b8812d50e8acbc65972b5f7bebb3e5869e744ac6fae0b7,8,0.07333333333333333,0.03333333333333333,17,107,/e/fscratch/reformo/schuhmann1/ornith-distillation-736-20261004/release/data/train.jsonl:486
Ornith9B / raw generator training target,bethgelab-part-00004-2037,e752734e20d849b60e7b02ce9e46531322dbcce129c18a31886b6aee93a3890c,10,0.10277957336780866,0.06399482870071105,12,59,/e/fscratch/reformo/schuhmann1/ornith-distillation-736-20261004/release/data/train.jsonl:487
Ornith9B / raw generator training target,bethgelab-part-00004-2051,a354244884e604a3dc480e40c4c73003ef3c67affc154b19f42386c29b1034be,22,0.13609215017064846,0.10537542662116041,12,56,/e/fscratch/reformo/schuhmann1/ornith-distillation-736-20261004/release/data/train.jsonl:488
Ornith9B / raw generator training target,bethgelab-part-00004-2145,d6fa5e575500c2a0383fd5b1325ea8226ec0e607999caea38aeebc8b6766c7c0,18,0.22603719599427755,0.1688125894134478,6,4,/e/fscratch/reformo/schuhmann1/ornith-distillation-736-20261004/release/data/train.jsonl:489
Ornith9B / raw generator training target,bethgelab-part-00004-2201,c3f0d09c724ae94101370dc1901d7599eed85b0ebcd73770ce0b4d493af7ac64,15,0.144625773776027,0.10073157006190209,12,126,/e/fscratch/reformo/schuhmann1/ornith-distillation-736-20261004/release/data/train.jsonl:490
Ornith9B / raw generator training target,bethgelab-part-00004-222,d391cdbdb5207e7c094f432a1978daa239a72c29e8e00af45879850ebc899b8a,14,0.11168091168091168,0.06723646723646724,9,42,/e/fscratch/reformo/schuhmann1/ornith-distillation-736-20261004/release/data/train.jsonl:491
Ornith9B / raw generator training target,bethgelab-part-00004-2227,46fdefb50c982053feb4277c657eff219b2760bf73a0829392497b541543726c,16,0.10974729241877257,0.07942238267148015,11,53,/e/fscratch/reformo/schuhmann1/ornith-distillation-736-20261004/release/data/train.jsonl:492
Ornith9B / raw generator training target,bethgelab-part-00004-2241,92053bc3d09f625879c7f7046aac65da7bb339b6b3f95d021a1b1aa8637317bd,18,0.28874649579495393,0.22867440929114938,20,128,/e/fscratch/reformo/schuhmann1/ornith-distillation-736-20261004/release/data/train.jsonl:493
Ornith9B / raw generator training target,bethgelab-part-00004-2253,779578553cbc6eb382c926dbc5209a8d5c1f02e3006d80953002f7f3865e616f,9,0.023270846800258566,0.015513897866839044,11,41,/e/fscratch/reformo/schuhmann1/ornith-distillation-736-20261004/release/data/train.jsonl:494
Ornith9B / raw generator training target,bethgelab-part-00004-2263,70e6db699d375bda0c016e5e8bbf376caf670df39a584fd6625f2783ca0d02bc,29,0.5894702842377261,0.5468346253229974,9,75,/e/fscratch/reformo/schuhmann1/ornith-distillation-736-20261004/release/data/train.jsonl:495
Ornith9B / raw generator training target,bethgelab-part-00004-229,8e80321306ad5aaee4ebd9f1babfe3fd8374ef5b82bad26c7033887abb99b14a,74,0.2875816993464052,0.23965141612200436,14,70,/e/fscratch/reformo/schuhmann1/ornith-distillation-736-20261004/release/data/train.jsonl:496
Ornith9B / raw generator training target,bethgelab-part-00004-2338,40174df2c852c1adc8bd45d7378b0fbf66e5c6510459bbd90c11b1911c9358f8,55,0.2964796479647965,0.26347634763476346,15,126,/e/fscratch/reformo/schuhmann1/ornith-distillation-736-20261004/release/data/train.jsonl:497
Ornith9B / raw generator training target,bethgelab-part-00004-2383,311ffb621d84c2fedfdd473064c87030f4f273687b3ac04923b8e25497313a34,7,0.029411764705882353,0.004201680672268907,10,84,/e/fscratch/reformo/schuhmann1/ornith-distillation-736-20261004/release/data/train.jsonl:498
Ornith9B / raw generator training target,bethgelab-part-00004-2470,bdc9786886a5f9b57c6a28b2f1bd7d62405b943acc209d04c47854645c3ec74b,7,0.03171641791044776,0.013059701492537313,17,130,/e/fscratch/reformo/schuhmann1/ornith-distillation-736-20261004/release/data/train.jsonl:499
Ornith9B / raw generator training target,bethgelab-part-00004-2525,ad5f5f0bce938e9a3435e9a809c9d08a1c41b792e69c21f398a41c028871c85a,18,0.15747126436781608,0.11954022988505747,7,30,/e/fscratch/reformo/schuhmann1/ornith-distillation-736-20261004/release/data/train.jsonl:500
Ornith9B / raw generator training target,bethgelab-part-00004-26,4a178708f61e619bae3895086000abea3cb1a1a027f0406573f09777e1a7ceb2,19,0.19871106337271752,0.1439312567132116,8,45,/e/fscratch/reformo/schuhmann1/ornith-distillation-736-20261004/release/data/train.jsonl:501
Ornith9B / raw generator training target,bethgelab-part-00004-2641,c9330608fed412d967845978ce21913b984d714f31925840b3e7033f7e2f7cd9,151,0.3685764914353219,0.3260484347312463,9,30,/e/fscratch/reformo/schuhmann1/ornith-distillation-736-20261004/release/data/train.jsonl:502
Ornith9B / raw generator training target,bethgelab-part-00004-2673,c925de2d22802977a84ea1e1b26305d874209efb288a89a2517820bcd68d57d9,10,0.10292524377031419,0.06067172264355363,8,25,/e/fscratch/reformo/schuhmann1/ornith-distillation-736-20261004/release/data/train.jsonl:503
Ornith9B / raw generator training target,bethgelab-part-00004-2690,ac714ddf7b66606454cee45678c45a98fd70b76ecc30112ab6ba664075cd66ba,15,0.1282394995531725,0.07953529937444147,6,4,/e/fscratch/reformo/schuhmann1/ornith-distillation-736-20261004/release/data/train.jsonl:504
Ornith9B / raw generator training target,bethgelab-part-00004-2705,c8a650c09ee91f0fa705f1a6adb5bd156a371c25470274d2dbe577a3d8859589,10,0.10319917440660474,0.0784313725490196,12,42,/e/fscratch/reformo/schuhmann1/ornith-distillation-736-20261004/release/data/train.jsonl:505
Ornith9B / raw generator training target,bethgelab-part-00004-2742,1f05e0e82f76dd4d5bb5a1b30c682a6f4072b1b394c2a5491cb9dd76baf51014,33,0.5769741207697412,0.5451227604512277,11,63,/e/fscratch/reformo/schuhmann1/ornith-distillation-736-20261004/release/data/train.jsonl:506
Ornith9B / raw generator training target,bethgelab-part-00004-2770,173d5378c65d24c0db46a0068adb8d2e6c337a2dc5e90a01b4e479f4d424cdd3,15,0.11235955056179775,0.07443820224719101,7,13,/e/fscratch/reformo/schuhmann1/ornith-distillation-736-20261004/release/data/train.jsonl:507
Ornith9B / raw generator training target,bethgelab-part-00004-2838,bde64817f11a432bf7354e2e4491e038c92cc0fe8c0c5d62984422b62c2d0d4d,14,0.1248868778280543,0.07873303167420814,14,42,/e/fscratch/reformo/schuhmann1/ornith-distillation-736-20261004/release/data/train.jsonl:508
Ornith9B / raw generator training target,bethgelab-part-00004-2871,10aeed8b00a054216351ccda081247902adc3dcf5c0a0ba08177a041b181f626,9,0.02993585174625802,0.021382751247327157,10,40,/e/fscratch/reformo/schuhmann1/ornith-distillation-736-20261004/release/data/train.jsonl:509
Ornith9B / raw generator training target,bethgelab-part-00004-292,096fa102b302945bfef3af254a098a99d7d143d5eba5e2846556af6b31b832d6,14,0.28931809223492316,0.2230981474182105,19,117,/e/fscratch/reformo/schuhmann1/ornith-distillation-736-20261004/release/data/train.jsonl:510
Ornith9B / raw generator training target,bethgelab-part-00004-2927,2b51cb6ad580e255f452a1ab5d0aabb3496df0c227e8ac0d8c61a5aaedb70010,16,0.3046153846153846,0.23794871794871794,6,2,/e/fscratch/reformo/schuhmann1/ornith-distillation-736-20261004/release/data/train.jsonl:511
Ornith9B / raw generator training target,bethgelab-part-00004-2967,21a105687fe884e14df0fcf08ccab52d84ec80dcaf25b6daf8955d9e0e77e131,11,0.07542087542087542,0.0430976430976431,10,26,/e/fscratch/reformo/schuhmann1/ornith-distillation-736-20261004/release/data/train.jsonl:512
Ornith9B / raw generator training target,bethgelab-part-00004-2999,e4640c63ecb77ac0c05219db0f46852115b8dab0f3dcbcdbeaa4dd380c06dfa7,12,0.05871559633027523,0.04036697247706422,10,104,/e/fscratch/reformo/schuhmann1/ornith-distillation-736-20261004/release/data/train.jsonl:513
Ornith9B / raw generator training target,bethgelab-part-00004-3041,1b7eaa01e753ec38b359cd638a577e96dd75ea7474655d416359fa5f073a94e9,13,0.2489772063120982,0.16832261835184104,12,35,/e/fscratch/reformo/schuhmann1/ornith-distillation-736-20261004/release/data/train.jsonl:514
Ornith9B / raw generator training target,bethgelab-part-00004-3069,cb18f22e16c5439de495aecfa1fc710d0b00aa0223ac9250474349d6ad52fba4,12,0.19338159255429163,0.1344364012409514,10,14,/e/fscratch/reformo/schuhmann1/ornith-distillation-736-20261004/release/data/train.jsonl:515
Ornith9B / raw generator training target,bethgelab-part-00004-3120,cf9d6bf81efc053537299b211cba80bc3f1de24093b880b796d8c647093055c6,11,0.07747892412685668,0.03613006824568447,16,89,/e/fscratch/reformo/schuhmann1/ornith-distillation-736-20261004/release/data/train.jsonl:516
Ornith9B / raw generator training target,bethgelab-part-00004-3129,755e70f2ee2b6c263da4dfb0de0ff31e47be96826382d2de7f69c6ca0cbe0990,10,0.07120901639344263,0.03790983606557377,12,50,/e/fscratch/reformo/schuhmann1/ornith-distillation-736-20261004/release/data/train.jsonl:517
Ornith9B / raw generator training target,bethgelab-part-00004-3150,8f69497cffc4c41325cc1c5ee32c0255a78b19aad96ab3894756a5fdaff7a0ce,20,0.14967105263157895,0.09703947368421052,12,79,/e/fscratch/reformo/schuhmann1/ornith-distillation-736-20261004/release/data/train.jsonl:518
Ornith9B / raw generator training target,bethgelab-part-00004-3153,3c58485a08c49a5b3c6ae88f3d52679caa517df1bc0341afae20b071ed3e4acd,13,0.15510406342913777,0.11645193260654113,8,34,/e/fscratch/reformo/schuhmann1/ornith-distillation-736-20261004/release/data/train.jsonl:519
Ornith9B / raw generator training target,bethgelab-part-00004-3239,515557a6c6a64129fadf977f3dfe3d4f5c5f1c836b2a62318c515f2fa68a1135,25,0.4532693018101219,0.36645733284078313,11,9,/e/fscratch/reformo/schuhmann1/ornith-distillation-736-20261004/release/data/train.jsonl:520
Ornith9B / raw generator training target,bethgelab-part-00004-3305,9ef124096f2b259f5dd689ab31473b20e93cd3b98f99a9a58515613cc86ef228,12,0.14827787507297138,0.09573847051955633,7,22,/e/fscratch/reformo/schuhmann1/ornith-distillation-736-20261004/release/data/train.jsonl:521
Ornith9B / raw generator training target,bethgelab-part-00004-3337,c8e29eedc6e438176440d9f4b36038a489f1217cc07367f1c5a00da8fb536e58,33,0.31364124597207305,0.2712137486573577,11,39,/e/fscratch/reformo/schuhmann1/ornith-distillation-736-20261004/release/data/train.jsonl:522
Ornith9B / raw generator training target,bethgelab-part-00004-3341,9cd0f612026e346a0959f44a077719b0268adba7addae503c8c5593306ef3c95,17,0.04845154845154845,0.036463536463536464,8,51,/e/fscratch/reformo/schuhmann1/ornith-distillation-736-20261004/release/data/train.jsonl:523
Ornith9B / raw generator training target,bethgelab-part-00004-3391,5241ed91924ecf0a2e031d1029cf35c03e430e2ede24faedd43f8a63994dc8bb,18,0.19768628785301123,0.15685607349438585,25,108,/e/fscratch/reformo/schuhmann1/ornith-distillation-736-20261004/release/data/train.jsonl:524
Ornith9B / raw generator training target,bethgelab-part-00004-3433,9169557475558de9294066208df148c4c487711c39e24dfb5933a60a74dc5940,9,0.06424870466321243,0.03005181347150259,14,103,/e/fscratch/reformo/schuhmann1/ornith-distillation-736-20261004/release/data/train.jsonl:525
Ornith9B / raw generator training target,bethgelab-part-00004-3435,5be48db4d33da7234fab1723b251a70f4d29a9aa97250b2aa169c4316f6273db,29,0.46941849954805664,0.3995179270864718,13,58,/e/fscratch/reformo/schuhmann1/ornith-distillation-736-20261004/release/data/train.jsonl:526
Ornith9B / raw generator training target,bethgelab-part-00004-344,b407a7486b6464ca0ad0d643d6c7726940f8f99e7ea8fa5f71040dce5b881532,14,0.09700722394220847,0.047471620227038186,12,103,/e/fscratch/reformo/schuhmann1/ornith-distillation-736-20261004/release/data/train.jsonl:527
Ornith9B / raw generator training target,bethgelab-part-00004-3472,b7cf34213587fe8424ab17ed0846d976db10d67ba81968339f0bfdf2f918fc7a,17,0.11190597853857946,0.0965763924374042,12,30,/e/fscratch/reformo/schuhmann1/ornith-distillation-736-20261004/release/data/train.jsonl:528
Ornith9B / raw generator training target,bethgelab-part-00004-3511,5437a56c2b8679a536bab602c17e7a662133148d83b3ab2052138eb01d195ed4,27,0.4125338142470694,0.36203787195671777,7,9,/e/fscratch/reformo/schuhmann1/ornith-distillation-736-20261004/release/data/train.jsonl:529
Ornith9B / raw generator training target,bethgelab-part-00004-3528,b9577c403bf6a283888fc6b322da48f4baeb79980dd42c3f0bb90ca3876a6461,11,0.0831615120274914,0.037800687285223365,14,123,/e/fscratch/reformo/schuhmann1/ornith-distillation-736-20261004/release/data/train.jsonl:530
Ornith9B / raw generator training target,bethgelab-part-00004-3544,46f77c40a6fa2d915d4e7794555d4641b7e353a888c169b1d75b27ec35132cf1,18,0.18148820326678766,0.13865698729582576,13,100,/e/fscratch/reformo/schuhmann1/ornith-distillation-736-20261004/release/data/train.jsonl:531
Ornith9B / raw generator training target,bethgelab-part-00004-355,35707c8632d5c6be9ddc8ae8a05f639a1bf5db5054cfbc8037deded7097527d0,15,0.13592814371257486,0.08922155688622754,17,58,/e/fscratch/reformo/schuhmann1/ornith-distillation-736-20261004/release/data/train.jsonl:532
Ornith9B / raw generator training target,bethgelab-part-00004-3590,133bbd3a35226d53f4c8e01d6b8f59c0c5fcd0716985d3ddeab90111c3819011,23,0.08289611752360965,0.06400839454354669,18,138,/e/fscratch/reformo/schuhmann1/ornith-distillation-736-20261004/release/data/train.jsonl:533
Ornith9B / raw generator training target,bethgelab-part-00004-3602,e2ea1771dc32d9e6e79b543b7d73e6f37dc3879e84ab87fa83d02c2feec75a85,15,0.18001930501930502,0.13947876447876448,7,5,/e/fscratch/reformo/schuhmann1/ornith-distillation-736-20261004/release/data/train.jsonl:534
Ornith9B / raw generator training target,bethgelab-part-00004-3604,416e858e7636b3f4aaf2cc633a39f1d166773393e75587063482a5b6509bb1c4,15,0.1874722345624167,0.12616614837849843,10,24,/e/fscratch/reformo/schuhmann1/ornith-distillation-736-20261004/release/data/train.jsonl:535
Ornith9B / raw generator training target,bethgelab-part-00004-3626,319f4d57735958d468b200ef84a4d31001843f712621df480eb7a82822151b7d,11,0.051192553810354854,0.030250145433391506,15,90,/e/fscratch/reformo/schuhmann1/ornith-distillation-736-20261004/release/data/train.jsonl:536
Ornith9B / raw generator training target,bethgelab-part-00004-3630,85e72d2a679e1a0f4d1613f2560ea3af87f546090002b40f4045dd2910e41309,12,0.07536764705882353,0.042279411764705885,11,144,/e/fscratch/reformo/schuhmann1/ornith-distillation-736-20261004/release/data/train.jsonl:537
Ornith9B / raw generator training target,bethgelab-part-00004-3645,237e3e980be5ac7d3386498b8b66006c0d6b6694291fb28cffd485e813cc7642,14,0.0922384701912261,0.0686164229471316,11,22,/e/fscratch/reformo/schuhmann1/ornith-distillation-736-20261004/release/data/train.jsonl:538
Ornith9B / raw generator training target,bethgelab-part-00004-3650,5ad115cfc87717feaade76d6d05b2f173a6c2045c8445f034cf7c7f4a57aae15,96,0.1863605671843349,0.17420661715057395,9,14,/e/fscratch/reformo/schuhmann1/ornith-distillation-736-20261004/release/data/train.jsonl:539
Ornith9B / raw generator training target,bethgelab-part-00004-3671,42e26278271170c3ebd444beee4d8b93d80880df2c77767b8dd21cf225016592,37,0.13209802749551702,0.1087866108786611,11,91,/e/fscratch/reformo/schuhmann1/ornith-distillation-736-20261004/release/data/train.jsonl:540
Ornith9B / raw generator training target,bethgelab-part-00004-3685,b490dfbce7e4d90dd0f118ed837fca937ca41eb8d59d6d3236167306ad753524,8,0.045554335894621295,0.03238199780461032,11,73,/e/fscratch/reformo/schuhmann1/ornith-distillation-736-20261004/release/data/train.jsonl:541
Ornith9B / raw generator training target,bethgelab-part-00004-3704,7193ce7f8628319773453dfe09675426bffe24584e0f3aa7eff6c375188b5968,23,0.06488011283497884,0.045133991537376586,14,81,/e/fscratch/reformo/schuhmann1/ornith-distillation-736-20261004/release/data/train.jsonl:542
Ornith9B / raw generator training target,bethgelab-part-00004-3720,a60051ff446ea0c3cfcb571880008ee05e21d58d4e6e6fc8071114b2e3f91008,28,0.3608490566037736,0.3018867924528302,15,121,/e/fscratch/reformo/schuhmann1/ornith-distillation-736-20261004/release/data/train.jsonl:543
Ornith9B / raw generator training target,bethgelab-part-00004-3736,d3d4cb5ff64e4a9db680fde474c0556b31f25d2de79bac476f9384ceb6c9087f,16,0.1313586606567933,0.10431423052157116,8,37,/e/fscratch/reformo/schuhmann1/ornith-distillation-736-20261004/release/data/train.jsonl:544
Ornith9B / raw generator training target,bethgelab-part-00004-3798,2234b6c5272d479865eda9f181a069b18a800da3b7419371f0cbfe85839448e8,26,0.18230563002680966,0.12117962466487936,9,38,/e/fscratch/reformo/schuhmann1/ornith-distillation-736-20261004/release/data/train.jsonl:545
Ornith9B / raw generator training target,bethgelab-part-00004-3800,3f4681679ed576542e46295b725c26e57234d3b1f87154934e0a4cb6bdf08a08,15,0.18354978354978355,0.11861471861471862,9,22,/e/fscratch/reformo/schuhmann1/ornith-distillation-736-20261004/release/data/train.jsonl:546
Ornith9B / raw generator training target,bethgelab-part-00004-3805,2287f6f64b5ebb0906764611b9beec9aca04c42138e347243c85aa7fc57ff192,14,0.2533543804262036,0.1941594317284925,20,134,/e/fscratch/reformo/schuhmann1/ornith-distillation-736-20261004/release/data/train.jsonl:547
Ornith9B / raw generator training target,bethgelab-part-00004-3826,86281507603abf69cbd1adbbd4772b44a347988925ce45ceed4fa6336fe307e2,13,0.1079136690647482,0.09221713538260301,6,3,/e/fscratch/reformo/schuhmann1/ornith-distillation-736-20261004/release/data/train.jsonl:548
Ornith9B / raw generator training target,bethgelab-part-00004-3849,0cfa59ba928244fb2527ebace62f5b8a73c551fc0788bf82f6d827aa6125cd8a,14,0.11651376146788991,0.0889908256880734,12,18,/e/fscratch/reformo/schuhmann1/ornith-distillation-736-20261004/release/data/train.jsonl:549
Ornith9B / raw generator training target,bethgelab-part-00004-3864,490c720e05aa9a64a0f6304259067648c9f629cc4ff15c2a44444456170a8d54,195,0.37311015118790497,0.3601511879049676,24,113,/e/fscratch/reformo/schuhmann1/ornith-distillation-736-20261004/release/data/train.jsonl:550
Ornith9B / raw generator training target,bethgelab-part-00004-389,e242c005a8ba85a07af0fd63c04463fce26b860041295b4e3c7707a1261f8c57,11,0.07676203768318214,0.055826936496859735,11,36,/e/fscratch/reformo/schuhmann1/ornith-distillation-736-20261004/release/data/train.jsonl:551
Ornith9B / raw generator training target,bethgelab-part-00004-3974,6bc2eb3e319a03d885741c9ab5dc201b52b14b23ef3b9942f7f2fe0858db6393,12,0.08288659793814433,0.04329896907216495,14,123,/e/fscratch/reformo/schuhmann1/ornith-distillation-736-20261004/release/data/train.jsonl:552
Ornith9B / raw generator training target,bethgelab-part-00004-4014,865e3f0008188e6c81d0425cd1205d74db1d19ece232d4c1e1fb35154c509664,23,0.5175332527206772,0.4821644498186215,10,139,/e/fscratch/reformo/schuhmann1/ornith-distillation-736-20261004/release/data/train.jsonl:553
Ornith9B / raw generator training target,bethgelab-part-00004-4042,d154bf80970d9a22d44f5046560f483b31a8165fdccbbec23a72cddc1c264504,16,0.08458864426419467,0.0492468134414832,10,26,/e/fscratch/reformo/schuhmann1/ornith-distillation-736-20261004/release/data/train.jsonl:554
Ornith9B / raw generator training target,bethgelab-part-00004-4080,79b3d6def2a85e637b07cfa456f16adf055689ea6a8bef52af7bd508332c4b45,10,0.09985096870342772,0.09090909090909091,21,104,/e/fscratch/reformo/schuhmann1/ornith-distillation-736-20261004/release/data/train.jsonl:555
Ornith9B / raw generator training target,bethgelab-part-00004-4095,4380393c7ad32d2fcb46a72cf4e447ce6924f96f8dd17b0aa75b7061780e0364,12,0.08568443051201671,0.06687565308254964,23,98,/e/fscratch/reformo/schuhmann1/ornith-distillation-736-20261004/release/data/train.jsonl:556
Ornith9B / raw generator training target,bethgelab-part-00004-4098,2fd6813a521d1ff6c827fa0927b9e5e34f8a1feca47b709567eea0e7d233d521,8,0.032492518170158184,0.00940572894399316,15,172,/e/fscratch/reformo/schuhmann1/ornith-distillation-736-20261004/release/data/train.jsonl:557
Ornith9B / raw generator training target,bethgelab-part-00004-4105,8344cf74bfd96c7355039e09e8a621c2bbdee3fa4c34646d2ddd777f159fb4d9,14,0.21827217125382262,0.16551987767584098,16,138,/e/fscratch/reformo/schuhmann1/ornith-distillation-736-20261004/release/data/train.jsonl:558
Ornith9B / raw generator training target,bethgelab-part-00004-4115,903ca848869933444ead9b6dd50f5ea7bbceda760914a6589fb7467a6fd4c03b,13,0.12024456521739131,0.10394021739130435,8,24,/e/fscratch/reformo/schuhmann1/ornith-distillation-736-20261004/release/data/train.jsonl:559
Ornith9B / raw generator training target,bethgelab-part-00004-4123,6d3c0181076370b001e06b9d1a392a035a3f2435c95d1cd8473a3e6ae1dfdb47,19,0.21806853582554517,0.1838006230529595,14,63,/e/fscratch/reformo/schuhmann1/ornith-distillation-736-20261004/release/data/train.jsonl:560
Ornith9B / raw generator training target,bethgelab-part-00004-4128,2409951d75c8f2bd4763a05cbd1282a1f2dbd8c3a1362e910fcbf2053facf00b,10,0.04525547445255475,0.029197080291970802,23,75,/e/fscratch/reformo/schuhmann1/ornith-distillation-736-20261004/release/data/train.jsonl:561
Ornith9B / raw generator training target,bethgelab-part-00004-4133,b58fcb639e8f717c53c7ae4ff2d34766ade27007ba4346870cb7b665d4ea01a0,18,0.327331486611265,0.25530932594644506,8,33,/e/fscratch/reformo/schuhmann1/ornith-distillation-736-20261004/release/data/train.jsonl:562
Ornith9B / raw generator training target,bethgelab-part-00004-4135,07e3f1d92f76e39021a02ea240edd4d93ce92124895f82218b9e4fff5a281564,16,0.275726243229936,0.19005416051206303,10,50,/e/fscratch/reformo/schuhmann1/ornith-distillation-736-20261004/release/data/train.jsonl:563
Ornith9B / raw generator training target,bethgelab-part-00004-4199,da73479efc1d45b1dbfef77f56b96cdd5a8688e16ca44a9d4afce5379ca79644,11,0.05970873786407767,0.03932038834951456,24,116,/e/fscratch/reformo/schuhmann1/ornith-distillation-736-20261004/release/data/train.jsonl:564
Ornith9B / raw generator training target,bethgelab-part-00004-4227,87d528b253807126f1be780a9f1f62d3114dd3cce43788ab77cd2834576a718f,12,0.07040913415794481,0.04471931493815414,21,117,/e/fscratch/reformo/schuhmann1/ornith-distillation-736-20261004/release/data/train.jsonl:565
Ornith9B / raw generator training target,bethgelab-part-00004-4314,1b25eaad37ac3c448815133188cb88dd3e607961fcb033fc5364c5df4094095c,17,0.2683210546723536,0.24001550988755332,23,123,/e/fscratch/reformo/schuhmann1/ornith-distillation-736-20261004/release/data/train.jsonl:566
Ornith9B / raw generator training target,bethgelab-part-00004-4320,4e2c1326a15224d43335ab2525c565fa99630cfbac708cff799109e0024cfa45,20,0.3721565059144677,0.2861692447679709,8,22,/e/fscratch/reformo/schuhmann1/ornith-distillation-736-20261004/release/data/train.jsonl:567
Ornith9B / raw generator training target,bethgelab-part-00004-4368,1485beaf0d61c6b6c6d32590f0cc64e04606ef6d9cfe89315426757f2468cb1a,10,0.1805111821086262,0.11980830670926518,12,34,/e/fscratch/reformo/schuhmann1/ornith-distillation-736-20261004/release/data/train.jsonl:568
Ornith9B / raw generator training target,bethgelab-part-00004-4399,da24e4603398256b9d1c00b523735fb630a2f1958181e4fb2113769979c42f64,8,0.06812879141390574,0.03453103126458236,19,79,/e/fscratch/reformo/schuhmann1/ornith-distillation-736-20261004/release/data/train.jsonl:569
Ornith9B / raw generator training target,bethgelab-part-00004-4435,54ea246581b4488e82e29382189e2c77c6a8bf31c875eda921846c2773b0f2ce,11,0.11351968054763263,0.06217912150598973,15,76,/e/fscratch/reformo/schuhmann1/ornith-distillation-736-20261004/release/data/train.jsonl:570
Ornith9B / raw generator training target,bethgelab-part-00004-4441,6ff646d9bd47a46f20ad9618e28563f56a5f5289e5a1930adfad81bcffd03998,34,0.17139001349527666,0.13090418353576247,12,88,/e/fscratch/reformo/schuhmann1/ornith-distillation-736-20261004/release/data/train.jsonl:571
Ornith9B / raw generator training target,bethgelab-part-00004-4501,a471e916a65ce2d01cc3436ab30ce6ade77dbab6cbcd4c9b80dc05f4819b1195,15,0.17047531992687387,0.1403107861060329,23,140,/e/fscratch/reformo/schuhmann1/ornith-distillation-736-20261004/release/data/train.jsonl:572
Ornith9B / raw generator training target,bethgelab-part-00004-4546,7687465b9f79f061f7f36c8958769ddfe2433b7abc79b1470255e3df625f54bc,19,0.06504559270516717,0.0425531914893617,17,193,/e/fscratch/reformo/schuhmann1/ornith-distillation-736-20261004/release/data/train.jsonl:573
Ornith9B / raw generator training target,bethgelab-part-00004-4552,4e7d0e854eea779dcdff067772515bfbfd2721290e6dc45bdf6b03f046618a09,14,0.1527689369828135,0.09548058561425843,15,35,/e/fscratch/reformo/schuhmann1/ornith-distillation-736-20261004/release/data/train.jsonl:574
Ornith9B / raw generator training target,bethgelab-part-00004-4605,73d35eea99f17c73cad4e4dff338c2b6fd68d67cfb39a57680af6e87406c50be,12,0.058107360265633644,0.04150525733259546,5,0,/e/fscratch/reformo/schuhmann1/ornith-distillation-736-20261004/release/data/train.jsonl:575
Ornith9B / raw generator training target,bethgelab-part-00004-461,46743cbaed23022f5501105329b478c8c65b3ac3b1a611993a29cc2361d9875e,14,0.18875780707841777,0.12630117973629423,5,0,/e/fscratch/reformo/schuhmann1/ornith-distillation-736-20261004/release/data/train.jsonl:576
Ornith9B / raw generator training target,bethgelab-part-00004-466,0183597efdec95bdd8b6cc40cb277d9e393e7d62c820a142ded9a56b1e5027c0,20,0.1908843007401636,0.15816127775613556,9,11,/e/fscratch/reformo/schuhmann1/ornith-distillation-736-20261004/release/data/train.jsonl:577
Ornith9B / raw generator training target,bethgelab-part-00004-4664,13122aadbb6dbb9afffd44a3f1acb2e7864e403687d611d22195620cde5aa773,11,0.11606048222313037,0.06947282386595832,11,65,/e/fscratch/reformo/schuhmann1/ornith-distillation-736-20261004/release/data/train.jsonl:578
Ornith9B / raw generator training target,bethgelab-part-00004-4704,74e73023be17c254b374164819e88d194f1adcea36dce1f1bf70e1076d494dda,27,0.18197278911564627,0.15022675736961452,11,70,/e/fscratch/reformo/schuhmann1/ornith-distillation-736-20261004/release/data/train.jsonl:579
Ornith9B / raw generator training target,bethgelab-part-00004-4730,1b2fa0650f15577d323a33adec87860dd91af1793ceac8bfc1ee59d686caa3f2,11,0.055506607929515416,0.03700440528634361,15,105,/e/fscratch/reformo/schuhmann1/ornith-distillation-736-20261004/release/data/train.jsonl:580
Ornith9B / raw generator training target,bethgelab-part-00004-4747,ffcd98e5a47138788b8398cf72551ee8e47b7a54ad284ce003eb0e79a7321ad2,13,0.08767772511848342,0.06635071090047394,11,93,/e/fscratch/reformo/schuhmann1/ornith-distillation-736-20261004/release/data/train.jsonl:581
Ornith9B / raw generator training target,bethgelab-part-00004-4764,a44faec09264b41881bd1dc5142b1e8d0ab46029c39e86c8b9731fa53b923392,14,0.2764673614920461,0.24355458036204058,10,53,/e/fscratch/reformo/schuhmann1/ornith-distillation-736-20261004/release/data/train.jsonl:582
Ornith9B / raw generator training target,bethgelab-part-00004-4797,243984e051eaf1d8a6a9cf5064f61cc507de740d39f68c14403fee5c45759aad,11,0.036774193548387096,0.02064516129032258,12,46,/e/fscratch/reformo/schuhmann1/ornith-distillation-736-20261004/release/data/train.jsonl:583
Ornith9B / raw generator training target,bethgelab-part-00004-48,ffca72324e87ab379daf18f42085f986dd63582a2e7c11543f79f37bf4734e8b,10,0.08361391694725027,0.057800224466891134,12,46,/e/fscratch/reformo/schuhmann1/ornith-distillation-736-20261004/release/data/train.jsonl:584
Ornith9B / raw generator training target,bethgelab-part-00004-4811,f4a6b81346cf5a1dda379ba0c9f6af35f02185e6a7b122e874ee487b0fdaa27b,9,0.02432179607109448,0.007483629560336763,11,95,/e/fscratch/reformo/schuhmann1/ornith-distillation-736-20261004/release/data/train.jsonl:585
Ornith9B / raw generator training target,bethgelab-part-00004-4814,396b61b397a022142c2431169479bbadbb51a155fc0e9479fa33ca8ee732bdf0,29,0.11570247933884298,0.0884297520661157,17,67,/e/fscratch/reformo/schuhmann1/ornith-distillation-736-20261004/release/data/train.jsonl:586
Ornith9B / raw generator training target,bethgelab-part-00004-4818,4e4762e34f6b9ea3ff1f006679e9a6ec3b9b975f2f7fd0c9b877b65fc295c867,13,0.11974299065420561,0.08119158878504673,10,12,/e/fscratch/reformo/schuhmann1/ornith-distillation-736-20261004/release/data/train.jsonl:587
Ornith9B / raw generator training target,bethgelab-part-00004-4882,ce5fe26b5a928f1ae837304cb4edbb5c3300a310252a53700e41fc5bf8275196,12,0.0697928026172301,0.0430752453653217,29,105,/e/fscratch/reformo/schuhmann1/ornith-distillation-736-20261004/release/data/train.jsonl:588
Ornith9B / raw generator training target,bethgelab-part-00004-4949,48bab0cb28a9431909a14135cd86b1252910be6bbc7d82057dd3151a77ed84a9,10,0.07646474677259185,0.04667328699106256,17,130,/e/fscratch/reformo/schuhmann1/ornith-distillation-736-20261004/release/data/train.jsonl:589
Ornith9B / raw generator training target,bethgelab-part-00004-524,ca70eea41b15175e98a1e75f2df5df9bfaefa78e3920877b2cfe6b8dfa965816,10,0.08533916849015317,0.045951859956236324,9,10,/e/fscratch/reformo/schuhmann1/ornith-distillation-736-20261004/release/data/train.jsonl:590
Ornith9B / raw generator training target,bethgelab-part-00004-553,3289ba23f8c69c6928c12187c1a88b6c6be5ff0cc18f2ab4a1ec948c88620e52,22,0.09090909090909091,0.06960227272727272,9,13,/e/fscratch/reformo/schuhmann1/ornith-distillation-736-20261004/release/data/train.jsonl:591
Ornith9B / raw generator training target,bethgelab-part-00004-571,641e8faccc77faf684168e8d2ee3148f6af362985321c025f6159a3960a7ecd7,12,0.13560975609756099,0.10634146341463414,10,114,/e/fscratch/reformo/schuhmann1/ornith-distillation-736-20261004/release/data/train.jsonl:592
Ornith9B / raw generator training target,bethgelab-part-00004-595,b087b1fd982f45ea1ac54dece9acc564f4d4e01fbf165c1d0f2ec3880c553532,13,0.14428690575479566,0.11384487072560467,20,122,/e/fscratch/reformo/schuhmann1/ornith-distillation-736-20261004/release/data/train.jsonl:593
Ornith9B / raw generator training target,bethgelab-part-00004-611,890ef06b713f1b46465202c06457789b8eea7497f4069fe1e934debcd8b2f489,47,0.24155695477962222,0.22438465941614197,18,98,/e/fscratch/reformo/schuhmann1/ornith-distillation-736-20261004/release/data/train.jsonl:594
Ornith9B / raw generator training target,bethgelab-part-00004-629,50bfe02f18b89bff3e8f35f0a6cbdea9bf2da279115c4018e95a07f5d34480f8,9,0.05592347314201619,0.03826342899190582,14,95,/e/fscratch/reformo/schuhmann1/ornith-distillation-736-20261004/release/data/train.jsonl:595
Ornith9B / raw generator training target,bethgelab-part-00004-63,65265644e29a74aa33c2cea74a36a24e1b87c58e385e3988af9f560a6a19f7d2,19,0.3582554517133956,0.2757009345794392,13,82,/e/fscratch/reformo/schuhmann1/ornith-distillation-736-20261004/release/data/train.jsonl:596
Ornith9B / raw generator training target,bethgelab-part-00004-645,1e5c674c12fe650efef7d69c80f6d341696a925a4125e4a279b40df0a2917f04,12,0.09247094492167761,0.07731177362304194,18,101,/e/fscratch/reformo/schuhmann1/ornith-distillation-736-20261004/release/data/train.jsonl:597
Ornith9B / raw generator training target,bethgelab-part-00004-663,a2833663673d2880acfd8acc046a4dd6d1f09b440a2984be5a4550095efffac5,8,0.04913557779799818,0.01364877161055505,12,142,/e/fscratch/reformo/schuhmann1/ornith-distillation-736-20261004/release/data/train.jsonl:598
Ornith9B / raw generator training target,bethgelab-part-00004-710,63379e2da32db0b5648eeb45d39225bd3ca8ef0c7de12fcd06a57cd7b3c55b5b,9,0.08588957055214724,0.06012269938650307,16,134,/e/fscratch/reformo/schuhmann1/ornith-distillation-736-20261004/release/data/train.jsonl:599
Ornith9B / raw generator training target,bethgelab-part-00004-723,2ce0403b4c9e3c403c4b65bb1e3392e7755a8b68653a5cef39e793f4a6a85139,7,0.01157830591102986,0.0042656916514320535,7,19,/e/fscratch/reformo/schuhmann1/ornith-distillation-736-20261004/release/data/train.jsonl:600
Ornith9B / raw generator training target,bethgelab-part-00004-757,dacb323be5cd8ac32c45e090704ed574b94884879df5e03376988b22677ee030,13,0.10625,0.0625,23,99,/e/fscratch/reformo/schuhmann1/ornith-distillation-736-20261004/release/data/train.jsonl:601
Ornith9B / raw generator training target,bethgelab-part-00004-778,7bdacf74e80b1bce6527b5dfb7f3b73fcc578439ccdbbce06cb8373deaab459e,8,0.051787016776075855,0.016776075857038657,16,56,/e/fscratch/reformo/schuhmann1/ornith-distillation-736-20261004/release/data/train.jsonl:602
Ornith9B / raw generator training target,bethgelab-part-00004-83,13b936415ca73a2a0b68e98d227b1fe0a8d0d7a2a0d65df20c8aebb7f92142f1,10,0.055916775032509754,0.044213263979193757,14,81,/e/fscratch/reformo/schuhmann1/ornith-distillation-736-20261004/release/data/train.jsonl:603
Ornith9B / raw generator training target,bethgelab-part-00004-922,6a29a3828806066e6cde8f21d86fada05d2d1c35d01c0458c5943715910a3eb8,13,0.1541237113402062,0.11082474226804123,6,4,/e/fscratch/reformo/schuhmann1/ornith-distillation-736-20261004/release/data/train.jsonl:604
Ornith9B / raw generator training target,bethgelab-part-00004-946,57fda9f5e51b63ca614dbd55e7430d070d1bd1f40e5a92eed0f3fb6ee56d1ad6,15,0.24921383647798742,0.19732704402515724,22,131,/e/fscratch/reformo/schuhmann1/ornith-distillation-736-20261004/release/data/train.jsonl:605
Ornith9B / raw generator training target,bethgelab-part-00004-981,a0eb9f597656fd2fbfb1176c98c8ea21e0d2fcd8d76dffa2d336687b4ae3e01f,11,0.21098265895953758,0.1485549132947977,10,18,/e/fscratch/reformo/schuhmann1/ornith-distillation-736-20261004/release/data/train.jsonl:606
Ornith9B / raw generator training target,bethgelab-part-00004-994,818c2f93a51f49156acf726f2cb38ad7bbd86b5aae1ed2a50ef5d01338b2f03c,16,0.082010582010582,0.03439153439153439,11,67,/e/fscratch/reformo/schuhmann1/ornith-distillation-736-20261004/release/data/train.jsonl:607
Ornith9B / raw generator training target,bethgelab-part-00055-1007,602b22923c9151b574e6ad2205ed865e99de03f371c1005c19547cfd73162945,16,0.11654755360087961,0.08301264431006047,20,84,/e/fscratch/reformo/schuhmann1/ornith-distillation-736-20261004/release/data/train.jsonl:608
Ornith9B / raw generator training target,bethgelab-part-00055-1036,4f1d0483670f0d19a874fbeb59952937aa49f8076f2198f0ac567a6fa42e5bb9,20,0.11042944785276074,0.09151329243353783,10,147,/e/fscratch/reformo/schuhmann1/ornith-distillation-736-20261004/release/data/train.jsonl:609
Ornith9B / raw generator training target,bethgelab-part-00055-1048,7a7361b635fc8383686d305293b8fd704d7bc439cb64a6c8dffdec730f5ee0f5,15,0.18915510718789408,0.13556116015132408,6,10,/e/fscratch/reformo/schuhmann1/ornith-distillation-736-20261004/release/data/train.jsonl:610
Ornith9B / raw generator training target,bethgelab-part-00055-1049,5e3ecd53f2774e82c62b0cb69f30b214f925b88861ee6b53f7194f69a1d18c1e,15,0.3577476714648603,0.28111769686706184,11,126,/e/fscratch/reformo/schuhmann1/ornith-distillation-736-20261004/release/data/train.jsonl:611
Ornith9B / raw generator training target,bethgelab-part-00055-1050,6255b993d1e964feed12588df931ea8fb11a0c0b3af639ac0ec3d90984652896,13,0.18115631691648823,0.1550321199143469,14,18,/e/fscratch/reformo/schuhmann1/ornith-distillation-736-20261004/release/data/train.jsonl:612
Ornith9B / raw generator training target,bethgelab-part-00055-1070,2bdcd8c474471753a4a421dc23ad92cd1e68046d7c62223415309ad8d61bbd9d,23,0.47118463180362863,0.4071504802561366,11,50,/e/fscratch/reformo/schuhmann1/ornith-distillation-736-20261004/release/data/train.jsonl:613
Ornith9B / raw generator training target,bethgelab-part-00055-1074,cdc4753c88e3536083b9ab1e18a8ed00450d4f51f4fd48d69f3d2d665c0b3bce,11,0.13852242744063326,0.09894459102902374,14,106,/e/fscratch/reformo/schuhmann1/ornith-distillation-736-20261004/release/data/train.jsonl:614
Ornith9B / raw generator training target,bethgelab-part-00055-1118,198146686439415e1c133de47565b7ce2d7ac353edf867f89ac207308c551584,22,0.21641414141414142,0.17272727272727273,8,25,/e/fscratch/reformo/schuhmann1/ornith-distillation-736-20261004/release/data/train.jsonl:615
Ornith9B / raw generator training target,bethgelab-part-00055-1119,2616ff09c62ef1f39536cb30c87afd28ffaa99047acdcadb760cdc0e22c643b1,13,0.17161290322580644,0.15225806451612903,18,68,/e/fscratch/reformo/schuhmann1/ornith-distillation-736-20261004/release/data/train.jsonl:616
Ornith9B / raw generator training target,bethgelab-part-00055-113,d70ad2cb581049f2d8978259a953b41beca4839d507860a457c29a10247c5e61,13,0.22742474916387959,0.17582417582417584,9,41,/e/fscratch/reformo/schuhmann1/ornith-distillation-736-20261004/release/data/train.jsonl:617
Ornith9B / raw generator training target,bethgelab-part-00055-1140,96236ac8e4c7fb26c295ac5d02a564dc32007e378141bb90fb11c9c9ee7bde2b,26,0.23817345597897505,0.20729303547963207,14,85,/e/fscratch/reformo/schuhmann1/ornith-distillation-736-20261004/release/data/train.jsonl:618
Ornith9B / raw generator training target,bethgelab-part-00055-1145,73ceb6622874a2d5a2f3bb1491314a9459d172b1fb327b3f80809619c28ba985,12,0.12038970076548365,0.09116214335421016,12,85,/e/fscratch/reformo/schuhmann1/ornith-distillation-736-20261004/release/data/train.jsonl:619
Ornith9B / raw generator training target,bethgelab-part-00055-1152,d92180c69e1c57a5926c06db16e9f58e8ac5db06b354c3a08ce03c54d688877a,13,0.05252317198764161,0.046343975283213185,7,8,/e/fscratch/reformo/schuhmann1/ornith-distillation-736-20261004/release/data/train.jsonl:620
Ornith9B / raw generator training target,bethgelab-part-00055-1164,3192e1831d87831089aba2adf9b90754ad0e1ef1096a92111d8cad3b848c1406,13,0.12263157894736842,0.07105263157894737,21,83,/e/fscratch/reformo/schuhmann1/ornith-distillation-736-20261004/release/data/train.jsonl:621
Ornith9B / raw generator training target,bethgelab-part-00055-1202,2dd4d39253ff2501cf651a7e8e88c44724963b85fbe6fdd6f00401bed4bab14d,11,0.12225274725274725,0.08653846153846154,13,110,/e/fscratch/reformo/schuhmann1/ornith-distillation-736-20261004/release/data/train.jsonl:622
Ornith9B / raw generator training target,bethgelab-part-00055-1206,defca7ce8f1b63190495b416232843720c23bb4aaa41ff900e5b7f2a98601a49,29,0.20249221183800623,0.1557632398753894,19,111,/e/fscratch/reformo/schuhmann1/ornith-distillation-736-20261004/release/data/train.jsonl:623
Ornith9B / raw generator training target,bethgelab-part-00055-1210,9418a406e0e0af74445a6dfb5ff1cb5e6936360cd953e69e42784c34cf02e4a0,20,0.3285509325681492,0.2855093256814921,18,133,/e/fscratch/reformo/schuhmann1/ornith-distillation-736-20261004/release/data/train.jsonl:624
Ornith9B / raw generator training target,bethgelab-part-00055-1221,f066189990f71f905de425242675784c2162d98ed150f51b6abfa297dc5f75ec,29,0.16700715015321757,0.12921348314606743,14,80,/e/fscratch/reformo/schuhmann1/ornith-distillation-736-20261004/release/data/train.jsonl:625
Ornith9B / raw generator training target,bethgelab-part-00055-1239,528c5c335e556170e5dcb80f40bbca76d9057f3ccc456e698f65bfe522d7c51e,17,0.34461663947797716,0.29526916802610115,9,13,/e/fscratch/reformo/schuhmann1/ornith-distillation-736-20261004/release/data/train.jsonl:626
Ornith9B / raw generator training target,bethgelab-part-00055-1319,274f5efe1594323f70c496e52ff9ac69b91e66a59a9a5bb6a03a9c900d4b5012,8,0.08327402135231317,0.05765124555160142,5,0,/e/fscratch/reformo/schuhmann1/ornith-distillation-736-20261004/release/data/train.jsonl:627
Ornith9B / raw generator training target,bethgelab-part-00055-1353,15e5214567685260fec41b9e396a655896edf1e09570cd86df61a08e1f991a68,13,0.15324675324675324,0.10961038961038962,11,43,/e/fscratch/reformo/schuhmann1/ornith-distillation-736-20261004/release/data/train.jsonl:628
Ornith9B / raw generator training target,bethgelab-part-00055-1358,d4201f797e52502c5afabd0f9b800f5515ceecb9f0813ccf06ac571f5f38b4a5,15,0.22490803993694167,0.17866526537046767,17,63,/e/fscratch/reformo/schuhmann1/ornith-distillation-736-20261004/release/data/train.jsonl:629
Ornith9B / raw generator training target,bethgelab-part-00055-1364,e3511ce5f087c4896bb174e203acfde2bec4e422b5746382737d273494f0b0d9,17,0.40235613955595834,0.34934299954689624,21,97,/e/fscratch/reformo/schuhmann1/ornith-distillation-736-20261004/release/data/train.jsonl:630
Ornith9B / raw generator training target,bethgelab-part-00055-1365,be1c41e4ee31ff3af7b99d4025fc4a4a68025d71e68c18c5270c6a2a166873c0,19,0.17199612403100775,0.11967054263565892,25,148,/e/fscratch/reformo/schuhmann1/ornith-distillation-736-20261004/release/data/train.jsonl:631
Ornith9B / raw generator training target,bethgelab-part-00055-1393,c326187590d2677945f13c155f2cb9b3622accf3a8c502372f935a538b8dc785,23,0.09510869565217392,0.09103260869565218,14,61,/e/fscratch/reformo/schuhmann1/ornith-distillation-736-20261004/release/data/train.jsonl:632
Ornith9B / raw generator training target,bethgelab-part-00055-1442,8c042133ef7ebc3572a1611db0271082c7e782d3a7359b7497e3c672cd7b5ff0,17,0.2867811799850635,0.260268857356236,15,95,/e/fscratch/reformo/schuhmann1/ornith-distillation-736-20261004/release/data/train.jsonl:633
Ornith9B / raw generator training target,bethgelab-part-00055-1447,9b7e28c75841826706d2b27324b69053ee9c3419ac510eefe7b029bcc9217fa8,12,0.09635416666666667,0.07682291666666667,14,57,/e/fscratch/reformo/schuhmann1/ornith-distillation-736-20261004/release/data/train.jsonl:634
Ornith9B / raw generator training target,bethgelab-part-00055-1495,a82b03891f44ad0e5798da1608e505ba846e6bf1096e2b2e28d1691719842b59,15,0.1433862433862434,0.09576719576719576,14,76,/e/fscratch/reformo/schuhmann1/ornith-distillation-736-20261004/release/data/train.jsonl:635
Ornith9B / raw generator training target,bethgelab-part-00055-1526,c213cfd10966feefd1772c79fec7bf94f5d0ce012b5e4eccdd6b0206d151a2ca,11,0.03216650898770104,0.026490066225165563,8,15,/e/fscratch/reformo/schuhmann1/ornith-distillation-736-20261004/release/data/train.jsonl:636
Ornith9B / raw generator training target,bethgelab-part-00055-1530,d0e71d977f4bdd12314c04168b8ff3f8770e9ae0522dc8ed78f049d54172d86b,22,0.11347962382445141,0.06833855799373041,8,34,/e/fscratch/reformo/schuhmann1/ornith-distillation-736-20261004/release/data/train.jsonl:637
Ornith9B / raw generator training target,bethgelab-part-00055-1558,8b09004b36884a8b8b070bab34e62c0b230df764838879b02bcfb1ac8a8232f7,11,0.06674984404242046,0.044291952588895823,14,98,/e/fscratch/reformo/schuhmann1/ornith-distillation-736-20261004/release/data/train.jsonl:638
Ornith9B / raw generator training target,bethgelab-part-00055-1581,2c4780829fe0cd924caf5405a2cf511e14825a1b7ab75ec945af62726d781f0e,10,0.10301369863013699,0.06027397260273973,17,103,/e/fscratch/reformo/schuhmann1/ornith-distillation-736-20261004/release/data/train.jsonl:639
Ornith9B / raw generator training target,bethgelab-part-00055-1586,96d8465c68440286b13edbbdf466bcf1019dad128c96b1043346280a64d427db,11,0.12335958005249344,0.08241469816272966,15,100,/e/fscratch/reformo/schuhmann1/ornith-distillation-736-20261004/release/data/train.jsonl:640
Ornith9B / raw generator training target,bethgelab-part-00055-16,46cf2e963a7fee10517fef8be2efaadd1458624db2d86e50b2c6f79decb254ab,15,0.13530135301353013,0.08302583025830258,22,89,/e/fscratch/reformo/schuhmann1/ornith-distillation-736-20261004/release/data/train.jsonl:641
Ornith9B / raw generator training target,bethgelab-part-00055-1615,3c46beba0514a7b958dc0e0751dc5b6e63d93ac8b014b6d8ceb13b92e09f01a5,54,0.5057232049947971,0.4630593132154006,16,121,/e/fscratch/reformo/schuhmann1/ornith-distillation-736-20261004/release/data/train.jsonl:642
Ornith9B / raw generator training target,bethgelab-part-00055-1661,b659fcc87c96d566bc7fba5ff69022e8a61efb23860c69693992bd3d3b46a9bf,21,0.09876543209876543,0.06958473625140292,21,100,/e/fscratch/reformo/schuhmann1/ornith-distillation-736-20261004/release/data/train.jsonl:643
Ornith9B / raw generator training target,bethgelab-part-00055-1715,abbeb33656ebd9357daa1715f66b0daf4216b3b056eeb93b90a6cbdc899198cd,28,0.31760264275601696,0.26663520528551204,12,85,/e/fscratch/reformo/schuhmann1/ornith-distillation-736-20261004/release/data/train.jsonl:644
Ornith9B / raw generator training target,bethgelab-part-00055-1746,17f25cb90d6bcd0b3bd6ee8cc9198b65f437dc4f4299ca4b5b13aa8365557ae9,16,0.12763037511436415,0.08645928636779505,10,36,/e/fscratch/reformo/schuhmann1/ornith-distillation-736-20261004/release/data/train.jsonl:645
Ornith9B / raw generator training target,bethgelab-part-00055-1773,0adc48ab3cf8a08a8335848f082381968fa5867e43a7416a4f8515ed94de2c86,11,0.10808614384396587,0.07151564404713531,11,42,/e/fscratch/reformo/schuhmann1/ornith-distillation-736-20261004/release/data/train.jsonl:646
Ornith9B / raw generator training target,bethgelab-part-00055-1779,aa75fab813c0168098b716c3055f1c5de4c287fdbcce49773181fa7b47aa46b7,11,0.026586102719033233,0.01933534743202417,14,75,/e/fscratch/reformo/schuhmann1/ornith-distillation-736-20261004/release/data/train.jsonl:647
Ornith9B / raw generator training target,bethgelab-part-00055-1818,8121918406c2d1139ecae1818eeac725e53ad11e02d85ff00d181abc474c2950,11,0.11966987620357634,0.08528198074277854,12,48,/e/fscratch/reformo/schuhmann1/ornith-distillation-736-20261004/release/data/train.jsonl:648
Ornith9B / raw generator training target,bethgelab-part-00055-1877,e4e6fbe00de5514f2b3578dac67141196d6c304f34b05dd2461174d2adf1e28c,14,0.11853448275862069,0.07112068965517242,10,12,/e/fscratch/reformo/schuhmann1/ornith-distillation-736-20261004/release/data/train.jsonl:649
Ornith9B / raw generator training target,bethgelab-part-00055-1901,e9a2736c8dc9cd3a088640a53237c820bd77c53ff308b4042c6b33c4baa1516e,18,0.09038901601830664,0.06979405034324943,18,113,/e/fscratch/reformo/schuhmann1/ornith-distillation-736-20261004/release/data/train.jsonl:650
Ornith9B / raw generator training target,bethgelab-part-00055-1911,a3da28e839dc379495c57e863c14de847ab0513b6c37ad77e62f6062196945ea,10,0.10314465408805032,0.08050314465408805,14,54,/e/fscratch/reformo/schuhmann1/ornith-distillation-736-20261004/release/data/train.jsonl:651
Ornith9B / raw generator training target,bethgelab-part-00055-1936,39641487ad422b4ba2b4af72ccf8f9d1d1c98288c64e6ad1d3b42d73e8d288c3,16,0.085995085995086,0.04791154791154791,12,29,/e/fscratch/reformo/schuhmann1/ornith-distillation-736-20261004/release/data/train.jsonl:652
Ornith9B / raw generator training target,bethgelab-part-00055-196,d136495a0b488f064720c65e2e490e6d321f1654de71eb55c6d3535e3332768c,15,0.09149902660609993,0.04412719013627515,11,152,/e/fscratch/reformo/schuhmann1/ornith-distillation-736-20261004/release/data/train.jsonl:653
Ornith9B / raw generator training target,bethgelab-part-00055-1982,290dc9c8b72600404f68f6873fb1d0f81bcce68d208ea6002644d7698ecbb22d,31,0.289419795221843,0.24641638225255974,9,69,/e/fscratch/reformo/schuhmann1/ornith-distillation-736-20261004/release/data/train.jsonl:654
Ornith9B / raw generator training target,bethgelab-part-00055-2013,6ca8207e44d3a7f333b86f1f0f992b362955c2f7a6548043ecbfa87e0f2c149b,20,0.209566274827726,0.16092419943250913,5,0,/e/fscratch/reformo/schuhmann1/ornith-distillation-736-20261004/release/data/train.jsonl:655
Ornith9B / raw generator training target,bethgelab-part-00055-2051,c944c3060206d67bb0d93be7726e3ac0b7e98ea3eede05545015684cde1d7332,21,0.31337767923133775,0.25129342202512933,0,0,/e/fscratch/reformo/schuhmann1/ornith-distillation-736-20261004/release/data/train.jsonl:656
Ornith9B / raw generator training target,bethgelab-part-00055-2058,99727c0c34dcf3c1602459ccec3143d8fc8d2e240a2a1bc0d777c4ce4198d977,11,0.0889730241362991,0.06578324656885944,23,129,/e/fscratch/reformo/schuhmann1/ornith-distillation-736-20261004/release/data/train.jsonl:657
Ornith9B / raw generator training target,bethgelab-part-00055-21,b94900b1d95074e241e54565107a99073f7aa852bdc38070df90f12077905a3f,14,0.19522591645353793,0.16155157715260018,13,42,/e/fscratch/reformo/schuhmann1/ornith-distillation-736-20261004/release/data/train.jsonl:658
Ornith9B / raw generator training target,bethgelab-part-00055-2138,8825c51daeb4ff532826aafee38ba190fbe0ad40ac74d8c7ead7d34aa0941a91,10,0.0377255330781848,0.018042646254784037,13,31,/e/fscratch/reformo/schuhmann1/ornith-distillation-736-20261004/release/data/train.jsonl:659
Ornith9B / raw generator training target,bethgelab-part-00055-2187,90a09746bf9bb21c9078fb9316e91c7d8e41b5a01028449715ff569270005d75,23,0.2882231404958678,0.26962809917355374,6,2,/e/fscratch/reformo/schuhmann1/ornith-distillation-736-20261004/release/data/train.jsonl:660
Ornith9B / raw generator training target,bethgelab-part-00055-2194,cfe6923cbbcebad38362581c266038dc0a697d9a324861c4fa6a564f98f5fafd,26,0.2581052631578947,0.21178947368421053,11,31,/e/fscratch/reformo/schuhmann1/ornith-distillation-736-20261004/release/data/train.jsonl:661
Ornith9B / raw generator training target,bethgelab-part-00055-2210,d4f3657a456c4781cf5510969133091f48aac796f2c7127b5b8404f3b75ef621,25,0.3389030148928442,0.2691609153650563,8,61,/e/fscratch/reformo/schuhmann1/ornith-distillation-736-20261004/release/data/train.jsonl:662
Ornith9B / raw generator training target,bethgelab-part-00055-2218,44d89a6a50b799c8f76e3f364be30bda2e28efdffa7cfe7a9b37dfed67a8fd58,9,0.5576923076923077,0.3020833333333333,13,165,/e/fscratch/reformo/schuhmann1/ornith-distillation-736-20261004/release/data/train.jsonl:663
Ornith9B / raw generator training target,bethgelab-part-00055-2248,08168cd59524a1d772ad74e1fc3b34ec22e4538e0f647638daade25fb384a626,7,0.009226401703335699,0.0049680624556423,9,68,/e/fscratch/reformo/schuhmann1/ornith-distillation-736-20261004/release/data/train.jsonl:664
Ornith9B / raw generator training target,bethgelab-part-00055-232,ce71e34735be8c41de940d0cb3795a286bc64fe96a4d915eb99a3359461c64e9,10,0.05185758513931889,0.037925696594427245,14,63,/e/fscratch/reformo/schuhmann1/ornith-distillation-736-20261004/release/data/train.jsonl:665
Ornith9B / raw generator training target,bethgelab-part-00055-2378,063f75c14a287aba0d6280bb96b35e5310fe41c32fd1b7444a04dab720d89668,25,0.12608405603735823,0.08205470313542361,13,34,/e/fscratch/reformo/schuhmann1/ornith-distillation-736-20261004/release/data/train.jsonl:666
Ornith9B / raw generator training target,bethgelab-part-00055-2431,cd9ceb6c54570645384d9158cb8f663c3a34d7209033279671f82dce56bcd4c1,12,0.10359712230215827,0.08201438848920864,14,82,/e/fscratch/reformo/schuhmann1/ornith-distillation-736-20261004/release/data/train.jsonl:667
Ornith9B / raw generator training target,bethgelab-part-00055-2464,8a95da42a87378a441a6b89eca79742c88a06ceecd08b2ea7a548ab2180d7f26,11,0.06616862326574173,0.04055496264674493,12,70,/e/fscratch/reformo/schuhmann1/ornith-distillation-736-20261004/release/data/train.jsonl:668
Ornith9B / raw generator training target,bethgelab-part-00055-2481,9b112054d2d52325f0db74b05eadfb51fd03fd45c782cab4f42c76f419b018cb,16,0.3363984674329502,0.30766283524904214,9,63,/e/fscratch/reformo/schuhmann1/ornith-distillation-736-20261004/release/data/train.jsonl:669
Ornith9B / raw generator training target,bethgelab-part-00055-2518,bc66709f24d588661841fbf2e11975044761941c5800de9affbaa2bfd77503c0,11,0.13303571428571428,0.10089285714285715,9,29,/e/fscratch/reformo/schuhmann1/ornith-distillation-736-20261004/release/data/train.jsonl:670
Ornith9B / raw generator training target,bethgelab-part-00055-2526,89f23e334821949cac38a31abbd35c2b8f43cf2e9434b5d274c291949deedf7a,24,0.33392603129445236,0.25568990042674256,18,130,/e/fscratch/reformo/schuhmann1/ornith-distillation-736-20261004/release/data/train.jsonl:671
Ornith9B / raw generator training target,bethgelab-part-00055-2528,c4182212301b1cc5066c1dc3eccf365986b912ed7191a14dc7a82b460081428b,16,0.11816019032513878,0.08961141950832673,32,87,/e/fscratch/reformo/schuhmann1/ornith-distillation-736-20261004/release/data/train.jsonl:672
Ornith9B / raw generator training target,bethgelab-part-00055-2603,92298cb17a6d43788039531abb530f02509602e64cbecee18fda37850dd7e576,87,0.19053398058252427,0.17718446601941748,18,96,/e/fscratch/reformo/schuhmann1/ornith-distillation-736-20261004/release/data/train.jsonl:673
Ornith9B / raw generator training target,bethgelab-part-00055-2612,0ea5bb5d6f3e9b782c4dd73fbac51fabffc8edb1d25bf8e22f2ebd84b06bc664,11,0.17861271676300577,0.12947976878612716,0,0,/e/fscratch/reformo/schuhmann1/ornith-distillation-736-20261004/release/data/train.jsonl:674
Ornith9B / raw generator training target,bethgelab-part-00055-2638,0da0fa333ef412ddd56b5f605d79689022def442d7f9d7ed18a827e4f1f9f324,17,0.23296032553407936,0.1785350966429298,15,71,/e/fscratch/reformo/schuhmann1/ornith-distillation-736-20261004/release/data/train.jsonl:675
Ornith9B / raw generator training target,bethgelab-part-00055-2661,70b69eee5bf0e0bae51c33246114059a65f5e5a1ed67f41b92e0699e97962716,15,0.11951807228915663,0.08771084337349398,24,140,/e/fscratch/reformo/schuhmann1/ornith-distillation-736-20261004/release/data/train.jsonl:676
Ornith9B / raw generator training target,bethgelab-part-00055-274,62d660f3f3db96eab173f061b246f807350da9b2e7890e3e425a7dc442a7b968,23,0.3941227312013829,0.31028522039757994,25,112,/e/fscratch/reformo/schuhmann1/ornith-distillation-736-20261004/release/data/train.jsonl:677
Ornith9B / raw generator training target,bethgelab-part-00055-2742,1f9f06f471b250c3b8bf9c13ea576e81149f1dafa7e9b77ad10f726e72b45e02,172,0.24692118226600984,0.21366995073891626,12,33,/e/fscratch/reformo/schuhmann1/ornith-distillation-736-20261004/release/data/train.jsonl:678
Ornith9B / raw generator training target,bethgelab-part-00055-276,884a8595d30e5095d7966294e4e77da737d2362429c81349f686c924b2b0eea2,21,0.43233895373973197,0.38305231301340253,9,45,/e/fscratch/reformo/schuhmann1/ornith-distillation-736-20261004/release/data/train.jsonl:679
Ornith9B / raw generator training target,bethgelab-part-00055-282,1c2c029e6b9a882c693fbc6c4ed7d25edf873bae1e86bb89477cec0afbf1e025,15,0.07781649245063879,0.053426248548199766,20,132,/e/fscratch/reformo/schuhmann1/ornith-distillation-736-20261004/release/data/train.jsonl:680
Ornith9B / raw generator training target,bethgelab-part-00055-2835,9c93e17dd82a9b3c3da572dbb764ca5894cadeca9da04090f49cfcb3027ebe42,13,0.18923076923076923,0.14923076923076922,14,93,/e/fscratch/reformo/schuhmann1/ornith-distillation-736-20261004/release/data/train.jsonl:681
Ornith9B / raw generator training target,bethgelab-part-00055-2841,92e7167521407fd25956db1c10d18e5674288471e833b1ee39e8e40ef48488a1,13,0.1529828706438275,0.10691080921441229,19,58,/e/fscratch/reformo/schuhmann1/ornith-distillation-736-20261004/release/data/train.jsonl:682
Ornith9B / raw generator training target,bethgelab-part-00055-2847,de609de5f52111bd90a60ddad44db409092009bd10924990500b6331b549378f,27,0.5049715909090909,0.4708806818181818,5,0,/e/fscratch/reformo/schuhmann1/ornith-distillation-736-20261004/release/data/train.jsonl:683
Ornith9B / raw generator training target,bethgelab-part-00055-2898,9434a54486c4b4d57309ec4a564fe7610261ffe15c740c403897b92b500d9951,13,0.058865248226950356,0.03333333333333333,11,29,/e/fscratch/reformo/schuhmann1/ornith-distillation-736-20261004/release/data/train.jsonl:684
Ornith9B / raw generator training target,bethgelab-part-00055-2925,07d82fc662c67a25b3d630cc1632e8c81d61890b50f83b2d24adc063ff527e2d,14,0.266284523189161,0.21573736321000522,8,27,/e/fscratch/reformo/schuhmann1/ornith-distillation-736-20261004/release/data/train.jsonl:685
Ornith9B / raw generator training target,bethgelab-part-00055-2936,e9285adfa1b52fd8034fef02fe4d94012b428ddf1a6e9fde384dd943321b42a2,10,0.0757825370675453,0.04612850082372323,6,37,/e/fscratch/reformo/schuhmann1/ornith-distillation-736-20261004/release/data/train.jsonl:686
Ornith9B / raw generator training target,bethgelab-part-00055-2958,a0d41ecd63d832cf48354ddd9f914d3f1cfdaaaf4052690b118677eb5b7b8b65,31,0.32085743450153115,0.2898945219462402,31,115,/e/fscratch/reformo/schuhmann1/ornith-distillation-736-20261004/release/data/train.jsonl:687
Ornith9B / raw generator training target,bethgelab-part-00055-30,a34a17e346bdd933139f3e2a66f1f7698a48aae8bfcd322d74c9862603cc0827,12,0.0938137321549966,0.06934058463630184,12,93,/e/fscratch/reformo/schuhmann1/ornith-distillation-736-20261004/release/data/train.jsonl:688
Ornith9B / raw generator training target,bethgelab-part-00055-3115,94c45ed9e8e9d434c6b116da6010c3ccf41cc7676d9b386eaa08bd0a6ffb5aa1,9,0.06689419795221843,0.025938566552901023,9,18,/e/fscratch/reformo/schuhmann1/ornith-distillation-736-20261004/release/data/train.jsonl:689
Ornith9B / raw generator training target,bethgelab-part-00055-3123,2db225d0b436491a895856019d0d115e5088b50472706b0c9a5fb8a0950f95ce,21,0.16666666666666666,0.15384615384615385,7,6,/e/fscratch/reformo/schuhmann1/ornith-distillation-736-20261004/release/data/train.jsonl:690
Ornith9B / raw generator training target,bethgelab-part-00055-3146,6be80fa940ae99ede33af4b546ab39f06fea4d1a3245b2f13645c75bafbb003f,10,0.23255813953488372,0.11295681063122924,17,118,/e/fscratch/reformo/schuhmann1/ornith-distillation-736-20261004/release/data/train.jsonl:691
Ornith9B / raw generator training target,bethgelab-part-00055-315,ff6c59dcbeae1d74635e485f4c4b1ce5e0c98b1f75da6ed659527752a4f9ad2e,13,0.18475383800952885,0.10852302805717311,19,103,/e/fscratch/reformo/schuhmann1/ornith-distillation-736-20261004/release/data/train.jsonl:692
Ornith9B / raw generator training target,bethgelab-part-00055-3161,a7a41c6b4c0756b255ba42537fe53c2dd86ffc430d0b07d48056476a87529f53,11,0.18082581869957284,0.16943521594684385,14,88,/e/fscratch/reformo/schuhmann1/ornith-distillation-736-20261004/release/data/train.jsonl:693
Ornith9B / raw generator training target,bethgelab-part-00055-3200,fa4f94988dea6fb488e2a983947eebf521264a00790ae277d4bc8d37e4aa077f,26,0.19584837545126355,0.16877256317689532,15,75,/e/fscratch/reformo/schuhmann1/ornith-distillation-736-20261004/release/data/train.jsonl:694
Ornith9B / raw generator training target,bethgelab-part-00055-3205,568c4af00c82e8148af3c83f329ce6fc0dbb490c016279c803431132bb491c0f,32,0.39065335753176045,0.35798548094373867,33,89,/e/fscratch/reformo/schuhmann1/ornith-distillation-736-20261004/release/data/train.jsonl:695
Ornith9B / raw generator training target,bethgelab-part-00055-3285,69567d0d2a06c67f3175b58a43aff9aa8bc9fa84899c295a1ae75322bde45df3,30,0.45963692545384316,0.40401699497875626,28,75,/e/fscratch/reformo/schuhmann1/ornith-distillation-736-20261004/release/data/train.jsonl:696
Ornith9B / raw generator training target,bethgelab-part-00055-329,4376660042f9539501450e0df2c8e5e5f0a0c518bf97f2903799894887eb274f,17,0.10836961780358007,0.061925495887760036,18,179,/e/fscratch/reformo/schuhmann1/ornith-distillation-736-20261004/release/data/train.jsonl:697
Ornith9B / raw generator training target,bethgelab-part-00055-3315,640bbab29126f2de5423cb82ed31740b64b5f39034d0a03245d9f640fd59e5a8,22,0.2549019607843137,0.2218782249742002,8,108,/e/fscratch/reformo/schuhmann1/ornith-distillation-736-20261004/release/data/train.jsonl:698
Ornith9B / raw generator training target,bethgelab-part-00055-3323,15cac5921b1541e0f46b8a7647207ee90f9e22b8d2a521bfa2533fdd8cbfcd1b,20,0.09833795013850416,0.060941828254847646,14,36,/e/fscratch/reformo/schuhmann1/ornith-distillation-736-20261004/release/data/train.jsonl:699
Ornith9B / raw generator training target,bethgelab-part-00055-3349,6fcc8d63f4167dbf5e1f060b9d5ecb0226040ebbf1b2ff507589134f8b9b65d7,29,0.29247408742676884,0.245606128886886,22,67,/e/fscratch/reformo/schuhmann1/ornith-distillation-736-20261004/release/data/train.jsonl:700
Ornith9B / raw generator training target,bethgelab-part-00055-3399,81b74a81526078bfa25b6bcf68eb8cccc892c75e0f0e33ee2c694ceb5e447d39,13,0.10849315068493151,0.06410958904109589,14,85,/e/fscratch/reformo/schuhmann1/ornith-distillation-736-20261004/release/data/train.jsonl:701
Ornith9B / raw generator training target,bethgelab-part-00055-3417,e74152e7767184b702c4fc9daaeca18da7ed70c1ff6e5f8ea5d2cea48d2e9f25,17,0.3076126359399275,0.23200414293112376,20,96,/e/fscratch/reformo/schuhmann1/ornith-distillation-736-20261004/release/data/train.jsonl:702
Ornith9B / raw generator training target,bethgelab-part-00055-3542,e870b20f97a8a46c03633a7b3a2168c74e02cb2f84b2a23b2556d82961b0416a,17,0.23833844058563158,0.20292815798433775,39,168,/e/fscratch/reformo/schuhmann1/ornith-distillation-736-20261004/release/data/train.jsonl:703
Ornith9B / raw generator training target,bethgelab-part-00055-3586,f28fb8837ac65dace6f0edb73fe563ce1ae0a7c81c888997599cc7e4368bf89f,15,0.2637551581843191,0.22248968363136176,10,83,/e/fscratch/reformo/schuhmann1/ornith-distillation-736-20261004/release/data/train.jsonl:704
Ornith9B / raw generator training target,bethgelab-part-00055-3637,0fc10404c62d38e5f946dec8a8f2c79e063252a6a84923d7d0cc7fb5d7795771,14,0.32206515058389673,0.2704363859864782,9,27,/e/fscratch/reformo/schuhmann1/ornith-distillation-736-20261004/release/data/train.jsonl:705
Ornith9B / raw generator training target,bethgelab-part-00055-3650,0f35c805e5844a4ff0b53b80b6fc2b0a4cb1afe35c3f0175867836670735a6cb,29,0.5052990158970477,0.4348978046934141,7,45,/e/fscratch/reformo/schuhmann1/ornith-distillation-736-20261004/release/data/train.jsonl:706
Ornith9B / raw generator training target,bethgelab-part-00055-37,57bcf25334582b1f4e7682735203a1fd62e4843ec50643a5724d4aff9ad94af6,20,0.27143365350409104,0.21237993596584845,13,136,/e/fscratch/reformo/schuhmann1/ornith-distillation-736-20261004/release/data/train.jsonl:707
Ornith9B / raw generator training target,bethgelab-part-00055-3752,1664353fa462a195e9b3db87837b0d003059ec315b0a8745c9fa6334a79d7fa6,22,0.31255448997384483,0.26285963382737576,13,86,/e/fscratch/reformo/schuhmann1/ornith-distillation-736-20261004/release/data/train.jsonl:708
Ornith9B / raw generator training target,bethgelab-part-00055-3867,51abcff3284c27c2012b405cc219cc1176f2ca53d0ba2619130a1f77dcb2f607,43,0.4226213221245701,0.3584256782575468,24,138,/e/fscratch/reformo/schuhmann1/ornith-distillation-736-20261004/release/data/train.jsonl:709
Ornith9B / raw generator training target,bethgelab-part-00055-390,4c8372561dbe6c54e3e1d9b79e44de9a2e422a52319661e0b3b5defd521a0298,14,0.12163839470417874,0.10136532892014895,34,109,/e/fscratch/reformo/schuhmann1/ornith-distillation-736-20261004/release/data/train.jsonl:710
Ornith9B / raw generator training target,bethgelab-part-00055-3908,5596349e9ba5d2cbcf06ec4466223d3c7f36ba59acac5f3a1d7fcd278a330318,15,0.09398854961832061,0.06870229007633588,12,61,/e/fscratch/reformo/schuhmann1/ornith-distillation-736-20261004/release/data/train.jsonl:711
Ornith9B / raw generator training target,bethgelab-part-00055-3923,6e2bc8005e26e7a3dee123c92d9e0f77062b3f178e91ecacfd82b5da294456f5,17,0.16506256015399423,0.10923965351299326,17,121,/e/fscratch/reformo/schuhmann1/ornith-distillation-736-20261004/release/data/train.jsonl:712
Ornith9B / raw generator training target,bethgelab-part-00055-3924,e64fb2da637ded64a07b614a63cd98f1a84b56f7275a29bf04cf26c64ff74464,17,0.22928821470245042,0.14352392065344224,9,14,/e/fscratch/reformo/schuhmann1/ornith-distillation-736-20261004/release/data/train.jsonl:713
Ornith9B / raw generator training target,bethgelab-part-00055-3962,c759f755cf2aa82b2f72795b0ef231f94066fb9b0fd775c32c8f018ed6b750f9,12,0.03590192644483362,0.025394045534150613,11,30,/e/fscratch/reformo/schuhmann1/ornith-distillation-736-20261004/release/data/train.jsonl:714
Ornith9B / raw generator training target,bethgelab-part-00055-3986,fde1968245d907f7d693b54b234eb36e09a4667b20e80e84ce5053ef63f7b175,16,0.17439293598233996,0.12141280353200883,7,45,/e/fscratch/reformo/schuhmann1/ornith-distillation-736-20261004/release/data/train.jsonl:715
Ornith9B / raw generator training target,bethgelab-part-00055-4099,af69d89d8b97ebda86efc72863b2d837965ed1a95bc36ccab2878fc6246c5d5c,13,0.15671944782785222,0.12017864393016646,6,1,/e/fscratch/reformo/schuhmann1/ornith-distillation-736-20261004/release/data/train.jsonl:716
Ornith9B / raw generator training target,bethgelab-part-00055-4109,64e78f93064ca7e8323d6da04e34de853151e4060508f5ad3bc3c8f53e3087d7,9,0.045344129554655874,0.03076923076923077,8,50,/e/fscratch/reformo/schuhmann1/ornith-distillation-736-20261004/release/data/train.jsonl:717
Ornith9B / raw generator training target,bethgelab-part-00055-4177,c9c21f828501933529c0e6965cb2dc2090b748c58840c4af8aea0dd4842cf432,19,0.3013544018058691,0.24040632054176073,13,76,/e/fscratch/reformo/schuhmann1/ornith-distillation-736-20261004/release/data/train.jsonl:718
Ornith9B / raw generator training target,bethgelab-part-00055-418,b3bab17f24f4cd6db199238674bc23af652aea0dae3903cb87010548eee3fb73,23,0.12305611899932387,0.07031778228532792,13,69,/e/fscratch/reformo/schuhmann1/ornith-distillation-736-20261004/release/data/train.jsonl:719
Ornith9B / raw generator training target,bethgelab-part-00055-4190,e16887cbb3ea1ef3281b821caa33afb65fa21ad4303ce0fe232283a5c1b2c66c,15,0.2999088422971741,0.22607110300820418,9,50,/e/fscratch/reformo/schuhmann1/ornith-distillation-736-20261004/release/data/train.jsonl:720
Ornith9B / raw generator training target,bethgelab-part-00055-436,db4ba65a2215a70004f634718168c5e960d3aa3c1791020419871c059d5ac36f,27,0.4993506493506494,0.34285714285714286,14,124,/e/fscratch/reformo/schuhmann1/ornith-distillation-736-20261004/release/data/train.jsonl:721
Ornith9B / raw generator training target,bethgelab-part-00055-4376,807922ca891431e542684c2cefa7375937abbfe3892af786ef55add50b27d69a,8,0.039484978540772535,0.039484978540772535,9,20,/e/fscratch/reformo/schuhmann1/ornith-distillation-736-20261004/release/data/train.jsonl:722
Ornith9B / raw generator training target,bethgelab-part-00055-4461,3885a9f7896896fdc47f8c10af0c1d47865d4cb3849f8551698491a31967ecff,9,0.06516129032258064,0.04967741935483871,13,32,/e/fscratch/reformo/schuhmann1/ornith-distillation-736-20261004/release/data/train.jsonl:723
Ornith9B / raw generator training target,bethgelab-part-00055-4468,a5bb130835579f5a689efdaf1fdaf9b1ff18f2b3513f4ff3d0e95d839182a075,35,0.7233273056057866,0.701627486437613,13,97,/e/fscratch/reformo/schuhmann1/ornith-distillation-736-20261004/release/data/train.jsonl:724
Ornith9B / raw generator training target,bethgelab-part-00055-4570,c5c3dfdfcad3cd1dd7270feeff4b27baea1fb925e681a0291d9efe9d6eaf7b80,7,0.0819423368740516,0.042488619119878605,14,12,/e/fscratch/reformo/schuhmann1/ornith-distillation-736-20261004/release/data/train.jsonl:725
Ornith9B / raw generator training target,bethgelab-part-00055-4578,344b58a73a2d1caa9295238b12bcfc421ad53cd074ce81d71e9ae4d475388ccd,23,0.25985221674876846,0.20812807881773399,18,79,/e/fscratch/reformo/schuhmann1/ornith-distillation-736-20261004/release/data/train.jsonl:726
Ornith9B / raw generator training target,bethgelab-part-00055-4749,456760355ab1615a704ad596b5b2ee4e1de9e371ffb95c2ab233143946ec8277,17,0.1528460997891778,0.1106816584680253,16,135,/e/fscratch/reformo/schuhmann1/ornith-distillation-736-20261004/release/data/train.jsonl:727
Ornith9B / raw generator training target,bethgelab-part-00055-4779,843de32cf2a85808c42c594f2c67060d9f0ad7f558f37b4dcc4a67fc95bbe64d,16,0.22829386763812992,0.18822100789313903,9,35,/e/fscratch/reformo/schuhmann1/ornith-distillation-736-20261004/release/data/train.jsonl:728
Ornith9B / raw generator training target,bethgelab-part-00055-4852,dda8949baf8fdd0bf7d509e19ee0e702158d78df4ab545cc72f171bcf22710f8,30,0.17944147355912063,0.1081402257872846,12,94,/e/fscratch/reformo/schuhmann1/ornith-distillation-736-20261004/release/data/train.jsonl:729
Ornith9B / raw generator training target,bethgelab-part-00055-4862,fe7463fa08630eed8e789656210e368e226c85dfc602dfe3aa77ca4962831563,27,0.6344497607655503,0.5814992025518342,9,64,/e/fscratch/reformo/schuhmann1/ornith-distillation-736-20261004/release/data/train.jsonl:730
Ornith9B / raw generator training target,bethgelab-part-00055-503,c929695fb6a1de5f4ab527786e38869c38161cf8ff5b110ea30f630387bfe112,8,0.04137392661982826,0.0117096018735363,9,21,/e/fscratch/reformo/schuhmann1/ornith-distillation-736-20261004/release/data/train.jsonl:731
Ornith9B / raw generator training target,bethgelab-part-00055-67,550d75f992a445391ec9552f86e597e561703b98fc50237b12f69a7ea4afc2a7,14,0.12824106517168885,0.09950946040644709,12,41,/e/fscratch/reformo/schuhmann1/ornith-distillation-736-20261004/release/data/train.jsonl:732
Ornith9B / raw generator training target,bethgelab-part-00055-680,35a8226408a0b005233690ff2371a988aa9ac746457e4d56b8e63c233640f1f2,15,0.108,0.096,9,35,/e/fscratch/reformo/schuhmann1/ornith-distillation-736-20261004/release/data/train.jsonl:733
Ornith9B / raw generator training target,bethgelab-part-00055-855,b123c7d500f26a0267e7c2b669b701b1349c37e864208bae1197462c8aae72a8,14,0.258380608561114,0.19907168643630738,9,44,/e/fscratch/reformo/schuhmann1/ornith-distillation-736-20261004/release/data/train.jsonl:734
Ornith9B / raw generator training target,bethgelab-part-00055-97,c55e8d79a59e53743940848768c4710e606c57230f972d8c4a5740e26282f05e,14,0.32189032545697727,0.2603655818100758,9,17,/e/fscratch/reformo/schuhmann1/ornith-distillation-736-20261004/release/data/train.jsonl:735
Ornith9B / raw generator training target,bethgelab-part-00055-984,ffce0cf515798e1b736a9f64151badd43d7db8640409100c62ea5b1b1f5a6ff7,29,0.4991596638655462,0.44873949579831934,12,104,/e/fscratch/reformo/schuhmann1/ornith-distillation-736-20261004/release/data/train.jsonl:736
