condition,document_id,source_sha256,summary_sha256,representation,narrative_longest_match,narrative_classification,narrative_coverage_6plus,evidence_longest_match,evidence_classification,evidence_coverage_6plus,metadata_longest_match,metadata_classification,metadata_coverage_6plus
Legacy ornith15_9b / final,arxiv-1000004,17d72cf5012a446db91cee13599eb989610d1f655e1baf57d7fb98691bd0f20f,fe673b8ce2f0e2a33bf3adbecaf8f914d17946a375e04b349cd59897b402a9d4,schema_object,24,violation_7plus,0.48438150770512284,5,within_5,0.0,12,violation_7plus,0.3157894736842105
Legacy ornith15_9b / returned generation,arxiv-1000004,17d72cf5012a446db91cee13599eb989610d1f655e1baf57d7fb98691bd0f20f,1c8522226898ba8d69b435894dff45033aaf683a6698faa78ea01352c728f4c1,schema_object,13,violation_7plus,0.3086158192090395,25,violation_7plus,0.9578163771712159,12,violation_7plus,0.2
Legacy ornith15_9b / returned generation,arxiv-1000004,17d72cf5012a446db91cee13599eb989610d1f655e1baf57d7fb98691bd0f20f,18cefc6e19908a142d7507303f4a9d098e1cf2258a3774125edbd60f6bbd754a,schema_object,24,violation_7plus,0.4712945590994371,25,violation_7plus,0.9223433242506812,12,violation_7plus,0.1643835616438356
Legacy qwen27b / final,arxiv-1000004,17d72cf5012a446db91cee13599eb989610d1f655e1baf57d7fb98691bd0f20f,985b80856d0bb6e59269abcf2c7bc56c1f2147030056c2f6399973777ef484f4,schema_object,12,violation_7plus,0.12897366030881016,4,within_5,0.0,12,violation_7plus,0.375
Legacy qwen27b / returned generation,arxiv-1000004,17d72cf5012a446db91cee13599eb989610d1f655e1baf57d7fb98691bd0f20f,ca74ec101173177d863e2cb114e05e2e35f19a0eee598401c37549fbe9334fa0,schema_object,12,violation_7plus,0.12701252236135957,4,within_5,0.0,12,violation_7plus,0.375
Legacy qwen27b / returned field_repair,arxiv-1000004,17d72cf5012a446db91cee13599eb989610d1f655e1baf57d7fb98691bd0f20f,8b6f1468695ed49523e76c043c7ba0eb543722ffcccfc9de8d227ca3d67ea464,schema_object,10,violation_7plus,0.04835164835164835,4,within_5,0.0,0,within_5,0
Legacy qwen27b / returned field_repair,arxiv-1000004,17d72cf5012a446db91cee13599eb989610d1f655e1baf57d7fb98691bd0f20f,5bf075046dca1314e5911168a59dda9791a80b3fdbcbb3a183224cfa364ecdcd,schema_object,10,violation_7plus,0.04835164835164835,4,within_5,0.0,0,within_5,0
Legacy qwen27b / returned field_repair,arxiv-1000004,17d72cf5012a446db91cee13599eb989610d1f655e1baf57d7fb98691bd0f20f,36ad3ab9859e3b7c4b708d5b5f8c0030eb3b5635c950ece4cd752bf13658531c,schema_object,10,violation_7plus,0.03980099502487562,4,within_5,0.0,0,within_5,0
Legacy qwen35_9b / final,arxiv-1000004,17d72cf5012a446db91cee13599eb989610d1f655e1baf57d7fb98691bd0f20f,19ce31e939dfc8189726a1ba38a154bc8e46613856ae4bfa5d2bda4c6cd841e2,schema_object,12,violation_7plus,0.11441144114411442,5,within_5,0.0,12,violation_7plus,0.35294117647058826
Legacy qwen35_9b / returned generation,arxiv-1000004,17d72cf5012a446db91cee13599eb989610d1f655e1baf57d7fb98691bd0f20f,cd37fc34ef1bf2b4bd5bec9034fbe70b490512de106badade17e4091012306ce,schema_object,27,violation_7plus,0.42939898624185374,30,violation_7plus,0.906951871657754,12,violation_7plus,0.34285714285714286
Legacy qwen35_9b / returned generation,arxiv-1000004,17d72cf5012a446db91cee13599eb989610d1f655e1baf57d7fb98691bd0f20f,c79b21318b9a2579f7ed5f6326abc22d49d36e7e6a0acf25a2ebf03bff18d0fe,schema_object,12,violation_7plus,0.11909262759924386,14,violation_7plus,0.8256484149855908,12,violation_7plus,0.17391304347826086
Legacy qwen35_9b/pre_completion_recovery / final,arxiv-1000004,17d72cf5012a446db91cee13599eb989610d1f655e1baf57d7fb98691bd0f20f,19ce31e939dfc8189726a1ba38a154bc8e46613856ae4bfa5d2bda4c6cd841e2,schema_object,12,violation_7plus,0.11441144114411442,5,within_5,0.0,12,violation_7plus,0.35294117647058826
Legacy qwen35_9b/pre_completion_recovery / returned generation,arxiv-1000004,17d72cf5012a446db91cee13599eb989610d1f655e1baf57d7fb98691bd0f20f,cd37fc34ef1bf2b4bd5bec9034fbe70b490512de106badade17e4091012306ce,schema_object,27,violation_7plus,0.42939898624185374,30,violation_7plus,0.906951871657754,12,violation_7plus,0.34285714285714286
Legacy qwen35_9b/pre_completion_recovery / returned generation,arxiv-1000004,17d72cf5012a446db91cee13599eb989610d1f655e1baf57d7fb98691bd0f20f,c79b21318b9a2579f7ed5f6326abc22d49d36e7e6a0acf25a2ebf03bff18d0fe,schema_object,12,violation_7plus,0.11909262759924386,14,violation_7plus,0.8256484149855908,12,violation_7plus,0.17391304347826086
Legacy ornith15_9b / final,arxiv-1000013,5883b007b76782e8c6cf78987394168c6022487c81122a403f4a2b4ca8940ca7,fc80f55421c4f47c6aa40252d0d0500cc455af795667e9fc52c17f3bd4978491,schema_object,24,violation_7plus,0.5810085836909872,5,within_5,0.0,7,violation_7plus,0.25
Legacy ornith15_9b / returned generation,arxiv-1000013,5883b007b76782e8c6cf78987394168c6022487c81122a403f4a2b4ca8940ca7,e2491bcd14542b0960a8e2c7dc0e94b78e2aea54f65d4f5c64cfda569921c201,schema_object,24,violation_7plus,0.5432737535277516,19,violation_7plus,0.7950889077053345,7,violation_7plus,0.1206896551724138
Legacy qwen27b / final,arxiv-1000013,5883b007b76782e8c6cf78987394168c6022487c81122a403f4a2b4ca8940ca7,a1e1282af71da9d7f51089f2720ce556b6d0d0c77cd55dc17f36173dd7792ec5,schema_object,16,violation_7plus,0.33496571988246815,4,within_5,0.0,7,violation_7plus,0.25925925925925924
Legacy qwen27b / returned generation,arxiv-1000013,5883b007b76782e8c6cf78987394168c6022487c81122a403f4a2b4ca8940ca7,c4f02c56e056a7579259d390866996172f4e2fa84a5206387faf90b88607a802,schema_object,16,violation_7plus,0.30672645739910315,4,within_5,0.0,28,violation_7plus,0.7966101694915254
Legacy qwen27b / returned field_repair,arxiv-1000013,5883b007b76782e8c6cf78987394168c6022487c81122a403f4a2b4ca8940ca7,55e68d5a46b009b5d0b255d5116c4a84531448b7572764e022f92beebc3bee4c,schema_object,13,violation_7plus,0.3563218390804598,4,within_5,0.0,28,violation_7plus,0.9560439560439561
Legacy qwen27b / returned field_repair,arxiv-1000013,5883b007b76782e8c6cf78987394168c6022487c81122a403f4a2b4ca8940ca7,1a9c63f0af769e7f65ed49bdc29abbe92a42ef3de786cf5d6e6e5432aba2f7f4,schema_object,13,violation_7plus,0.3702127659574468,4,within_5,0.0,28,violation_7plus,0.9560439560439561
Legacy qwen27b / returned field_repair,arxiv-1000013,5883b007b76782e8c6cf78987394168c6022487c81122a403f4a2b4ca8940ca7,33b805c6acefe63f6759a4ace007de5961018d1f779c57899240376f22d1ef2d,schema_object,13,violation_7plus,0.3702127659574468,4,within_5,0.0,28,violation_7plus,1.0
Legacy qwen35_9b / final,arxiv-1000013,5883b007b76782e8c6cf78987394168c6022487c81122a403f4a2b4ca8940ca7,2b30e2b35239da8064f86a5b9a8cfcde27784dd0d63d06931912097400e7352c,schema_object,10,violation_7plus,0.22348484848484848,5,within_5,0.0,7,violation_7plus,0.25
Legacy qwen35_9b / returned generation,arxiv-1000013,5883b007b76782e8c6cf78987394168c6022487c81122a403f4a2b4ca8940ca7,eb806127fd05976d06e2d6bbc3f01d4599563ece64f161d483952c365a12f359,schema_object,29,violation_7plus,0.2616632860040568,21,violation_7plus,0.9245810055865922,7,violation_7plus,0.1320754716981132
Legacy qwen35_9b/pre_completion_recovery / final,arxiv-1000013,5883b007b76782e8c6cf78987394168c6022487c81122a403f4a2b4ca8940ca7,2b30e2b35239da8064f86a5b9a8cfcde27784dd0d63d06931912097400e7352c,schema_object,10,violation_7plus,0.22348484848484848,5,within_5,0.0,7,violation_7plus,0.25
Legacy qwen35_9b/pre_completion_recovery / returned generation,arxiv-1000013,5883b007b76782e8c6cf78987394168c6022487c81122a403f4a2b4ca8940ca7,eb806127fd05976d06e2d6bbc3f01d4599563ece64f161d483952c365a12f359,schema_object,29,violation_7plus,0.2616632860040568,21,violation_7plus,0.9245810055865922,7,violation_7plus,0.1320754716981132
Legacy ornith15_9b / final,arxiv-1000016,895157f678d1f98628533078c0ff15f6dfccc12ebb1d01affd68efeb091022b8,edec66dc717f2671fe5367b00c653bff47b4a4124fd2e98c4bec412d7bf79142,schema_object,13,violation_7plus,0.2489311163895487,5,within_5,0.0,6,borderline_6,0.24
Legacy ornith15_9b / returned generation / unparsed text diagnostic,arxiv-1000016,895157f678d1f98628533078c0ff15f6dfccc12ebb1d01affd68efeb091022b8,f430b076eb9a7951db64a2d431cbe26cf9117b4a2a5f96301b26f1b714ddfb6a,unparsed_returned_text,11,violation_7plus,0.001844625753813409,0,within_5,0,0,within_5,0
Legacy ornith15_9b / returned generation / unparsed text diagnostic,arxiv-1000016,895157f678d1f98628533078c0ff15f6dfccc12ebb1d01affd68efeb091022b8,00659a9ddab6406242af1f5ccdb7af9ec9415aa8499a1027121b6c9982ec3a0f,unparsed_returned_text,14,violation_7plus,0.05851179673321234,0,within_5,0,0,within_5,0
Legacy ornith15_9b / returned generation,arxiv-1000016,895157f678d1f98628533078c0ff15f6dfccc12ebb1d01affd68efeb091022b8,e5e19a26f34d91b6e9f8a0c10628c4ff947ea0b0ee35ce79f0739ecfc70bde00,schema_object,13,violation_7plus,0.23168654173764908,14,violation_7plus,0.7097966728280961,6,borderline_6,0.1
Legacy qwen27b / final,arxiv-1000016,895157f678d1f98628533078c0ff15f6dfccc12ebb1d01affd68efeb091022b8,12daeba6f039e7d1e19123c59fcdf4fabfe8681a9ae3e132084c7f920db2c213,schema_object,9,violation_7plus,0.0686164229471316,5,within_5,0.0,6,borderline_6,0.2608695652173913
Legacy qwen27b / returned generation,arxiv-1000016,895157f678d1f98628533078c0ff15f6dfccc12ebb1d01affd68efeb091022b8,69b9baaa9deb40c57688f14e5f32cd25bfb10b86c552de6ca4c73deb7b64033f,schema_object,9,violation_7plus,0.06792873051224944,4,within_5,0.0,6,borderline_6,0.2608695652173913
Legacy qwen27b / returned field_repair,arxiv-1000016,895157f678d1f98628533078c0ff15f6dfccc12ebb1d01affd68efeb091022b8,d1e675d0a2c56bc307549cbe4546afdb9f300bc559a159b9b6317c7198801743,schema_object,7,violation_7plus,0.04149377593360996,4,within_5,0.0,0,within_5,0
Legacy qwen27b / returned field_repair,arxiv-1000016,895157f678d1f98628533078c0ff15f6dfccc12ebb1d01affd68efeb091022b8,0838eabef7fa1b45bbe5c5cf468c9b0e4ab4eae992f51ea94464e31b5ede8a7a,schema_object,6,borderline_6,0.016901408450704224,4,within_5,0.0,0,within_5,0
Legacy qwen27b / returned field_repair,arxiv-1000016,895157f678d1f98628533078c0ff15f6dfccc12ebb1d01affd68efeb091022b8,78e751897785c8f086799cdf03d96d0dc8c96d253a696dc48d94b4909b04d957,schema_object,6,borderline_6,0.016901408450704224,4,within_5,0.0,0,within_5,0
Legacy qwen35_9b / final,arxiv-1000016,895157f678d1f98628533078c0ff15f6dfccc12ebb1d01affd68efeb091022b8,0b13a2aed879a50aa14801325ad5bcbfea773ca3dfec7baf81657b403a285886,schema_object,16,violation_7plus,0.21741573033707864,5,within_5,0.0,6,borderline_6,0.2857142857142857
Legacy qwen35_9b / returned generation,arxiv-1000016,895157f678d1f98628533078c0ff15f6dfccc12ebb1d01affd68efeb091022b8,eb1f0ac9050cec6c03b157bccff6c81973e485cb348c485a1b8bcfb6e52c70e2,schema_object,16,violation_7plus,0.21044045676998369,17,violation_7plus,0.8779378316906747,6,borderline_6,0.13043478260869565
Legacy qwen35_9b/pre_completion_recovery / final,arxiv-1000016,895157f678d1f98628533078c0ff15f6dfccc12ebb1d01affd68efeb091022b8,0b13a2aed879a50aa14801325ad5bcbfea773ca3dfec7baf81657b403a285886,schema_object,16,violation_7plus,0.21741573033707864,5,within_5,0.0,6,borderline_6,0.2857142857142857
Legacy qwen35_9b/pre_completion_recovery / returned generation,arxiv-1000016,895157f678d1f98628533078c0ff15f6dfccc12ebb1d01affd68efeb091022b8,eb1f0ac9050cec6c03b157bccff6c81973e485cb348c485a1b8bcfb6e52c70e2,schema_object,16,violation_7plus,0.21044045676998369,17,violation_7plus,0.8779378316906747,6,borderline_6,0.13043478260869565
Legacy ornith15_9b / final,arxiv-100002,48161c34c18da95667d55f6acd365bca2bfb5ca5f2e07486f24e2b5e80788de4,e592a4bc629caf845425fd490614e641e9c7d0d3e7566ab5c96855bfdce885a6,schema_object,13,violation_7plus,0.042926239419588876,5,within_5,0.0,14,violation_7plus,0.4375
Legacy ornith15_9b / returned generation,arxiv-100002,48161c34c18da95667d55f6acd365bca2bfb5ca5f2e07486f24e2b5e80788de4,25dc5f95754700eb003fa16996c1121e3245b8ffec7a9fd66947123f7215c69c,schema_object,13,violation_7plus,0.06200607902735562,26,violation_7plus,0.922890103217972,14,violation_7plus,0.24561403508771928
Legacy ornith15_9b / returned generation,arxiv-100002,48161c34c18da95667d55f6acd365bca2bfb5ca5f2e07486f24e2b5e80788de4,2dadf11a695140c315ecd9dc376e7012b784dc1c4ea4536a0960b4e573e58f9c,schema_object,13,violation_7plus,0.04169113329418673,15,violation_7plus,0.5342105263157895,14,violation_7plus,0.4375
Legacy ornith15_9b / failed draft,arxiv-100002,48161c34c18da95667d55f6acd365bca2bfb5ca5f2e07486f24e2b5e80788de4,f14e6021d716108aa321c056fcac509cf9f875c2fb4a7739815f37db160702da,schema_object,13,violation_7plus,0.04169113329418673,15,violation_7plus,0.39481268011527376,14,violation_7plus,0.4375
Legacy qwen27b / final,arxiv-100002,48161c34c18da95667d55f6acd365bca2bfb5ca5f2e07486f24e2b5e80788de4,1abae310b45b2be306a76c541a17334c61f10cbe8f3d1bb1d9be8a2be1abf830,schema_object,13,violation_7plus,0.06782608695652174,5,within_5,0.0,14,violation_7plus,0.4827586206896552
Legacy qwen27b / returned generation,arxiv-100002,48161c34c18da95667d55f6acd365bca2bfb5ca5f2e07486f24e2b5e80788de4,894ef42609ddd10db526a2b2d18ed385711a4b5c5d09af7c494583d25e18a71e,schema_object,13,violation_7plus,0.06735751295336788,5,within_5,0.0,14,violation_7plus,0.4827586206896552
Legacy qwen27b / returned field_repair,arxiv-100002,48161c34c18da95667d55f6acd365bca2bfb5ca5f2e07486f24e2b5e80788de4,d6fbc43ec07e6c5dfda2ffe26581a7157a1d1c633f7920e9fb6b3fe97343af8c,schema_object,7,violation_7plus,0.05726872246696035,3,within_5,0.0,0,within_5,0
Legacy qwen35_9b / final,arxiv-100002,48161c34c18da95667d55f6acd365bca2bfb5ca5f2e07486f24e2b5e80788de4,1acb38319ed4e4bad9037494246fba693bff03cf1606dc73fb6c262295ce1b48,schema_object,13,violation_7plus,0.09852216748768473,5,within_5,0.0,14,violation_7plus,0.5185185185185185
Legacy qwen35_9b / returned generation / unparsed text diagnostic,arxiv-100002,48161c34c18da95667d55f6acd365bca2bfb5ca5f2e07486f24e2b5e80788de4,6719552c0dc5cd460636249f7fa58937273eac36ee4d2205d17ea8c9dd2861c7,unparsed_returned_text,19,violation_7plus,0.03668122270742358,0,within_5,0,0,within_5,0
Legacy qwen35_9b / returned generation,arxiv-100002,48161c34c18da95667d55f6acd365bca2bfb5ca5f2e07486f24e2b5e80788de4,9233801724a9b39bc4de3344afec2f0a1ee1614813342d26accc373e11031300,schema_object,13,violation_7plus,0.09216589861751152,8,violation_7plus,0.19533527696793002,14,violation_7plus,0.2692307692307692
Legacy qwen35_9b/pre_completion_recovery / final,arxiv-100002,48161c34c18da95667d55f6acd365bca2bfb5ca5f2e07486f24e2b5e80788de4,1acb38319ed4e4bad9037494246fba693bff03cf1606dc73fb6c262295ce1b48,schema_object,13,violation_7plus,0.09852216748768473,5,within_5,0.0,14,violation_7plus,0.5185185185185185
Legacy qwen35_9b/pre_completion_recovery / returned generation / unparsed text diagnostic,arxiv-100002,48161c34c18da95667d55f6acd365bca2bfb5ca5f2e07486f24e2b5e80788de4,6719552c0dc5cd460636249f7fa58937273eac36ee4d2205d17ea8c9dd2861c7,unparsed_returned_text,19,violation_7plus,0.03668122270742358,0,within_5,0,0,within_5,0
Legacy qwen35_9b/pre_completion_recovery / returned generation,arxiv-100002,48161c34c18da95667d55f6acd365bca2bfb5ca5f2e07486f24e2b5e80788de4,9233801724a9b39bc4de3344afec2f0a1ee1614813342d26accc373e11031300,schema_object,13,violation_7plus,0.09216589861751152,8,violation_7plus,0.19533527696793002,14,violation_7plus,0.2692307692307692
Legacy ornith15_9b / final,arxiv-1000021,bbd7b9c7bf14b8204fd51f7d0ec0ffb2c6fd246c6f7e3fb9721251f0aec47019,4389be12540181768443c0f110ab084ea69a8d36e6e57028abeda741b47a7b27,schema_object,20,violation_7plus,0.32331223628691985,5,within_5,0.0,7,violation_7plus,0.2692307692307692
Legacy ornith15_9b / returned generation / unparsed text diagnostic,arxiv-1000021,bbd7b9c7bf14b8204fd51f7d0ec0ffb2c6fd246c6f7e3fb9721251f0aec47019,052d8e60128562ee7b07a7fe7f3a1865f8acf290893152a27a72f7f791ebeb51,unparsed_returned_text,28,violation_7plus,0.5636858828869723,0,within_5,0,0,within_5,0
Legacy ornith15_9b / returned generation / unparsed text diagnostic,arxiv-1000021,bbd7b9c7bf14b8204fd51f7d0ec0ffb2c6fd246c6f7e3fb9721251f0aec47019,b53e7f7cfd16707ef44b2520a12343ab2d00e004d1bffdb8d63a0c7c9b1425e8,unparsed_returned_text,35,violation_7plus,0.3142266033832299,0,within_5,0,0,within_5,0
Legacy ornith15_9b / returned generation,arxiv-1000021,bbd7b9c7bf14b8204fd51f7d0ec0ffb2c6fd246c6f7e3fb9721251f0aec47019,d1fdfd601ed818680dd64661accdc580b0056373a1cbfce612f98d8474b52e27,schema_object,20,violation_7plus,0.28270412642669007,34,violation_7plus,0.8257655755015839,7,violation_7plus,0.11475409836065574
Legacy qwen27b / final,arxiv-1000021,bbd7b9c7bf14b8204fd51f7d0ec0ffb2c6fd246c6f7e3fb9721251f0aec47019,fa12644166907dad22d7bf851448a51673c5f82f9073dc1807a12c6863b07818,schema_object,7,violation_7plus,0.0436241610738255,5,within_5,0.0,7,violation_7plus,0.2692307692307692
Legacy qwen27b / returned generation,arxiv-1000021,bbd7b9c7bf14b8204fd51f7d0ec0ffb2c6fd246c6f7e3fb9721251f0aec47019,09b8669c7b4c9f169623463feac833dafcc6186c12627bcb804974b63094b3ff,schema_object,7,violation_7plus,0.0436241610738255,4,within_5,0.0,7,violation_7plus,0.2692307692307692
Legacy qwen27b / returned field_repair,arxiv-1000021,bbd7b9c7bf14b8204fd51f7d0ec0ffb2c6fd246c6f7e3fb9721251f0aec47019,5a5baaaddb4938ecdbe006ad5d039d7182595aaf3a13ae73d2e31a6c6ca523f0,schema_object,7,violation_7plus,0.041666666666666664,4,within_5,0.0,0,within_5,0
Legacy qwen35_9b / final,arxiv-1000021,bbd7b9c7bf14b8204fd51f7d0ec0ffb2c6fd246c6f7e3fb9721251f0aec47019,a1c33958be1bb75c506e104b6498623f662f073cb68599d910626c01833cc858,schema_object,11,violation_7plus,0.05023696682464455,5,within_5,0.0,7,violation_7plus,0.28
Legacy qwen35_9b / returned generation,arxiv-1000021,bbd7b9c7bf14b8204fd51f7d0ec0ffb2c6fd246c6f7e3fb9721251f0aec47019,93f05875b89b3ea17ce4510f0ae0acc2e8c722d1f57a6465e399dc6e61093b16,schema_object,11,violation_7plus,0.04435146443514645,14,violation_7plus,0.8522571819425444,7,violation_7plus,0.0875
Legacy qwen35_9b/pre_completion_recovery / final,arxiv-1000021,bbd7b9c7bf14b8204fd51f7d0ec0ffb2c6fd246c6f7e3fb9721251f0aec47019,a1c33958be1bb75c506e104b6498623f662f073cb68599d910626c01833cc858,schema_object,11,violation_7plus,0.05023696682464455,5,within_5,0.0,7,violation_7plus,0.28
Legacy qwen35_9b/pre_completion_recovery / returned generation,arxiv-1000021,bbd7b9c7bf14b8204fd51f7d0ec0ffb2c6fd246c6f7e3fb9721251f0aec47019,93f05875b89b3ea17ce4510f0ae0acc2e8c722d1f57a6465e399dc6e61093b16,schema_object,11,violation_7plus,0.04435146443514645,14,violation_7plus,0.8522571819425444,7,violation_7plus,0.0875
Legacy ornith15_9b / final,arxiv-1000024,599bf9c0cb59667f6e1d97602cff49892b150a1a768b407d89b5a4a15d83b103,7fa41da649c78fa9f1bb64eba5e4d74fc694bbf6de6ecb940f28a0425bb48ad6,schema_object,22,violation_7plus,0.519774011299435,5,within_5,0.0,11,violation_7plus,0.4074074074074074
Legacy ornith15_9b / returned generation / unparsed text diagnostic,arxiv-1000024,599bf9c0cb59667f6e1d97602cff49892b150a1a768b407d89b5a4a15d83b103,dd531889285e2c2adb041c6a89579c324777e8accb255984d259e7ee606e7a12,unparsed_returned_text,16,violation_7plus,0.05356419603078169,0,within_5,0,0,within_5,0
Legacy ornith15_9b / returned generation / unparsed text diagnostic,arxiv-1000024,599bf9c0cb59667f6e1d97602cff49892b150a1a768b407d89b5a4a15d83b103,319eaf463b8fbe7054b59e7828b62c2e59918eb937640eb3de85fd44283f6e3e,unparsed_returned_text,33,violation_7plus,0.7501713838017824,0,within_5,0,0,within_5,0
Legacy ornith15_9b / returned generation,arxiv-1000024,599bf9c0cb59667f6e1d97602cff49892b150a1a768b407d89b5a4a15d83b103,52655db079f5e9bab4b944d9726e676ebab221fcc6653baa3d990feb6b4fbe7f,schema_object,22,violation_7plus,0.49302549302549303,22,violation_7plus,0.9394321766561514,11,violation_7plus,0.1774193548387097
Legacy qwen27b / final,arxiv-1000024,599bf9c0cb59667f6e1d97602cff49892b150a1a768b407d89b5a4a15d83b103,137c5b1e80e72d47225c95b5a6718bef852a919fcbfef1157983a5fd89336128,schema_object,19,violation_7plus,0.28826728826728826,5,within_5,0.0,11,violation_7plus,0.36666666666666664
Legacy qwen27b / returned generation,arxiv-1000024,599bf9c0cb59667f6e1d97602cff49892b150a1a768b407d89b5a4a15d83b103,8c112e90e517570ccfb9e7f708cb7941337a0312058d05a055fccde0db344932,schema_object,19,violation_7plus,0.28826728826728826,6,borderline_6,0.03428571428571429,11,violation_7plus,0.36666666666666664
Legacy qwen35_9b / final,arxiv-1000024,599bf9c0cb59667f6e1d97602cff49892b150a1a768b407d89b5a4a15d83b103,3ad63644dd9794b1cd564c151e9c2d8b453c2086fc2b4cb934fd74a275a3bc63,schema_object,9,violation_7plus,0.10941828254847645,5,within_5,0.0,11,violation_7plus,0.39285714285714285
Legacy qwen35_9b / returned generation,arxiv-1000024,599bf9c0cb59667f6e1d97602cff49892b150a1a768b407d89b5a4a15d83b103,60a44c4f1ace258ab6af874aa1be965a068a9e961e6163ae2603188cc7ef8045,schema_object,9,violation_7plus,0.10690121786197564,12,violation_7plus,0.6549586776859504,11,violation_7plus,0.20754716981132076
Legacy qwen35_9b/pre_completion_recovery / final,arxiv-1000024,599bf9c0cb59667f6e1d97602cff49892b150a1a768b407d89b5a4a15d83b103,3ad63644dd9794b1cd564c151e9c2d8b453c2086fc2b4cb934fd74a275a3bc63,schema_object,9,violation_7plus,0.10941828254847645,5,within_5,0.0,11,violation_7plus,0.39285714285714285
Legacy qwen35_9b/pre_completion_recovery / returned generation,arxiv-1000024,599bf9c0cb59667f6e1d97602cff49892b150a1a768b407d89b5a4a15d83b103,60a44c4f1ace258ab6af874aa1be965a068a9e961e6163ae2603188cc7ef8045,schema_object,9,violation_7plus,0.10690121786197564,12,violation_7plus,0.6549586776859504,11,violation_7plus,0.20754716981132076
Legacy ornith15_9b / final,arxiv-100003,98ecac623691281924734347b65ae77ea7b06a53e2f3e0ef1c2288b0401412d2,8587827e56c3b97d6623175c2d79debeca08a5aa28731db16fb7f3f58c821eab,schema_object,10,violation_7plus,0.07085987261146497,5,within_5,0.0,11,violation_7plus,0.36666666666666664
Legacy ornith15_9b / returned generation,arxiv-100003,98ecac623691281924734347b65ae77ea7b06a53e2f3e0ef1c2288b0401412d2,a3f397b602f6a6f84c11d5170160536e66adb962438963d30a1b69e4f1783395,schema_object,10,violation_7plus,0.05949197860962567,18,violation_7plus,0.7997799779977998,11,violation_7plus,0.18333333333333332
Legacy qwen27b / final,arxiv-100003,98ecac623691281924734347b65ae77ea7b06a53e2f3e0ef1c2288b0401412d2,0b5e7e1d433fa7468649147e721ba0d2374b489933de0f1edf0d74097cefa412,schema_object,9,violation_7plus,0.042269187986651836,5,within_5,0.0,11,violation_7plus,0.55
Legacy qwen27b / returned generation,arxiv-100003,98ecac623691281924734347b65ae77ea7b06a53e2f3e0ef1c2288b0401412d2,a49409c9e3958bdd625d44d6e1b65bb694401ed3894857a3d1cd5a4ee444583b,schema_object,9,violation_7plus,0.041804180418041806,5,within_5,0.0,11,violation_7plus,0.55
Legacy qwen27b / returned field_repair,arxiv-100003,98ecac623691281924734347b65ae77ea7b06a53e2f3e0ef1c2288b0401412d2,13f75cebe0cbf33639a6cfff795246e8fa94e588d8d8602dbd8c1f05aac2867a,schema_object,8,violation_7plus,0.048701298701298704,5,within_5,0.0,0,within_5,0
Legacy qwen35_9b / final,arxiv-100003,98ecac623691281924734347b65ae77ea7b06a53e2f3e0ef1c2288b0401412d2,9f31b05c1d98cd4071c1b8aaffc502b85bd4302c4e5ef9773040a88e4fe5a356,schema_object,15,violation_7plus,0.1926070038910506,5,within_5,0.0,11,violation_7plus,0.5
Legacy qwen35_9b / returned generation,arxiv-100003,98ecac623691281924734347b65ae77ea7b06a53e2f3e0ef1c2288b0401412d2,81d4ac261cac611f27033ea7c7c98b5aba15fdcad91aae23489c07ef8596b55a,schema_object,15,violation_7plus,0.18333333333333332,22,violation_7plus,0.9236043095004897,11,violation_7plus,0.23404255319148937
Legacy qwen35_9b/pre_completion_recovery / final,arxiv-100003,98ecac623691281924734347b65ae77ea7b06a53e2f3e0ef1c2288b0401412d2,9f31b05c1d98cd4071c1b8aaffc502b85bd4302c4e5ef9773040a88e4fe5a356,schema_object,15,violation_7plus,0.1926070038910506,5,within_5,0.0,11,violation_7plus,0.5
Legacy qwen35_9b/pre_completion_recovery / returned generation,arxiv-100003,98ecac623691281924734347b65ae77ea7b06a53e2f3e0ef1c2288b0401412d2,81d4ac261cac611f27033ea7c7c98b5aba15fdcad91aae23489c07ef8596b55a,schema_object,15,violation_7plus,0.18333333333333332,22,violation_7plus,0.9236043095004897,11,violation_7plus,0.23404255319148937
Legacy ornith15_9b / final,arxiv-1000035,1f0cd82fa179996cf6211f5cafa614d12406a9b9ad999aea9e5c982c6e9ebd7a,1bbbc4db260a53b8f220840c88c7c41afb0afa2087cb811a8a334feab5cfd118,schema_object,12,violation_7plus,0.30955497382198954,5,within_5,0.0,4,within_5,0.0
Legacy ornith15_9b / returned generation,arxiv-1000035,1f0cd82fa179996cf6211f5cafa614d12406a9b9ad999aea9e5c982c6e9ebd7a,f13f1bd5c4b62cf712632d86eb1e37fc46c527fe979a0e2a199bc4eb825415c6,schema_object,12,violation_7plus,0.2666290868094701,23,violation_7plus,0.9402985074626866,4,within_5,0.0
Legacy ornith15_9b_dflash20/baseline / final,arxiv-1000035,1f0cd82fa179996cf6211f5cafa614d12406a9b9ad999aea9e5c982c6e9ebd7a,ffad41e596028340f9452963a06caee893aed25cf2118ce92659fe7f15f24bd0,schema_object,21,violation_7plus,0.2625,5,within_5,0.0,4,within_5,0.0
Legacy ornith15_9b_dflash20/baseline / returned generation,arxiv-1000035,1f0cd82fa179996cf6211f5cafa614d12406a9b9ad999aea9e5c982c6e9ebd7a,86921dbf4efa7cae012b5bd3613253714e9fbff4369093ee3e4fa5bf038190b9,schema_object,21,violation_7plus,0.22485207100591717,8,violation_7plus,0.18980169971671387,4,within_5,0.0
Legacy ornith15_9b_dflash20/dflash / final,arxiv-1000035,1f0cd82fa179996cf6211f5cafa614d12406a9b9ad999aea9e5c982c6e9ebd7a,fd299a59101d97d97f215fb5e7bd0cc47f0639656939be5e4d5ad51d341ec3c3,schema_object,11,violation_7plus,0.17295308187672492,5,within_5,0.0,4,within_5,0.0
Legacy ornith15_9b_dflash20/dflash / returned generation,arxiv-1000035,1f0cd82fa179996cf6211f5cafa614d12406a9b9ad999aea9e5c982c6e9ebd7a,af404e83284025c3758f7d59d0560ee5e675816b1b1e717621e40acf8f0b17a6,schema_object,11,violation_7plus,0.16262975778546712,23,violation_7plus,0.8609566184649611,4,within_5,0.0
Legacy qwen27b / final,arxiv-1000035,1f0cd82fa179996cf6211f5cafa614d12406a9b9ad999aea9e5c982c6e9ebd7a,960d86646eed739d5ff393d16dd108c83cb6acae05d069e97cac01faa3615cd1,schema_object,14,violation_7plus,0.31798245614035087,5,within_5,0.0,4,within_5,0.0
Legacy qwen27b / returned generation,arxiv-1000035,1f0cd82fa179996cf6211f5cafa614d12406a9b9ad999aea9e5c982c6e9ebd7a,c5e4eb9ebcc38bf5d0d542b4e9272afdc9fe6573cec0aaa68b90f214edba7502,schema_object,14,violation_7plus,0.31798245614035087,4,within_5,0.0,4,within_5,0.0
Legacy qwen27b / returned field_repair,arxiv-1000035,1f0cd82fa179996cf6211f5cafa614d12406a9b9ad999aea9e5c982c6e9ebd7a,e8f09d3433f62e62e01eb2d866d08b312979a35c910b848c3e77e52fda71c58f,schema_object,10,violation_7plus,0.25,5,within_5,0.0,0,within_5,0
Legacy qwen35_9b / final,arxiv-1000035,1f0cd82fa179996cf6211f5cafa614d12406a9b9ad999aea9e5c982c6e9ebd7a,16450ec942901d0f3ca40d981dc096ed62aea97a11819ef66c3d4d90fdb0f092,schema_object,15,violation_7plus,0.20883534136546184,5,within_5,0.0,4,within_5,0.0
Legacy qwen35_9b / returned generation,arxiv-1000035,1f0cd82fa179996cf6211f5cafa614d12406a9b9ad999aea9e5c982c6e9ebd7a,7457e9265a96b42d626f3144ae88605cd16c3e2ff844c99d696d7ee573480cde,schema_object,15,violation_7plus,0.20207253886010362,8,violation_7plus,0.31451612903225806,4,within_5,0.0
Legacy qwen35_9b/pre_completion_recovery / final,arxiv-1000035,1f0cd82fa179996cf6211f5cafa614d12406a9b9ad999aea9e5c982c6e9ebd7a,16450ec942901d0f3ca40d981dc096ed62aea97a11819ef66c3d4d90fdb0f092,schema_object,15,violation_7plus,0.20883534136546184,5,within_5,0.0,4,within_5,0.0
Legacy qwen35_9b/pre_completion_recovery / returned generation,arxiv-1000035,1f0cd82fa179996cf6211f5cafa614d12406a9b9ad999aea9e5c982c6e9ebd7a,7457e9265a96b42d626f3144ae88605cd16c3e2ff844c99d696d7ee573480cde,schema_object,15,violation_7plus,0.20207253886010362,8,violation_7plus,0.31451612903225806,4,within_5,0.0
Legacy ornith15_9b / final,arxiv-1000037,755fec684fcd75ff65b30b7913aa52f89c97f586ad8268ada81e9061329c82ad,c669255c0ea8cd7919c7a641ea8c07e31316b8738248cd3aba64d3f2c987a50a,schema_object,21,violation_7plus,0.15204678362573099,5,within_5,0.0,9,violation_7plus,0.36
Legacy ornith15_9b / returned generation,arxiv-1000037,755fec684fcd75ff65b30b7913aa52f89c97f586ad8268ada81e9061329c82ad,b480127c5deaff73afae70e6cf6686186b9d8db0a2fd64ab69128e98fb3863d5,schema_object,10,violation_7plus,0.0708955223880597,32,violation_7plus,0.8605398457583547,9,violation_7plus,0.1875
Legacy ornith15_9b / returned generation,arxiv-1000037,755fec684fcd75ff65b30b7913aa52f89c97f586ad8268ada81e9061329c82ad,7dfe57276876046c31450cce691188ce5073680025f07dc3bc2296e56a84e0a9,schema_object,21,violation_7plus,0.14767501277465508,40,violation_7plus,0.7274143302180686,9,violation_7plus,0.16363636363636364
Legacy qwen27b / final,arxiv-1000037,755fec684fcd75ff65b30b7913aa52f89c97f586ad8268ada81e9061329c82ad,7a88f5b5a15449be7f75526144804a9e9a8b7cc56e2a577628b85b8107664027,schema_object,13,violation_7plus,0.12671905697445973,5,within_5,0.0,9,violation_7plus,0.5625
Legacy qwen27b / returned generation,arxiv-1000037,755fec684fcd75ff65b30b7913aa52f89c97f586ad8268ada81e9061329c82ad,2413747445ae95e0de325636116415b7dd99e5e06eaa84b8301cb2b7245b0783,schema_object,13,violation_7plus,0.12415784408084697,5,within_5,0.0,9,violation_7plus,0.5625
Legacy qwen27b / returned field_repair,arxiv-1000037,755fec684fcd75ff65b30b7913aa52f89c97f586ad8268ada81e9061329c82ad,1693a4fb8759fe936f1c90b00d5db35599c26db7fb0de260f216bbc0febd3435,schema_object,9,violation_7plus,0.04954954954954955,4,within_5,0.0,0,within_5,0
Legacy qwen35_9b / final,arxiv-1000037,755fec684fcd75ff65b30b7913aa52f89c97f586ad8268ada81e9061329c82ad,c6e6ea72218ca57c07b54c0918012a7c85c0814ca59162fcf3d1f83285694fec,schema_object,20,violation_7plus,0.18908382066276802,5,within_5,0.0,9,violation_7plus,0.5294117647058824
Legacy qwen35_9b / returned generation,arxiv-1000037,755fec684fcd75ff65b30b7913aa52f89c97f586ad8268ada81e9061329c82ad,9f38ba8a83861a49c1d4540971adb199dd91fbd5b3f634954361e6ae4839ff2f,schema_object,20,violation_7plus,0.1851145038167939,41,violation_7plus,0.9137254901960784,9,violation_7plus,0.21428571428571427
Legacy qwen35_9b/pre_completion_recovery / final,arxiv-1000037,755fec684fcd75ff65b30b7913aa52f89c97f586ad8268ada81e9061329c82ad,c6e6ea72218ca57c07b54c0918012a7c85c0814ca59162fcf3d1f83285694fec,schema_object,20,violation_7plus,0.18908382066276802,5,within_5,0.0,9,violation_7plus,0.5294117647058824
Legacy qwen35_9b/pre_completion_recovery / returned generation,arxiv-1000037,755fec684fcd75ff65b30b7913aa52f89c97f586ad8268ada81e9061329c82ad,9f38ba8a83861a49c1d4540971adb199dd91fbd5b3f634954361e6ae4839ff2f,schema_object,20,violation_7plus,0.1851145038167939,41,violation_7plus,0.9137254901960784,9,violation_7plus,0.21428571428571427
Legacy ornith15_9b / final,arxiv-1000038,1d94ea2f41736241eee87a5cf9912c731985b0db95c2bd110a04f9caee97a949,a687dddb0356a9aa7e47ce88aab8aaedd4435f520e76f1edbf7a3b448d0543d9,schema_object,17,violation_7plus,0.2406807131280389,5,within_5,0.0,16,violation_7plus,0.6875
Legacy ornith15_9b / returned generation / unparsed text diagnostic,arxiv-1000038,1d94ea2f41736241eee87a5cf9912c731985b0db95c2bd110a04f9caee97a949,f0c2c5bec64d7f8b27a01fa661d9605b3d419855ba12ec69df972d9a492d643a,unparsed_returned_text,43,violation_7plus,0.5764048308214392,0,within_5,0,0,within_5,0
Legacy ornith15_9b / returned generation,arxiv-1000038,1d94ea2f41736241eee87a5cf9912c731985b0db95c2bd110a04f9caee97a949,2f9a7aa85ebe46698950902cf0c13ac7ab43bd854739f4f14a48124c6ed8aa45,schema_object,17,violation_7plus,0.22375279225614297,32,violation_7plus,0.9895353704478862,16,violation_7plus,0.3283582089552239
Legacy qwen27b / final,arxiv-1000038,1d94ea2f41736241eee87a5cf9912c731985b0db95c2bd110a04f9caee97a949,c1bc69dc42308487d93d28d665c8e2de3763b5f502b6fade4ed74bdd40a36261,schema_object,13,violation_7plus,0.09153318077803203,5,within_5,0.0,10,violation_7plus,0.7619047619047619
Legacy qwen27b / returned generation,arxiv-1000038,1d94ea2f41736241eee87a5cf9912c731985b0db95c2bd110a04f9caee97a949,3c6608c980d7c8b2dd5769626b0ef96fa5fdfe1ca31e5095115f9c3f0dff30b6,schema_object,13,violation_7plus,0.09153318077803203,6,borderline_6,0.023529411764705882,10,violation_7plus,0.7619047619047619
Legacy qwen27b / returned field_repair,arxiv-1000038,1d94ea2f41736241eee87a5cf9912c731985b0db95c2bd110a04f9caee97a949,496a38da0d1f28556e609e9058cebc888469aa9629d2036fedf868f813231e7e,schema_object,11,violation_7plus,0.04771371769383698,4,within_5,0.0,0,within_5,0
Legacy qwen35_9b / final,arxiv-1000038,1d94ea2f41736241eee87a5cf9912c731985b0db95c2bd110a04f9caee97a949,3996de77e8eeb29b4a908ebe9d099c17a9e00206f84bb585929d92c535fddae3,schema_object,20,violation_7plus,0.2308752584424535,5,within_5,0.0,10,violation_7plus,0.7272727272727273
Legacy qwen35_9b / returned generation,arxiv-1000038,1d94ea2f41736241eee87a5cf9912c731985b0db95c2bd110a04f9caee97a949,ed1bba5d2c70ec2bad0eba6070722ff689cba78cfb8eeed309e24f5ddda18d8c,schema_object,20,violation_7plus,0.22690763052208834,31,violation_7plus,0.978544061302682,10,violation_7plus,0.3404255319148936
Legacy qwen35_9b/pre_completion_recovery / final,arxiv-1000038,1d94ea2f41736241eee87a5cf9912c731985b0db95c2bd110a04f9caee97a949,3996de77e8eeb29b4a908ebe9d099c17a9e00206f84bb585929d92c535fddae3,schema_object,20,violation_7plus,0.2308752584424535,5,within_5,0.0,10,violation_7plus,0.7272727272727273
Legacy qwen35_9b/pre_completion_recovery / returned generation,arxiv-1000038,1d94ea2f41736241eee87a5cf9912c731985b0db95c2bd110a04f9caee97a949,ed1bba5d2c70ec2bad0eba6070722ff689cba78cfb8eeed309e24f5ddda18d8c,schema_object,20,violation_7plus,0.22690763052208834,31,violation_7plus,0.978544061302682,10,violation_7plus,0.3404255319148936
Legacy ornith15_9b / final,arxiv-1000040,a673a3a82861713ab0ba826f13508772952a2099f33c04c2a149062ac687db61,522e9b1a9148c7395b172b99c2f15ecaeac5b162a6d3f49f5a6d6a067a843f46,schema_object,28,violation_7plus,0.3709996048992493,5,within_5,0.0,9,violation_7plus,0.375
Legacy ornith15_9b / returned generation / unparsed text diagnostic,arxiv-1000040,a673a3a82861713ab0ba826f13508772952a2099f33c04c2a149062ac687db61,8e0132cbc47877401d0b97d07482f6c1cb799e371b38936423b46caa43d694ce,unparsed_returned_text,32,violation_7plus,0.15462090832789332,0,within_5,0,0,within_5,0
Legacy ornith15_9b / returned generation / unparsed text diagnostic,arxiv-1000040,a673a3a82861713ab0ba826f13508772952a2099f33c04c2a149062ac687db61,6439e6f8833d97d9753e39ec8b00dfeeb518b153eceb0b106dbea1e3bb45050b,unparsed_returned_text,32,violation_7plus,0.3427967780272019,0,within_5,0,0,within_5,0
Legacy ornith15_9b / returned generation,arxiv-1000040,a673a3a82861713ab0ba826f13508772952a2099f33c04c2a149062ac687db61,433678d5f127b38504325ef3fbb0c9f20ab7dbd06215a6d222be2e9bd14f3e3f,schema_object,28,violation_7plus,0.3589375448671931,29,violation_7plus,0.8785515320334262,9,violation_7plus,0.15254237288135594
Legacy qwen27b / final,arxiv-1000040,a673a3a82861713ab0ba826f13508772952a2099f33c04c2a149062ac687db61,6c4a2e975ddbcdca818a5328630f09251a918409812dd901cce6aa9ee2cccd82,schema_object,16,violation_7plus,0.250390015600624,4,within_5,0.0,9,violation_7plus,0.391304347826087
Legacy qwen27b / returned generation,arxiv-1000040,a673a3a82861713ab0ba826f13508772952a2099f33c04c2a149062ac687db61,23c5ad58de894f1a092a66c67753a9ca9a3d5a6ce12c1f5f4e47935911e83cd4,schema_object,16,violation_7plus,0.250390015600624,4,within_5,0.0,9,violation_7plus,0.391304347826087
Legacy qwen27b / returned field_repair,arxiv-1000040,a673a3a82861713ab0ba826f13508772952a2099f33c04c2a149062ac687db61,30aacd9b28a1a4e78cd9c42e3f41a6cc9b4c478b1ff577dc829b1ecc1987e872,schema_object,11,violation_7plus,0.2727272727272727,3,within_5,0.0,0,within_5,0
Legacy qwen35_9b / final,arxiv-1000040,a673a3a82861713ab0ba826f13508772952a2099f33c04c2a149062ac687db61,9b6834478175dc4aa4d9de79a128b1221426b3be496474fb266ad973d12a8699,schema_object,12,violation_7plus,0.11654526534859522,5,within_5,0.0,9,violation_7plus,0.391304347826087
Legacy qwen35_9b / returned generation,arxiv-1000040,a673a3a82861713ab0ba826f13508772952a2099f33c04c2a149062ac687db61,7f932132afee8a1bbb17520f7f3fb2527c06c054b05ecf78a71d2496ee32971f,schema_object,12,violation_7plus,0.11431143114311432,15,violation_7plus,0.6832412523020258,9,violation_7plus,0.1875
Legacy qwen35_9b/pre_completion_recovery / final,arxiv-1000040,a673a3a82861713ab0ba826f13508772952a2099f33c04c2a149062ac687db61,9b6834478175dc4aa4d9de79a128b1221426b3be496474fb266ad973d12a8699,schema_object,12,violation_7plus,0.11654526534859522,5,within_5,0.0,9,violation_7plus,0.391304347826087
Legacy qwen35_9b/pre_completion_recovery / returned generation,arxiv-1000040,a673a3a82861713ab0ba826f13508772952a2099f33c04c2a149062ac687db61,7f932132afee8a1bbb17520f7f3fb2527c06c054b05ecf78a71d2496ee32971f,schema_object,12,violation_7plus,0.11431143114311432,15,violation_7plus,0.6832412523020258,9,violation_7plus,0.1875
Legacy ornith15_9b / final,arxiv-1000041,83257df2ae2813b5e8b11ee8aafef662ef858be938ea333bae7f7e44fcd56b78,7e934bef7d12b30cdabf84201d825c5771473aba0f11eab52844437c6bb5d713,schema_object,48,violation_7plus,0.6148238153098421,5,within_5,0.0,7,violation_7plus,0.1891891891891892
Legacy ornith15_9b / returned generation,arxiv-1000041,83257df2ae2813b5e8b11ee8aafef662ef858be938ea333bae7f7e44fcd56b78,8574a316435fe2e14d0e9f2e034e1b93406a655c93cf22164db6e42fc4cdac67,schema_object,48,violation_7plus,0.6002886002886003,20,violation_7plus,0.8810553633217993,7,violation_7plus,0.1044776119402985
Legacy qwen27b / final,arxiv-1000041,83257df2ae2813b5e8b11ee8aafef662ef858be938ea333bae7f7e44fcd56b78,a94778a6e9be0bcbc3a7a5d94b0d76b01b9eee223f8329c663207e45ea54e882,schema_object,12,violation_7plus,0.21258341277407056,5,within_5,0.0,7,violation_7plus,0.21875
Legacy qwen27b / returned generation,arxiv-1000041,83257df2ae2813b5e8b11ee8aafef662ef858be938ea333bae7f7e44fcd56b78,84a71b9925e507acfc49aca1672028b8b9b25193ce3b85158430875dc3f3ac56,schema_object,12,violation_7plus,0.20180995475113123,6,borderline_6,0.02727272727272727,7,violation_7plus,0.21875
Legacy qwen27b / returned field_repair,arxiv-1000041,83257df2ae2813b5e8b11ee8aafef662ef858be938ea333bae7f7e44fcd56b78,ef48474d3e8c34977c4dbcaf6c84dc1083f711e1819504b6a73600ebf65dd065,schema_object,11,violation_7plus,0.19793205317577547,4,within_5,0.0,0,within_5,0
Legacy qwen27b / returned field_repair,arxiv-1000041,83257df2ae2813b5e8b11ee8aafef662ef858be938ea333bae7f7e44fcd56b78,9599692b8137a54b7f36ef381d1e324f807e8828586ffc4556fadaad6b700790,schema_object,10,violation_7plus,0.20973782771535582,4,within_5,0.0,0,within_5,0
Legacy qwen27b / returned field_repair,arxiv-1000041,83257df2ae2813b5e8b11ee8aafef662ef858be938ea333bae7f7e44fcd56b78,2501c4f2cb2c14bc45a223671ef0632962865da09e01f4d2036bf410810acb39,schema_object,10,violation_7plus,0.20973782771535582,4,within_5,0.0,0,within_5,0
Legacy qwen35_9b / final,arxiv-1000041,83257df2ae2813b5e8b11ee8aafef662ef858be938ea333bae7f7e44fcd56b78,476909a33134c5834797e3f13789864e2cb6d3d2336b27bf223fdbcdb1833358,schema_object,13,violation_7plus,0.20601237842617154,5,within_5,0.0,7,violation_7plus,0.21875
Legacy qwen35_9b / returned generation,arxiv-1000041,83257df2ae2813b5e8b11ee8aafef662ef858be938ea333bae7f7e44fcd56b78,44241f4196cc05053cf6c8af1aec06b47e8e9f126eeaf83918f58110beef239c,schema_object,13,violation_7plus,0.19914529914529913,14,violation_7plus,0.33970276008492567,7,violation_7plus,0.12280701754385964
Legacy qwen35_9b/pre_completion_recovery / final,arxiv-1000041,83257df2ae2813b5e8b11ee8aafef662ef858be938ea333bae7f7e44fcd56b78,476909a33134c5834797e3f13789864e2cb6d3d2336b27bf223fdbcdb1833358,schema_object,13,violation_7plus,0.20601237842617154,5,within_5,0.0,7,violation_7plus,0.21875
Legacy qwen35_9b/pre_completion_recovery / returned generation,arxiv-1000041,83257df2ae2813b5e8b11ee8aafef662ef858be938ea333bae7f7e44fcd56b78,44241f4196cc05053cf6c8af1aec06b47e8e9f126eeaf83918f58110beef239c,schema_object,13,violation_7plus,0.19914529914529913,14,violation_7plus,0.33970276008492567,7,violation_7plus,0.12280701754385964
Legacy ornith15_9b / final,arxiv-100005,c99c8ef8d540f2442ee1cc38b65eb306ffc9147b2f33ae5af536c20bbfcef5df,3cbe95953467247bfadde2bf7f9509a96eb0b39ebc400c31c2dabcaa703797b8,schema_object,9,violation_7plus,0.10961968680089486,5,within_5,0.0,9,violation_7plus,0.42105263157894735
Legacy ornith15_9b / returned generation,arxiv-100005,c99c8ef8d540f2442ee1cc38b65eb306ffc9147b2f33ae5af536c20bbfcef5df,6bbd89e967fcecd136d6b556637e381e3559964e457315f2c14322b6e809b936,schema_object,9,violation_7plus,0.0919603524229075,26,violation_7plus,0.6812062466343565,9,violation_7plus,0.2191780821917808
Legacy ornith15_9b_dflash20/baseline / final,arxiv-100005,c99c8ef8d540f2442ee1cc38b65eb306ffc9147b2f33ae5af536c20bbfcef5df,46ecd06351984ab720c8206cdf1ec2f08aa2b24b66e5c956a7ba13e45f99b90f,schema_object,9,violation_7plus,0.06607142857142857,5,within_5,0.0,19,violation_7plus,0.5277777777777778
Legacy ornith15_9b_dflash20/baseline / returned generation,arxiv-100005,c99c8ef8d540f2442ee1cc38b65eb306ffc9147b2f33ae5af536c20bbfcef5df,692e33ede2e48a942e20b5f063605352c5e4e3b67e5bfbb386566d0ac5fca0d7,schema_object,9,violation_7plus,0.06357388316151202,18,violation_7plus,0.8010471204188482,19,violation_7plus,0.3114754098360656
Legacy ornith15_9b_dflash20/dflash / final,arxiv-100005,c99c8ef8d540f2442ee1cc38b65eb306ffc9147b2f33ae5af536c20bbfcef5df,26e0670a48a439f963869a8f3a809804c4cd55c1dc184d7c72a39ccc1ebe7bb3,schema_object,9,violation_7plus,0.11248710010319918,5,within_5,0.0,19,violation_7plus,0.5277777777777778
Legacy ornith15_9b_dflash20/dflash / returned generation,arxiv-100005,c99c8ef8d540f2442ee1cc38b65eb306ffc9147b2f33ae5af536c20bbfcef5df,22ebd204b69cb33083e141194f4168e650fdd4d5d0ac4d78bbc9bebf406b0507,schema_object,9,violation_7plus,0.10073937153419593,43,violation_7plus,0.8884057971014493,19,violation_7plus,0.3114754098360656
Legacy qwen27b / final,arxiv-100005,c99c8ef8d540f2442ee1cc38b65eb306ffc9147b2f33ae5af536c20bbfcef5df,fbb86d7c822f1b700e5165002896b4290b97bf6ea30b109e3a885195aaf9e8cb,schema_object,7,violation_7plus,0.051175656984785614,5,within_5,0.0,19,violation_7plus,0.59375
Legacy qwen27b / returned generation,arxiv-100005,c99c8ef8d540f2442ee1cc38b65eb306ffc9147b2f33ae5af536c20bbfcef5df,33a0ffb8cec1711d49440caca4d4c16e73210d51870b488945b69c5b201f6481,schema_object,10,violation_7plus,0.09834558823529412,5,within_5,0.0,19,violation_7plus,0.59375
Legacy qwen27b / returned generation,arxiv-100005,c99c8ef8d540f2442ee1cc38b65eb306ffc9147b2f33ae5af536c20bbfcef5df,5275a72deedb7e9e443901457af961c85c4bc939038bf130a6788add22ac6fdb,schema_object,10,violation_7plus,0.06610800744878957,6,borderline_6,0.024096385542168676,19,violation_7plus,0.59375
Legacy qwen27b / returned generation,arxiv-100005,c99c8ef8d540f2442ee1cc38b65eb306ffc9147b2f33ae5af536c20bbfcef5df,9ec3327db6bca8538a65c0778f66df12b6102e1197ec5f22688f4baf52e0c6c6,schema_object,7,violation_7plus,0.051175656984785614,5,within_5,0.0,19,violation_7plus,0.59375
Legacy qwen27b / returned field_repair,arxiv-100005,c99c8ef8d540f2442ee1cc38b65eb306ffc9147b2f33ae5af536c20bbfcef5df,d62fe2acfa8afe0ce1acfa41389a15a90f7ac844454bd5789abfe120e190681e,schema_object,7,violation_7plus,0.048507462686567165,4,within_5,0.0,0,within_5,0
Legacy qwen35_9b / final,arxiv-100005,c99c8ef8d540f2442ee1cc38b65eb306ffc9147b2f33ae5af536c20bbfcef5df,65c391f9d2a3c417742e9e7882079dbf5e46f9a43d2a295fb2ceea96b8bbb6c4,schema_object,16,violation_7plus,0.18870346598202825,5,within_5,0.0,19,violation_7plus,0.5757575757575758
Legacy qwen35_9b / returned generation,arxiv-100005,c99c8ef8d540f2442ee1cc38b65eb306ffc9147b2f33ae5af536c20bbfcef5df,d9f587b38f7cadad0c075ad5f14947f5ed163d25494efb44ab17f0c865bf074f,schema_object,16,violation_7plus,0.17689530685920576,19,violation_7plus,0.806497175141243,19,violation_7plus,0.5757575757575758
Legacy qwen35_9b/pre_completion_recovery / final,arxiv-100005,c99c8ef8d540f2442ee1cc38b65eb306ffc9147b2f33ae5af536c20bbfcef5df,65c391f9d2a3c417742e9e7882079dbf5e46f9a43d2a295fb2ceea96b8bbb6c4,schema_object,16,violation_7plus,0.18870346598202825,5,within_5,0.0,19,violation_7plus,0.5757575757575758
Legacy qwen35_9b/pre_completion_recovery / returned generation,arxiv-100005,c99c8ef8d540f2442ee1cc38b65eb306ffc9147b2f33ae5af536c20bbfcef5df,d9f587b38f7cadad0c075ad5f14947f5ed163d25494efb44ab17f0c865bf074f,schema_object,16,violation_7plus,0.17689530685920576,19,violation_7plus,0.806497175141243,19,violation_7plus,0.5757575757575758
Legacy ornith15_9b / final,arxiv-100009,50c1e8ac081aeeac1db401611a6a7ad2dd62bb1a91d0f5826fc0e5a99c9806f5,60d505abda6c69781799399948c865b387066d003018a218733a650414e500bb,schema_object,18,violation_7plus,0.2884972170686456,5,within_5,0.0,12,violation_7plus,0.5454545454545454
Legacy ornith15_9b / returned generation / unparsed text diagnostic,arxiv-100009,50c1e8ac081aeeac1db401611a6a7ad2dd62bb1a91d0f5826fc0e5a99c9806f5,158d932b7077f16b0097331bd7a9abee1127c8b0cce2d692f4505422baa30aa9,unparsed_returned_text,55,violation_7plus,0.6647184444194673,0,within_5,0,0,within_5,0
Legacy ornith15_9b / returned generation / unparsed text diagnostic,arxiv-100009,50c1e8ac081aeeac1db401611a6a7ad2dd62bb1a91d0f5826fc0e5a99c9806f5,960269ce7f691f6871c39972b497e3f8901b056cf1b0c496dbde857a8b98ac96,unparsed_returned_text,34,violation_7plus,0.4772336277095997,0,within_5,0,0,within_5,0
Legacy ornith15_9b / returned generation,arxiv-100009,50c1e8ac081aeeac1db401611a6a7ad2dd62bb1a91d0f5826fc0e5a99c9806f5,5adb2e1026201f2563b70d92f8b00b599cb391c38ce7882525aa5a110b9caeda,schema_object,24,violation_7plus,0.265993265993266,20,violation_7plus,0.6114130434782609,12,violation_7plus,0.21052631578947367
Legacy qwen27b / final,arxiv-100009,50c1e8ac081aeeac1db401611a6a7ad2dd62bb1a91d0f5826fc0e5a99c9806f5,25211d6deef59667092b5bcb4c5b39691d7a25385ad827c9aaf271a4e3bd1fcb,schema_object,57,violation_7plus,0.439106901217862,5,within_5,0.0,12,violation_7plus,0.6
Legacy qwen27b / returned generation,arxiv-100009,50c1e8ac081aeeac1db401611a6a7ad2dd62bb1a91d0f5826fc0e5a99c9806f5,407dbc7b0c545573c6e370896524bac33c0ae0f23143ee799ea398eca9ba27a1,schema_object,57,violation_7plus,0.42675585284280937,5,within_5,0.0,12,violation_7plus,0.6
Legacy qwen27b / returned field_repair,arxiv-100009,50c1e8ac081aeeac1db401611a6a7ad2dd62bb1a91d0f5826fc0e5a99c9806f5,cff2eaeca3b29786d597e0f3e589cc7f3d5de840301fb43b69e444fb34f04cd5,schema_object,57,violation_7plus,0.4585635359116022,5,within_5,0.0,0,within_5,0
Legacy qwen35_9b / final,arxiv-100009,50c1e8ac081aeeac1db401611a6a7ad2dd62bb1a91d0f5826fc0e5a99c9806f5,0a5d91860bc5a9d819aeb11515d25f671c870fcff7504cf5cce93d6be3acfff0,schema_object,10,violation_7plus,0.10978520286396182,5,within_5,0.0,12,violation_7plus,0.6
Legacy qwen35_9b / returned generation,arxiv-100009,50c1e8ac081aeeac1db401611a6a7ad2dd62bb1a91d0f5826fc0e5a99c9806f5,3f545a4738b1c5f79717cb4773f8d83f9a913737ceea7cf8be88b6b234285c1f,schema_object,10,violation_7plus,0.11723446893787576,12,violation_7plus,0.70509977827051,12,violation_7plus,0.21818181818181817
Legacy qwen35_9b/pre_completion_recovery / final,arxiv-100009,50c1e8ac081aeeac1db401611a6a7ad2dd62bb1a91d0f5826fc0e5a99c9806f5,0a5d91860bc5a9d819aeb11515d25f671c870fcff7504cf5cce93d6be3acfff0,schema_object,10,violation_7plus,0.10978520286396182,5,within_5,0.0,12,violation_7plus,0.6
Legacy qwen35_9b/pre_completion_recovery / returned generation,arxiv-100009,50c1e8ac081aeeac1db401611a6a7ad2dd62bb1a91d0f5826fc0e5a99c9806f5,3f545a4738b1c5f79717cb4773f8d83f9a913737ceea7cf8be88b6b234285c1f,schema_object,10,violation_7plus,0.11723446893787576,12,violation_7plus,0.70509977827051,12,violation_7plus,0.21818181818181817
Legacy ornith15_9b / final,arxiv-100013,a09d3a64f663c1d4bba2d15747baec32ba117644925ac104850214037c68ac77,1eeb1d66c0b5479f415d6da67acc57398bc2431f04667ec43646cc03ee08f1a0,schema_object,23,violation_7plus,0.311889718552556,5,within_5,0.0,11,violation_7plus,0.39285714285714285
Legacy ornith15_9b / returned generation,arxiv-100013,a09d3a64f663c1d4bba2d15747baec32ba117644925ac104850214037c68ac77,5912a4f519e2691c466aa79654bf61d113c8abbc6ea04899549d49800278e740,schema_object,23,violation_7plus,0.29508196721311475,23,violation_7plus,0.9337792642140468,11,violation_7plus,0.1746031746031746
Legacy ornith15_9b_dflash20/baseline / final,arxiv-100013,a09d3a64f663c1d4bba2d15747baec32ba117644925ac104850214037c68ac77,c29154964a05793aa5de487bbc4ae0ce9c0d5ce6dadfeebfffe5a47d6074798b,schema_object,23,violation_7plus,0.4196319018404908,5,within_5,0.0,11,violation_7plus,0.4230769230769231
Legacy ornith15_9b_dflash20/baseline / returned generation,arxiv-100013,a09d3a64f663c1d4bba2d15747baec32ba117644925ac104850214037c68ac77,af7ad5f8a6321fb1b3479b0a4f5dd2082dd023d9be34683b9a51733c80be31b3,schema_object,23,violation_7plus,0.4196319018404908,11,violation_7plus,0.3783783783783784,11,violation_7plus,0.4230769230769231
Legacy ornith15_9b_dflash20/dflash / final,arxiv-100013,a09d3a64f663c1d4bba2d15747baec32ba117644925ac104850214037c68ac77,7727a2f7757d7ec7e96bb89f1fa3eb45c219bd574aac93e068fbdb2c1b22efb0,schema_object,44,violation_7plus,0.5772212283840191,5,within_5,0.0,11,violation_7plus,0.44
Legacy ornith15_9b_dflash20/dflash / returned generation,arxiv-100013,a09d3a64f663c1d4bba2d15747baec32ba117644925ac104850214037c68ac77,9a3a1a67f0dd60f1d976e029541f260dd26f51c9e3db1319b3b553a1476c47e3,schema_object,44,violation_7plus,0.558246828143022,18,violation_7plus,0.8838028169014085,11,violation_7plus,0.22
Legacy qwen27b / final,arxiv-100013,a09d3a64f663c1d4bba2d15747baec32ba117644925ac104850214037c68ac77,8a7949f05b40cf582a17c2dc64ae06f8dd879485b7e30c0b7c312717d554b748,schema_object,10,violation_7plus,0.15599639314697927,4,within_5,0.0,11,violation_7plus,0.5238095238095238
Legacy qwen27b / returned generation,arxiv-100013,a09d3a64f663c1d4bba2d15747baec32ba117644925ac104850214037c68ac77,ac6f0e2ffd373a7747051e4765dcfecf98cf17911a1c6a8be87e30c4361c6842,schema_object,13,violation_7plus,0.22961730449251247,4,within_5,0.0,11,violation_7plus,0.5238095238095238
Legacy qwen27b / returned generation,arxiv-100013,a09d3a64f663c1d4bba2d15747baec32ba117644925ac104850214037c68ac77,92b19635c638ccf7b4c0f7aede753f66c2edb029c683a02d324c8d8982d039a1,schema_object,10,violation_7plus,0.1546023235031278,4,within_5,0.0,11,violation_7plus,0.5238095238095238
Legacy qwen27b / returned field_repair,arxiv-100013,a09d3a64f663c1d4bba2d15747baec32ba117644925ac104850214037c68ac77,caaa2494aca10de98fe74b44ba991befbb3c1190150a5ecd460a01f015bb4b66,schema_object,9,violation_7plus,0.13449023861171366,4,within_5,0.0,0,within_5,0
Legacy qwen35_9b / final,arxiv-100013,a09d3a64f663c1d4bba2d15747baec32ba117644925ac104850214037c68ac77,7831f39ab76445d13e10dd27e0d10024dd017005a41513d24f87db39b11d42a8,schema_object,18,violation_7plus,0.5138461538461538,5,within_5,0.0,11,violation_7plus,0.5238095238095238
Legacy qwen35_9b / returned generation,arxiv-100013,a09d3a64f663c1d4bba2d15747baec32ba117644925ac104850214037c68ac77,05957bda64f014902ed001daa8a80b58a30964b5a78b6c573b311743b5bc67ca,schema_object,18,violation_7plus,0.4654346338124572,12,violation_7plus,0.6311475409836066,11,violation_7plus,0.19642857142857142
Legacy qwen35_9b/pre_completion_recovery / final,arxiv-100013,a09d3a64f663c1d4bba2d15747baec32ba117644925ac104850214037c68ac77,7831f39ab76445d13e10dd27e0d10024dd017005a41513d24f87db39b11d42a8,schema_object,18,violation_7plus,0.5138461538461538,5,within_5,0.0,11,violation_7plus,0.5238095238095238
Legacy qwen35_9b/pre_completion_recovery / returned generation,arxiv-100013,a09d3a64f663c1d4bba2d15747baec32ba117644925ac104850214037c68ac77,05957bda64f014902ed001daa8a80b58a30964b5a78b6c573b311743b5bc67ca,schema_object,18,violation_7plus,0.4654346338124572,12,violation_7plus,0.6311475409836066,11,violation_7plus,0.19642857142857142
Legacy ornith15_9b / final,arxiv-100022,849f8fb357f0e0f5725b4fadd1192d05ee4562e6f85d70db7fe0c514b144989b,5f6ca24ef83e66790b642b3c26386d4de9f225e1446ab2185fa38faf9a8e62d1,schema_object,11,violation_7plus,0.14186248912097477,5,within_5,0.0,12,violation_7plus,0.6216216216216216
Legacy ornith15_9b / returned generation,arxiv-100022,849f8fb357f0e0f5725b4fadd1192d05ee4562e6f85d70db7fe0c514b144989b,67d0a55e5ed0e7c02eef027eddce21df56e6792acd85d38dd8a5575e4a68d34d,schema_object,37,violation_7plus,0.6229623137598598,21,violation_7plus,0.9461096938775511,12,violation_7plus,0.3709677419354839
Legacy ornith15_9b / returned generation,arxiv-100022,849f8fb357f0e0f5725b4fadd1192d05ee4562e6f85d70db7fe0c514b144989b,963c82f59558141be0ee516ec9d7a9d73002b5aa7b1d7eb2e8ccd1bbec36dbce,schema_object,12,violation_7plus,0.10865671641791044,44,violation_7plus,0.9749807544264819,12,violation_7plus,0.3709677419354839
Legacy ornith15_9b / returned generation,arxiv-100022,849f8fb357f0e0f5725b4fadd1192d05ee4562e6f85d70db7fe0c514b144989b,2e3fa818cae478f3963a511321ac68ead82e36822a8528f15ca874a6c6487958,schema_object,11,violation_7plus,0.13432220848784507,20,violation_7plus,0.9621848739495799,12,violation_7plus,0.5476190476190477
Legacy qwen27b / final,arxiv-100022,849f8fb357f0e0f5725b4fadd1192d05ee4562e6f85d70db7fe0c514b144989b,fba13c22712ac61921cde1e578c47a0795059ed9b2c54228387bc66f54a5d23c,schema_object,9,violation_7plus,0.09124767225325885,5,within_5,0.0,15,violation_7plus,0.8125
Legacy qwen27b / returned generation,arxiv-100022,849f8fb357f0e0f5725b4fadd1192d05ee4562e6f85d70db7fe0c514b144989b,f663f4fe52c23ab3e15d57bdcecb7561e420afdeee2bf3ec4d6ff3c301121118,schema_object,9,violation_7plus,0.09124767225325885,6,borderline_6,0.02040816326530612,15,violation_7plus,0.8125
Legacy qwen27b / returned field_repair,arxiv-100022,849f8fb357f0e0f5725b4fadd1192d05ee4562e6f85d70db7fe0c514b144989b,aee02cc4faa81bdc243e84b2b8bbb1038a309936da856ec48f84851bd971cea8,schema_object,6,borderline_6,0.029411764705882353,5,within_5,0.0,0,within_5,0
Legacy qwen35_9b / final,arxiv-100022,849f8fb357f0e0f5725b4fadd1192d05ee4562e6f85d70db7fe0c514b144989b,0fe689cadab75da2a2275ee72d6755790b271ba5381f8b0e1fae75f813e44bbe,schema_object,7,violation_7plus,0.039473684210526314,5,within_5,0.0,15,violation_7plus,0.8387096774193549
Legacy qwen35_9b / returned generation,arxiv-100022,849f8fb357f0e0f5725b4fadd1192d05ee4562e6f85d70db7fe0c514b144989b,3ea4238a54fc1c5d010777a3c3821106332664caab6978b247028513b445d166,schema_object,7,violation_7plus,0.041109969167523124,19,violation_7plus,0.8896631823461092,15,violation_7plus,0.4642857142857143
Legacy qwen35_9b/pre_completion_recovery / final,arxiv-100022,849f8fb357f0e0f5725b4fadd1192d05ee4562e6f85d70db7fe0c514b144989b,0fe689cadab75da2a2275ee72d6755790b271ba5381f8b0e1fae75f813e44bbe,schema_object,7,violation_7plus,0.039473684210526314,5,within_5,0.0,15,violation_7plus,0.8387096774193549
Legacy qwen35_9b/pre_completion_recovery / returned generation,arxiv-100022,849f8fb357f0e0f5725b4fadd1192d05ee4562e6f85d70db7fe0c514b144989b,3ea4238a54fc1c5d010777a3c3821106332664caab6978b247028513b445d166,schema_object,7,violation_7plus,0.041109969167523124,19,violation_7plus,0.8896631823461092,15,violation_7plus,0.4642857142857143
Legacy ornith15_9b / final,arxiv-100028,df0eed742fa165138e0bd4fa631c1a11933277b0bf57cf1ae9e4f5e3128c0688,017cb10ce8a951e98975998659f1f1b84c5c907fdbd2a7c4049798bde4ea6af0,schema_object,20,violation_7plus,0.388659793814433,5,within_5,0.0,10,violation_7plus,0.30303030303030304
Legacy ornith15_9b / returned generation,arxiv-100028,df0eed742fa165138e0bd4fa631c1a11933277b0bf57cf1ae9e4f5e3128c0688,1e82ec437431c136034fbb65bd1fc3535f64afb7afcf5527818cfaae01364c8b,schema_object,20,violation_7plus,0.3659070990359334,12,violation_7plus,0.6815642458100558,10,violation_7plus,0.1724137931034483
Legacy qwen27b / final,arxiv-100028,df0eed742fa165138e0bd4fa631c1a11933277b0bf57cf1ae9e4f5e3128c0688,5ab13823e3ec60044ceed6f5fba82017079d3ea452ba622af46e0c55d58aec05,schema_object,9,violation_7plus,0.17990074441687345,4,within_5,0.0,10,violation_7plus,0.43478260869565216
Legacy qwen27b / returned generation,arxiv-100028,df0eed742fa165138e0bd4fa631c1a11933277b0bf57cf1ae9e4f5e3128c0688,15bc321abb5c994633d28563096ae6094c170d727041d3d3b5fa16b81a5b7041,schema_object,9,violation_7plus,0.17420066152149946,4,within_5,0.0,13,violation_7plus,0.8194444444444444
Legacy qwen27b / returned field_repair,arxiv-100028,df0eed742fa165138e0bd4fa631c1a11933277b0bf57cf1ae9e4f5e3128c0688,7aac1bf11c58ed65b7ecbd5312570ff5898955349de7f474e30f4c9c57151c69,schema_object,8,violation_7plus,0.1455223880597015,6,borderline_6,0.09230769230769231,13,violation_7plus,1.0
Legacy qwen27b / returned field_repair,arxiv-100028,df0eed742fa165138e0bd4fa631c1a11933277b0bf57cf1ae9e4f5e3128c0688,97d1e7fd1d673ec3cddf761493c7adb71a9619dd20a1f5f4a7c45feec984fce4,schema_object,8,violation_7plus,0.1455223880597015,4,within_5,0.0,13,violation_7plus,1.0
Legacy qwen35_9b / final,arxiv-100028,df0eed742fa165138e0bd4fa631c1a11933277b0bf57cf1ae9e4f5e3128c0688,1ee29f71bdca9eda78c2893010faeca4d9f16e92ea008fa610380d48a067d0ea,schema_object,10,violation_7plus,0.24662576687116564,5,within_5,0.0,10,violation_7plus,0.4166666666666667
Legacy qwen35_9b / returned generation,arxiv-100028,df0eed742fa165138e0bd4fa631c1a11933277b0bf57cf1ae9e4f5e3128c0688,5dd58be4e67ab5cdd4f1d2c461f2170f6ae84a9322769d487f24bf5df1c866f0,schema_object,15,violation_7plus,0.26895119418483904,16,violation_7plus,0.796844181459566,10,violation_7plus,0.20408163265306123
Legacy qwen35_9b/pre_completion_recovery / final,arxiv-100028,df0eed742fa165138e0bd4fa631c1a11933277b0bf57cf1ae9e4f5e3128c0688,1ee29f71bdca9eda78c2893010faeca4d9f16e92ea008fa610380d48a067d0ea,schema_object,10,violation_7plus,0.24662576687116564,5,within_5,0.0,10,violation_7plus,0.4166666666666667
Legacy qwen35_9b/pre_completion_recovery / returned generation,arxiv-100028,df0eed742fa165138e0bd4fa631c1a11933277b0bf57cf1ae9e4f5e3128c0688,5dd58be4e67ab5cdd4f1d2c461f2170f6ae84a9322769d487f24bf5df1c866f0,schema_object,15,violation_7plus,0.26895119418483904,16,violation_7plus,0.796844181459566,10,violation_7plus,0.20408163265306123
Legacy ornith15_9b / final,arxiv-100029,805aff9ab8daa1e0ba72c8611b3a1cf73e83cdcc2507cb1cf9b8cceb3ca4bc50,e1b25c046c17a240e4182198879266b70a60ae95b68b3c90cb97c2ffa7034edb,schema_object,23,violation_7plus,0.40835060704767545,5,within_5,0.0,5,within_5,0.0
Legacy ornith15_9b / returned generation / unparsed text diagnostic,arxiv-100029,805aff9ab8daa1e0ba72c8611b3a1cf73e83cdcc2507cb1cf9b8cceb3ca4bc50,45c2511bfab2291d1886d641bf625e6304e0239cddc58af412450362bbe46fa0,unparsed_returned_text,32,violation_7plus,0.210431654676259,0,within_5,0,0,within_5,0
Legacy ornith15_9b / returned generation / unparsed text diagnostic,arxiv-100029,805aff9ab8daa1e0ba72c8611b3a1cf73e83cdcc2507cb1cf9b8cceb3ca4bc50,6d4a740a8a2a4df391ef65d13c016c2d84443363292aa48e0ea5ba661516f467,unparsed_returned_text,23,violation_7plus,0.7716089002995293,0,within_5,0,0,within_5,0
Legacy ornith15_9b / returned generation,arxiv-100029,805aff9ab8daa1e0ba72c8611b3a1cf73e83cdcc2507cb1cf9b8cceb3ca4bc50,d32ea35ad46555cdf7e90e7c096368634b23c0e305e483599bfbe060c2ea3be0,schema_object,23,violation_7plus,0.3842134213421342,25,violation_7plus,0.7134609541172896,5,within_5,0.0
Legacy qwen27b / final,arxiv-100029,805aff9ab8daa1e0ba72c8611b3a1cf73e83cdcc2507cb1cf9b8cceb3ca4bc50,be4baf41953652f8bd5bceee66da8239527ebfdd74d255f61234fae63f8d2cd0,schema_object,11,violation_7plus,0.1470790378006873,5,within_5,0.0,5,within_5,0.0
Legacy qwen27b / returned generation,arxiv-100029,805aff9ab8daa1e0ba72c8611b3a1cf73e83cdcc2507cb1cf9b8cceb3ca4bc50,3d2792f3f615c1765e7610873f148d8684a468c6e8c0b6fe7b2737396ee0f545,schema_object,11,violation_7plus,0.14617486338797814,5,within_5,0.0,5,within_5,0.0
Legacy qwen27b / returned field_repair,arxiv-100029,805aff9ab8daa1e0ba72c8611b3a1cf73e83cdcc2507cb1cf9b8cceb3ca4bc50,932e657df8a197c17d9c62128a0447ecec27c45e809aa1fecbc3f364260ee6ef,schema_object,11,violation_7plus,0.14685314685314685,5,within_5,0.0,0,within_5,0
Legacy qwen27b / returned field_repair,arxiv-100029,805aff9ab8daa1e0ba72c8611b3a1cf73e83cdcc2507cb1cf9b8cceb3ca4bc50,36a280def99a11a6c4a4716ffa0423697dbb8985ea5f469f6513d5bf8ea6446e,schema_object,9,violation_7plus,0.14219114219114218,5,within_5,0.0,0,within_5,0
Legacy qwen35_9b / final,arxiv-100029,805aff9ab8daa1e0ba72c8611b3a1cf73e83cdcc2507cb1cf9b8cceb3ca4bc50,a198368391f27d017819be7f6e49366ad8187cf104c80044d1d82d8c116159d9,schema_object,9,violation_7plus,0.033776867963152504,5,within_5,0.0,5,within_5,0.0
Legacy qwen35_9b / returned generation,arxiv-100029,805aff9ab8daa1e0ba72c8611b3a1cf73e83cdcc2507cb1cf9b8cceb3ca4bc50,720875ee3176ddd59aaf7a99d45f5757fd48ef0dbc3d7ffe4676acb9a6608bb2,schema_object,9,violation_7plus,0.03479036574487065,12,violation_7plus,0.696445725264169,5,within_5,0.0
Legacy qwen35_9b/pre_completion_recovery / final,arxiv-100029,805aff9ab8daa1e0ba72c8611b3a1cf73e83cdcc2507cb1cf9b8cceb3ca4bc50,a198368391f27d017819be7f6e49366ad8187cf104c80044d1d82d8c116159d9,schema_object,9,violation_7plus,0.033776867963152504,5,within_5,0.0,5,within_5,0.0
Legacy qwen35_9b/pre_completion_recovery / returned generation,arxiv-100029,805aff9ab8daa1e0ba72c8611b3a1cf73e83cdcc2507cb1cf9b8cceb3ca4bc50,720875ee3176ddd59aaf7a99d45f5757fd48ef0dbc3d7ffe4676acb9a6608bb2,schema_object,9,violation_7plus,0.03479036574487065,12,violation_7plus,0.696445725264169,5,within_5,0.0
Legacy ornith15_9b / final,arxiv-100036,92aae2b55db58f528280e5898ac540696eb179c2f5db27eed035ef6775edb4e4,1d93633b5afe57f1d313d091659f2fe768b9c8edbc9a3c9bb1711186299f0bd0,schema_object,20,violation_7plus,0.32700892857142855,5,within_5,0.0,13,violation_7plus,0.38235294117647056
Legacy ornith15_9b / returned generation,arxiv-100036,92aae2b55db58f528280e5898ac540696eb179c2f5db27eed035ef6775edb4e4,f07115ee9688b56919ffa2d605f99ae59d911c1765fc74bfac3b85770fe99b26,schema_object,8,violation_7plus,0.04281567489114659,30,violation_7plus,0.871280276816609,13,violation_7plus,0.21666666666666667
Legacy ornith15_9b / returned generation,arxiv-100036,92aae2b55db58f528280e5898ac540696eb179c2f5db27eed035ef6775edb4e4,fbacceebcd8453e8122ebbc2f460de196cfb0fac1e52821b5bf528bc753d2de3,schema_object,20,violation_7plus,0.31186801490154337,5,within_5,0.0,13,violation_7plus,0.38235294117647056
Legacy qwen27b / final,arxiv-100036,92aae2b55db58f528280e5898ac540696eb179c2f5db27eed035ef6775edb4e4,48eaafb9fbfc13a36145329e04bf76b814226f20d37cd7daf840868e7005b515,schema_object,14,violation_7plus,0.17000955109837632,5,within_5,0.0,13,violation_7plus,0.41935483870967744
Legacy qwen27b / returned generation,arxiv-100036,92aae2b55db58f528280e5898ac540696eb179c2f5db27eed035ef6775edb4e4,0b7fbc1b7a7ead9a30a2b4732b0ba6bd8de3cab0e702984ee512150b60c961f4,schema_object,14,violation_7plus,0.17000955109837632,4,within_5,0.0,13,violation_7plus,0.41935483870967744
Legacy qwen27b / returned field_repair,arxiv-100036,92aae2b55db58f528280e5898ac540696eb179c2f5db27eed035ef6775edb4e4,58276d7df70a6df6c018021a3f81a68c65bda1e83ce3d6d79b6fd5b8e9efd750,schema_object,12,violation_7plus,0.18646864686468648,4,within_5,0.0,0,within_5,0
Legacy qwen27b / returned field_repair,arxiv-100036,92aae2b55db58f528280e5898ac540696eb179c2f5db27eed035ef6775edb4e4,063bc264e77463d1686f09e41ed4c217611dfa802ccbea2db768b2b74d0b281d,schema_object,12,violation_7plus,0.18646864686468648,5,within_5,0.0,0,within_5,0
Legacy qwen35_9b / final,arxiv-100036,92aae2b55db58f528280e5898ac540696eb179c2f5db27eed035ef6775edb4e4,cf809fde2594a9380af05c82d9892ad5916b39e84a333f9eefb81120f7312077,schema_object,26,violation_7plus,0.7544014084507042,5,within_5,0.0,13,violation_7plus,0.40625
Legacy qwen35_9b / returned generation,arxiv-100036,92aae2b55db58f528280e5898ac540696eb179c2f5db27eed035ef6775edb4e4,d440a5986b3037235aced5c00071e653758eb5623803f592bf079707c2125178,schema_object,26,violation_7plus,0.6816770186335404,10,violation_7plus,0.3375959079283887,13,violation_7plus,0.14942528735632185
Legacy qwen35_9b/pre_completion_recovery / final,arxiv-100036,92aae2b55db58f528280e5898ac540696eb179c2f5db27eed035ef6775edb4e4,cf809fde2594a9380af05c82d9892ad5916b39e84a333f9eefb81120f7312077,schema_object,26,violation_7plus,0.7544014084507042,5,within_5,0.0,13,violation_7plus,0.40625
Legacy qwen35_9b/pre_completion_recovery / returned generation,arxiv-100036,92aae2b55db58f528280e5898ac540696eb179c2f5db27eed035ef6775edb4e4,d440a5986b3037235aced5c00071e653758eb5623803f592bf079707c2125178,schema_object,26,violation_7plus,0.6816770186335404,10,violation_7plus,0.3375959079283887,13,violation_7plus,0.14942528735632185
Legacy ornith15_9b / final,arxiv-100047,5008943785a879dff3b825b0b1f76d681e559f718a5a5cf88b79d1fdc8ef85a9,6ab5942ed141c0e9c0c4560436fd7f162be44c4254ca060a767a4da30afacfa9,schema_object,17,violation_7plus,0.2508591065292096,5,within_5,0.0,14,violation_7plus,0.5
Legacy ornith15_9b / returned generation,arxiv-100047,5008943785a879dff3b825b0b1f76d681e559f718a5a5cf88b79d1fdc8ef85a9,8197f36cefcee4be1b1105980bd9772eab0461290ffb12983ac1dca693b65087,schema_object,17,violation_7plus,0.24013157894736842,29,violation_7plus,0.9538461538461539,14,violation_7plus,0.5
Legacy qwen27b / final,arxiv-100047,5008943785a879dff3b825b0b1f76d681e559f718a5a5cf88b79d1fdc8ef85a9,e273106f1c6d7fb2e6d129ab2f61fbd336c404ad23b6b77ee8ac455de805613c,schema_object,13,violation_7plus,0.18410596026490067,4,within_5,0.0,14,violation_7plus,0.6363636363636364
Legacy qwen27b / returned generation,arxiv-100047,5008943785a879dff3b825b0b1f76d681e559f718a5a5cf88b79d1fdc8ef85a9,894193c48db5b2f3aa8c440b1b096fb42a720c7c6435d0f251cf12368a0bf7d9,schema_object,13,violation_7plus,0.18075422626788037,4,within_5,0.0,14,violation_7plus,0.6363636363636364
Legacy qwen35_9b / final,arxiv-100047,5008943785a879dff3b825b0b1f76d681e559f718a5a5cf88b79d1fdc8ef85a9,c1526e955fbd8cc461313246cbb37fb1f66284a75cf657a33fd06d7cd7a4b6c8,schema_object,13,violation_7plus,0.0842433697347894,5,within_5,0.0,14,violation_7plus,0.6086956521739131
Legacy qwen35_9b / returned generation,arxiv-100047,5008943785a879dff3b825b0b1f76d681e559f718a5a5cf88b79d1fdc8ef85a9,8fdad685d35da321dc811b91490d3174995341453f18b04ff8851dd05448d63e,schema_object,13,violation_7plus,0.07758620689655173,21,violation_7plus,0.8348017621145375,14,violation_7plus,0.2916666666666667
Legacy qwen35_9b/pre_completion_recovery / final,arxiv-100047,5008943785a879dff3b825b0b1f76d681e559f718a5a5cf88b79d1fdc8ef85a9,c1526e955fbd8cc461313246cbb37fb1f66284a75cf657a33fd06d7cd7a4b6c8,schema_object,13,violation_7plus,0.0842433697347894,5,within_5,0.0,14,violation_7plus,0.6086956521739131
Legacy qwen35_9b/pre_completion_recovery / returned generation,arxiv-100047,5008943785a879dff3b825b0b1f76d681e559f718a5a5cf88b79d1fdc8ef85a9,8fdad685d35da321dc811b91490d3174995341453f18b04ff8851dd05448d63e,schema_object,13,violation_7plus,0.07758620689655173,21,violation_7plus,0.8348017621145375,14,violation_7plus,0.2916666666666667
Legacy ornith15_9b / final,arxiv-10019,e417f9d8113e4f9e3d4d71d407c61db9b570026bd9f7b6668fc1e8c16d596cf1,028dccf1453dc30ca70b4c0fd7cd6bb493776618a5be19d53b40902786c991d9,schema_object,11,violation_7plus,0.07544378698224852,5,within_5,0.0,10,violation_7plus,0.3125
Legacy ornith15_9b / returned generation,arxiv-10019,e417f9d8113e4f9e3d4d71d407c61db9b570026bd9f7b6668fc1e8c16d596cf1,2c9394b6f52548279eb44c1e2c8ac255cb77e30fe4a975857829e61c65f9d22d,schema_object,10,violation_7plus,0.029965753424657533,17,violation_7plus,0.691156462585034,1,within_5,0.0
Legacy ornith15_9b / returned generation,arxiv-10019,e417f9d8113e4f9e3d4d71d407c61db9b570026bd9f7b6668fc1e8c16d596cf1,e3e05db416910f9f0ed61e225b40d2aff5001e87de85bc8f8be8834bea6b24af,schema_object,11,violation_7plus,0.07402031930333818,20,violation_7plus,0.9208400646203554,10,violation_7plus,0.3125
Legacy ornith15_9b_dflash20/baseline / final,arxiv-10019,e417f9d8113e4f9e3d4d71d407c61db9b570026bd9f7b6668fc1e8c16d596cf1,0288e1a2c93eca44b3cf05228f16c53daecf3c4266dc9756100f4cb5c6d9c474,schema_object,9,violation_7plus,0.09572784810126582,5,within_5,0.0,10,violation_7plus,0.3333333333333333
Legacy ornith15_9b_dflash20/baseline / returned generation,arxiv-10019,e417f9d8113e4f9e3d4d71d407c61db9b570026bd9f7b6668fc1e8c16d596cf1,bd7f007b93e554c06e9e5d051b5a95fb3980807ea8690cb49578210bbb37544c,schema_object,9,violation_7plus,0.08362128541810643,19,violation_7plus,0.874251497005988,10,violation_7plus,0.18181818181818182
Legacy ornith15_9b_dflash20/dflash / final,arxiv-10019,e417f9d8113e4f9e3d4d71d407c61db9b570026bd9f7b6668fc1e8c16d596cf1,87cff596fdd31cb3d7cf3fb0491fef2aba1dffdabf9c9e6b4d74f511523f7d94,schema_object,10,violation_7plus,0.037374658158614404,5,within_5,0.0,10,violation_7plus,0.2857142857142857
Legacy ornith15_9b_dflash20/dflash / returned generation,arxiv-10019,e417f9d8113e4f9e3d4d71d407c61db9b570026bd9f7b6668fc1e8c16d596cf1,d7d8289353104e341c4005910ee65f6fa2486c13c381155db45436378bd3838f,schema_object,10,violation_7plus,0.03619909502262444,32,violation_7plus,0.8858501783590963,10,violation_7plus,0.16666666666666666
Legacy qwen27b / final,arxiv-10019,e417f9d8113e4f9e3d4d71d407c61db9b570026bd9f7b6668fc1e8c16d596cf1,9c26224e23df71bed3054282906ac8268d7d5726a491da485ac0c2eb30db37ad,schema_object,9,violation_7plus,0.04425465838509317,5,within_5,0.0,10,violation_7plus,0.45454545454545453
Legacy qwen27b / returned generation,arxiv-10019,e417f9d8113e4f9e3d4d71d407c61db9b570026bd9f7b6668fc1e8c16d596cf1,e7c07410d621e4ada1174f720c67725b44117a41551254379fe1a22e4f0f58a7,schema_object,16,violation_7plus,0.13852515506547208,7,violation_7plus,0.07142857142857142,10,violation_7plus,0.45454545454545453
Legacy qwen27b / returned generation,arxiv-10019,e417f9d8113e4f9e3d4d71d407c61db9b570026bd9f7b6668fc1e8c16d596cf1,7ba2aacfaaeca84a17ea464c80687f6e929884a53d83bb5ea03f24b90db5bfcf,schema_object,9,violation_7plus,0.042986425339366516,5,within_5,0.0,10,violation_7plus,0.45454545454545453
Legacy qwen27b / returned field_repair,arxiv-10019,e417f9d8113e4f9e3d4d71d407c61db9b570026bd9f7b6668fc1e8c16d596cf1,043c56956b5174b78145c02bda4020600cdc38b8398e09eaa0e764c987600b16,schema_object,7,violation_7plus,0.0137524557956778,5,within_5,0.0,0,within_5,0
Legacy qwen27b / returned field_repair,arxiv-10019,e417f9d8113e4f9e3d4d71d407c61db9b570026bd9f7b6668fc1e8c16d596cf1,4537bd00eea3dece848248bd77b9d62ce533c0dd7567027e82d82e9b817ed21b,schema_object,7,violation_7plus,0.019021739130434784,5,within_5,0.0,0,within_5,0
Legacy qwen35_9b / final,arxiv-10019,e417f9d8113e4f9e3d4d71d407c61db9b570026bd9f7b6668fc1e8c16d596cf1,ff81fe2aee79afc80f42390960d268fd70e4fb671cc1fad3cf6973ee40d1beba,schema_object,16,violation_7plus,0.2099827882960413,5,within_5,0.0,10,violation_7plus,0.45454545454545453
Legacy qwen35_9b / returned generation,arxiv-10019,e417f9d8113e4f9e3d4d71d407c61db9b570026bd9f7b6668fc1e8c16d596cf1,e3a7064489798dad43264801401fc3d45e798e9de8745d6a2af7262fdffb30a9,schema_object,16,violation_7plus,0.18583396801218582,12,violation_7plus,0.6930860033726813,10,violation_7plus,0.12987012987012986
Legacy qwen35_9b/pre_completion_recovery / final,arxiv-10019,e417f9d8113e4f9e3d4d71d407c61db9b570026bd9f7b6668fc1e8c16d596cf1,ff81fe2aee79afc80f42390960d268fd70e4fb671cc1fad3cf6973ee40d1beba,schema_object,16,violation_7plus,0.2099827882960413,5,within_5,0.0,10,violation_7plus,0.45454545454545453
Legacy qwen35_9b/pre_completion_recovery / returned generation,arxiv-10019,e417f9d8113e4f9e3d4d71d407c61db9b570026bd9f7b6668fc1e8c16d596cf1,e3a7064489798dad43264801401fc3d45e798e9de8745d6a2af7262fdffb30a9,schema_object,16,violation_7plus,0.18583396801218582,12,violation_7plus,0.6930860033726813,10,violation_7plus,0.12987012987012986
Legacy ornith15_9b / final,arxiv-10021,45486df054ce4e8cb8f4e3990eef1766b9bdc7b2e85e15db69e9ddb8f396c118,4ae5f75c5c69faf05d691890198b17b4b63e598a52f1bf64a888a36efd6a8ecd,schema_object,38,violation_7plus,0.7370967741935484,5,within_5,0.0,11,violation_7plus,0.46511627906976744
Legacy ornith15_9b / returned generation,arxiv-10021,45486df054ce4e8cb8f4e3990eef1766b9bdc7b2e85e15db69e9ddb8f396c118,136a5e0a3e31ab222c349d7b3a74e7531065facded77b7ddec54c47c6c2019ad,schema_object,38,violation_7plus,0.7079530638852672,33,violation_7plus,0.9510803098247045,11,violation_7plus,0.2564102564102564
Legacy ornith15_9b / returned generation / unparsed text diagnostic,arxiv-10021,45486df054ce4e8cb8f4e3990eef1766b9bdc7b2e85e15db69e9ddb8f396c118,864753844a629a7d761b8dc550c7f28b6ec233aa270dc0c76edd072ef9e129ef,unparsed_returned_text,37,violation_7plus,0.48937620724917624,0,within_5,0,0,within_5,0
Legacy ornith15_9b / returned generation / unparsed text diagnostic,arxiv-10021,45486df054ce4e8cb8f4e3990eef1766b9bdc7b2e85e15db69e9ddb8f396c118,08aedd5b5f5f604f27b74250833ad65b1cf68314c8ad3e95afc0789edc17fc96,unparsed_returned_text,66,violation_7plus,0.9275827704573137,0,within_5,0,0,within_5,0
Legacy ornith15_9b / returned generation / unparsed text diagnostic,arxiv-10021,45486df054ce4e8cb8f4e3990eef1766b9bdc7b2e85e15db69e9ddb8f396c118,3b00a9f1b42fd34a3ab365a9ec8732d85f9834bb41a280b31697365a14ab240d,unparsed_returned_text,66,violation_7plus,0.8281584582441114,0,within_5,0,0,within_5,0
Legacy qwen27b / final,arxiv-10021,45486df054ce4e8cb8f4e3990eef1766b9bdc7b2e85e15db69e9ddb8f396c118,3c5b068dd3429dfdd9be16dfa76cc8ae673fe652e519b78f3a46c085465b76f5,schema_object,10,violation_7plus,0.0797918473547268,5,within_5,0.0,9,violation_7plus,0.5517241379310345
Legacy qwen27b / returned generation,arxiv-10021,45486df054ce4e8cb8f4e3990eef1766b9bdc7b2e85e15db69e9ddb8f396c118,1e3f8fdf03084602ca3eb665a7e9e62020db7cd499264e9b5d7e9c955d45295c,schema_object,10,violation_7plus,0.07917383820998279,3,within_5,0.0,9,violation_7plus,0.5517241379310345
Legacy qwen27b / returned field_repair,arxiv-10021,45486df054ce4e8cb8f4e3990eef1766b9bdc7b2e85e15db69e9ddb8f396c118,b6cf150d1feffc3d20f4b20322e9635ae66a38204ef709027b9ffd26754bac8f,schema_object,10,violation_7plus,0.10944527736131934,3,within_5,0.0,0,within_5,0
Legacy qwen27b / returned field_repair,arxiv-10021,45486df054ce4e8cb8f4e3990eef1766b9bdc7b2e85e15db69e9ddb8f396c118,e25f63ef2eb1c199d7d958b589e6fa1d9c5f7dfd327d62d32452b081422f1fdc,schema_object,8,violation_7plus,0.05303030303030303,3,within_5,0.0,0,within_5,0
Legacy qwen27b / returned field_repair,arxiv-10021,45486df054ce4e8cb8f4e3990eef1766b9bdc7b2e85e15db69e9ddb8f396c118,b1d9da92acb30070136865f3a0b0e1e85ebc94a837256910eec0041c6dca7478,schema_object,8,violation_7plus,0.05303030303030303,4,within_5,0.0,0,within_5,0
Legacy qwen35_9b / final,arxiv-10021,45486df054ce4e8cb8f4e3990eef1766b9bdc7b2e85e15db69e9ddb8f396c118,d69eef2afa53141f1d7a209182d57930263f06167e81aef37fd324efc75ca6d1,schema_object,6,borderline_6,0.019889502762430938,5,within_5,0.0,11,violation_7plus,0.6666666666666666
Legacy qwen35_9b / returned generation,arxiv-10021,45486df054ce4e8cb8f4e3990eef1766b9bdc7b2e85e15db69e9ddb8f396c118,00c50dcfe2624894174c2b521a69c3b3cabcce459ccf61753099eb81a81e0a37,schema_object,6,borderline_6,0.019189765458422176,10,violation_7plus,0.4442836468885673,11,violation_7plus,0.36363636363636365
Legacy qwen35_9b/pre_completion_recovery / final,arxiv-10021,45486df054ce4e8cb8f4e3990eef1766b9bdc7b2e85e15db69e9ddb8f396c118,d69eef2afa53141f1d7a209182d57930263f06167e81aef37fd324efc75ca6d1,schema_object,6,borderline_6,0.019889502762430938,5,within_5,0.0,11,violation_7plus,0.6666666666666666
Legacy qwen35_9b/pre_completion_recovery / returned generation,arxiv-10021,45486df054ce4e8cb8f4e3990eef1766b9bdc7b2e85e15db69e9ddb8f396c118,00c50dcfe2624894174c2b521a69c3b3cabcce459ccf61753099eb81a81e0a37,schema_object,6,borderline_6,0.019189765458422176,10,violation_7plus,0.4442836468885673,11,violation_7plus,0.36363636363636365
Legacy ornith15_9b / final,arxiv-10023,2e0938c2a41926f92e2466e0544b029849f927591ee0d8767ffd9ecbc103db18,6c0d1024334ccce00915679ba1ac43ac6529e562520a695103e0bc1a0eca4e2d,schema_object,17,violation_7plus,0.15132712857635297,5,within_5,0.0,5,within_5,0.0
Legacy ornith15_9b / returned generation,arxiv-10023,2e0938c2a41926f92e2466e0544b029849f927591ee0d8767ffd9ecbc103db18,3c44d4378fcf751f350f81ea4287e6e95ab0a0f3c745d5113e57e2621a18eada,schema_object,17,violation_7plus,0.1357452071737786,27,violation_7plus,0.8688524590163934,5,within_5,0.0
Legacy qwen27b / final,arxiv-10023,2e0938c2a41926f92e2466e0544b029849f927591ee0d8767ffd9ecbc103db18,d1f27e0b72c9a360c0bf056a6a8e49f710ea9aaec5ba17013809453e211f9f1c,schema_object,7,violation_7plus,0.02874251497005988,5,within_5,0.0,5,within_5,0.0
Legacy qwen27b / returned generation,arxiv-10023,2e0938c2a41926f92e2466e0544b029849f927591ee0d8767ffd9ecbc103db18,b018e30fcee57574b3c2bbcc04cb0f88319f931a17083a1574f0258ea6c29557,schema_object,7,violation_7plus,0.02833530106257379,4,within_5,0.0,5,within_5,0.0
Legacy qwen27b / returned field_repair,arxiv-10023,2e0938c2a41926f92e2466e0544b029849f927591ee0d8767ffd9ecbc103db18,5d862d8a0c9091b90aa482a810f7be08c903c872b65ac1aecbd929f219669a89,schema_object,5,within_5,0.0,3,within_5,0.0,0,within_5,0
Legacy qwen35_9b / final,arxiv-10023,2e0938c2a41926f92e2466e0544b029849f927591ee0d8767ffd9ecbc103db18,b2a6928bc31de248ca291fc135a77eefa81c77be221afd7d26a60ee507419691,schema_object,36,violation_7plus,0.19418386491557224,5,within_5,0.0,5,within_5,0.0
Legacy qwen35_9b / returned generation,arxiv-10023,2e0938c2a41926f92e2466e0544b029849f927591ee0d8767ffd9ecbc103db18,d389fe60761d27fdd0bfb979b969a83fe40e82faf2541f6922d91735259ebaca,schema_object,36,violation_7plus,0.18386627906976744,13,violation_7plus,0.5562310030395137,5,within_5,0.0
Legacy qwen35_9b/pre_completion_recovery / final,arxiv-10023,2e0938c2a41926f92e2466e0544b029849f927591ee0d8767ffd9ecbc103db18,b2a6928bc31de248ca291fc135a77eefa81c77be221afd7d26a60ee507419691,schema_object,36,violation_7plus,0.19418386491557224,5,within_5,0.0,5,within_5,0.0
Legacy qwen35_9b/pre_completion_recovery / returned generation,arxiv-10023,2e0938c2a41926f92e2466e0544b029849f927591ee0d8767ffd9ecbc103db18,d389fe60761d27fdd0bfb979b969a83fe40e82faf2541f6922d91735259ebaca,schema_object,36,violation_7plus,0.18386627906976744,13,violation_7plus,0.5562310030395137,5,within_5,0.0
Legacy ornith15_9b / final,arxiv-10024,53e0b1725cb5a75993acc2d9a053ebfbccabab6198d7da1c710d31441855428c,c1c6b978d2dd942ee95c84eda6faf9547ef3168c4368e88c76cac710ee6f49d7,schema_object,8,violation_7plus,0.019596199524940617,5,within_5,0.0,9,violation_7plus,0.32142857142857145
Legacy ornith15_9b / returned generation / unparsed text diagnostic,arxiv-10024,53e0b1725cb5a75993acc2d9a053ebfbccabab6198d7da1c710d31441855428c,641eee6a0c44d86df304e8a87db12dc86c0fd58d4bcacd60fa3b884d700554bd,unparsed_returned_text,15,violation_7plus,0.32011935208866155,0,within_5,0,0,within_5,0
Legacy ornith15_9b / returned generation,arxiv-10024,53e0b1725cb5a75993acc2d9a053ebfbccabab6198d7da1c710d31441855428c,01f76228002d761691fb4a93cc3ffd7f4d2dcba5bf27cc2e647f05a4cfd532cd,schema_object,8,violation_7plus,0.017847485127095726,9,violation_7plus,0.3213965980304387,9,violation_7plus,0.15517241379310345
Legacy qwen27b / final,arxiv-10024,53e0b1725cb5a75993acc2d9a053ebfbccabab6198d7da1c710d31441855428c,599eca3e23c1f83b5a5583a128f1139cc7692a672d6dd83a34008cfc6e7516fb,schema_object,8,violation_7plus,0.05005005005005005,5,within_5,0.0,9,violation_7plus,0.3333333333333333
Legacy qwen27b / returned generation,arxiv-10024,53e0b1725cb5a75993acc2d9a053ebfbccabab6198d7da1c710d31441855428c,0ad01b3cb0272ec2991130e7825ac0ed8c7fd428f98f5e236b021caa84de14f5,schema_object,8,violation_7plus,0.05005005005005005,5,within_5,0.0,9,violation_7plus,0.3333333333333333
Legacy qwen27b / returned field_repair,arxiv-10024,53e0b1725cb5a75993acc2d9a053ebfbccabab6198d7da1c710d31441855428c,78fd4801579ee5ee176bab542e8950f36575f3e9ea59bd07b767496bef2bf274,schema_object,8,violation_7plus,0.05128205128205128,5,within_5,0.0,0,within_5,0
Legacy qwen35_9b / final,arxiv-10024,53e0b1725cb5a75993acc2d9a053ebfbccabab6198d7da1c710d31441855428c,69e463a0ed063593d39064b76911be4d78a805e96df76acf5547e99616cd38d3,schema_object,8,violation_7plus,0.03805774278215223,5,within_5,0.0,9,violation_7plus,0.34615384615384615
Legacy qwen35_9b / returned generation,arxiv-10024,53e0b1725cb5a75993acc2d9a053ebfbccabab6198d7da1c710d31441855428c,058b72741f1d1b1062c5934a9683462f301d556b80629a6b98994488f57a25f7,schema_object,8,violation_7plus,0.037371134020618556,11,violation_7plus,0.5361050328227571,9,violation_7plus,0.17647058823529413
Legacy qwen35_9b/pre_completion_recovery / final,arxiv-10024,53e0b1725cb5a75993acc2d9a053ebfbccabab6198d7da1c710d31441855428c,69e463a0ed063593d39064b76911be4d78a805e96df76acf5547e99616cd38d3,schema_object,8,violation_7plus,0.03805774278215223,5,within_5,0.0,9,violation_7plus,0.34615384615384615
Legacy qwen35_9b/pre_completion_recovery / returned generation,arxiv-10024,53e0b1725cb5a75993acc2d9a053ebfbccabab6198d7da1c710d31441855428c,058b72741f1d1b1062c5934a9683462f301d556b80629a6b98994488f57a25f7,schema_object,8,violation_7plus,0.037371134020618556,11,violation_7plus,0.5361050328227571,9,violation_7plus,0.17647058823529413
Legacy ornith15_9b / final,arxiv-10033,0ab4201a9ac28ed2854d07b9664a6dbb22ed10afdbb21ce3e4e96927a50d1667,937f3773c44396a8cc070546d35332985cb34d3422f99ebb93c1783acc275d8e,schema_object,18,violation_7plus,0.31816458096321576,5,within_5,0.0,9,violation_7plus,0.2647058823529412
Legacy ornith15_9b / returned generation,arxiv-10033,0ab4201a9ac28ed2854d07b9664a6dbb22ed10afdbb21ce3e4e96927a50d1667,936b25b930bf6a7ddf5c366a9b215fdb06ab840a433928183df6a0f777a0e62b,schema_object,53,violation_7plus,0.32776831345826235,6,borderline_6,0.05474452554744526,9,violation_7plus,0.13043478260869565
Legacy qwen27b / final,arxiv-10033,0ab4201a9ac28ed2854d07b9664a6dbb22ed10afdbb21ce3e4e96927a50d1667,031533204059f2f5707c1f31bcacdc069b948f05c3c1d3d0d58050ce1ac3194f,schema_object,13,violation_7plus,0.11197916666666667,4,within_5,0.0,9,violation_7plus,0.3333333333333333
Legacy qwen27b / returned generation,arxiv-10033,0ab4201a9ac28ed2854d07b9664a6dbb22ed10afdbb21ce3e4e96927a50d1667,a5f09dcd4a15476383619d38f6c8d575dc204a0b6243a377f996a3437e89d306,schema_object,13,violation_7plus,0.11197916666666667,4,within_5,0.0,9,violation_7plus,0.3333333333333333
Legacy qwen35_9b / final,arxiv-10033,0ab4201a9ac28ed2854d07b9664a6dbb22ed10afdbb21ce3e4e96927a50d1667,4fce4abb177d95853ac639c7b565f031b46fb7d3350bf844731ea3643c6a0de9,schema_object,11,violation_7plus,0.03978779840848806,5,within_5,0.0,9,violation_7plus,0.28125
Legacy qwen35_9b / returned generation,arxiv-10033,0ab4201a9ac28ed2854d07b9664a6dbb22ed10afdbb21ce3e4e96927a50d1667,bd6768a7f418c1829d46753af30945b210e4f89d8a2eb21f18059999648acd08,schema_object,12,violation_7plus,0.10159118727050184,17,violation_7plus,0.8790786948176583,9,violation_7plus,0.15789473684210525
Legacy qwen35_9b/pre_completion_recovery / final,arxiv-10033,0ab4201a9ac28ed2854d07b9664a6dbb22ed10afdbb21ce3e4e96927a50d1667,4fce4abb177d95853ac639c7b565f031b46fb7d3350bf844731ea3643c6a0de9,schema_object,11,violation_7plus,0.03978779840848806,5,within_5,0.0,9,violation_7plus,0.28125
Legacy qwen35_9b/pre_completion_recovery / returned generation,arxiv-10033,0ab4201a9ac28ed2854d07b9664a6dbb22ed10afdbb21ce3e4e96927a50d1667,bd6768a7f418c1829d46753af30945b210e4f89d8a2eb21f18059999648acd08,schema_object,12,violation_7plus,0.10159118727050184,17,violation_7plus,0.8790786948176583,9,violation_7plus,0.15789473684210525
Legacy ornith15_9b / final,arxiv-10035,576e1d1a7a5d04977a3ea5472092f893edc8b9cd3f962da42c568548c54287e9,fbc2e5d0561d85358a6f12be3015c2c7996a5a1cf5269dd6c080ce35f1dfbd8c,schema_object,21,violation_7plus,0.4739374498797113,5,within_5,0.0,17,violation_7plus,0.53125
Legacy ornith15_9b / returned generation,arxiv-10035,576e1d1a7a5d04977a3ea5472092f893edc8b9cd3f962da42c568548c54287e9,1310dc0b50cb388d96fac25e8db0f280fb8741bbd21161c71f5d5a2309cbc70a,schema_object,21,violation_7plus,0.4557857503789793,21,violation_7plus,0.9260714285714285,17,violation_7plus,0.3541666666666667
Legacy ornith15_9b_dflash20/baseline / final,arxiv-10035,576e1d1a7a5d04977a3ea5472092f893edc8b9cd3f962da42c568548c54287e9,b12e098d16f6f572add9544ec4d8fc33b96f378132b022c22d853b5592563405,schema_object,17,violation_7plus,0.40341988600379985,5,within_5,0.0,17,violation_7plus,0.5483870967741935
Legacy ornith15_9b_dflash20/baseline / returned generation,arxiv-10035,576e1d1a7a5d04977a3ea5472092f893edc8b9cd3f962da42c568548c54287e9,119b9076ce9ae4bb732c00132bffb0cf1f3df63d84686c2779a10d3aa4d0e19d,schema_object,17,violation_7plus,0.36602739726027395,30,violation_7plus,0.9284802043422733,17,violation_7plus,0.30357142857142855
Legacy ornith15_9b_dflash20/dflash / final,arxiv-10035,576e1d1a7a5d04977a3ea5472092f893edc8b9cd3f962da42c568548c54287e9,13dcaf9e349fa5e82a9201fb26047aca75734ad8c175fe7fb721fc5709e9a89c,schema_object,34,violation_7plus,0.5105467068445975,5,within_5,0.0,17,violation_7plus,0.53125
Legacy ornith15_9b_dflash20/dflash / returned generation,arxiv-10035,576e1d1a7a5d04977a3ea5472092f893edc8b9cd3f962da42c568548c54287e9,6ee623e36b2044e535a5532432fcc2dd4b407e60de849aab5ca00adcf4b15b11,schema_object,34,violation_7plus,0.49901832460732987,38,violation_7plus,0.9576753000631711,17,violation_7plus,0.2982456140350877
Legacy qwen27b / final,arxiv-10035,576e1d1a7a5d04977a3ea5472092f893edc8b9cd3f962da42c568548c54287e9,0a44a1423fb406e832f95832e7b64fdbbaa7a19448d41887cbc20f19b75cd5af,schema_object,13,violation_7plus,0.1589840075258702,4,within_5,0.0,17,violation_7plus,0.6296296296296297
Legacy qwen27b / returned generation,arxiv-10035,576e1d1a7a5d04977a3ea5472092f893edc8b9cd3f962da42c568548c54287e9,952d4f0fdedea42e6f7d4eae8576ba31f9d0d38cf7cf94026dbe53b6c7170738,schema_object,13,violation_7plus,0.15779645191409897,4,within_5,0.0,17,violation_7plus,0.6296296296296297
Legacy qwen27b / returned field_repair,arxiv-10035,576e1d1a7a5d04977a3ea5472092f893edc8b9cd3f962da42c568548c54287e9,58bd5fcde46508367b98292a176c097eca4798b0d21b6784ee12fb7d90f32b2a,schema_object,12,violation_7plus,0.1307901907356948,4,within_5,0.0,0,within_5,0
Legacy qwen35_9b / final,arxiv-10035,576e1d1a7a5d04977a3ea5472092f893edc8b9cd3f962da42c568548c54287e9,694d60de3b33180b70d64f2e575f842bd42a3c67804919ab6cccbeb1e0589f1e,schema_object,19,violation_7plus,0.2624555160142349,5,within_5,0.0,17,violation_7plus,0.6296296296296297
Legacy qwen35_9b / returned generation,arxiv-10035,576e1d1a7a5d04977a3ea5472092f893edc8b9cd3f962da42c568548c54287e9,478f74f6476de8438a0787e1a3defd51f6da253938a203c05113910f2030ff10,schema_object,19,violation_7plus,0.23119122257053293,32,violation_7plus,0.9271889400921659,17,violation_7plus,0.2073170731707317
Legacy qwen35_9b/pre_completion_recovery / final,arxiv-10035,576e1d1a7a5d04977a3ea5472092f893edc8b9cd3f962da42c568548c54287e9,694d60de3b33180b70d64f2e575f842bd42a3c67804919ab6cccbeb1e0589f1e,schema_object,19,violation_7plus,0.2624555160142349,5,within_5,0.0,17,violation_7plus,0.6296296296296297
Legacy qwen35_9b/pre_completion_recovery / returned generation,arxiv-10035,576e1d1a7a5d04977a3ea5472092f893edc8b9cd3f962da42c568548c54287e9,478f74f6476de8438a0787e1a3defd51f6da253938a203c05113910f2030ff10,schema_object,19,violation_7plus,0.23119122257053293,32,violation_7plus,0.9271889400921659,17,violation_7plus,0.2073170731707317
Legacy ornith15_9b / final,arxiv-10037,4742c32509e14797f67241eafe278edcd5977dac8bc1a7f17e82b40cfc01c37c,9de9b04006a6f48ff0904367c6822a41c235ae1e6c54da51131c787f23b462b3,schema_object,15,violation_7plus,0.24101610904584883,5,within_5,0.0,12,violation_7plus,0.1875
Legacy ornith15_9b / returned generation,arxiv-10037,4742c32509e14797f67241eafe278edcd5977dac8bc1a7f17e82b40cfc01c37c,2287cf2ea6b25de0de2d272f0621a30f0dc1aa1d0c99b09830522273afd7444c,schema_object,15,violation_7plus,0.23604368932038836,39,violation_7plus,0.992080033347228,12,violation_7plus,0.16
Legacy qwen27b / final,arxiv-10037,4742c32509e14797f67241eafe278edcd5977dac8bc1a7f17e82b40cfc01c37c,d1c302305b4c38d5fa456d1f246fac715446ea91a04e9a994ee417863bb1c3ce,schema_object,13,violation_7plus,0.14351005484460694,5,within_5,0.0,12,violation_7plus,0.2033898305084746
Legacy qwen27b / returned generation,arxiv-10037,4742c32509e14797f67241eafe278edcd5977dac8bc1a7f17e82b40cfc01c37c,345a5d3b019b7e86b1e177d8ced2308d3e78c91deef8d9e544d4c6b056763cf1,schema_object,13,violation_7plus,0.14351005484460694,6,borderline_6,0.024,12,violation_7plus,0.2033898305084746
Legacy qwen27b / returned field_repair,arxiv-10037,4742c32509e14797f67241eafe278edcd5977dac8bc1a7f17e82b40cfc01c37c,13af33fca0c1839cceb4489dc805a4108e3527c8769884ea17b7538123644ed7,schema_object,10,violation_7plus,0.16608996539792387,4,within_5,0.0,0,within_5,0
Legacy qwen35_9b / final,arxiv-10037,4742c32509e14797f67241eafe278edcd5977dac8bc1a7f17e82b40cfc01c37c,aa94dd155b3ac41319bfc911e43453f5f13e2fb952078a0cad45f9af446e182b,schema_object,41,violation_7plus,0.886762360446571,5,within_5,0.0,12,violation_7plus,0.41379310344827586
Legacy qwen35_9b / returned generation,arxiv-10037,4742c32509e14797f67241eafe278edcd5977dac8bc1a7f17e82b40cfc01c37c,5263e2035ceb416c62d6c55a1e8e3f22694af5878ba300bad86d0f9a16222eda,schema_object,41,violation_7plus,0.8514548238897397,41,violation_7plus,0.9658031088082901,12,violation_7plus,0.14285714285714285
Legacy qwen35_9b/pre_completion_recovery / final,arxiv-10037,4742c32509e14797f67241eafe278edcd5977dac8bc1a7f17e82b40cfc01c37c,aa94dd155b3ac41319bfc911e43453f5f13e2fb952078a0cad45f9af446e182b,schema_object,41,violation_7plus,0.886762360446571,5,within_5,0.0,12,violation_7plus,0.41379310344827586
Legacy qwen35_9b/pre_completion_recovery / returned generation,arxiv-10037,4742c32509e14797f67241eafe278edcd5977dac8bc1a7f17e82b40cfc01c37c,5263e2035ceb416c62d6c55a1e8e3f22694af5878ba300bad86d0f9a16222eda,schema_object,41,violation_7plus,0.8514548238897397,41,violation_7plus,0.9658031088082901,12,violation_7plus,0.14285714285714285
Legacy ornith15_9b / final,arxiv-10038,24a37c6b6db0ee62ff090f572c9194655408da9a292e549fdc74619fc8b81100,36b31013d9d684ac207b783418c2ccf414158e85ea9320e50dd1c9a681e2d0d4,schema_object,15,violation_7plus,0.28286284573709725,5,within_5,0.0,6,borderline_6,0.2727272727272727
Legacy ornith15_9b / returned generation,arxiv-10038,24a37c6b6db0ee62ff090f572c9194655408da9a292e549fdc74619fc8b81100,73f415224dafb7d16b479e7a96e7b425ec8c92fbf4f80cfec2409c2dc6100360,schema_object,15,violation_7plus,0.24944099378881987,27,violation_7plus,0.7640534408873204,6,borderline_6,0.2727272727272727
Legacy ornith15_9b_dflash20/baseline / final,arxiv-10038,24a37c6b6db0ee62ff090f572c9194655408da9a292e549fdc74619fc8b81100,22c8d062f070db0fd835572d7ba22bb29d66e0719f39deb88144186bc8d390bf,schema_object,16,violation_7plus,0.1986569669837717,5,within_5,0.0,6,borderline_6,0.2857142857142857
Legacy ornith15_9b_dflash20/baseline / returned generation,arxiv-10038,24a37c6b6db0ee62ff090f572c9194655408da9a292e549fdc74619fc8b81100,4e4a7583a68f3e959d2096840beec6ec063f2255744e48d9d545ae9a5456bae3,schema_object,16,violation_7plus,0.1897381079636558,23,violation_7plus,0.8268279274326553,6,borderline_6,0.13043478260869565
Legacy ornith15_9b_dflash20/dflash / final,arxiv-10038,24a37c6b6db0ee62ff090f572c9194655408da9a292e549fdc74619fc8b81100,07ab44044465baf51e9e1d05bceda51901a95ef76ef0225c301c54bc6bac776a,schema_object,13,violation_7plus,0.19148936170212766,5,within_5,0.0,6,borderline_6,0.2727272727272727
Legacy ornith15_9b_dflash20/dflash / returned generation,arxiv-10038,24a37c6b6db0ee62ff090f572c9194655408da9a292e549fdc74619fc8b81100,a3ccbb9172e8157fa1031038643cd319f0bf48b056d6cfce1d2638dd74a8151f,schema_object,13,violation_7plus,0.1855123674911661,62,violation_7plus,0.9123434704830053,6,borderline_6,0.23076923076923078
Legacy qwen27b / final,arxiv-10038,24a37c6b6db0ee62ff090f572c9194655408da9a292e549fdc74619fc8b81100,f5ebe7cee20db32d8125a78650920ae332002f8f57b204d52115d4f8f2dea5c0,schema_object,7,violation_7plus,0.03656821378340366,5,within_5,0.0,6,borderline_6,0.35294117647058826
Legacy qwen27b / returned generation,arxiv-10038,24a37c6b6db0ee62ff090f572c9194655408da9a292e549fdc74619fc8b81100,376d5b933157b9d40727a4a05a5e50f026c567601f168a0e9c28246c3c311f05,schema_object,7,violation_7plus,0.03656821378340366,5,within_5,0.0,6,borderline_6,0.35294117647058826
Legacy qwen27b / returned field_repair,arxiv-10038,24a37c6b6db0ee62ff090f572c9194655408da9a292e549fdc74619fc8b81100,9bfaf9e43fe27ef4d2a002989097cf9f687a4ef1d43e6788b8de4a3cf2602df1,schema_object,7,violation_7plus,0.061611374407582936,5,within_5,0.0,0,within_5,0
Legacy qwen27b / returned field_repair,arxiv-10038,24a37c6b6db0ee62ff090f572c9194655408da9a292e549fdc74619fc8b81100,6006d9147f0a16996f504e738c6fb6f4810c217f620dbeb00f7f8fdf01409a9e,schema_object,7,violation_7plus,0.061611374407582936,5,within_5,0.0,0,within_5,0
Legacy qwen27b / returned field_repair,arxiv-10038,24a37c6b6db0ee62ff090f572c9194655408da9a292e549fdc74619fc8b81100,4cf96e91d2f27120c949e44a2cf3ea72a71b50b5be7ece4b3e8a8ed3584e019d,schema_object,7,violation_7plus,0.061611374407582936,5,within_5,0.0,0,within_5,0
Legacy qwen35_9b / final,arxiv-10038,24a37c6b6db0ee62ff090f572c9194655408da9a292e549fdc74619fc8b81100,fdc06bf6ff103a71f53f94e40a844e56df3e927d196ff0b7cebbfb359bd2ead1,schema_object,17,violation_7plus,0.12618296529968454,5,within_5,0.0,6,borderline_6,0.35294117647058826
Legacy qwen35_9b / returned generation,arxiv-10038,24a37c6b6db0ee62ff090f572c9194655408da9a292e549fdc74619fc8b81100,274ab6e34134c5bdb4baa09171b9a686c1163031a3c34dcebd705e64e93a432f,schema_object,17,violation_7plus,0.12244897959183673,16,violation_7plus,0.5727848101265823,6,borderline_6,0.14285714285714285
Legacy qwen35_9b/pre_completion_recovery / final,arxiv-10038,24a37c6b6db0ee62ff090f572c9194655408da9a292e549fdc74619fc8b81100,fdc06bf6ff103a71f53f94e40a844e56df3e927d196ff0b7cebbfb359bd2ead1,schema_object,17,violation_7plus,0.12618296529968454,5,within_5,0.0,6,borderline_6,0.35294117647058826
Legacy qwen35_9b/pre_completion_recovery / returned generation,arxiv-10038,24a37c6b6db0ee62ff090f572c9194655408da9a292e549fdc74619fc8b81100,274ab6e34134c5bdb4baa09171b9a686c1163031a3c34dcebd705e64e93a432f,schema_object,17,violation_7plus,0.12244897959183673,16,violation_7plus,0.5727848101265823,6,borderline_6,0.14285714285714285
Legacy ornith15_9b / final,arxiv-10040,82667fc126300ebcdfcd41e1d482add7d0306db9ccf1f24ee5893398882f0f5d,db7d5beb20743740ee2047041791d1200ec61bde4cc4c2e68093fabcb2331947,schema_object,16,violation_7plus,0.475254730713246,5,within_5,0.0,6,borderline_6,0.1875
Legacy ornith15_9b / returned generation,arxiv-10040,82667fc126300ebcdfcd41e1d482add7d0306db9ccf1f24ee5893398882f0f5d,d685b8ee4bf5f8c2f3cdf07b5e95760c29bf046effff5d802094bf1af8eba4ea,schema_object,12,violation_7plus,0.15643180349062702,14,violation_7plus,0.15458937198067632,6,borderline_6,0.09836065573770492
Legacy ornith15_9b / returned generation,arxiv-10040,82667fc126300ebcdfcd41e1d482add7d0306db9ccf1f24ee5893398882f0f5d,4adfc29db0c93e7847eae0f22de4e7bf244af777b0bc69e4ad92e4b2c0f4563b,schema_object,16,violation_7plus,0.4560553633217993,22,violation_7plus,0.9210084033613445,6,borderline_6,0.16216216216216217
Legacy ornith15_9b_dflash20/baseline / final,arxiv-10040,82667fc126300ebcdfcd41e1d482add7d0306db9ccf1f24ee5893398882f0f5d,a0e0d31694d5ee7e56edc5bb55f5860a1678fbb7a17cb3fdc06bfc03da60ce9a,schema_object,18,violation_7plus,0.48,5,within_5,0.0,6,borderline_6,0.17142857142857143
Legacy ornith15_9b_dflash20/baseline / returned generation,arxiv-10040,82667fc126300ebcdfcd41e1d482add7d0306db9ccf1f24ee5893398882f0f5d,0933d5034526741114e62df243c241918895f917b8580dd8990f501a74099959,schema_object,18,violation_7plus,0.4789915966386555,39,violation_7plus,0.9638157894736842,6,borderline_6,0.13333333333333333
Legacy ornith15_9b_dflash20/dflash / final,arxiv-10040,82667fc126300ebcdfcd41e1d482add7d0306db9ccf1f24ee5893398882f0f5d,b2f5a2d75649f032d5263c1a2f0cc2857db8d41676cac5b19ed432020751f9b2,schema_object,27,violation_7plus,0.6469335604770017,5,within_5,0.0,6,borderline_6,0.17647058823529413
Legacy ornith15_9b_dflash20/dflash / returned generation,arxiv-10040,82667fc126300ebcdfcd41e1d482add7d0306db9ccf1f24ee5893398882f0f5d,35f5073de6103478dd126d7fd648d27150c84304d7cfe960adf4221a375095ec,schema_object,27,violation_7plus,0.6500206355757325,13,violation_7plus,0.60932944606414,6,borderline_6,0.1016949152542373
Legacy qwen27b / final,arxiv-10040,82667fc126300ebcdfcd41e1d482add7d0306db9ccf1f24ee5893398882f0f5d,76cab549eb28c6e54098a8c80065dd983496b2011f027dc0d09773853fd7af21,schema_object,13,violation_7plus,0.1779816513761468,4,within_5,0.0,12,violation_7plus,0.6951219512195121
Legacy qwen27b / returned generation,arxiv-10040,82667fc126300ebcdfcd41e1d482add7d0306db9ccf1f24ee5893398882f0f5d,6913bc920b0395a6a6e417b75c5f56c386b85747d9f07508605473160f9374b5,schema_object,13,violation_7plus,0.1779816513761468,4,within_5,0.0,12,violation_7plus,0.6951219512195121
Legacy qwen27b / returned field_repair,arxiv-10040,82667fc126300ebcdfcd41e1d482add7d0306db9ccf1f24ee5893398882f0f5d,79fd333c380a029ad8fae31832307b6ff630ec70013dc0807970d859a354a50d,schema_object,13,violation_7plus,0.2360655737704918,4,within_5,0.0,0,within_5,0
Legacy qwen35_9b / final,arxiv-10040,82667fc126300ebcdfcd41e1d482add7d0306db9ccf1f24ee5893398882f0f5d,a36473ab29b0ffa818aa47cd9da62d049b75731a466be118e99d10ae5e3cde93,schema_object,11,violation_7plus,0.13584905660377358,5,within_5,0.0,6,borderline_6,0.1935483870967742
Legacy qwen35_9b / returned generation,arxiv-10040,82667fc126300ebcdfcd41e1d482add7d0306db9ccf1f24ee5893398882f0f5d,9d5dcaac939ba2a8cba16134a2265035ef21656e0fd9ec182d9502d28fa3f606,schema_object,13,violation_7plus,0.17073170731707318,13,violation_7plus,0.5017064846416383,6,borderline_6,0.10714285714285714
Legacy qwen35_9b/pre_completion_recovery / final,arxiv-10040,82667fc126300ebcdfcd41e1d482add7d0306db9ccf1f24ee5893398882f0f5d,a36473ab29b0ffa818aa47cd9da62d049b75731a466be118e99d10ae5e3cde93,schema_object,11,violation_7plus,0.13584905660377358,5,within_5,0.0,6,borderline_6,0.1935483870967742
Legacy qwen35_9b/pre_completion_recovery / returned generation,arxiv-10040,82667fc126300ebcdfcd41e1d482add7d0306db9ccf1f24ee5893398882f0f5d,9d5dcaac939ba2a8cba16134a2265035ef21656e0fd9ec182d9502d28fa3f606,schema_object,13,violation_7plus,0.17073170731707318,13,violation_7plus,0.5017064846416383,6,borderline_6,0.10714285714285714
Legacy qwen35_9b/pre_completion_recovery / failed draft,arxiv-10040,82667fc126300ebcdfcd41e1d482add7d0306db9ccf1f24ee5893398882f0f5d,1cd8beada14e445f53188086806bd898f8497f76a0994349dc0ee240a781892b,schema_object,13,violation_7plus,0.1737331954498449,5,within_5,0.0,6,borderline_6,0.10714285714285714
Legacy qwen35_9b / failed draft,arxiv-10040,82667fc126300ebcdfcd41e1d482add7d0306db9ccf1f24ee5893398882f0f5d,1cd8beada14e445f53188086806bd898f8497f76a0994349dc0ee240a781892b,schema_object,13,violation_7plus,0.1737331954498449,5,within_5,0.0,6,borderline_6,0.10714285714285714
Legacy ornith15_9b / final,arxiv-10047,d9ebb43f108cf77cf2a314ef4344f7dc8ec16aed525065dc3c64ebe64506ee96,630c4ba2b77e2513848bbe77409ce994eb5bfb29eafa1bda8d21c20efe37e08b,schema_object,38,violation_7plus,0.7358437146092865,5,within_5,0.0,8,violation_7plus,0.32
Legacy ornith15_9b / returned generation,arxiv-10047,d9ebb43f108cf77cf2a314ef4344f7dc8ec16aed525065dc3c64ebe64506ee96,9edbdb4b7af453b395e6842c483d7542dc835a96a9e1ec0f331e2c8b29aa045f,schema_object,21,violation_7plus,0.4462406015037594,31,violation_7plus,0.8825167037861915,4,within_5,0.0
Legacy ornith15_9b / returned generation,arxiv-10047,d9ebb43f108cf77cf2a314ef4344f7dc8ec16aed525065dc3c64ebe64506ee96,7c53aa1ed70166c95561143757046593665d5a7a025e8ec06cfc3cc6643039c2,schema_object,38,violation_7plus,0.713945488224398,15,violation_7plus,0.8704545454545455,8,violation_7plus,0.14545454545454545
Legacy qwen27b / final,arxiv-10047,d9ebb43f108cf77cf2a314ef4344f7dc8ec16aed525065dc3c64ebe64506ee96,0cc6327f719168dec327d78dac13281a4cc131001322d8dc08ae936066340dd3,schema_object,10,violation_7plus,0.08754208754208755,4,within_5,0.0,19,violation_7plus,0.8513513513513513
Legacy qwen27b / returned generation,arxiv-10047,d9ebb43f108cf77cf2a314ef4344f7dc8ec16aed525065dc3c64ebe64506ee96,382d0ae16747e2f0e4daac93e8406b0d66004522454c70fd5628076bad31475a,schema_object,10,violation_7plus,0.08754208754208755,4,within_5,0.0,19,violation_7plus,0.8513513513513513
Legacy qwen35_9b / final,arxiv-10047,d9ebb43f108cf77cf2a314ef4344f7dc8ec16aed525065dc3c64ebe64506ee96,81cf9796a4d6717be6803938c6ab1f5bb2401a8b130d8e11f1d2bf466924a62c,schema_object,26,violation_7plus,0.6842507645259939,5,within_5,0.0,4,within_5,0.0
Legacy qwen35_9b / returned generation,arxiv-10047,d9ebb43f108cf77cf2a314ef4344f7dc8ec16aed525065dc3c64ebe64506ee96,1cf0a9a86dde5cc66620605b82ef2f1f8a36b203f5f4d218adff1acaa9719760,schema_object,26,violation_7plus,0.6321311475409837,21,violation_7plus,0.7037422037422038,4,within_5,0.0
Legacy qwen35_9b/pre_completion_recovery / final,arxiv-10047,d9ebb43f108cf77cf2a314ef4344f7dc8ec16aed525065dc3c64ebe64506ee96,81cf9796a4d6717be6803938c6ab1f5bb2401a8b130d8e11f1d2bf466924a62c,schema_object,26,violation_7plus,0.6842507645259939,5,within_5,0.0,4,within_5,0.0
Legacy qwen35_9b/pre_completion_recovery / returned generation,arxiv-10047,d9ebb43f108cf77cf2a314ef4344f7dc8ec16aed525065dc3c64ebe64506ee96,1cf0a9a86dde5cc66620605b82ef2f1f8a36b203f5f4d218adff1acaa9719760,schema_object,26,violation_7plus,0.6321311475409837,21,violation_7plus,0.7037422037422038,4,within_5,0.0
Legacy ornith15_9b / final,arxiv-102,0c59df13d1c8367c898c64adf0337dbe33ef3a348ba4acfd31151d353d722102,cb8a0fef7b986fea8f1377d6702b26dc1185a332ff64f5c3d8644801f7138ba4,schema_object,11,violation_7plus,0.09379727685325265,5,within_5,0.0,6,borderline_6,0.25
Legacy ornith15_9b / returned generation,arxiv-102,0c59df13d1c8367c898c64adf0337dbe33ef3a348ba4acfd31151d353d722102,56627c88d1707aafc5391cc01b9817523e52759127c78935dee3768d5c76a1a4,schema_object,11,violation_7plus,0.07958921694480103,27,violation_7plus,0.8498475609756098,6,borderline_6,0.25
Legacy qwen27b / final,arxiv-102,0c59df13d1c8367c898c64adf0337dbe33ef3a348ba4acfd31151d353d722102,1c7952e07828941fb0ee409d1ab1f7657ebdc4b97ab20ebef210ebf93b473c07,schema_object,8,violation_7plus,0.0262582056892779,3,within_5,0.0,10,violation_7plus,0.47619047619047616
Legacy qwen27b / returned generation,arxiv-102,0c59df13d1c8367c898c64adf0337dbe33ef3a348ba4acfd31151d353d722102,751fa69ea4434a0c7c0e7f25609c7a8011df66602f29b35006c8b1dc626dd363,schema_object,8,violation_7plus,0.026124818577648767,3,within_5,0.0,10,violation_7plus,0.47619047619047616
Legacy qwen27b / returned field_repair,arxiv-102,0c59df13d1c8367c898c64adf0337dbe33ef3a348ba4acfd31151d353d722102,4f0247c72ace2008eb36a76d276d9b6ee218fb34cafa6ee3714dece0233bd63c,schema_object,8,violation_7plus,0.03588516746411483,3,within_5,0.0,0,within_5,0
Legacy qwen35_9b / final,arxiv-102,0c59df13d1c8367c898c64adf0337dbe33ef3a348ba4acfd31151d353d722102,3aca1116237990d1db8c020e08026b308ef7cac108ae95e9596dbe86143173b9,schema_object,5,within_5,0.0,5,within_5,0.0,10,violation_7plus,0.5882352941176471
Legacy qwen35_9b / returned generation,arxiv-102,0c59df13d1c8367c898c64adf0337dbe33ef3a348ba4acfd31151d353d722102,42fd894934b6aa5b5f9427ba2e0e9dfdb0ec68013ae8c94efb7890f8844e9162,schema_object,6,borderline_6,0.007100591715976331,27,violation_7plus,0.8444444444444444,10,violation_7plus,0.23809523809523808
Legacy qwen35_9b/pre_completion_recovery / final,arxiv-102,0c59df13d1c8367c898c64adf0337dbe33ef3a348ba4acfd31151d353d722102,3aca1116237990d1db8c020e08026b308ef7cac108ae95e9596dbe86143173b9,schema_object,5,within_5,0.0,5,within_5,0.0,10,violation_7plus,0.5882352941176471
Legacy qwen35_9b/pre_completion_recovery / returned generation,arxiv-102,0c59df13d1c8367c898c64adf0337dbe33ef3a348ba4acfd31151d353d722102,42fd894934b6aa5b5f9427ba2e0e9dfdb0ec68013ae8c94efb7890f8844e9162,schema_object,6,borderline_6,0.007100591715976331,27,violation_7plus,0.8444444444444444,10,violation_7plus,0.23809523809523808
Legacy ornith15_9b / final,arxiv-105,a5125841febadab67901bd0b1697be29074d729a764def41ec6ee04627b65c60,ad8cd6ecd7c037a054027df689e347ebe28bf1f377cac52fb124fc96b36e7782,schema_object,29,violation_7plus,0.41998191681735986,5,within_5,0.0,11,violation_7plus,0.3548387096774194
Legacy ornith15_9b / returned generation,arxiv-105,a5125841febadab67901bd0b1697be29074d729a764def41ec6ee04627b65c60,d6edb0be83673c9c5852d8b5df829eadeaf929e3b5c6cc7a232af72e92ae4d4e,schema_object,29,violation_7plus,0.38595762359783964,8,violation_7plus,0.2908366533864542,11,violation_7plus,0.3548387096774194
Legacy qwen27b / final,arxiv-105,a5125841febadab67901bd0b1697be29074d729a764def41ec6ee04627b65c60,7e867d690b099e3dd6432b5b77037be9934df2302ff378133334832e7f71abc5,schema_object,12,violation_7plus,0.13703284258210646,4,within_5,0.0,11,violation_7plus,0.5238095238095238
Legacy qwen27b / returned generation,arxiv-105,a5125841febadab67901bd0b1697be29074d729a764def41ec6ee04627b65c60,29d17ab510f1b7f2c34ddf5f6958b31cd073ea0584ab5ebd23f5b979781d6c8f,schema_object,12,violation_7plus,0.13703284258210646,4,within_5,0.0,11,violation_7plus,0.5238095238095238
Legacy qwen27b / returned field_repair,arxiv-105,a5125841febadab67901bd0b1697be29074d729a764def41ec6ee04627b65c60,e070aae7b4aa53b3973e463683c9d24ded719b857fbd8934f4549d283f54c301,schema_object,12,violation_7plus,0.1658291457286432,4,within_5,0.0,0,within_5,0
Legacy qwen35_9b / final,arxiv-105,a5125841febadab67901bd0b1697be29074d729a764def41ec6ee04627b65c60,e0ccda03a074c4f8fd36d01477b7bc30255de0f24fc1b7d81712d951e3246d47,schema_object,7,violation_7plus,0.03104575163398693,5,within_5,0.0,11,violation_7plus,0.5238095238095238
Legacy qwen35_9b / returned generation,arxiv-105,a5125841febadab67901bd0b1697be29074d729a764def41ec6ee04627b65c60,d4c9ecd3c8ccfecbb90b81c4eb9e87a1763272bd03a093a2509f90aaa6c2bab9,schema_object,10,violation_7plus,0.04393939393939394,9,violation_7plus,0.37209302325581395,11,violation_7plus,0.2391304347826087
Legacy qwen35_9b/pre_completion_recovery / final,arxiv-105,a5125841febadab67901bd0b1697be29074d729a764def41ec6ee04627b65c60,e0ccda03a074c4f8fd36d01477b7bc30255de0f24fc1b7d81712d951e3246d47,schema_object,7,violation_7plus,0.03104575163398693,5,within_5,0.0,11,violation_7plus,0.5238095238095238
Legacy qwen35_9b/pre_completion_recovery / returned generation,arxiv-105,a5125841febadab67901bd0b1697be29074d729a764def41ec6ee04627b65c60,d4c9ecd3c8ccfecbb90b81c4eb9e87a1763272bd03a093a2509f90aaa6c2bab9,schema_object,10,violation_7plus,0.04393939393939394,9,violation_7plus,0.37209302325581395,11,violation_7plus,0.2391304347826087
Legacy ornith15_9b / final,arxiv-107,0cd232f1e6f19c1c792956fba6b6706d8bea94915ea3ed46590d6db698f415ec,786b7658a4d18adc86ff5c7f39d20ad7ff7fef563636ecb5278231a814853a1d,schema_object,13,violation_7plus,0.15729047072330654,5,within_5,0.0,12,violation_7plus,0.6333333333333333
Legacy ornith15_9b / returned generation,arxiv-107,0cd232f1e6f19c1c792956fba6b6706d8bea94915ea3ed46590d6db698f415ec,6fded2ae3b630b7c420ac275fc78b995f52d3aa7d5aff0bdef93f1ffa6b3f209,schema_object,13,violation_7plus,0.15488976823063877,22,violation_7plus,0.8795180722891566,12,violation_7plus,0.6333333333333333
Legacy qwen27b / final,arxiv-107,0cd232f1e6f19c1c792956fba6b6706d8bea94915ea3ed46590d6db698f415ec,59e5add805b347cf005ae5db63451aeab797179e5c9a1f766e383040a19fb9ce,schema_object,13,violation_7plus,0.19921875,3,within_5,0.0,12,violation_7plus,0.6785714285714286
Legacy qwen27b / returned generation,arxiv-107,0cd232f1e6f19c1c792956fba6b6706d8bea94915ea3ed46590d6db698f415ec,423cf654f0a896477ba68141998136eb81a84603defd0ef1af09056efeb14e80,schema_object,13,violation_7plus,0.19748305905130686,3,within_5,0.0,12,violation_7plus,0.6785714285714286
Legacy qwen27b / returned field_repair,arxiv-107,0cd232f1e6f19c1c792956fba6b6706d8bea94915ea3ed46590d6db698f415ec,e86ca2db468dd3f639a6ffa2350c6be24a87e7182c9e8cfee3679b2cdf0b5698,schema_object,13,violation_7plus,0.21243523316062177,3,within_5,0.0,0,within_5,0
Legacy qwen35_9b / final,arxiv-107,0cd232f1e6f19c1c792956fba6b6706d8bea94915ea3ed46590d6db698f415ec,ad7672d1add86c07400eb11a73825637e20e9fb0d2b4c0ab3c4d91fba88d17ce,schema_object,32,violation_7plus,0.7839224629418472,5,within_5,0.0,12,violation_7plus,0.76
Legacy qwen35_9b / returned generation,arxiv-107,0cd232f1e6f19c1c792956fba6b6706d8bea94915ea3ed46590d6db698f415ec,1a24647dbd9619ae684e19dfb61b0e51e9f7a29f550517e5cbe4b4948319d5c2,schema_object,32,violation_7plus,0.7794784580498866,12,violation_7plus,0.6273584905660378,12,violation_7plus,0.38
Legacy qwen35_9b/pre_completion_recovery / final,arxiv-107,0cd232f1e6f19c1c792956fba6b6706d8bea94915ea3ed46590d6db698f415ec,ad7672d1add86c07400eb11a73825637e20e9fb0d2b4c0ab3c4d91fba88d17ce,schema_object,32,violation_7plus,0.7839224629418472,5,within_5,0.0,12,violation_7plus,0.76
Legacy qwen35_9b/pre_completion_recovery / returned generation,arxiv-107,0cd232f1e6f19c1c792956fba6b6706d8bea94915ea3ed46590d6db698f415ec,1a24647dbd9619ae684e19dfb61b0e51e9f7a29f550517e5cbe4b4948319d5c2,schema_object,32,violation_7plus,0.7794784580498866,12,violation_7plus,0.6273584905660378,12,violation_7plus,0.38
Legacy ornith15_9b / final,arxiv-109,efc50660ddd10578ac93db24ab78998d80637d2a0e59f77a07d910d3fc627bd3,7ca3316890faa7e06af4803262ec1751ed63ce5ad0859ae04e858bfbd4da5e06,schema_object,36,violation_7plus,0.53573264781491,5,within_5,0.0,16,violation_7plus,0.43243243243243246
Legacy ornith15_9b / returned generation,arxiv-109,efc50660ddd10578ac93db24ab78998d80637d2a0e59f77a07d910d3fc627bd3,3f8d33af1bc7ddd297f221b1ef85a9ecd025ad38be90f8edc02d0cbf11686742,schema_object,36,violation_7plus,0.5143139190523198,20,violation_7plus,0.7930258717660292,16,violation_7plus,0.43243243243243246
Legacy qwen27b / final,arxiv-109,efc50660ddd10578ac93db24ab78998d80637d2a0e59f77a07d910d3fc627bd3,16a20423eddc8f7d1837a301d4466072b3b906cc1f47dea877a82083bad3e874,schema_object,9,violation_7plus,0.12199170124481327,5,within_5,0.0,16,violation_7plus,0.5925925925925926
Legacy qwen27b / returned generation,arxiv-109,efc50660ddd10578ac93db24ab78998d80637d2a0e59f77a07d910d3fc627bd3,511fec7b3b260059a9da901687666b2b9ec7b66046be561c7e09a8a320cc8f80,schema_object,9,violation_7plus,0.12199170124481327,5,within_5,0.0,16,violation_7plus,0.5925925925925926
Legacy qwen27b / returned field_repair,arxiv-109,efc50660ddd10578ac93db24ab78998d80637d2a0e59f77a07d910d3fc627bd3,b0484fddc0ce70a69dbfa05f49120459579aac75c81b12d4efc4abd199637bc1,schema_object,9,violation_7plus,0.17516629711751663,5,within_5,0.0,0,within_5,0
Legacy qwen27b / returned field_repair,arxiv-109,efc50660ddd10578ac93db24ab78998d80637d2a0e59f77a07d910d3fc627bd3,73ad5f3acd4ecd81bf8ccf4c05db141dac04c80169d077e7b9ae3b65a50bddd3,schema_object,9,violation_7plus,0.26277372262773724,5,within_5,0.0,0,within_5,0
Legacy qwen35_9b / final,arxiv-109,efc50660ddd10578ac93db24ab78998d80637d2a0e59f77a07d910d3fc627bd3,36ebe4f3299c6ceaada56d97c3fb74d045a5fd76fef241522f21a175e1781af7,schema_object,12,violation_7plus,0.21820303383897316,5,within_5,0.0,16,violation_7plus,0.64
Legacy qwen35_9b / returned generation,arxiv-109,efc50660ddd10578ac93db24ab78998d80637d2a0e59f77a07d910d3fc627bd3,85c05542aa8b328b0a9b6d5cb1ba88c2b1c33d97af714f54a750a59acf24a8b4,schema_object,12,violation_7plus,0.18606965174129353,7,violation_7plus,0.0657439446366782,16,violation_7plus,0.26666666666666666
Legacy qwen35_9b/pre_completion_recovery / final,arxiv-109,efc50660ddd10578ac93db24ab78998d80637d2a0e59f77a07d910d3fc627bd3,36ebe4f3299c6ceaada56d97c3fb74d045a5fd76fef241522f21a175e1781af7,schema_object,12,violation_7plus,0.21820303383897316,5,within_5,0.0,16,violation_7plus,0.64
Legacy qwen35_9b/pre_completion_recovery / returned generation,arxiv-109,efc50660ddd10578ac93db24ab78998d80637d2a0e59f77a07d910d3fc627bd3,85c05542aa8b328b0a9b6d5cb1ba88c2b1c33d97af714f54a750a59acf24a8b4,schema_object,12,violation_7plus,0.18606965174129353,7,violation_7plus,0.0657439446366782,16,violation_7plus,0.26666666666666666
Legacy ornith15_9b / final,arxiv-115,42a1ca2ea10daa973bd16846721085d97a9ffe654e95422012ca5159ba4e4b5d,62ca061fef6e723455133daf00919755cf68369095afcea6b08bb5ca3f8b6e62,schema_object,32,violation_7plus,0.5217994451050337,5,within_5,0.0,13,violation_7plus,0.48148148148148145
Legacy ornith15_9b / returned generation,arxiv-115,42a1ca2ea10daa973bd16846721085d97a9ffe654e95422012ca5159ba4e4b5d,c4d4532dfcac37edd7d76f54866b8fdd86683d22c3936aa1af09dc250d75fab2,schema_object,32,violation_7plus,0.510634328358209,20,violation_7plus,0.41101152368758004,13,violation_7plus,0.20967741935483872
Legacy qwen27b / final,arxiv-115,42a1ca2ea10daa973bd16846721085d97a9ffe654e95422012ca5159ba4e4b5d,36751289c8405c8f1497b15b44b25c6fd9c3695759f725f5d64f513840292f94,schema_object,11,violation_7plus,0.03581267217630854,5,within_5,0.0,13,violation_7plus,0.5416666666666666
Legacy qwen27b / returned generation,arxiv-115,42a1ca2ea10daa973bd16846721085d97a9ffe654e95422012ca5159ba4e4b5d,f969ef8197672a453b4b874fd58e0312e1165f8ddaf3aead9b5151c4a704fcaf,schema_object,11,violation_7plus,0.03581267217630854,6,borderline_6,0.04780876494023904,13,violation_7plus,0.5416666666666666
Legacy qwen27b / returned field_repair,arxiv-115,42a1ca2ea10daa973bd16846721085d97a9ffe654e95422012ca5159ba4e4b5d,542a1fb5942e26ae7e4767be263f7793c8cbe1361b1fafe94a2c5faf00bd6733,schema_object,11,violation_7plus,0.07195571955719557,5,within_5,0.0,0,within_5,0
Legacy qwen27b / returned field_repair,arxiv-115,42a1ca2ea10daa973bd16846721085d97a9ffe654e95422012ca5159ba4e4b5d,9e59361a8edef467c561bd0d4d339ca8ecd22c5b4751ad0ab11d7ffa4665f694,schema_object,8,violation_7plus,0.07865168539325842,5,within_5,0.0,0,within_5,0
Legacy qwen27b / returned field_repair,arxiv-115,42a1ca2ea10daa973bd16846721085d97a9ffe654e95422012ca5159ba4e4b5d,a0a0542df3d412b725654acf361d0fc2b71ad2a2ce02d0ac61e40142625bc038,schema_object,8,violation_7plus,0.08433734939759036,5,within_5,0.0,0,within_5,0
Legacy qwen35_9b / final,arxiv-115,42a1ca2ea10daa973bd16846721085d97a9ffe654e95422012ca5159ba4e4b5d,1678764a3b1003757b726399b2a54adbc18f5c7821716dd58fc4ed43c209f78a,schema_object,13,violation_7plus,0.18687430478309233,5,within_5,0.0,13,violation_7plus,0.5416666666666666
Legacy qwen35_9b / returned generation,arxiv-115,42a1ca2ea10daa973bd16846721085d97a9ffe654e95422012ca5159ba4e4b5d,015cd52df1e1d941bb63d48859bf01a5b3587ffb025e8455a8a0a43270d58bbd,schema_object,14,violation_7plus,0.2091324200913242,16,violation_7plus,0.7170172084130019,13,violation_7plus,0.2653061224489796
Legacy qwen35_9b/pre_completion_recovery / final,arxiv-115,42a1ca2ea10daa973bd16846721085d97a9ffe654e95422012ca5159ba4e4b5d,1678764a3b1003757b726399b2a54adbc18f5c7821716dd58fc4ed43c209f78a,schema_object,13,violation_7plus,0.18687430478309233,5,within_5,0.0,13,violation_7plus,0.5416666666666666
Legacy qwen35_9b/pre_completion_recovery / returned generation,arxiv-115,42a1ca2ea10daa973bd16846721085d97a9ffe654e95422012ca5159ba4e4b5d,015cd52df1e1d941bb63d48859bf01a5b3587ffb025e8455a8a0a43270d58bbd,schema_object,14,violation_7plus,0.2091324200913242,16,violation_7plus,0.7170172084130019,13,violation_7plus,0.2653061224489796
Legacy ornith15_9b / final,arxiv-121,d3a694eff94f3b4b16cb0b402152cc9c29d7beea9452d1d41f2e94d279cf97fc,46d83276ae9b2a77118176b6967494b03b08018e0d2876ffc678449b0643d6f3,schema_object,24,violation_7plus,0.546583850931677,5,within_5,0.0,13,violation_7plus,0.3170731707317073
Legacy ornith15_9b / returned generation,arxiv-121,d3a694eff94f3b4b16cb0b402152cc9c29d7beea9452d1d41f2e94d279cf97fc,11dcba58265f36b8f44eac824048125588ba2d04e02710da44ef9581000ffc9e,schema_object,24,violation_7plus,0.5148849797023004,29,violation_7plus,0.9629444166249375,13,violation_7plus,0.17105263157894737
Legacy ornith15_9b / returned field_repair / unparsed text diagnostic,arxiv-121,d3a694eff94f3b4b16cb0b402152cc9c29d7beea9452d1d41f2e94d279cf97fc,eb0be6b53ca563b2929c0fe50c463655361d9aa90d8de3a9218cd1ec562ebc6d,unparsed_returned_text,29,violation_7plus,0.64711071901191,0,within_5,0,0,within_5,0
Legacy ornith15_9b / returned field_repair / unparsed text diagnostic,arxiv-121,d3a694eff94f3b4b16cb0b402152cc9c29d7beea9452d1d41f2e94d279cf97fc,b1cee33eaf1d416d77102ab49a2885d0bbfa104fe59566a8041af31160cd2708,unparsed_returned_text,29,violation_7plus,0.6448474126492703,0,within_5,0,0,within_5,0
Legacy ornith15_9b / returned field_repair / unparsed text diagnostic,arxiv-121,d3a694eff94f3b4b16cb0b402152cc9c29d7beea9452d1d41f2e94d279cf97fc,f0ec129789e8c1380b8ef5647e67cac6134c6d43d83856db4793547486bc1443,unparsed_returned_text,29,violation_7plus,0.6475518306131451,0,within_5,0,0,within_5,0
Legacy ornith15_9b / returned field_repair / unparsed text diagnostic,arxiv-121,d3a694eff94f3b4b16cb0b402152cc9c29d7beea9452d1d41f2e94d279cf97fc,18d182113e3143b2af2973af3730f315b0b02556268722e3ed94b88f2d93bbe1,unparsed_returned_text,29,violation_7plus,0.6519861830742659,0,within_5,0,0,within_5,0
Legacy ornith15_9b / returned field_repair / unparsed text diagnostic,arxiv-121,d3a694eff94f3b4b16cb0b402152cc9c29d7beea9452d1d41f2e94d279cf97fc,0361aca9916d9b5b353e169af6092fba422c8f51cd97f19a6bf70c79bf042801,unparsed_returned_text,29,violation_7plus,0.6452328159645233,0,within_5,0,0,within_5,0
Legacy ornith15_9b / failed draft,arxiv-121,d3a694eff94f3b4b16cb0b402152cc9c29d7beea9452d1d41f2e94d279cf97fc,11dcba58265f36b8f44eac824048125588ba2d04e02710da44ef9581000ffc9e,schema_object,24,violation_7plus,0.5148849797023004,29,violation_7plus,0.9629444166249375,13,violation_7plus,0.17105263157894737
Legacy ornith15_9b / returned field_repair / unparsed text diagnostic,arxiv-121,d3a694eff94f3b4b16cb0b402152cc9c29d7beea9452d1d41f2e94d279cf97fc,72c77cf495b9205a4ba0aaf27faa074028392ea19664afdfff75a609043a2b2f,unparsed_returned_text,29,violation_7plus,0.6489832007073386,0,within_5,0,0,within_5,0
Legacy ornith15_9b / returned field_repair / unparsed text diagnostic,arxiv-121,d3a694eff94f3b4b16cb0b402152cc9c29d7beea9452d1d41f2e94d279cf97fc,38bc8298e56a5693ac3d64f9baa1a82c169eac7b00db60af07514b3210775048,unparsed_returned_text,29,violation_7plus,0.659335920655455,0,within_5,0,0,within_5,0
Legacy ornith15_9b / failed draft,arxiv-121,d3a694eff94f3b4b16cb0b402152cc9c29d7beea9452d1d41f2e94d279cf97fc,f2db7803c61a4b0b9b8128ab98e7e412aaea7f64417d95baf0d6a37716a217b0,schema_object,24,violation_7plus,0.5148849797023004,24,violation_7plus,0.81060116354234,13,violation_7plus,0.17105263157894737
Legacy ornith15_9b/v2_failed_archive / failed draft,arxiv-121,d3a694eff94f3b4b16cb0b402152cc9c29d7beea9452d1d41f2e94d279cf97fc,11dcba58265f36b8f44eac824048125588ba2d04e02710da44ef9581000ffc9e,schema_object,24,violation_7plus,0.5148849797023004,29,violation_7plus,0.9629444166249375,13,violation_7plus,0.17105263157894737
Legacy ornith15_9b/v2_failed_archive / returned generation,arxiv-121,d3a694eff94f3b4b16cb0b402152cc9c29d7beea9452d1d41f2e94d279cf97fc,11dcba58265f36b8f44eac824048125588ba2d04e02710da44ef9581000ffc9e,schema_object,24,violation_7plus,0.5148849797023004,29,violation_7plus,0.9629444166249375,13,violation_7plus,0.17105263157894737
Legacy ornith15_9b/v2_failed_archive / returned field_repair / unparsed text diagnostic,arxiv-121,d3a694eff94f3b4b16cb0b402152cc9c29d7beea9452d1d41f2e94d279cf97fc,eb0be6b53ca563b2929c0fe50c463655361d9aa90d8de3a9218cd1ec562ebc6d,unparsed_returned_text,29,violation_7plus,0.64711071901191,0,within_5,0,0,within_5,0
Legacy ornith15_9b/v2_failed_archive / returned field_repair / unparsed text diagnostic,arxiv-121,d3a694eff94f3b4b16cb0b402152cc9c29d7beea9452d1d41f2e94d279cf97fc,b1cee33eaf1d416d77102ab49a2885d0bbfa104fe59566a8041af31160cd2708,unparsed_returned_text,29,violation_7plus,0.6448474126492703,0,within_5,0,0,within_5,0
Legacy ornith15_9b/v2_failed_archive / returned field_repair / unparsed text diagnostic,arxiv-121,d3a694eff94f3b4b16cb0b402152cc9c29d7beea9452d1d41f2e94d279cf97fc,72c77cf495b9205a4ba0aaf27faa074028392ea19664afdfff75a609043a2b2f,unparsed_returned_text,29,violation_7plus,0.6489832007073386,0,within_5,0,0,within_5,0
Legacy ornith15_9b/v2_failed_archive / returned field_repair / unparsed text diagnostic,arxiv-121,d3a694eff94f3b4b16cb0b402152cc9c29d7beea9452d1d41f2e94d279cf97fc,38bc8298e56a5693ac3d64f9baa1a82c169eac7b00db60af07514b3210775048,unparsed_returned_text,29,violation_7plus,0.659335920655455,0,within_5,0,0,within_5,0
Legacy ornith15_9b/v2_failed_archive / returned field_repair / unparsed text diagnostic,arxiv-121,d3a694eff94f3b4b16cb0b402152cc9c29d7beea9452d1d41f2e94d279cf97fc,0361aca9916d9b5b353e169af6092fba422c8f51cd97f19a6bf70c79bf042801,unparsed_returned_text,29,violation_7plus,0.6452328159645233,0,within_5,0,0,within_5,0
Legacy ornith15_9b/v2_failed_archive / failed draft,arxiv-121,d3a694eff94f3b4b16cb0b402152cc9c29d7beea9452d1d41f2e94d279cf97fc,f2db7803c61a4b0b9b8128ab98e7e412aaea7f64417d95baf0d6a37716a217b0,schema_object,24,violation_7plus,0.5148849797023004,24,violation_7plus,0.81060116354234,13,violation_7plus,0.17105263157894737
Legacy ornith15_9b/v2_failed_archive / returned field_repair / unparsed text diagnostic,arxiv-121,d3a694eff94f3b4b16cb0b402152cc9c29d7beea9452d1d41f2e94d279cf97fc,f0ec129789e8c1380b8ef5647e67cac6134c6d43d83856db4793547486bc1443,unparsed_returned_text,29,violation_7plus,0.6475518306131451,0,within_5,0,0,within_5,0
Legacy ornith15_9b/v2_failed_archive / returned field_repair / unparsed text diagnostic,arxiv-121,d3a694eff94f3b4b16cb0b402152cc9c29d7beea9452d1d41f2e94d279cf97fc,18d182113e3143b2af2973af3730f315b0b02556268722e3ed94b88f2d93bbe1,unparsed_returned_text,29,violation_7plus,0.6519861830742659,0,within_5,0,0,within_5,0
Legacy ornith15_9b_dflash20/baseline / final,arxiv-121,d3a694eff94f3b4b16cb0b402152cc9c29d7beea9452d1d41f2e94d279cf97fc,ffa5b8d1085c443074ea3f144f11f65b3b9d60372a049d524be7b0febe179d84,schema_object,13,violation_7plus,0.14793650793650795,5,within_5,0.0,13,violation_7plus,0.3611111111111111
Legacy ornith15_9b_dflash20/baseline / returned generation,arxiv-121,d3a694eff94f3b4b16cb0b402152cc9c29d7beea9452d1d41f2e94d279cf97fc,fc35c0f7f9877c55b36b2bdb48408d8e664db380205e0f5ddbee0f37f8d79405,schema_object,13,violation_7plus,0.14807930607187111,35,violation_7plus,0.9612044006948466,13,violation_7plus,0.21311475409836064
Legacy ornith15_9b_dflash20/dflash / final,arxiv-121,d3a694eff94f3b4b16cb0b402152cc9c29d7beea9452d1d41f2e94d279cf97fc,3ac707d9d32b5be1e7fe86cbbd63aae91c35fe52f00af343fbde5c81eed469bc,schema_object,15,violation_7plus,0.2613705275924803,5,within_5,0.0,13,violation_7plus,0.3611111111111111
Legacy ornith15_9b_dflash20/dflash / returned generation,arxiv-121,d3a694eff94f3b4b16cb0b402152cc9c29d7beea9452d1d41f2e94d279cf97fc,347f81eb2591a4d1ff0cd7487bb5dc3d3e105f127b76aff1be1ee2d84e390b59,schema_object,15,violation_7plus,0.2530827950675279,36,violation_7plus,0.9861641221374046,13,violation_7plus,0.21311475409836064
Legacy qwen27b / final,arxiv-121,d3a694eff94f3b4b16cb0b402152cc9c29d7beea9452d1d41f2e94d279cf97fc,452f81d9ce63e2af20f1fbef46819cfaf4013dae1df6f373291db38b19395e10,schema_object,12,violation_7plus,0.15396226415094338,5,within_5,0.0,13,violation_7plus,0.48148148148148145
Legacy qwen27b / returned generation,arxiv-121,d3a694eff94f3b4b16cb0b402152cc9c29d7beea9452d1d41f2e94d279cf97fc,7c22dafdf201c75e3046b5ab7074b5d7b848975fc7159e72f63c9a6478f0d78e,schema_object,12,violation_7plus,0.15396226415094338,5,within_5,0.0,13,violation_7plus,0.48148148148148145
Legacy qwen35_9b / final,arxiv-121,d3a694eff94f3b4b16cb0b402152cc9c29d7beea9452d1d41f2e94d279cf97fc,54c5264509a9410bb32a829deb39fdd17da80a6720650a54d3c26f6063d435c7,schema_object,15,violation_7plus,0.22940074906367042,5,within_5,0.0,13,violation_7plus,0.41935483870967744
Legacy qwen35_9b / returned generation,arxiv-121,d3a694eff94f3b4b16cb0b402152cc9c29d7beea9452d1d41f2e94d279cf97fc,7c2cff298dcf573e88a693a38cf5da68879e66383fec03ffa674e9e9d72878d6,schema_object,15,violation_7plus,0.2239043824701195,15,violation_7plus,0.7767584097859327,13,violation_7plus,0.19696969696969696
Legacy qwen35_9b/pre_completion_recovery / final,arxiv-121,d3a694eff94f3b4b16cb0b402152cc9c29d7beea9452d1d41f2e94d279cf97fc,54c5264509a9410bb32a829deb39fdd17da80a6720650a54d3c26f6063d435c7,schema_object,15,violation_7plus,0.22940074906367042,5,within_5,0.0,13,violation_7plus,0.41935483870967744
Legacy qwen35_9b/pre_completion_recovery / returned generation,arxiv-121,d3a694eff94f3b4b16cb0b402152cc9c29d7beea9452d1d41f2e94d279cf97fc,7c2cff298dcf573e88a693a38cf5da68879e66383fec03ffa674e9e9d72878d6,schema_object,15,violation_7plus,0.2239043824701195,15,violation_7plus,0.7767584097859327,13,violation_7plus,0.19696969696969696
Legacy qwen35_9b/pre_completion_recovery / failed draft,arxiv-121,d3a694eff94f3b4b16cb0b402152cc9c29d7beea9452d1d41f2e94d279cf97fc,28d223b3d3baeb371a462a95455d7505765786a7aa1991eb12b455f5a9660b8e,schema_object,15,violation_7plus,0.23696248856358645,7,violation_7plus,0.03551912568306011,13,violation_7plus,0.2826086956521739
Legacy qwen35_9b / failed draft,arxiv-121,d3a694eff94f3b4b16cb0b402152cc9c29d7beea9452d1d41f2e94d279cf97fc,28d223b3d3baeb371a462a95455d7505765786a7aa1991eb12b455f5a9660b8e,schema_object,15,violation_7plus,0.23696248856358645,7,violation_7plus,0.03551912568306011,13,violation_7plus,0.2826086956521739
Legacy qwen35_9b_v2_failed_20261002T093902 / failed draft,arxiv-121,d3a694eff94f3b4b16cb0b402152cc9c29d7beea9452d1d41f2e94d279cf97fc,abca3ae608f75d3eade676ac2ef059d53dff533baf37d9168fde5aa65b019161,schema_object,22,violation_7plus,0.4987405541561713,8,violation_7plus,0.6666666666666666,13,violation_7plus,0.41935483870967744
Legacy qwen35_9b_v2_failed_20261002T093902 / returned generation,arxiv-121,d3a694eff94f3b4b16cb0b402152cc9c29d7beea9452d1d41f2e94d279cf97fc,7c2cff298dcf573e88a693a38cf5da68879e66383fec03ffa674e9e9d72878d6,schema_object,15,violation_7plus,0.2239043824701195,15,violation_7plus,0.7767584097859327,13,violation_7plus,0.19696969696969696
Legacy qwen35_9b_v2_failed_20261002T093902 / returned field_repair,arxiv-121,d3a694eff94f3b4b16cb0b402152cc9c29d7beea9452d1d41f2e94d279cf97fc,7ca359e8d9e6587c7cf33689e91d639eead42d5a4ca04a4e0917a72a072af4d2,schema_object,6,borderline_6,0.01160541586073501,6,borderline_6,0.3829787234042553,6,borderline_6,0.3
Legacy qwen35_9b_v2_failed_20261002T093902 / returned field_repair,arxiv-121,d3a694eff94f3b4b16cb0b402152cc9c29d7beea9452d1d41f2e94d279cf97fc,5cac5f7b23e50c09751cf6cb6e5c6b9de57d4c45b551e6f7514dc3e0b200640e,schema_object,6,borderline_6,0.03870967741935484,0,within_5,0,0,within_5,0
Legacy qwen35_9b_v2_failed_20261002T093902 / returned field_repair,arxiv-121,d3a694eff94f3b4b16cb0b402152cc9c29d7beea9452d1d41f2e94d279cf97fc,47af57d86df58aec2710bae63b9e241a2ed9468cac252485895d828682abf9cc,schema_object,6,borderline_6,0.04195804195804196,8,violation_7plus,0.4777777777777778,0,within_5,0
Legacy qwen35_9b_v2_failed_20261002T093902 / returned field_repair,arxiv-121,d3a694eff94f3b4b16cb0b402152cc9c29d7beea9452d1d41f2e94d279cf97fc,7fa274800911efe9bfd80bf75e49ab4f5246f093e287390219a9a533d0870fae,schema_object,6,borderline_6,0.04195804195804196,0,within_5,0,0,within_5,0
Legacy qwen35_9b_v2_failed_20261002T093902 / returned field_repair,arxiv-121,d3a694eff94f3b4b16cb0b402152cc9c29d7beea9452d1d41f2e94d279cf97fc,a1ef8221b44d4d23a11ceb9d7c563d1445bbe2508980ad69b978dbd4408a002b,schema_object,22,violation_7plus,0.7808764940239044,4,within_5,0.0,0,within_5,0
Legacy qwen35_9b_v2_failed_20261002T093902 / returned field_repair,arxiv-121,d3a694eff94f3b4b16cb0b402152cc9c29d7beea9452d1d41f2e94d279cf97fc,c3776580065a2f1ef936b342bb01fd094490eeed370468147ef586d398c69ee0,schema_object,22,violation_7plus,0.8181818181818182,0,within_5,0,0,within_5,0
Legacy qwen35_9b_v2_failed_20261002T093902 / returned field_repair,arxiv-121,d3a694eff94f3b4b16cb0b402152cc9c29d7beea9452d1d41f2e94d279cf97fc,44c5e5d6c00d6fd7e7b07d8bbfe20999d4ebe64b6eab73e5a0f252e3ed57a045,schema_object,22,violation_7plus,0.8181818181818182,11,violation_7plus,0.75,0,within_5,0
Legacy qwen35_9b_v2_failed_20261002T093902 / returned field_repair,arxiv-121,d3a694eff94f3b4b16cb0b402152cc9c29d7beea9452d1d41f2e94d279cf97fc,484f78ccac797c09d446557bd447c7f25d0827222ae88f95293258d956134460,schema_object,22,violation_7plus,0.8082191780821918,0,within_5,0,0,within_5,0
Legacy qwen35_9b_v2_failed_20261002T093902 / returned field_repair,arxiv-121,d3a694eff94f3b4b16cb0b402152cc9c29d7beea9452d1d41f2e94d279cf97fc,736f7ee4145b2f76525f5c3ce92303e82fbb2c7d1d569b68cf54bc2f9e57fe1d,schema_object,22,violation_7plus,0.8082191780821918,7,violation_7plus,0.35,0,within_5,0
Legacy qwen35_9b_v2_failed_20261002T093902 / returned field_repair,arxiv-121,d3a694eff94f3b4b16cb0b402152cc9c29d7beea9452d1d41f2e94d279cf97fc,42db51e62711e0cfdb3a87af8fa20c980b4d6d8e9b62e04080752eca400c6936,schema_object,22,violation_7plus,0.8082191780821918,8,violation_7plus,0.6666666666666666,0,within_5,0
Legacy qwen35_9b_v3_failed_20261002T202208 / failed draft,arxiv-121,d3a694eff94f3b4b16cb0b402152cc9c29d7beea9452d1d41f2e94d279cf97fc,28d223b3d3baeb371a462a95455d7505765786a7aa1991eb12b455f5a9660b8e,schema_object,15,violation_7plus,0.23696248856358645,7,violation_7plus,0.03551912568306011,13,violation_7plus,0.2826086956521739
Legacy qwen35_9b_v3_failed_20261002T202208 / returned generation,arxiv-121,d3a694eff94f3b4b16cb0b402152cc9c29d7beea9452d1d41f2e94d279cf97fc,7c2cff298dcf573e88a693a38cf5da68879e66383fec03ffa674e9e9d72878d6,schema_object,15,violation_7plus,0.2239043824701195,15,violation_7plus,0.7767584097859327,13,violation_7plus,0.19696969696969696
Legacy ornith15_9b / final,arxiv-126,1930d76ba55aeb0001455f2343b31339a7ebd4c1eaa1881c3cc97bef9f4572d8,cfc49bd1cf2637cee152da586d090e5434223a205ff9d6330edede811e32fa28,schema_object,32,violation_7plus,0.3650730936388779,5,within_5,0.0,11,violation_7plus,0.5789473684210527
Legacy ornith15_9b / returned generation,arxiv-126,1930d76ba55aeb0001455f2343b31339a7ebd4c1eaa1881c3cc97bef9f4572d8,9e79ca811d06b8012008af033ce9faad2cce9a72a30f406615c6a6ceb6ebdf48,schema_object,32,violation_7plus,0.34696054034838253,9,violation_7plus,0.20823244552058112,11,violation_7plus,0.22448979591836735
Legacy ornith15_9b / returned field_repair / unparsed text diagnostic,arxiv-126,1930d76ba55aeb0001455f2343b31339a7ebd4c1eaa1881c3cc97bef9f4572d8,9ad59e6bfa5bc818c4175575b33bed0b5c6c175e1655e00df56db813f9375675,unparsed_returned_text,26,violation_7plus,0.28395646000946523,0,within_5,0,0,within_5,0
Legacy ornith15_9b / returned field_repair / unparsed text diagnostic,arxiv-126,1930d76ba55aeb0001455f2343b31339a7ebd4c1eaa1881c3cc97bef9f4572d8,03f883aa65ecc247fabec57ff91620563dbd33f30c4f1c4b21bf44891765c034,unparsed_returned_text,26,violation_7plus,0.29084041548630785,0,within_5,0,0,within_5,0
Legacy ornith15_9b / returned field_repair / unparsed text diagnostic,arxiv-126,1930d76ba55aeb0001455f2343b31339a7ebd4c1eaa1881c3cc97bef9f4572d8,45f0cf3be3d74c35beab479d73e3ed77d88099fad27203c03c6603ac44252b64,unparsed_returned_text,26,violation_7plus,0.2840909090909091,0,within_5,0,0,within_5,0
Legacy ornith15_9b / returned field_repair / unparsed text diagnostic,arxiv-126,1930d76ba55aeb0001455f2343b31339a7ebd4c1eaa1881c3cc97bef9f4572d8,ac683d15ca9b2858a3c3dc9f8f823375d01c1e29b85014747c697d471cc0c0d2,unparsed_returned_text,32,violation_7plus,0.300597779675491,0,within_5,0,0,within_5,0
Legacy ornith15_9b / returned field_repair / unparsed text diagnostic,arxiv-126,1930d76ba55aeb0001455f2343b31339a7ebd4c1eaa1881c3cc97bef9f4572d8,a3764ea200c689781891a82d25d962d0d62cadcedb6fcc25d5763d6279847cf3,unparsed_returned_text,26,violation_7plus,0.2844950213371266,0,within_5,0,0,within_5,0
Legacy ornith15_9b / failed draft,arxiv-126,1930d76ba55aeb0001455f2343b31339a7ebd4c1eaa1881c3cc97bef9f4572d8,a42af92e6db0d8eeb7aad67d3d280bc9a98898fa93a250aa41112d1e49fc9398,schema_object,32,violation_7plus,0.34696054034838253,9,violation_7plus,0.15201900237529692,11,violation_7plus,0.22448979591836735
Legacy ornith15_9b / returned field_repair / unparsed text diagnostic,arxiv-126,1930d76ba55aeb0001455f2343b31339a7ebd4c1eaa1881c3cc97bef9f4572d8,2c5470fce519f22c11c7e8510d3bfcdd52bef4f8cba9b206fcf4809ad7fb7eee,unparsed_returned_text,26,violation_7plus,0.2874940105414471,0,within_5,0,0,within_5,0
Legacy ornith15_9b / returned field_repair / unparsed text diagnostic,arxiv-126,1930d76ba55aeb0001455f2343b31339a7ebd4c1eaa1881c3cc97bef9f4572d8,96100c30742681554eb0d103ac747b0238ed8acfa1db66252b5c6437a4e375c5,unparsed_returned_text,26,violation_7plus,0.2844950213371266,0,within_5,0,0,within_5,0
Legacy ornith15_9b / returned field_repair / unparsed text diagnostic,arxiv-126,1930d76ba55aeb0001455f2343b31339a7ebd4c1eaa1881c3cc97bef9f4572d8,05bab823eb1a13e2342df86c7b5286814646a666ba1c6ed9b3a79a23c8c02e53,unparsed_returned_text,26,violation_7plus,0.28735632183908044,0,within_5,0,0,within_5,0
Legacy ornith15_9b / returned field_repair / unparsed text diagnostic,arxiv-126,1930d76ba55aeb0001455f2343b31339a7ebd4c1eaa1881c3cc97bef9f4572d8,890b50f7c5ca4fa40a6d27d4b47a0326fbf398fc62990ca479c972415c9e9572,unparsed_returned_text,26,violation_7plus,0.2900909526089038,0,within_5,0,0,within_5,0
Legacy ornith15_9b / failed draft,arxiv-126,1930d76ba55aeb0001455f2343b31339a7ebd4c1eaa1881c3cc97bef9f4572d8,455db3ad8e61d99ca499379f577b2aad8e4b40f9ca61fcf3c0e1ca39eba3d43d,schema_object,32,violation_7plus,0.36472346786248133,5,within_5,0.0,11,violation_7plus,0.22448979591836735
Legacy ornith15_9b/v2_failed_archive / failed draft,arxiv-126,1930d76ba55aeb0001455f2343b31339a7ebd4c1eaa1881c3cc97bef9f4572d8,a42af92e6db0d8eeb7aad67d3d280bc9a98898fa93a250aa41112d1e49fc9398,schema_object,32,violation_7plus,0.34696054034838253,9,violation_7plus,0.15201900237529692,11,violation_7plus,0.22448979591836735
Legacy ornith15_9b/v2_failed_archive / returned generation,arxiv-126,1930d76ba55aeb0001455f2343b31339a7ebd4c1eaa1881c3cc97bef9f4572d8,9e79ca811d06b8012008af033ce9faad2cce9a72a30f406615c6a6ceb6ebdf48,schema_object,32,violation_7plus,0.34696054034838253,9,violation_7plus,0.20823244552058112,11,violation_7plus,0.22448979591836735
Legacy ornith15_9b/v2_failed_archive / returned field_repair / unparsed text diagnostic,arxiv-126,1930d76ba55aeb0001455f2343b31339a7ebd4c1eaa1881c3cc97bef9f4572d8,2c5470fce519f22c11c7e8510d3bfcdd52bef4f8cba9b206fcf4809ad7fb7eee,unparsed_returned_text,26,violation_7plus,0.2874940105414471,0,within_5,0,0,within_5,0
Legacy ornith15_9b/v2_failed_archive / returned field_repair / unparsed text diagnostic,arxiv-126,1930d76ba55aeb0001455f2343b31339a7ebd4c1eaa1881c3cc97bef9f4572d8,96100c30742681554eb0d103ac747b0238ed8acfa1db66252b5c6437a4e375c5,unparsed_returned_text,26,violation_7plus,0.2844950213371266,0,within_5,0,0,within_5,0
Legacy ornith15_9b/v2_failed_archive / returned field_repair / unparsed text diagnostic,arxiv-126,1930d76ba55aeb0001455f2343b31339a7ebd4c1eaa1881c3cc97bef9f4572d8,05bab823eb1a13e2342df86c7b5286814646a666ba1c6ed9b3a79a23c8c02e53,unparsed_returned_text,26,violation_7plus,0.28735632183908044,0,within_5,0,0,within_5,0
Legacy ornith15_9b/v2_failed_archive / returned field_repair / unparsed text diagnostic,arxiv-126,1930d76ba55aeb0001455f2343b31339a7ebd4c1eaa1881c3cc97bef9f4572d8,890b50f7c5ca4fa40a6d27d4b47a0326fbf398fc62990ca479c972415c9e9572,unparsed_returned_text,26,violation_7plus,0.2900909526089038,0,within_5,0,0,within_5,0
Legacy ornith15_9b/v2_failed_archive / failed draft,arxiv-126,1930d76ba55aeb0001455f2343b31339a7ebd4c1eaa1881c3cc97bef9f4572d8,455db3ad8e61d99ca499379f577b2aad8e4b40f9ca61fcf3c0e1ca39eba3d43d,schema_object,32,violation_7plus,0.36472346786248133,5,within_5,0.0,11,violation_7plus,0.22448979591836735
Legacy ornith15_9b/v2_failed_archive / returned field_repair / unparsed text diagnostic,arxiv-126,1930d76ba55aeb0001455f2343b31339a7ebd4c1eaa1881c3cc97bef9f4572d8,9ad59e6bfa5bc818c4175575b33bed0b5c6c175e1655e00df56db813f9375675,unparsed_returned_text,26,violation_7plus,0.28395646000946523,0,within_5,0,0,within_5,0
Legacy ornith15_9b/v2_failed_archive / returned field_repair / unparsed text diagnostic,arxiv-126,1930d76ba55aeb0001455f2343b31339a7ebd4c1eaa1881c3cc97bef9f4572d8,03f883aa65ecc247fabec57ff91620563dbd33f30c4f1c4b21bf44891765c034,unparsed_returned_text,26,violation_7plus,0.29084041548630785,0,within_5,0,0,within_5,0
Legacy ornith15_9b/v2_failed_archive / returned field_repair / unparsed text diagnostic,arxiv-126,1930d76ba55aeb0001455f2343b31339a7ebd4c1eaa1881c3cc97bef9f4572d8,45f0cf3be3d74c35beab479d73e3ed77d88099fad27203c03c6603ac44252b64,unparsed_returned_text,26,violation_7plus,0.2840909090909091,0,within_5,0,0,within_5,0
Legacy ornith15_9b/v2_failed_archive / returned field_repair / unparsed text diagnostic,arxiv-126,1930d76ba55aeb0001455f2343b31339a7ebd4c1eaa1881c3cc97bef9f4572d8,ac683d15ca9b2858a3c3dc9f8f823375d01c1e29b85014747c697d471cc0c0d2,unparsed_returned_text,32,violation_7plus,0.300597779675491,0,within_5,0,0,within_5,0
Legacy ornith15_9b/v2_failed_archive / returned field_repair / unparsed text diagnostic,arxiv-126,1930d76ba55aeb0001455f2343b31339a7ebd4c1eaa1881c3cc97bef9f4572d8,a3764ea200c689781891a82d25d962d0d62cadcedb6fcc25d5763d6279847cf3,unparsed_returned_text,26,violation_7plus,0.2844950213371266,0,within_5,0,0,within_5,0
Legacy qwen27b / final,arxiv-126,1930d76ba55aeb0001455f2343b31339a7ebd4c1eaa1881c3cc97bef9f4572d8,493e843b23e7af081772caa890065f35be3c8d13ec7b1ae72729d7608e3bf249,schema_object,12,violation_7plus,0.16304985337243402,3,within_5,0.0,11,violation_7plus,0.5789473684210527
Legacy qwen27b / returned generation,arxiv-126,1930d76ba55aeb0001455f2343b31339a7ebd4c1eaa1881c3cc97bef9f4572d8,a71605556520af7e4f00073e0a1c6eddaaf5e43df9bc1d6bec69a2b243fe5e38,schema_object,12,violation_7plus,0.16304985337243402,3,within_5,0.0,11,violation_7plus,0.5789473684210527
Legacy qwen35_9b / final,arxiv-126,1930d76ba55aeb0001455f2343b31339a7ebd4c1eaa1881c3cc97bef9f4572d8,0f3ed301d5651016f4c5f3bf714960208fc03d1890a411bccbb5fb59e3e504f9,schema_object,24,violation_7plus,0.24277456647398843,5,within_5,0.0,11,violation_7plus,0.6111111111111112
Legacy qwen35_9b / returned generation,arxiv-126,1930d76ba55aeb0001455f2343b31339a7ebd4c1eaa1881c3cc97bef9f4572d8,af193398b01b27d15dabe7c00d972f868c7c7d8120b4bf6cc087b735681d4d4e,schema_object,24,violation_7plus,0.2313475997686524,10,violation_7plus,0.6538461538461539,11,violation_7plus,0.2558139534883721
Legacy qwen35_9b/pre_completion_recovery / final,arxiv-126,1930d76ba55aeb0001455f2343b31339a7ebd4c1eaa1881c3cc97bef9f4572d8,0f3ed301d5651016f4c5f3bf714960208fc03d1890a411bccbb5fb59e3e504f9,schema_object,24,violation_7plus,0.24277456647398843,5,within_5,0.0,11,violation_7plus,0.6111111111111112
Legacy qwen35_9b/pre_completion_recovery / returned generation,arxiv-126,1930d76ba55aeb0001455f2343b31339a7ebd4c1eaa1881c3cc97bef9f4572d8,af193398b01b27d15dabe7c00d972f868c7c7d8120b4bf6cc087b735681d4d4e,schema_object,24,violation_7plus,0.2313475997686524,10,violation_7plus,0.6538461538461539,11,violation_7plus,0.2558139534883721
Legacy qwen35_9b/pre_completion_recovery / failed draft,arxiv-126,1930d76ba55aeb0001455f2343b31339a7ebd4c1eaa1881c3cc97bef9f4572d8,eac17928c582947c174b06ea8491990c1cc4f2cabac8327d257dc1240982e5ae,schema_object,24,violation_7plus,0.24,5,within_5,0.0,11,violation_7plus,0.3055555555555556
Legacy qwen35_9b / failed draft,arxiv-126,1930d76ba55aeb0001455f2343b31339a7ebd4c1eaa1881c3cc97bef9f4572d8,eac17928c582947c174b06ea8491990c1cc4f2cabac8327d257dc1240982e5ae,schema_object,24,violation_7plus,0.24,5,within_5,0.0,11,violation_7plus,0.3055555555555556
Legacy qwen35_9b_v2_failed_20261002T093902 / failed draft,arxiv-126,1930d76ba55aeb0001455f2343b31339a7ebd4c1eaa1881c3cc97bef9f4572d8,f14c9b860a6fb734852b5e23d1624b1f46694aa4d78f777f241095204583daec,schema_object,24,violation_7plus,0.2313475997686524,9,violation_7plus,0.28316831683168314,11,violation_7plus,0.2558139534883721
Legacy qwen35_9b_v2_failed_20261002T093902 / returned generation,arxiv-126,1930d76ba55aeb0001455f2343b31339a7ebd4c1eaa1881c3cc97bef9f4572d8,af193398b01b27d15dabe7c00d972f868c7c7d8120b4bf6cc087b735681d4d4e,schema_object,24,violation_7plus,0.2313475997686524,10,violation_7plus,0.6538461538461539,11,violation_7plus,0.2558139534883721
Legacy qwen35_9b_v2_failed_20261002T093902 / returned field_repair / unparsed text diagnostic,arxiv-126,1930d76ba55aeb0001455f2343b31339a7ebd4c1eaa1881c3cc97bef9f4572d8,1fc47864f94baa50ca1c00ed9566251949de91a802cd9cadb99acff12a806976,unparsed_returned_text,11,violation_7plus,0.2834507042253521,0,within_5,0,0,within_5,0
Legacy qwen35_9b_v2_failed_20261002T093902 / returned field_repair / unparsed text diagnostic,arxiv-126,1930d76ba55aeb0001455f2343b31339a7ebd4c1eaa1881c3cc97bef9f4572d8,52446faa777a390b84a5b94209e47fb61c33d37ba48713860845da0b6aebd499,unparsed_returned_text,11,violation_7plus,0.28495887191539365,0,within_5,0,0,within_5,0
Legacy qwen35_9b_v2_failed_20261002T093902 / returned field_repair / unparsed text diagnostic,arxiv-126,1930d76ba55aeb0001455f2343b31339a7ebd4c1eaa1881c3cc97bef9f4572d8,4bd2b260683b77342f347c742b78769d6decdf23077a0b26d9d579b70df74407,unparsed_returned_text,11,violation_7plus,0.2830409356725146,0,within_5,0,0,within_5,0
Legacy qwen35_9b_v2_failed_20261002T093902 / returned field_repair / unparsed text diagnostic,arxiv-126,1930d76ba55aeb0001455f2343b31339a7ebd4c1eaa1881c3cc97bef9f4572d8,cc882f6f43cbd9013a76a9dfcbd63ce07635365d757805ac1eaac6e8d67db4cb,unparsed_returned_text,11,violation_7plus,0.2834507042253521,0,within_5,0,0,within_5,0
Legacy qwen35_9b_v3_failed_20261002T202208 / failed draft,arxiv-126,1930d76ba55aeb0001455f2343b31339a7ebd4c1eaa1881c3cc97bef9f4572d8,eac17928c582947c174b06ea8491990c1cc4f2cabac8327d257dc1240982e5ae,schema_object,24,violation_7plus,0.24,5,within_5,0.0,11,violation_7plus,0.3055555555555556
Legacy qwen35_9b_v3_failed_20261002T202208 / returned generation,arxiv-126,1930d76ba55aeb0001455f2343b31339a7ebd4c1eaa1881c3cc97bef9f4572d8,af193398b01b27d15dabe7c00d972f868c7c7d8120b4bf6cc087b735681d4d4e,schema_object,24,violation_7plus,0.2313475997686524,10,violation_7plus,0.6538461538461539,11,violation_7plus,0.2558139534883721
Legacy ornith15_9b / final,arxiv-136,675c74bc3e304a4e6d1d06fd23fa795e5096b7bc80ba498817dfc0d663e7a07e,aa9790ba11f6f6a039a87d6a986cb0a108dced6e198bc67cd12c7893c69a5b51,schema_object,32,violation_7plus,0.41946308724832215,5,within_5,0.0,8,violation_7plus,0.24242424242424243
Legacy ornith15_9b / returned generation,arxiv-136,675c74bc3e304a4e6d1d06fd23fa795e5096b7bc80ba498817dfc0d663e7a07e,5354208b3146e26de3881058b9257a801b0dbad067e2044157d392fd1a7ffc15,schema_object,32,violation_7plus,0.40614035087719297,16,violation_7plus,0.7459324155193993,8,violation_7plus,0.11764705882352941
Legacy qwen27b / final,arxiv-136,675c74bc3e304a4e6d1d06fd23fa795e5096b7bc80ba498817dfc0d663e7a07e,c1699a2787d0f7e33c2e30ba9134267af9307964179e2373dd0d3f7dbd09ece4,schema_object,11,violation_7plus,0.10197144799456152,4,within_5,0.0,8,violation_7plus,0.36363636363636365
Legacy qwen27b / returned generation,arxiv-136,675c74bc3e304a4e6d1d06fd23fa795e5096b7bc80ba498817dfc0d663e7a07e,c4d0cf3de9eb745ba9cfd8a38551935a4332b9afe822fc89c3173fe89e1a079d,schema_object,11,violation_7plus,0.10135135135135136,4,within_5,0.0,8,violation_7plus,0.36363636363636365
Legacy qwen27b / returned field_repair,arxiv-136,675c74bc3e304a4e6d1d06fd23fa795e5096b7bc80ba498817dfc0d663e7a07e,97c8d0d9aabfb13b6eba4009f41aafd68e1a35c3e1c1db5f5d056542a276bc7a,schema_object,8,violation_7plus,0.07333333333333333,4,within_5,0.0,0,within_5,0
Legacy qwen27b / returned field_repair,arxiv-136,675c74bc3e304a4e6d1d06fd23fa795e5096b7bc80ba498817dfc0d663e7a07e,397f48c1c0c743f747650159bc4d006e624eb64b43c3cc3c11a2cb4f66021f9e,schema_object,8,violation_7plus,0.07333333333333333,4,within_5,0.0,0,within_5,0
Legacy qwen27b / returned field_repair,arxiv-136,675c74bc3e304a4e6d1d06fd23fa795e5096b7bc80ba498817dfc0d663e7a07e,3f65fbdc657f2353cb8a490c75efd54ee21c00d9a8be0f1762745a38de3a3ba5,schema_object,8,violation_7plus,0.07333333333333333,4,within_5,0.0,0,within_5,0
Legacy qwen35_9b / final,arxiv-136,675c74bc3e304a4e6d1d06fd23fa795e5096b7bc80ba498817dfc0d663e7a07e,6da0c62bf861daac649fa39c1b6fe006f359e8965decaa423c83e0167038adee,schema_object,25,violation_7plus,0.2698224852071006,5,within_5,0.0,8,violation_7plus,0.4
Legacy qwen35_9b / returned generation,arxiv-136,675c74bc3e304a4e6d1d06fd23fa795e5096b7bc80ba498817dfc0d663e7a07e,eb886b50f96e1aa5676e3004c534ad614d023008eb9b76656de3179b3e2df884,schema_object,22,violation_7plus,0.21240799158780233,11,violation_7plus,0.5098591549295775,8,violation_7plus,0.17777777777777778
Legacy qwen35_9b/pre_completion_recovery / failed draft,arxiv-136,675c74bc3e304a4e6d1d06fd23fa795e5096b7bc80ba498817dfc0d663e7a07e,13aad23419a1e9b40433cd0b2d055a877650aa5006ab0981354a348016607378,schema_object,25,violation_7plus,0.2698224852071006,5,within_5,0.0,8,violation_7plus,0.4
Legacy qwen35_9b/pre_completion_recovery / returned generation,arxiv-136,675c74bc3e304a4e6d1d06fd23fa795e5096b7bc80ba498817dfc0d663e7a07e,eb886b50f96e1aa5676e3004c534ad614d023008eb9b76656de3179b3e2df884,schema_object,22,violation_7plus,0.21240799158780233,11,violation_7plus,0.5098591549295775,8,violation_7plus,0.17777777777777778
Legacy qwen35_9b/pre_completion_recovery / failed draft,arxiv-136,675c74bc3e304a4e6d1d06fd23fa795e5096b7bc80ba498817dfc0d663e7a07e,5c27580ce755897d2fbb13cb00c01a542ac5b07e0e8849d9b4c6f787fc2e361f,schema_object,25,violation_7plus,0.2698224852071006,5,within_5,0.0,8,violation_7plus,0.4
Legacy qwen35_9b / failed draft,arxiv-136,675c74bc3e304a4e6d1d06fd23fa795e5096b7bc80ba498817dfc0d663e7a07e,13aad23419a1e9b40433cd0b2d055a877650aa5006ab0981354a348016607378,schema_object,25,violation_7plus,0.2698224852071006,5,within_5,0.0,8,violation_7plus,0.4
Legacy qwen35_9b / failed draft,arxiv-136,675c74bc3e304a4e6d1d06fd23fa795e5096b7bc80ba498817dfc0d663e7a07e,5c27580ce755897d2fbb13cb00c01a542ac5b07e0e8849d9b4c6f787fc2e361f,schema_object,25,violation_7plus,0.2698224852071006,5,within_5,0.0,8,violation_7plus,0.4
Legacy ornith15_9b / final,arxiv-140,60d9760b31c6d22c99e9bd030affca4a6c991004c5b68c4be05b0afcb39308d4,1c1c22a0d45c9ebc329557d80e9689d49f3d43456769b6ac8b93fd0bfcc07156,schema_object,11,violation_7plus,0.09620253164556962,5,within_5,0.0,6,borderline_6,0.42857142857142855
Legacy ornith15_9b / returned generation,arxiv-140,60d9760b31c6d22c99e9bd030affca4a6c991004c5b68c4be05b0afcb39308d4,e61f671af3d68c13285e30381d2c251237b726678d326e562583bbe58688bc32,schema_object,11,violation_7plus,0.09009009009009009,18,violation_7plus,0.9201320132013201,6,borderline_6,0.13636363636363635
Legacy qwen27b / final,arxiv-140,60d9760b31c6d22c99e9bd030affca4a6c991004c5b68c4be05b0afcb39308d4,d76427432affb5acd62e3b6029ce6f867c41b0b83d8c036c92bf00df41dc78e8,schema_object,7,violation_7plus,0.060777957860615885,5,within_5,0.0,6,borderline_6,0.4
Legacy qwen27b / returned generation,arxiv-140,60d9760b31c6d22c99e9bd030affca4a6c991004c5b68c4be05b0afcb39308d4,81047eed0a4e4dc7f3bcb72ac180374275477205d4d3dd8defe208dffe4e6edb,schema_object,7,violation_7plus,0.060777957860615885,5,within_5,0.0,6,borderline_6,0.4
Legacy qwen35_9b / final,arxiv-140,60d9760b31c6d22c99e9bd030affca4a6c991004c5b68c4be05b0afcb39308d4,2089fe9dd20884b2eda52a1d9fcf183dbd30621723b179a9266644a4bcdc149f,schema_object,9,violation_7plus,0.08905380333951762,5,within_5,0.0,6,borderline_6,0.4
Legacy qwen35_9b / returned generation,arxiv-140,60d9760b31c6d22c99e9bd030affca4a6c991004c5b68c4be05b0afcb39308d4,b6933ad49db32c68d85ae5ad27e05fa0628c3acce158dc50f6bbaf78ff851aaf,schema_object,9,violation_7plus,0.08751139471285324,25,violation_7plus,0.9182481751824818,6,borderline_6,0.15
Legacy qwen35_9b/pre_completion_recovery / final,arxiv-140,60d9760b31c6d22c99e9bd030affca4a6c991004c5b68c4be05b0afcb39308d4,2089fe9dd20884b2eda52a1d9fcf183dbd30621723b179a9266644a4bcdc149f,schema_object,9,violation_7plus,0.08905380333951762,5,within_5,0.0,6,borderline_6,0.4
Legacy qwen35_9b/pre_completion_recovery / returned generation,arxiv-140,60d9760b31c6d22c99e9bd030affca4a6c991004c5b68c4be05b0afcb39308d4,b6933ad49db32c68d85ae5ad27e05fa0628c3acce158dc50f6bbaf78ff851aaf,schema_object,9,violation_7plus,0.08751139471285324,25,violation_7plus,0.9182481751824818,6,borderline_6,0.15
Legacy ornith15_9b / final,arxiv-149,f45fbb1a667f04eaf047241d43a42805720ec0b274912115cad01d051ceff4d0,6a332a393753ca3ac51ef0ad406572ad49e5c1ddf61062a7cb7d80d862f58008,schema_object,9,violation_7plus,0.03113879003558719,5,within_5,0.0,6,borderline_6,0.35294117647058826
Legacy ornith15_9b / returned generation,arxiv-149,f45fbb1a667f04eaf047241d43a42805720ec0b274912115cad01d051ceff4d0,5999404fb85c9bc7d2b4b9082f0fe515a1fc6eb0fc0c66923a2a1293a4686246,schema_object,9,violation_7plus,0.03349282296650718,7,violation_7plus,0.09253731343283582,6,borderline_6,0.17647058823529413
Legacy qwen27b / final,arxiv-149,f45fbb1a667f04eaf047241d43a42805720ec0b274912115cad01d051ceff4d0,a9d86cd42ceaeb2d017ae5708ffbc7edf75bbec683bc394911eae24475bd0b67,schema_object,9,violation_7plus,0.044820717131474105,4,within_5,0.0,6,borderline_6,0.35294117647058826
Legacy qwen27b / returned generation,arxiv-149,f45fbb1a667f04eaf047241d43a42805720ec0b274912115cad01d051ceff4d0,de8a24b7340bec78ee811d9fba961e944fa1a4b5bf05bfabd427af38e5e99a87,schema_object,9,violation_7plus,0.041589648798521256,4,within_5,0.0,6,borderline_6,0.35294117647058826
Legacy qwen27b / returned field_repair,arxiv-149,f45fbb1a667f04eaf047241d43a42805720ec0b274912115cad01d051ceff4d0,df754dfb270d56bbb0398484e6347bf03799f6bf948dbd0daa3528fbd2140092,schema_object,9,violation_7plus,0.03008849557522124,4,within_5,0.0,0,within_5,0
Legacy qwen27b / returned field_repair,arxiv-149,f45fbb1a667f04eaf047241d43a42805720ec0b274912115cad01d051ceff4d0,fbb2c6fce4268cbf3e6aaceebaa7002c48c592fbf82ed196b1fdef1915d7451b,schema_object,9,violation_7plus,0.04941860465116279,4,within_5,0.0,0,within_5,0
Legacy qwen27b / returned field_repair,arxiv-149,f45fbb1a667f04eaf047241d43a42805720ec0b274912115cad01d051ceff4d0,12ad3ffdf007956e9354283311fe30266bfc6b147ae94a09ca8f0c2f1e84b4b7,schema_object,9,violation_7plus,0.06343283582089553,4,within_5,0.0,0,within_5,0
Legacy qwen35_9b / final,arxiv-149,f45fbb1a667f04eaf047241d43a42805720ec0b274912115cad01d051ceff4d0,920d22e658c6239948d330d05b0232d608a7e8ad7e882684754e879c17dc1606,schema_object,5,within_5,0.0,5,within_5,0.0,6,borderline_6,0.3333333333333333
Legacy qwen35_9b / returned generation,arxiv-149,f45fbb1a667f04eaf047241d43a42805720ec0b274912115cad01d051ceff4d0,7aab88a525a92b00387bcf58cdf9ec6eeaf0645d06253eabb1fac36f421be9c8,schema_object,5,within_5,0.0,20,violation_7plus,0.8638239339752407,6,borderline_6,0.11320754716981132
Legacy qwen35_9b/pre_completion_recovery / final,arxiv-149,f45fbb1a667f04eaf047241d43a42805720ec0b274912115cad01d051ceff4d0,920d22e658c6239948d330d05b0232d608a7e8ad7e882684754e879c17dc1606,schema_object,5,within_5,0.0,5,within_5,0.0,6,borderline_6,0.3333333333333333
Legacy qwen35_9b/pre_completion_recovery / returned generation,arxiv-149,f45fbb1a667f04eaf047241d43a42805720ec0b274912115cad01d051ceff4d0,7aab88a525a92b00387bcf58cdf9ec6eeaf0645d06253eabb1fac36f421be9c8,schema_object,5,within_5,0.0,20,violation_7plus,0.8638239339752407,6,borderline_6,0.11320754716981132
Legacy ornith15_9b / final,arxiv-500000,6912cbedf8f04208025ba08266b821d48303208ffaece7c2b95c447a34e58896,e3773ccd155bda23d1ebf30efdeaa6712e33ed87fc04f342e48dce1a2c4f5662,schema_object,12,violation_7plus,0.20284237726098192,5,within_5,0.0,9,violation_7plus,0.6666666666666666
Legacy ornith15_9b / returned generation,arxiv-500000,6912cbedf8f04208025ba08266b821d48303208ffaece7c2b95c447a34e58896,8f4be7d5020301783427f18d2a86ff261bbd14f567f0e12c2bf04a33290575a3,schema_object,12,violation_7plus,0.17668776371308018,20,violation_7plus,0.7451984635083226,9,violation_7plus,0.2903225806451613
Legacy qwen27b / final,arxiv-500000,6912cbedf8f04208025ba08266b821d48303208ffaece7c2b95c447a34e58896,2b9f26e852c5391eb566a1184198c8efec7216d660aa4c4fd8067aac84f4f150,schema_object,10,violation_7plus,0.11608093716719915,5,within_5,0.0,9,violation_7plus,0.6923076923076923
Legacy qwen27b / returned generation,arxiv-500000,6912cbedf8f04208025ba08266b821d48303208ffaece7c2b95c447a34e58896,0adff3bb356602ca5c22b3f2da43a8601e9e4c2c914b74843c6cb5d81429a5e8,schema_object,10,violation_7plus,0.11248710010319918,5,within_5,0.0,9,violation_7plus,0.6923076923076923
Legacy qwen27b / returned field_repair,arxiv-500000,6912cbedf8f04208025ba08266b821d48303208ffaece7c2b95c447a34e58896,063f04004177ecf6e0f8f3b4a252bdb664052f9681b129d2f8084eaba13fba95,schema_object,7,violation_7plus,0.06666666666666667,5,within_5,0.0,0,within_5,0
Legacy qwen35_9b / final,arxiv-500000,6912cbedf8f04208025ba08266b821d48303208ffaece7c2b95c447a34e58896,48bd918ecd4cecb3aa287b49b6466c462963be9e8a95c063499a28658b51a19e,schema_object,6,borderline_6,0.024623803009575923,5,within_5,0.0,9,violation_7plus,0.6923076923076923
Legacy qwen35_9b / returned generation,arxiv-500000,6912cbedf8f04208025ba08266b821d48303208ffaece7c2b95c447a34e58896,508f69ed7c8aca0bd68fead093a793021c07dc454ea69f186e056e14eb688df7,schema_object,6,borderline_6,0.023746701846965697,20,violation_7plus,0.8934426229508197,9,violation_7plus,0.35294117647058826
Legacy qwen35_9b/pre_completion_recovery / final,arxiv-500000,6912cbedf8f04208025ba08266b821d48303208ffaece7c2b95c447a34e58896,48bd918ecd4cecb3aa287b49b6466c462963be9e8a95c063499a28658b51a19e,schema_object,6,borderline_6,0.024623803009575923,5,within_5,0.0,9,violation_7plus,0.6923076923076923
Legacy qwen35_9b/pre_completion_recovery / returned generation,arxiv-500000,6912cbedf8f04208025ba08266b821d48303208ffaece7c2b95c447a34e58896,508f69ed7c8aca0bd68fead093a793021c07dc454ea69f186e056e14eb688df7,schema_object,6,borderline_6,0.023746701846965697,20,violation_7plus,0.8934426229508197,9,violation_7plus,0.35294117647058826
Legacy ornith15_9b / final,arxiv-500009,21535e0a8bab103ef820a0175907f93de3d4252149ec393b8005af9d8050e457,3ce203a867bf314f7d04e4e3991ab348bec9fb718bf58b9ceb5e82ccd03cf436,schema_object,17,violation_7plus,0.24769230769230768,5,within_5,0.0,11,violation_7plus,0.3055555555555556
Legacy ornith15_9b / returned generation,arxiv-500009,21535e0a8bab103ef820a0175907f93de3d4252149ec393b8005af9d8050e457,05b283cb532acb5544e6accec7d646887b9979a84cd228a924896068036d624e,schema_object,23,violation_7plus,0.2695595003287311,19,violation_7plus,0.8235867446393762,11,violation_7plus,0.15492957746478872
Legacy qwen27b / final,arxiv-500009,21535e0a8bab103ef820a0175907f93de3d4252149ec393b8005af9d8050e457,5c4e68f653d9c6462d0dba5d3dd489a9118a0af7b92b3cc776aa920c90666177,schema_object,12,violation_7plus,0.19402985074626866,5,within_5,0.0,23,violation_7plus,0.8333333333333334
Legacy qwen27b / returned generation,arxiv-500009,21535e0a8bab103ef820a0175907f93de3d4252149ec393b8005af9d8050e457,3cf1152b147703ec363af081b65d1cafc2e81612e88f91857eb2d807baca819d,schema_object,12,violation_7plus,0.19402985074626866,5,within_5,0.0,23,violation_7plus,0.8333333333333334
Legacy qwen27b / returned field_repair,arxiv-500009,21535e0a8bab103ef820a0175907f93de3d4252149ec393b8005af9d8050e457,1d6b1c2ee5abeae393d9d8d8c8e03eeaf67bbd09f76ff92b792b97fbbffc9985,schema_object,12,violation_7plus,0.23819301848049282,5,within_5,0.0,0,within_5,0
Legacy qwen35_9b / final,arxiv-500009,21535e0a8bab103ef820a0175907f93de3d4252149ec393b8005af9d8050e457,0d5ac3a34d5087b15c87b50c3aa709fb25fea40f4bf79a64eee05dc8da2f9fa0,schema_object,11,violation_7plus,0.29371112646855563,5,within_5,0.0,11,violation_7plus,0.3548387096774194
Legacy qwen35_9b / returned generation,arxiv-500009,21535e0a8bab103ef820a0175907f93de3d4252149ec393b8005af9d8050e457,3bcaa9db3891aabc4de01e0086df6a54cd9edde56aca966a743aa6bd677114ba,schema_object,11,violation_7plus,0.27651747394236664,15,violation_7plus,0.7634285714285715,11,violation_7plus,0.16666666666666666
Legacy qwen35_9b/pre_completion_recovery / final,arxiv-500009,21535e0a8bab103ef820a0175907f93de3d4252149ec393b8005af9d8050e457,0d5ac3a34d5087b15c87b50c3aa709fb25fea40f4bf79a64eee05dc8da2f9fa0,schema_object,11,violation_7plus,0.29371112646855563,5,within_5,0.0,11,violation_7plus,0.3548387096774194
Legacy qwen35_9b/pre_completion_recovery / returned generation,arxiv-500009,21535e0a8bab103ef820a0175907f93de3d4252149ec393b8005af9d8050e457,3bcaa9db3891aabc4de01e0086df6a54cd9edde56aca966a743aa6bd677114ba,schema_object,11,violation_7plus,0.27651747394236664,15,violation_7plus,0.7634285714285715,11,violation_7plus,0.16666666666666666
Legacy ornith15_9b / final,arxiv-500010,a3e79e376c3caf7997a3ef0aec9fc03cc1cdcf5886a5fa5887fc80a022b0b1ef,abfae7371d621c7244c3b30645b6ecb91e0c10de4cbbb8bd74d8bdae67b4e94b,schema_object,17,violation_7plus,0.329006266786034,5,within_5,0.0,8,violation_7plus,0.56
Legacy ornith15_9b / returned generation,arxiv-500010,a3e79e376c3caf7997a3ef0aec9fc03cc1cdcf5886a5fa5887fc80a022b0b1ef,d506ea4850c38a3ca6113b4a56ea2fe890be9512637c15c54e3d15ff9de0b4e3,schema_object,27,violation_7plus,0.31200897867564537,21,violation_7plus,0.802416918429003,8,violation_7plus,0.23333333333333334
Legacy qwen27b / final,arxiv-500010,a3e79e376c3caf7997a3ef0aec9fc03cc1cdcf5886a5fa5887fc80a022b0b1ef,91743edd71015933e9e3fbed2f264e539fe4d5170323d17929ab7be601df6bf9,schema_object,10,violation_7plus,0.11396181384248211,5,within_5,0.0,8,violation_7plus,0.6363636363636364
Legacy qwen27b / returned generation,arxiv-500010,a3e79e376c3caf7997a3ef0aec9fc03cc1cdcf5886a5fa5887fc80a022b0b1ef,93f4546152b4ccf8cf9e336e33081b2239325345f80bef0b8e2d2b4b9404046a,schema_object,10,violation_7plus,0.11222091656874265,4,within_5,0.0,8,violation_7plus,0.6363636363636364
Legacy qwen27b / returned field_repair / unparsed text diagnostic,arxiv-500010,a3e79e376c3caf7997a3ef0aec9fc03cc1cdcf5886a5fa5887fc80a022b0b1ef,3d2f1f87cec6aefcab8bed38306a9dce2f11fe69bcf1df93e4589c791a6a6c42,unparsed_returned_text,8,violation_7plus,0.06873760740251157,0,within_5,0,0,within_5,0
Legacy qwen27b / returned field_repair / unparsed text diagnostic,arxiv-500010,a3e79e376c3caf7997a3ef0aec9fc03cc1cdcf5886a5fa5887fc80a022b0b1ef,35f28f1f0c2416d05e80ced6d452c31609f68dfa64cbb4ae0e9c76a9c4f3cafb,unparsed_returned_text,8,violation_7plus,0.06797385620915032,0,within_5,0,0,within_5,0
Legacy qwen27b / returned field_repair / unparsed text diagnostic,arxiv-500010,a3e79e376c3caf7997a3ef0aec9fc03cc1cdcf5886a5fa5887fc80a022b0b1ef,e65c0369c6a4d5f3767fbb7f0cd868e416f125bec6066ae97200878097687b01,unparsed_returned_text,8,violation_7plus,0.06864686468646865,0,within_5,0,0,within_5,0
Legacy qwen27b / returned field_repair / unparsed text diagnostic,arxiv-500010,a3e79e376c3caf7997a3ef0aec9fc03cc1cdcf5886a5fa5887fc80a022b0b1ef,93bcecfa2da0a6adecefe71a0d2fb5ce7c01ddaf9922f964bf02f856bdb93a86,unparsed_returned_text,8,violation_7plus,0.06801831262262917,0,within_5,0,0,within_5,0
Legacy qwen27b / returned field_repair,arxiv-500010,a3e79e376c3caf7997a3ef0aec9fc03cc1cdcf5886a5fa5887fc80a022b0b1ef,492472e81b607fd2be97e54fec97a4a0f1913c9568ec880d124fccbd3ff7d61c,schema_object,8,violation_7plus,0.08817204301075268,4,within_5,0.0,0,within_5,0
Legacy qwen35_9b / final,arxiv-500010,a3e79e376c3caf7997a3ef0aec9fc03cc1cdcf5886a5fa5887fc80a022b0b1ef,2626173cfa03064cfcd0fb68b145c40a4846dea88f6736f0e982dc32ff116060,schema_object,13,violation_7plus,0.10012360939431397,5,within_5,0.0,8,violation_7plus,0.6363636363636364
Legacy qwen35_9b / returned generation,arxiv-500010,a3e79e376c3caf7997a3ef0aec9fc03cc1cdcf5886a5fa5887fc80a022b0b1ef,b49a1444dae93080aeac347313274c010e9fd826a611632986d107edfbcc90d8,schema_object,15,violation_7plus,0.1425661914460285,17,violation_7plus,0.8517350157728707,8,violation_7plus,0.2978723404255319
Legacy qwen35_9b/pre_completion_recovery / final,arxiv-500010,a3e79e376c3caf7997a3ef0aec9fc03cc1cdcf5886a5fa5887fc80a022b0b1ef,2626173cfa03064cfcd0fb68b145c40a4846dea88f6736f0e982dc32ff116060,schema_object,13,violation_7plus,0.10012360939431397,5,within_5,0.0,8,violation_7plus,0.6363636363636364
Legacy qwen35_9b/pre_completion_recovery / returned generation,arxiv-500010,a3e79e376c3caf7997a3ef0aec9fc03cc1cdcf5886a5fa5887fc80a022b0b1ef,b49a1444dae93080aeac347313274c010e9fd826a611632986d107edfbcc90d8,schema_object,15,violation_7plus,0.1425661914460285,17,violation_7plus,0.8517350157728707,8,violation_7plus,0.2978723404255319
Legacy ornith15_9b / final,arxiv-500027,b665fc66e1cb91a50fcc5a4ed005b97e5e1f1e8b98558ac2502d4cfc41ac193f,6931b3dc0be7d2a64b7b307a0fe63af1768d4ae357b9bd9844708c5bd16bd78b,schema_object,11,violation_7plus,0.1,5,within_5,0.0,11,violation_7plus,0.6428571428571429
Legacy ornith15_9b / returned generation,arxiv-500027,b665fc66e1cb91a50fcc5a4ed005b97e5e1f1e8b98558ac2502d4cfc41ac193f,cbdc1bb4cc86cc354ac8bcb4b11b2312eaf5f45c4852b54c1e9740c10a3e72a5,schema_object,11,violation_7plus,0.07938461538461539,17,violation_7plus,0.6057585825027686,11,violation_7plus,0.2857142857142857
Legacy ornith15_9b_dflash20/baseline / final,arxiv-500027,b665fc66e1cb91a50fcc5a4ed005b97e5e1f1e8b98558ac2502d4cfc41ac193f,99b23a6ee4cb958d8b09bb4b38a5947828cd5e88971551a07c7d2ff5c90de7cb,schema_object,10,violation_7plus,0.043912175648702596,5,within_5,0.0,11,violation_7plus,0.6666666666666666
Legacy ornith15_9b_dflash20/baseline / returned generation,arxiv-500027,b665fc66e1cb91a50fcc5a4ed005b97e5e1f1e8b98558ac2502d4cfc41ac193f,95822ade0af5e8207e45f3a4f3a09c0f56294795dbaf41c290fde9fda23e5c66,schema_object,10,violation_7plus,0.0361247947454844,17,violation_7plus,0.7169117647058824,11,violation_7plus,0.34615384615384615
Legacy ornith15_9b_dflash20/dflash / final,arxiv-500027,b665fc66e1cb91a50fcc5a4ed005b97e5e1f1e8b98558ac2502d4cfc41ac193f,9717b1bec996ea94462bf41717d143ee17d47a12f39af4520acab57cebd759e9,schema_object,6,borderline_6,0.00530035335689046,5,within_5,0.0,11,violation_7plus,0.6666666666666666
Legacy ornith15_9b_dflash20/dflash / returned generation,arxiv-500027,b665fc66e1cb91a50fcc5a4ed005b97e5e1f1e8b98558ac2502d4cfc41ac193f,3f8c0371e15e82224ec69b45db4fb418b5da3bd7c1b40230753a2244663b8d53,schema_object,6,borderline_6,0.004548900682335102,8,violation_7plus,0.6556169429097606,11,violation_7plus,0.34615384615384615
Legacy qwen27b / final,arxiv-500027,b665fc66e1cb91a50fcc5a4ed005b97e5e1f1e8b98558ac2502d4cfc41ac193f,c01c3f7ed6ed6fa4233476751f7ac2a98f40b933df3ac14783a9f5d60d3630af,schema_object,9,violation_7plus,0.05052125100240577,4,within_5,0.0,11,violation_7plus,0.75
Legacy qwen27b / returned generation,arxiv-500027,b665fc66e1cb91a50fcc5a4ed005b97e5e1f1e8b98558ac2502d4cfc41ac193f,6420a23360f73f2493a21fd63349759dc626cff17e3ce0e35104f9c88af9be1f,schema_object,9,violation_7plus,0.05483028720626632,4,within_5,0.0,11,violation_7plus,0.6666666666666666
Legacy qwen27b / returned generation,arxiv-500027,b665fc66e1cb91a50fcc5a4ed005b97e5e1f1e8b98558ac2502d4cfc41ac193f,c0c00d15c304dab9dc4913730c3e1b0c5cdadc130c833e7d19ab41c7e4f27043,schema_object,9,violation_7plus,0.050239234449760764,4,within_5,0.0,11,violation_7plus,0.75
Legacy qwen27b / returned field_repair,arxiv-500027,b665fc66e1cb91a50fcc5a4ed005b97e5e1f1e8b98558ac2502d4cfc41ac193f,6cbe2a552b1f96f47c2f8166146db428da511a483f6eb122afe12ec9dd9f414f,schema_object,9,violation_7plus,0.10585585585585586,4,within_5,0.0,0,within_5,0
Legacy qwen35_9b / final,arxiv-500027,b665fc66e1cb91a50fcc5a4ed005b97e5e1f1e8b98558ac2502d4cfc41ac193f,0232e91ba028c35f915026f7e56c9c9e93b1743b9a8c7623e2f014d71eabb671,schema_object,9,violation_7plus,0.024079320113314446,5,within_5,0.0,11,violation_7plus,0.72
Legacy qwen35_9b / returned generation,arxiv-500027,b665fc66e1cb91a50fcc5a4ed005b97e5e1f1e8b98558ac2502d4cfc41ac193f,4546ef9e855df90601e938e7c4fac70ba2874a90956c0eed29ebbad6a31a6c62,schema_object,9,violation_7plus,0.022339027595269383,10,violation_7plus,0.7159090909090909,11,violation_7plus,0.36
Legacy qwen35_9b/pre_completion_recovery / final,arxiv-500027,b665fc66e1cb91a50fcc5a4ed005b97e5e1f1e8b98558ac2502d4cfc41ac193f,0232e91ba028c35f915026f7e56c9c9e93b1743b9a8c7623e2f014d71eabb671,schema_object,9,violation_7plus,0.024079320113314446,5,within_5,0.0,11,violation_7plus,0.72
Legacy qwen35_9b/pre_completion_recovery / returned generation,arxiv-500027,b665fc66e1cb91a50fcc5a4ed005b97e5e1f1e8b98558ac2502d4cfc41ac193f,4546ef9e855df90601e938e7c4fac70ba2874a90956c0eed29ebbad6a31a6c62,schema_object,9,violation_7plus,0.022339027595269383,10,violation_7plus,0.7159090909090909,11,violation_7plus,0.36
Legacy ornith15_9b / final,arxiv-500028,081560f8dd75126479ea817a0aad4ef1f7c90b9becafc12485cc1ef16eb40dc7,84ee57b0b38b34da689174cca60882e2bb463ec740f3191d425fd41f952d235a,schema_object,32,violation_7plus,0.37681598062953997,5,within_5,0.0,12,violation_7plus,0.41379310344827586
Legacy ornith15_9b / returned generation / unparsed text diagnostic,arxiv-500028,081560f8dd75126479ea817a0aad4ef1f7c90b9becafc12485cc1ef16eb40dc7,266be55df3e6c4d3524fc51f207de56e7ae835b09234da828686f67c3c7a317b,unparsed_returned_text,190,violation_7plus,0.41159135559921417,0,within_5,0,0,within_5,0
Legacy ornith15_9b / returned generation,arxiv-500028,081560f8dd75126479ea817a0aad4ef1f7c90b9becafc12485cc1ef16eb40dc7,106cfe53db8116fa27393c4036f070f8b5f5d1ad2251c78667a99561db2bed88,schema_object,32,violation_7plus,0.3338586813764119,40,violation_7plus,0.9220860823122841,12,violation_7plus,0.1875
Legacy ornith15_9b / returned generation / unparsed text diagnostic,arxiv-500028,081560f8dd75126479ea817a0aad4ef1f7c90b9becafc12485cc1ef16eb40dc7,839137514e6bdae7745cd94a890b11a656644fd4a547dec75ff91b6691a62382,unparsed_returned_text,190,violation_7plus,0.6135306553911205,0,within_5,0,0,within_5,0
Legacy ornith15_9b / returned generation,arxiv-500028,081560f8dd75126479ea817a0aad4ef1f7c90b9becafc12485cc1ef16eb40dc7,26fb17f3daaf3ed136af519d981fd699afbf660c52b5a350ed2329b8c171c49c,schema_object,71,violation_7plus,0.5946658851113716,14,violation_7plus,0.6670520231213873,12,violation_7plus,0.05963302752293578
Legacy ornith15_9b / returned generation / unparsed text diagnostic,arxiv-500028,081560f8dd75126479ea817a0aad4ef1f7c90b9becafc12485cc1ef16eb40dc7,0834886de0ee0b1a53061fd9efc9637a07d674e2b084c769b9340a1e6899ba82,unparsed_returned_text,236,violation_7plus,0.714218009478673,0,within_5,0,0,within_5,0
Legacy qwen27b / final,arxiv-500028,081560f8dd75126479ea817a0aad4ef1f7c90b9becafc12485cc1ef16eb40dc7,b500b12b27106f852d0bfd1cc787d2eb850cf76163ecaf542698a87a390d8570,schema_object,10,violation_7plus,0.155188246097337,4,within_5,0.0,12,violation_7plus,0.5454545454545454
Legacy qwen27b / returned generation,arxiv-500028,081560f8dd75126479ea817a0aad4ef1f7c90b9becafc12485cc1ef16eb40dc7,a1980d2e7f93a9163919f97ae2bd5d7753cfcf39b0c7e241da9e87510105231c,schema_object,10,violation_7plus,0.155188246097337,4,within_5,0.0,12,violation_7plus,0.5454545454545454
Legacy qwen35_9b / final,arxiv-500028,081560f8dd75126479ea817a0aad4ef1f7c90b9becafc12485cc1ef16eb40dc7,b4c7c1c8481b2eb779ed36b04c85ae6102846af82efb6565763f6602c135b021,schema_object,18,violation_7plus,0.22586206896551725,5,within_5,0.0,12,violation_7plus,0.5217391304347826
Legacy qwen35_9b / returned generation,arxiv-500028,081560f8dd75126479ea817a0aad4ef1f7c90b9becafc12485cc1ef16eb40dc7,9e9525e82175c095c5815c94bd936d3894a6ceb87f5448cc0f4ed94d4853d4b8,schema_object,18,violation_7plus,0.191800878477306,18,violation_7plus,0.9395203336809176,12,violation_7plus,0.25
Legacy qwen35_9b/pre_completion_recovery / final,arxiv-500028,081560f8dd75126479ea817a0aad4ef1f7c90b9becafc12485cc1ef16eb40dc7,b4c7c1c8481b2eb779ed36b04c85ae6102846af82efb6565763f6602c135b021,schema_object,18,violation_7plus,0.22586206896551725,5,within_5,0.0,12,violation_7plus,0.5217391304347826
Legacy qwen35_9b/pre_completion_recovery / returned generation,arxiv-500028,081560f8dd75126479ea817a0aad4ef1f7c90b9becafc12485cc1ef16eb40dc7,9e9525e82175c095c5815c94bd936d3894a6ceb87f5448cc0f4ed94d4853d4b8,schema_object,18,violation_7plus,0.191800878477306,18,violation_7plus,0.9395203336809176,12,violation_7plus,0.25
Legacy ornith15_9b / final,arxiv-500030,b5889e3e8fb1883fb09a26e1e0a3c1857839a889bd31c95b9c3e95a930a8c804,1cca9ca0eed01551e041e0704b0c926b172680cbd1de41876f26e892a000e7f8,schema_object,11,violation_7plus,0.1257995735607676,5,within_5,0.0,7,violation_7plus,0.22580645161290322
Legacy ornith15_9b / returned generation / unparsed text diagnostic,arxiv-500030,b5889e3e8fb1883fb09a26e1e0a3c1857839a889bd31c95b9c3e95a930a8c804,35cf3aef319d9881f4a1b88a6fcf7683c3bc1c3b16ed7804d1000c902c555a1e,unparsed_returned_text,19,violation_7plus,0.17585278276481148,0,within_5,0,0,within_5,0
Legacy ornith15_9b / returned generation / unparsed text diagnostic,arxiv-500030,b5889e3e8fb1883fb09a26e1e0a3c1857839a889bd31c95b9c3e95a930a8c804,b76e481d8b16b5b92f6404cc83364d323d9200097457bde3c4077e1ef1947885,unparsed_returned_text,78,violation_7plus,0.6168633422154549,0,within_5,0,0,within_5,0
Legacy ornith15_9b / returned generation,arxiv-500030,b5889e3e8fb1883fb09a26e1e0a3c1857839a889bd31c95b9c3e95a930a8c804,b09fda809faf5372da165799ac220d49f1bd3c4b47ab5b124bbbfe9441185cad,schema_object,11,violation_7plus,0.11671469740634005,20,violation_7plus,0.9451327433628318,7,violation_7plus,0.10606060606060606
Legacy qwen27b / final,arxiv-500030,b5889e3e8fb1883fb09a26e1e0a3c1857839a889bd31c95b9c3e95a930a8c804,bb517ce6381a4755180acbb977d92d96a6e483204c8453f53d51679930ada735,schema_object,10,violation_7plus,0.07955596669750231,3,within_5,0.0,7,violation_7plus,0.2916666666666667
Legacy qwen27b / returned generation,arxiv-500030,b5889e3e8fb1883fb09a26e1e0a3c1857839a889bd31c95b9c3e95a930a8c804,4f82e656e90e0a6294cdb1c9eaafdfc2b189045461217816450972c63641412e,schema_object,10,violation_7plus,0.07955596669750231,3,within_5,0.0,7,violation_7plus,0.2916666666666667
Legacy qwen35_9b / final,arxiv-500030,b5889e3e8fb1883fb09a26e1e0a3c1857839a889bd31c95b9c3e95a930a8c804,c30209e4bcc59225db3d938c7196c9905483a9c13dcb556a2b5ccb337c34856f,schema_object,17,violation_7plus,0.5311387900355872,5,within_5,0.0,7,violation_7plus,0.30434782608695654
Legacy qwen35_9b / returned generation,arxiv-500030,b5889e3e8fb1883fb09a26e1e0a3c1857839a889bd31c95b9c3e95a930a8c804,f1e7de56a99019279f8a58dfd601f99e194f2740eec9e93c06a8c4e6de7202c1,schema_object,17,violation_7plus,0.46759941089838,16,violation_7plus,0.6690391459074733,7,violation_7plus,0.1320754716981132
Legacy qwen35_9b/pre_completion_recovery / final,arxiv-500030,b5889e3e8fb1883fb09a26e1e0a3c1857839a889bd31c95b9c3e95a930a8c804,c30209e4bcc59225db3d938c7196c9905483a9c13dcb556a2b5ccb337c34856f,schema_object,17,violation_7plus,0.5311387900355872,5,within_5,0.0,7,violation_7plus,0.30434782608695654
Legacy qwen35_9b/pre_completion_recovery / returned generation,arxiv-500030,b5889e3e8fb1883fb09a26e1e0a3c1857839a889bd31c95b9c3e95a930a8c804,f1e7de56a99019279f8a58dfd601f99e194f2740eec9e93c06a8c4e6de7202c1,schema_object,17,violation_7plus,0.46759941089838,16,violation_7plus,0.6690391459074733,7,violation_7plus,0.1320754716981132
Legacy ornith15_9b / final,arxiv-500031,26128d1d0622a6266f5a2de1b96b53a1f15de0e79b2ece9f0dbb18fa2e1aecaa,c98e78a4e5ca273dc94640ad841f578ac9e9f8d732575cc74bde596fa456aaf9,schema_object,21,violation_7plus,0.39184952978056425,5,within_5,0.0,6,borderline_6,0.2727272727272727
Legacy ornith15_9b / returned generation,arxiv-500031,26128d1d0622a6266f5a2de1b96b53a1f15de0e79b2ece9f0dbb18fa2e1aecaa,4832773a42dddb259c8a259e3c0a80e18406e3e4aa912b54d3e0ce8691c70a8f,schema_object,21,violation_7plus,0.342376767290791,25,violation_7plus,0.9719512195121951,6,borderline_6,0.10526315789473684
Legacy qwen27b / final,arxiv-500031,26128d1d0622a6266f5a2de1b96b53a1f15de0e79b2ece9f0dbb18fa2e1aecaa,0300837ef6f4d0e5f58cb6e41a3ab4318c41cfb384b265633b25ce0d9643502c,schema_object,6,borderline_6,0.021634615384615384,5,within_5,0.0,6,borderline_6,0.35294117647058826
Legacy qwen27b / returned generation,arxiv-500031,26128d1d0622a6266f5a2de1b96b53a1f15de0e79b2ece9f0dbb18fa2e1aecaa,8de2ff49bc3ac77d743cefad28f2af9ed3754cab6f931c3e3aec34cc46a6da64,schema_object,6,borderline_6,0.021634615384615384,4,within_5,0.0,6,borderline_6,0.35294117647058826
Legacy qwen35_9b / final,arxiv-500031,26128d1d0622a6266f5a2de1b96b53a1f15de0e79b2ece9f0dbb18fa2e1aecaa,e63c3b3d5520de4e07c96b6efa3f2705ab7987da3630069612f1cb6744f8bf5e,schema_object,11,violation_7plus,0.0964332892998679,5,within_5,0.0,6,borderline_6,0.42857142857142855
Legacy qwen35_9b / returned generation,arxiv-500031,26128d1d0622a6266f5a2de1b96b53a1f15de0e79b2ece9f0dbb18fa2e1aecaa,8bef50a652d18c0aac5802117f59145385892bcd0b444f26c247a5a5b8962dd8,schema_object,24,violation_7plus,0.6618181818181819,12,violation_7plus,0.6729559748427673,6,borderline_6,0.15384615384615385
Legacy qwen35_9b / returned generation,arxiv-500031,26128d1d0622a6266f5a2de1b96b53a1f15de0e79b2ece9f0dbb18fa2e1aecaa,36a22e76f2f44c16db315dbe1c5c56164e63d81c607fa2c018a3c41f63dfb034,schema_object,11,violation_7plus,0.077577045696068,18,violation_7plus,0.9082969432314411,6,borderline_6,0.15384615384615385
Legacy qwen35_9b/pre_completion_recovery / final,arxiv-500031,26128d1d0622a6266f5a2de1b96b53a1f15de0e79b2ece9f0dbb18fa2e1aecaa,e63c3b3d5520de4e07c96b6efa3f2705ab7987da3630069612f1cb6744f8bf5e,schema_object,11,violation_7plus,0.0964332892998679,5,within_5,0.0,6,borderline_6,0.42857142857142855
Legacy qwen35_9b/pre_completion_recovery / returned generation,arxiv-500031,26128d1d0622a6266f5a2de1b96b53a1f15de0e79b2ece9f0dbb18fa2e1aecaa,8bef50a652d18c0aac5802117f59145385892bcd0b444f26c247a5a5b8962dd8,schema_object,24,violation_7plus,0.6618181818181819,12,violation_7plus,0.6729559748427673,6,borderline_6,0.15384615384615385
Legacy qwen35_9b/pre_completion_recovery / returned generation,arxiv-500031,26128d1d0622a6266f5a2de1b96b53a1f15de0e79b2ece9f0dbb18fa2e1aecaa,36a22e76f2f44c16db315dbe1c5c56164e63d81c607fa2c018a3c41f63dfb034,schema_object,11,violation_7plus,0.077577045696068,18,violation_7plus,0.9082969432314411,6,borderline_6,0.15384615384615385
Legacy ornith15_9b / final,arxiv-500036,29d9c187ebc8397560f4d9b30bccb3efe0ad2e824bcda7cc6ea9d1dde565d8a6,cfcf68432def1abad96e03eeae63c2fed45eebd3d0073404343422b67d09ab08,schema_object,8,violation_7plus,0.03814432989690722,5,within_5,0.0,9,violation_7plus,0.32142857142857145
Legacy ornith15_9b / returned generation,arxiv-500036,29d9c187ebc8397560f4d9b30bccb3efe0ad2e824bcda7cc6ea9d1dde565d8a6,8201f25b96d235dfb65cc295c0dd2f76d8701b50100b0aa0f348f56fa676a0bf,schema_object,8,violation_7plus,0.0354066985645933,14,violation_7plus,0.4855769230769231,9,violation_7plus,0.16981132075471697
Legacy ornith15_9b / returned generation / unparsed text diagnostic,arxiv-500036,29d9c187ebc8397560f4d9b30bccb3efe0ad2e824bcda7cc6ea9d1dde565d8a6,158d2f7074ac25dab48ab6ab02eac6158e3315f0663e70b2f961fc78853fa394,unparsed_returned_text,26,violation_7plus,0.25555750043759845,0,within_5,0,0,within_5,0
Legacy ornith15_9b / returned generation / unparsed text diagnostic,arxiv-500036,29d9c187ebc8397560f4d9b30bccb3efe0ad2e824bcda7cc6ea9d1dde565d8a6,5049cb64a8be50fb89564ae19b5f93cb41a5d2b7a72b06177f7940e5ba7bd627,unparsed_returned_text,10,violation_7plus,0.03263081395348837,0,within_5,0,0,within_5,0
Legacy ornith15_9b / returned generation / unparsed text diagnostic,arxiv-500036,29d9c187ebc8397560f4d9b30bccb3efe0ad2e824bcda7cc6ea9d1dde565d8a6,e182b317e150d8ac0e9c8e319c774e4fb4c0a7d97005060e736760c0fd7e8fbd,unparsed_returned_text,22,violation_7plus,0.25148139369518846,0,within_5,0,0,within_5,0
Legacy qwen27b / final,arxiv-500036,29d9c187ebc8397560f4d9b30bccb3efe0ad2e824bcda7cc6ea9d1dde565d8a6,859af7bbeda4130af0dd73466687a8d9f5b385d20e3ba9e561eebf24341a9c40,schema_object,6,borderline_6,0.032502708559046585,4,within_5,0.0,9,violation_7plus,0.391304347826087
Legacy qwen27b / returned generation,arxiv-500036,29d9c187ebc8397560f4d9b30bccb3efe0ad2e824bcda7cc6ea9d1dde565d8a6,46c2d5cb463b4887ccd2ec0dece82b1e1ef3c3c3e7e6e8ba19e86009f9c110e1,schema_object,6,borderline_6,0.030800821355236138,4,within_5,0.0,9,violation_7plus,0.391304347826087
Legacy qwen27b / returned field_repair,arxiv-500036,29d9c187ebc8397560f4d9b30bccb3efe0ad2e824bcda7cc6ea9d1dde565d8a6,0511ebda29f37eef2d1dbdc3243b261cb46cb7ef116ffd1a5a4ea97a28faae0f,schema_object,6,borderline_6,0.02823529411764706,4,within_5,0.0,0,within_5,0
Legacy qwen27b / returned field_repair,arxiv-500036,29d9c187ebc8397560f4d9b30bccb3efe0ad2e824bcda7cc6ea9d1dde565d8a6,d6975e92ea1772ef61b07d6c0e796ca662d5819217172bd7986089ae8dc9780f,schema_object,6,borderline_6,0.04597701149425287,4,within_5,0.0,0,within_5,0
Legacy qwen27b / returned field_repair,arxiv-500036,29d9c187ebc8397560f4d9b30bccb3efe0ad2e824bcda7cc6ea9d1dde565d8a6,2985613414179066c8baedbae927e72c77dfef80e9963c111a3abd7f6aa50fcb,schema_object,6,borderline_6,0.04597701149425287,4,within_5,0.0,0,within_5,0
Legacy qwen35_9b / final,arxiv-500036,29d9c187ebc8397560f4d9b30bccb3efe0ad2e824bcda7cc6ea9d1dde565d8a6,380879b73801d1d6b0f05ff09f17d077f76493ff28154ffe7fa387fc0fd419a2,schema_object,7,violation_7plus,0.020518358531317494,5,within_5,0.0,9,violation_7plus,0.375
Legacy qwen35_9b / returned generation,arxiv-500036,29d9c187ebc8397560f4d9b30bccb3efe0ad2e824bcda7cc6ea9d1dde565d8a6,6284b04c302eb70424e6abc43a46b8e8d23cc388d4a9c71748278c8aa405993d,schema_object,7,violation_7plus,0.01954732510288066,12,violation_7plus,0.6018181818181818,9,violation_7plus,0.1836734693877551
Legacy ornith15_9b / final,arxiv-500043,5395e7bceb485d4a9d02119c58850809aa9a6b719e5777744ca5bd0dcbacbc79,ff87fcfce8f1f3370ed702d7494389b25b277f6a99393a4df4665658c650242d,schema_object,9,violation_7plus,0.10344827586206896,5,within_5,0.0,10,violation_7plus,0.3333333333333333
Legacy ornith15_9b / returned generation,arxiv-500043,5395e7bceb485d4a9d02119c58850809aa9a6b719e5777744ca5bd0dcbacbc79,47878d559cf75e9ed5a95ac7761a8df01e43c56ce9b17a850cbb5d3d563ea9b5,schema_object,9,violation_7plus,0.0984251968503937,16,violation_7plus,0.7648283038501561,10,violation_7plus,0.3333333333333333
Legacy ornith15_9b / failed draft,arxiv-500043,5395e7bceb485d4a9d02119c58850809aa9a6b719e5777744ca5bd0dcbacbc79,9431f80398183b197f6e943eba7887bd43aa1fcb32ad1954cda17f63e8bbc0f4,schema_object,9,violation_7plus,0.0984251968503937,16,violation_7plus,0.5686015831134564,10,violation_7plus,0.3333333333333333
Legacy ornith15_9b_dflash20/baseline / final,arxiv-500043,5395e7bceb485d4a9d02119c58850809aa9a6b719e5777744ca5bd0dcbacbc79,017af69eda8dbf7b2704195eb6d3cb693308004f2da26d952a3b8cb2116b54f6,schema_object,14,violation_7plus,0.14257620452310718,5,within_5,0.0,10,violation_7plus,0.38461538461538464
Legacy ornith15_9b_dflash20/baseline / returned generation,arxiv-500043,5395e7bceb485d4a9d02119c58850809aa9a6b719e5777744ca5bd0dcbacbc79,328ae5163e791c9b4ce932b2b63c6cd96155c19a025afa8de2a33eedf42a4922,schema_object,14,violation_7plus,0.1287297527706735,11,violation_7plus,0.2894736842105263,10,violation_7plus,0.19607843137254902
Legacy ornith15_9b_dflash20/dflash / final,arxiv-500043,5395e7bceb485d4a9d02119c58850809aa9a6b719e5777744ca5bd0dcbacbc79,db65a9b812c7d157495971e9884802da8faa4517d7be762bcfd53da0c3f2b01f,schema_object,14,violation_7plus,0.12434061793519216,5,within_5,0.0,10,violation_7plus,0.3333333333333333
Legacy ornith15_9b_dflash20/dflash / returned generation,arxiv-500043,5395e7bceb485d4a9d02119c58850809aa9a6b719e5777744ca5bd0dcbacbc79,34e40c7ccdba6d65d1bf6feb568c2ef6ae1d78005ab07a4f504265da9ce501f1,schema_object,14,violation_7plus,0.11371020142949967,18,violation_7plus,0.8100407055630936,10,violation_7plus,0.3333333333333333
Legacy qwen27b / final,arxiv-500043,5395e7bceb485d4a9d02119c58850809aa9a6b719e5777744ca5bd0dcbacbc79,3317177f73ab5ccd0e3da03f6ae9c13389350e499c14cf89160ea71c2d1ff0ec,schema_object,8,violation_7plus,0.04684317718940937,5,within_5,0.0,10,violation_7plus,0.43478260869565216
Legacy qwen27b / returned generation,arxiv-500043,5395e7bceb485d4a9d02119c58850809aa9a6b719e5777744ca5bd0dcbacbc79,7ac0db0922a85c3924430d1736b131c28007ffff6bdceaffb0a4f99f06ce071b,schema_object,8,violation_7plus,0.04684317718940937,5,within_5,0.0,10,violation_7plus,0.43478260869565216
Legacy qwen35_9b / final,arxiv-500043,5395e7bceb485d4a9d02119c58850809aa9a6b719e5777744ca5bd0dcbacbc79,6dbd0df9c576ad87799f3c2306e3acb8f1c9e33189c585e2d10625764531ec89,schema_object,12,violation_7plus,0.10957446808510639,5,within_5,0.0,10,violation_7plus,0.47619047619047616
Legacy qwen35_9b / returned generation,arxiv-500043,5395e7bceb485d4a9d02119c58850809aa9a6b719e5777744ca5bd0dcbacbc79,5740f166e3cb5ec3015afb6908a10f362079000cbec92dd7dfdee95e815809d6,schema_object,12,violation_7plus,0.1152115211521152,14,violation_7plus,0.775092936802974,10,violation_7plus,0.17857142857142858
Legacy qwen35_9b/pre_completion_recovery / final,arxiv-500043,5395e7bceb485d4a9d02119c58850809aa9a6b719e5777744ca5bd0dcbacbc79,6dbd0df9c576ad87799f3c2306e3acb8f1c9e33189c585e2d10625764531ec89,schema_object,12,violation_7plus,0.10957446808510639,5,within_5,0.0,10,violation_7plus,0.47619047619047616
Legacy qwen35_9b/pre_completion_recovery / returned generation,arxiv-500043,5395e7bceb485d4a9d02119c58850809aa9a6b719e5777744ca5bd0dcbacbc79,5740f166e3cb5ec3015afb6908a10f362079000cbec92dd7dfdee95e815809d6,schema_object,12,violation_7plus,0.1152115211521152,14,violation_7plus,0.775092936802974,10,violation_7plus,0.17857142857142858
Legacy ornith15_9b / final,arxiv-500047,fcff490a64b2456f6c33424fb8d3c475d4f6fb19c9718bdd608d8cb06844c31b,d6c89e6948f5467779ca8f7c33c85c9662068b82bd366b263de214d3f20bad91,schema_object,15,violation_7plus,0.1360392506690455,5,within_5,0.0,9,violation_7plus,0.28125
Legacy ornith15_9b / returned generation / unparsed text diagnostic,arxiv-500047,fcff490a64b2456f6c33424fb8d3c475d4f6fb19c9718bdd608d8cb06844c31b,7d844aab2b6e1e4292959e62cd93bf26d86cfebe178772fa338d318b56bccc57,unparsed_returned_text,24,violation_7plus,0.17359963958552335,0,within_5,0,0,within_5,0
Legacy ornith15_9b / returned generation,arxiv-500047,fcff490a64b2456f6c33424fb8d3c475d4f6fb19c9718bdd608d8cb06844c31b,1a8ab446cb94afcac2837cb8553e7f1673dc8db349917d720aaa79604670341e,schema_object,15,violation_7plus,0.12995313165743502,27,violation_7plus,0.9451591062965471,9,violation_7plus,0.24324324324324326
Legacy qwen27b / final,arxiv-500047,fcff490a64b2456f6c33424fb8d3c475d4f6fb19c9718bdd608d8cb06844c31b,6e99049d6188bc0003a051af18671802e20fa5733542f596a86c45d4168f8c7b,schema_object,10,violation_7plus,0.06264501160092807,4,within_5,0.0,9,violation_7plus,0.391304347826087
Legacy qwen27b / returned generation,arxiv-500047,fcff490a64b2456f6c33424fb8d3c475d4f6fb19c9718bdd608d8cb06844c31b,72413487ed70b0375b409861517e51ea7972e06417b2369134dca78d81a3a601,schema_object,10,violation_7plus,0.06164383561643835,3,within_5,0.0,9,violation_7plus,0.391304347826087
Legacy qwen27b / returned field_repair,arxiv-500047,fcff490a64b2456f6c33424fb8d3c475d4f6fb19c9718bdd608d8cb06844c31b,49d149c5934b4d8c246754ccaa203a09ccd853938de0695612bdceedc82e43f5,schema_object,8,violation_7plus,0.06964520367936924,3,within_5,0.0,0,within_5,0
Legacy qwen27b / returned field_repair,arxiv-500047,fcff490a64b2456f6c33424fb8d3c475d4f6fb19c9718bdd608d8cb06844c31b,dddae2f2bdda0685dd0d07c97311762e2bb6f692470fa54871a76a33565fc0ee,schema_object,8,violation_7plus,0.06516290726817042,3,within_5,0.0,0,within_5,0
Legacy qwen27b / returned field_repair,arxiv-500047,fcff490a64b2456f6c33424fb8d3c475d4f6fb19c9718bdd608d8cb06844c31b,82c6569f7bafed05851036c399d79b13f749c5c95bc40f9cd6143263f19e7224,schema_object,8,violation_7plus,0.06516290726817042,3,within_5,0.0,0,within_5,0
Legacy qwen27b / returned field_repair,arxiv-500047,fcff490a64b2456f6c33424fb8d3c475d4f6fb19c9718bdd608d8cb06844c31b,4791f2900742d22b8a31eda93c15f6458a98ec321af967056e178279ddf202cf,schema_object,8,violation_7plus,0.06006006006006006,3,within_5,0.0,0,within_5,0
Legacy qwen27b / returned field_repair,arxiv-500047,fcff490a64b2456f6c33424fb8d3c475d4f6fb19c9718bdd608d8cb06844c31b,31a60d0dede44a2183c91981e93c2d87848ddcc7a250c8dc85d31c79ec7f0109,schema_object,8,violation_7plus,0.06006006006006006,3,within_5,0.0,0,within_5,0
Legacy qwen35_9b / final,arxiv-500047,fcff490a64b2456f6c33424fb8d3c475d4f6fb19c9718bdd608d8cb06844c31b,d7ea448f1071903fbb1601210b5f20f672a2256acdb6e7d75619ab9ebcae22c5,schema_object,12,violation_7plus,0.06828885400313972,5,within_5,0.0,9,violation_7plus,0.375
Legacy qwen35_9b / returned generation,arxiv-500047,fcff490a64b2456f6c33424fb8d3c475d4f6fb19c9718bdd608d8cb06844c31b,7d6a30f817fbf29d8870291a6df50c5fa95336383fd0531f096b3ad990ac6ecb,schema_object,12,violation_7plus,0.06636155606407322,16,violation_7plus,0.8861439312567132,9,violation_7plus,0.1836734693877551
Legacy qwen35_9b/pre_completion_recovery / final,arxiv-500047,fcff490a64b2456f6c33424fb8d3c475d4f6fb19c9718bdd608d8cb06844c31b,d7ea448f1071903fbb1601210b5f20f672a2256acdb6e7d75619ab9ebcae22c5,schema_object,12,violation_7plus,0.06828885400313972,5,within_5,0.0,9,violation_7plus,0.375
Legacy qwen35_9b/pre_completion_recovery / returned generation,arxiv-500047,fcff490a64b2456f6c33424fb8d3c475d4f6fb19c9718bdd608d8cb06844c31b,7d6a30f817fbf29d8870291a6df50c5fa95336383fd0531f096b3ad990ac6ecb,schema_object,12,violation_7plus,0.06636155606407322,16,violation_7plus,0.8861439312567132,9,violation_7plus,0.1836734693877551
Legacy ornith15_9b / final,bethgelab-10000,7fcd8ad1ec13aa789ceccd25ade8944690a8825a63727038dada658417498a13,9be5cd26633018adcbb3c6d196a9a1803fdbdfa448cf5835dbc0d6ad31c7f388,schema_object,7,violation_7plus,0.05204460966542751,5,within_5,0.0,12,violation_7plus,0.45
Legacy ornith15_9b / returned generation,bethgelab-10000,7fcd8ad1ec13aa789ceccd25ade8944690a8825a63727038dada658417498a13,ad879cbc7ca48c429f8e56afeed4a916f51be0a5a093d658a8c5d6ce4300aacd,schema_object,7,violation_7plus,0.05143277002204261,18,violation_7plus,0.9148816234498309,12,violation_7plus,0.45
Legacy qwen27b / final,bethgelab-10000,7fcd8ad1ec13aa789ceccd25ade8944690a8825a63727038dada658417498a13,f55ca9be55eda19adebd8f1f0c7ad4c5e7247972624af231fe3f804288c5b880,schema_object,9,violation_7plus,0.09837728194726167,3,within_5,0.0,12,violation_7plus,0.4864864864864865
Legacy qwen27b / returned generation,bethgelab-10000,7fcd8ad1ec13aa789ceccd25ade8944690a8825a63727038dada658417498a13,5590987787eafd8729017897c068f0fe6d62becc60d7e0bced85eaf171abba50,schema_object,9,violation_7plus,0.08151260504201681,3,within_5,0.0,12,violation_7plus,0.4864864864864865
Legacy qwen27b / returned field_repair,bethgelab-10000,7fcd8ad1ec13aa789ceccd25ade8944690a8825a63727038dada658417498a13,1bf9cf389240e0398c03394163f7fff0c9c5099951b205f814323945d6e7fdc1,schema_object,5,within_5,0.0,3,within_5,0.0,0,within_5,0
Legacy qwen27b / returned field_repair,bethgelab-10000,7fcd8ad1ec13aa789ceccd25ade8944690a8825a63727038dada658417498a13,8ef04e85d816f9e3648ff84bcad0f9221090e56a08b0dfc78e59efc76a9d48c2,schema_object,0,within_5,0,0,within_5,0,0,within_5,0
Legacy qwen35_9b / final,bethgelab-10000,7fcd8ad1ec13aa789ceccd25ade8944690a8825a63727038dada658417498a13,c89c9d6c64beb38cfb670ccbe288b2a913c67517ee6022853ff0c037430ff610,schema_object,22,violation_7plus,0.544360902255639,5,within_5,0.0,12,violation_7plus,0.47368421052631576
Legacy qwen35_9b / returned generation,bethgelab-10000,7fcd8ad1ec13aa789ceccd25ade8944690a8825a63727038dada658417498a13,8b18e754cab7c9a4ffae500415d794ca1385cd3f6e113abfae18e7088119c9e3,schema_object,22,violation_7plus,0.5343173431734317,19,violation_7plus,0.9137055837563451,12,violation_7plus,0.2857142857142857
Legacy qwen35_9b/pre_completion_recovery / final,bethgelab-10000,7fcd8ad1ec13aa789ceccd25ade8944690a8825a63727038dada658417498a13,c89c9d6c64beb38cfb670ccbe288b2a913c67517ee6022853ff0c037430ff610,schema_object,22,violation_7plus,0.544360902255639,5,within_5,0.0,12,violation_7plus,0.47368421052631576
Legacy qwen35_9b/pre_completion_recovery / returned generation,bethgelab-10000,7fcd8ad1ec13aa789ceccd25ade8944690a8825a63727038dada658417498a13,8b18e754cab7c9a4ffae500415d794ca1385cd3f6e113abfae18e7088119c9e3,schema_object,22,violation_7plus,0.5343173431734317,19,violation_7plus,0.9137055837563451,12,violation_7plus,0.2857142857142857
Legacy ornith15_9b / final,bethgelab-100001,1dad06f32bca0d6bab2e043a9a5f11a944b26effd7412130afeace3d9f30574c,99ca9bb1542fa58f975bcd5053660be52d6a8015ccddbd984d40f82dbb69aa85,schema_object,16,violation_7plus,0.3458823529411765,5,within_5,0.0,18,violation_7plus,0.4864864864864865
Legacy ornith15_9b / returned generation,bethgelab-100001,1dad06f32bca0d6bab2e043a9a5f11a944b26effd7412130afeace3d9f30574c,f3c808132512a56f8c5f94df7320a06f277f6c3f3875e0a7b447088b90921c40,schema_object,16,violation_7plus,0.3328301886792453,10,violation_7plus,0.5782608695652174,18,violation_7plus,0.26865671641791045
Legacy qwen27b / final,bethgelab-100001,1dad06f32bca0d6bab2e043a9a5f11a944b26effd7412130afeace3d9f30574c,fc7374f2dfd1138f6d73c1e08833c4493ae396b9eb4045d6894bbdb361f64e96,schema_object,9,violation_7plus,0.1022964509394572,4,within_5,0.0,18,violation_7plus,0.5142857142857142
Legacy qwen27b / returned generation,bethgelab-100001,1dad06f32bca0d6bab2e043a9a5f11a944b26effd7412130afeace3d9f30574c,296cebc45be25c7c4b71d6cfda6437c1eee1565239279d01e81e54e84478bea9,schema_object,9,violation_7plus,0.1022964509394572,4,within_5,0.0,18,violation_7plus,0.5142857142857142
Legacy qwen35_9b / final,bethgelab-100001,1dad06f32bca0d6bab2e043a9a5f11a944b26effd7412130afeace3d9f30574c,6fd3a4426b97396c8ab1cb729c9a9b3cab7d034b26d0ff0eee5b211b54b4762b,schema_object,13,violation_7plus,0.2350791717417783,5,within_5,0.0,18,violation_7plus,0.5294117647058824
Legacy qwen35_9b / returned generation,bethgelab-100001,1dad06f32bca0d6bab2e043a9a5f11a944b26effd7412130afeace3d9f30574c,eda4f38cb4607fe472e553b50059661c8dac0134b25d84f1926564c5ff7f930c,schema_object,25,violation_7plus,0.3032967032967033,26,violation_7plus,0.9354005167958657,18,violation_7plus,0.3050847457627119
Legacy qwen35_9b/pre_completion_recovery / final,bethgelab-100001,1dad06f32bca0d6bab2e043a9a5f11a944b26effd7412130afeace3d9f30574c,6fd3a4426b97396c8ab1cb729c9a9b3cab7d034b26d0ff0eee5b211b54b4762b,schema_object,13,violation_7plus,0.2350791717417783,5,within_5,0.0,18,violation_7plus,0.5294117647058824
Legacy qwen35_9b/pre_completion_recovery / returned generation,bethgelab-100001,1dad06f32bca0d6bab2e043a9a5f11a944b26effd7412130afeace3d9f30574c,eda4f38cb4607fe472e553b50059661c8dac0134b25d84f1926564c5ff7f930c,schema_object,25,violation_7plus,0.3032967032967033,26,violation_7plus,0.9354005167958657,18,violation_7plus,0.3050847457627119
Legacy ornith15_9b / final,bethgelab-100002,9cfd749620877169e7af30ce0e929738eab4d6b0c917acbbc6b9983017bb5044,842185c6663d05e764e5aa89740546021e296e23c46aa72133e26f785202fcac,schema_object,23,violation_7plus,0.5254494808812358,5,within_5,0.0,11,violation_7plus,0.21153846153846154
Legacy ornith15_9b / returned generation,bethgelab-100002,9cfd749620877169e7af30ce0e929738eab4d6b0c917acbbc6b9983017bb5044,372415457b262a9990a766896313299cc00a97450266680b9755d852bdbd6d72,schema_object,23,violation_7plus,0.5213567839195979,9,violation_7plus,0.599037690457097,11,violation_7plus,0.13414634146341464
Legacy qwen27b / final,bethgelab-100002,9cfd749620877169e7af30ce0e929738eab4d6b0c917acbbc6b9983017bb5044,d58683fa1e14d0e34e33221bf1fe7362116bfcd51bbd9da3ee719a2a4cca38a1,schema_object,10,violation_7plus,0.1395112016293279,5,within_5,0.0,11,violation_7plus,0.23404255319148937
Legacy qwen27b / returned generation,bethgelab-100002,9cfd749620877169e7af30ce0e929738eab4d6b0c917acbbc6b9983017bb5044,84a641f103f5d44b84a1b00e6bab5caf12d16d52b911e7c2f13a2d63d4f1eb05,schema_object,10,violation_7plus,0.1395112016293279,5,within_5,0.0,11,violation_7plus,0.23404255319148937
Legacy qwen35_9b / final,bethgelab-100002,9cfd749620877169e7af30ce0e929738eab4d6b0c917acbbc6b9983017bb5044,632890363ecf3f4058bd935d26806710c699dca725acc55a99d48cb390981ade,schema_object,21,violation_7plus,0.47062888735314445,5,within_5,0.0,11,violation_7plus,0.22916666666666666
Legacy qwen35_9b / returned generation,bethgelab-100002,9cfd749620877169e7af30ce0e929738eab4d6b0c917acbbc6b9983017bb5044,c52664ac6429fc0d93448d7bdbaf3c9e15cfc46fbb95178b9730cc9be12931db,schema_object,21,violation_7plus,0.435785536159601,28,violation_7plus,0.9736644093303235,11,violation_7plus,0.10679611650485436
Legacy qwen35_9b/pre_completion_recovery / final,bethgelab-100002,9cfd749620877169e7af30ce0e929738eab4d6b0c917acbbc6b9983017bb5044,632890363ecf3f4058bd935d26806710c699dca725acc55a99d48cb390981ade,schema_object,21,violation_7plus,0.47062888735314445,5,within_5,0.0,11,violation_7plus,0.22916666666666666
Legacy qwen35_9b/pre_completion_recovery / returned generation,bethgelab-100002,9cfd749620877169e7af30ce0e929738eab4d6b0c917acbbc6b9983017bb5044,c52664ac6429fc0d93448d7bdbaf3c9e15cfc46fbb95178b9730cc9be12931db,schema_object,21,violation_7plus,0.435785536159601,28,violation_7plus,0.9736644093303235,11,violation_7plus,0.10679611650485436
Legacy ornith15_9b / final,bethgelab-100003,191f8cffbe90985061b6946db049ff8f556f014bb0268187a365732f60fc01eb,6d80a18815122a3469f8d8645924679a4878cbf3478647f12a7479e9a50175a4,schema_object,31,violation_7plus,0.370304114490161,5,within_5,0.0,18,violation_7plus,0.2857142857142857
Legacy ornith15_9b / returned generation / unparsed text diagnostic,bethgelab-100003,191f8cffbe90985061b6946db049ff8f556f014bb0268187a365732f60fc01eb,33d363211be938e7e3e9287412c3ff3cf7e3c79aa69d90e05239b6f1f30d690e,unparsed_returned_text,48,violation_7plus,0.7631051949581812,0,within_5,0,0,within_5,0
Legacy ornith15_9b / returned generation,bethgelab-100003,191f8cffbe90985061b6946db049ff8f556f014bb0268187a365732f60fc01eb,828f39ff4940e37f207cf8fa1fd3740df382180db9999fb59f5c50e56e80d45f,schema_object,31,violation_7plus,0.35979142526071844,17,violation_7plus,0.9343434343434344,18,violation_7plus,0.2857142857142857
Legacy qwen27b / final,bethgelab-100003,191f8cffbe90985061b6946db049ff8f556f014bb0268187a365732f60fc01eb,5832c54a20b08c71a6a5b07201bd8234ca51e2365db35cec6a35ff32341d7db8,schema_object,15,violation_7plus,0.35837353549276363,5,within_5,0.0,18,violation_7plus,0.391304347826087
Legacy qwen27b / returned generation,bethgelab-100003,191f8cffbe90985061b6946db049ff8f556f014bb0268187a365732f60fc01eb,06c7bca2e7f19439ada89227d567316c4094ca8f56804f891a3c228d2d792425,schema_object,15,violation_7plus,0.35206499661475965,4,within_5,0.0,18,violation_7plus,0.391304347826087
Legacy qwen27b / returned field_repair,bethgelab-100003,191f8cffbe90985061b6946db049ff8f556f014bb0268187a365732f60fc01eb,78fce91e2bba58cfa1d167e61a9dd26a819e7811e9c82219ede58cb363da2a78,schema_object,15,violation_7plus,0.3920792079207921,4,within_5,0.0,0,within_5,0
Legacy qwen27b / returned field_repair,bethgelab-100003,191f8cffbe90985061b6946db049ff8f556f014bb0268187a365732f60fc01eb,674e0a444cd71953282c3c2f7f7184449bb0b968076a9acdbb1a16999e35eedf,schema_object,15,violation_7plus,0.5251572327044025,4,within_5,0.0,0,within_5,0
Legacy qwen35_9b / final,bethgelab-100003,191f8cffbe90985061b6946db049ff8f556f014bb0268187a365732f60fc01eb,3a99a73015f30136cd592d7664fba632d68fee9c64a8b6131d389a51f7be8528,schema_object,16,violation_7plus,0.2909245122985581,5,within_5,0.0,18,violation_7plus,0.3829787234042553
Legacy qwen35_9b / returned generation,bethgelab-100003,191f8cffbe90985061b6946db049ff8f556f014bb0268187a365732f60fc01eb,696e5e25ef6fe3c3f6000e13289841036c2ce92fa4c31d311d9c0f2e9a172d8a,schema_object,16,violation_7plus,0.253698224852071,16,violation_7plus,0.9723451327433629,18,violation_7plus,0.25
Legacy qwen35_9b/pre_completion_recovery / final,bethgelab-100003,191f8cffbe90985061b6946db049ff8f556f014bb0268187a365732f60fc01eb,3a99a73015f30136cd592d7664fba632d68fee9c64a8b6131d389a51f7be8528,schema_object,16,violation_7plus,0.2909245122985581,5,within_5,0.0,18,violation_7plus,0.3829787234042553
Legacy qwen35_9b/pre_completion_recovery / returned generation,bethgelab-100003,191f8cffbe90985061b6946db049ff8f556f014bb0268187a365732f60fc01eb,696e5e25ef6fe3c3f6000e13289841036c2ce92fa4c31d311d9c0f2e9a172d8a,schema_object,16,violation_7plus,0.253698224852071,16,violation_7plus,0.9723451327433629,18,violation_7plus,0.25
Legacy ornith15_9b / final,bethgelab-100015,b2c521e823368d1812a8d64440899ae15551afa85a6d1109d734898ee3b5a08f,9fdc66501e9bd647649310ab6f0e5c9273e6c7a82b66bf54b2f228c9ed46ce98,schema_object,22,violation_7plus,0.4817102137767221,5,within_5,0.0,14,violation_7plus,0.32558139534883723
Legacy ornith15_9b / returned generation / unparsed text diagnostic,bethgelab-100015,b2c521e823368d1812a8d64440899ae15551afa85a6d1109d734898ee3b5a08f,12da74eab8daca3d907eea1680d521ce21dba01268d7ec1596e3423d4ba29f9e,unparsed_returned_text,23,violation_7plus,0.2120376047414674,0,within_5,0,0,within_5,0
Legacy ornith15_9b / returned generation,bethgelab-100015,b2c521e823368d1812a8d64440899ae15551afa85a6d1109d734898ee3b5a08f,3d81258965240881128e127bea32753b7a98b134ffd512113ae507b42c31beed,schema_object,22,violation_7plus,0.47650375939849626,25,violation_7plus,0.9647887323943662,14,violation_7plus,0.18421052631578946
Legacy qwen27b / final,bethgelab-100015,b2c521e823368d1812a8d64440899ae15551afa85a6d1109d734898ee3b5a08f,45a3717966ad2af1efa3a5bf8cad66b509df89b18a547a56424d0c4e93b7bcc0,schema_object,16,violation_7plus,0.12749003984063745,5,within_5,0.0,14,violation_7plus,0.358974358974359
Legacy qwen27b / returned generation,bethgelab-100015,b2c521e823368d1812a8d64440899ae15551afa85a6d1109d734898ee3b5a08f,083a797e3e14f985133c5d8fcbb80cfe3ee1bad4541766ca19904f0eb7845920,schema_object,16,violation_7plus,0.12749003984063745,5,within_5,0.0,14,violation_7plus,0.358974358974359
Legacy qwen27b / returned field_repair,bethgelab-100015,b2c521e823368d1812a8d64440899ae15551afa85a6d1109d734898ee3b5a08f,07ed209f2c2ffc155197c451dd3a57f662c702a3049ff218575b79e5478d6942,schema_object,8,violation_7plus,0.15056179775280898,5,within_5,0.0,0,within_5,0
Legacy qwen35_9b / final,bethgelab-100015,b2c521e823368d1812a8d64440899ae15551afa85a6d1109d734898ee3b5a08f,507cf7ebf232c2cdb4675df88ec4ee5317b0a824b912cf38510e6879b4503214,schema_object,16,violation_7plus,0.14109742441209405,5,within_5,0.0,14,violation_7plus,0.3684210526315789
Legacy qwen35_9b / returned generation,bethgelab-100015,b2c521e823368d1812a8d64440899ae15551afa85a6d1109d734898ee3b5a08f,174068cde1c308c34da070a7fa845fb2baeb7bb4f25a386d3a7fba46c66399b2,schema_object,16,violation_7plus,0.1339001062699256,17,violation_7plus,0.7893835616438356,14,violation_7plus,0.2222222222222222
Legacy qwen35_9b/pre_completion_recovery / final,bethgelab-100015,b2c521e823368d1812a8d64440899ae15551afa85a6d1109d734898ee3b5a08f,507cf7ebf232c2cdb4675df88ec4ee5317b0a824b912cf38510e6879b4503214,schema_object,16,violation_7plus,0.14109742441209405,5,within_5,0.0,14,violation_7plus,0.3684210526315789
Legacy qwen35_9b/pre_completion_recovery / returned generation,bethgelab-100015,b2c521e823368d1812a8d64440899ae15551afa85a6d1109d734898ee3b5a08f,174068cde1c308c34da070a7fa845fb2baeb7bb4f25a386d3a7fba46c66399b2,schema_object,16,violation_7plus,0.1339001062699256,17,violation_7plus,0.7893835616438356,14,violation_7plus,0.2222222222222222
Legacy ornith15_9b / final,bethgelab-100026,76809edc3a81a1b01bf93be36eb56d891fdab656023bbf75ddf1a39e60d592f2,195e1d7746e43b2ddf75ae5b543dad0f16fa3ff644795ca62d17c67abaca3ce2,schema_object,18,violation_7plus,0.2100965107646622,5,within_5,0.0,17,violation_7plus,0.7619047619047619
Legacy ornith15_9b / returned generation,bethgelab-100026,76809edc3a81a1b01bf93be36eb56d891fdab656023bbf75ddf1a39e60d592f2,de97118ef6de1e868413bb9487423cf8dd652e5518bc891cddde1a76e50dc7aa,schema_object,20,violation_7plus,0.2569678407350689,19,violation_7plus,0.8823529411764706,17,violation_7plus,0.7804878048780488
Legacy ornith15_9b / returned generation / unparsed text diagnostic,bethgelab-100026,76809edc3a81a1b01bf93be36eb56d891fdab656023bbf75ddf1a39e60d592f2,9b08a8eda6d35ea58d96a86c9167c5a0f1582a7fd946091f99e63147f4451a60,unparsed_returned_text,15,violation_7plus,0.08465831315152153,0,within_5,0,0,within_5,0
Legacy ornith15_9b / returned generation,bethgelab-100026,76809edc3a81a1b01bf93be36eb56d891fdab656023bbf75ddf1a39e60d592f2,eb7a89eb24b39d5c7897c82fc7385f859c2e771f17586c87702602b95a1892d4,schema_object,18,violation_7plus,0.20330459770114942,26,violation_7plus,0.955249569707401,17,violation_7plus,0.7619047619047619
Legacy qwen27b / final,bethgelab-100026,76809edc3a81a1b01bf93be36eb56d891fdab656023bbf75ddf1a39e60d592f2,bf94ddd1234bc6b3666dc9b491ca53bcd896c0e0f5c3cc25bff537eff272bb55,schema_object,11,violation_7plus,0.201555023923445,5,within_5,0.0,17,violation_7plus,0.8421052631578947
Legacy qwen27b / returned generation,bethgelab-100026,76809edc3a81a1b01bf93be36eb56d891fdab656023bbf75ddf1a39e60d592f2,971458baf1e8d3799bb4b83524eef85d181a6f2cb7d91a75d6c26b706b1227a5,schema_object,11,violation_7plus,0.19593023255813954,5,within_5,0.0,17,violation_7plus,0.8421052631578947
Legacy qwen27b / returned field_repair,bethgelab-100026,76809edc3a81a1b01bf93be36eb56d891fdab656023bbf75ddf1a39e60d592f2,5faff615c8659abf93e72a9619cab582928ce3b86eb0ad1335e5ec009b0e7442,schema_object,8,violation_7plus,0.12890625,5,within_5,0.0,0,within_5,0
Legacy qwen35_9b / final,bethgelab-100026,76809edc3a81a1b01bf93be36eb56d891fdab656023bbf75ddf1a39e60d592f2,6b5276cc8a42b633ba650c2dde8ba59a95216be2565041cb8b867c6337b1c6f4,schema_object,10,violation_7plus,0.10121951219512196,5,within_5,0.0,15,violation_7plus,0.6
Legacy qwen35_9b / returned generation,bethgelab-100026,76809edc3a81a1b01bf93be36eb56d891fdab656023bbf75ddf1a39e60d592f2,39d91a54eee49e5127a8a987e8273dee96810543e16418e2c92be0c41ec889fc,schema_object,10,violation_7plus,0.08727655099894847,20,violation_7plus,0.44534412955465585,15,violation_7plus,0.3
Legacy qwen35_9b/pre_completion_recovery / final,bethgelab-100026,76809edc3a81a1b01bf93be36eb56d891fdab656023bbf75ddf1a39e60d592f2,6b5276cc8a42b633ba650c2dde8ba59a95216be2565041cb8b867c6337b1c6f4,schema_object,10,violation_7plus,0.10121951219512196,5,within_5,0.0,15,violation_7plus,0.6
Legacy qwen35_9b/pre_completion_recovery / returned generation,bethgelab-100026,76809edc3a81a1b01bf93be36eb56d891fdab656023bbf75ddf1a39e60d592f2,39d91a54eee49e5127a8a987e8273dee96810543e16418e2c92be0c41ec889fc,schema_object,10,violation_7plus,0.08727655099894847,20,violation_7plus,0.44534412955465585,15,violation_7plus,0.3
Legacy ornith15_9b / final,bethgelab-100027,d0a94ffc1733d8e398e0d039e28cff7e4b6cb5d0c12246b1bea4712d3ea0c6ac,cd344ba9c43da32cc3da9e09231987b4dae56eaff0022793bbdb0a75508ece49,schema_object,9,violation_7plus,0.09461152882205513,5,within_5,0.0,14,violation_7plus,0.4375
Legacy ornith15_9b / returned generation / unparsed text diagnostic,bethgelab-100027,d0a94ffc1733d8e398e0d039e28cff7e4b6cb5d0c12246b1bea4712d3ea0c6ac,f9d58a92dcf6b7b61430a6b7cabf7df7ac33bb624289683dd1c809b4e14a91cc,unparsed_returned_text,40,violation_7plus,0.7910505460519958,0,within_5,0,0,within_5,0
Legacy ornith15_9b / returned generation,bethgelab-100027,d0a94ffc1733d8e398e0d039e28cff7e4b6cb5d0c12246b1bea4712d3ea0c6ac,3db4e2ec7fb1f472e351a0efd72d071775c566579449b62d28c84990c3b91a64,schema_object,10,violation_7plus,0.09423828125,26,violation_7plus,0.9797101449275363,14,violation_7plus,0.208955223880597
Legacy qwen27b / final,bethgelab-100027,d0a94ffc1733d8e398e0d039e28cff7e4b6cb5d0c12246b1bea4712d3ea0c6ac,12d4dc1a17524c3d3ee3ab42795617c277da9861ece6cbde528e3c67cd3eecb6,schema_object,11,violation_7plus,0.127826941986234,4,within_5,0.0,14,violation_7plus,0.5185185185185185
Legacy qwen27b / returned generation,bethgelab-100027,d0a94ffc1733d8e398e0d039e28cff7e4b6cb5d0c12246b1bea4712d3ea0c6ac,a894d9ad50f368c77342fa6eef8c4a18ed7d5e46f9bc5cf98a09773e19e553d7,schema_object,11,violation_7plus,0.127826941986234,4,within_5,0.0,14,violation_7plus,0.5185185185185185
Legacy qwen27b / returned field_repair,bethgelab-100027,d0a94ffc1733d8e398e0d039e28cff7e4b6cb5d0c12246b1bea4712d3ea0c6ac,5443b1b46198c03fddf929676dc8801251520e5f09a3f48e857f8fcf7c53ce21,schema_object,11,violation_7plus,0.2553846153846154,4,within_5,0.0,0,within_5,0
Legacy qwen35_9b / final,bethgelab-100027,d0a94ffc1733d8e398e0d039e28cff7e4b6cb5d0c12246b1bea4712d3ea0c6ac,8e22c0abd4d2e37c7ce70d2fafbb6c4525456a6d3eb45925e9178237672bba5f,schema_object,23,violation_7plus,0.6805128205128205,5,within_5,0.0,14,violation_7plus,0.4827586206896552
Legacy qwen35_9b / returned generation,bethgelab-100027,d0a94ffc1733d8e398e0d039e28cff7e4b6cb5d0c12246b1bea4712d3ea0c6ac,77b03b6f0b3a81943977dcd40631761383fd3f6566790d382708a126b6ae6ef8,schema_object,23,violation_7plus,0.6742886178861789,19,violation_7plus,0.8622047244094488,14,violation_7plus,0.25925925925925924
Legacy qwen35_9b/pre_completion_recovery / final,bethgelab-100027,d0a94ffc1733d8e398e0d039e28cff7e4b6cb5d0c12246b1bea4712d3ea0c6ac,8e22c0abd4d2e37c7ce70d2fafbb6c4525456a6d3eb45925e9178237672bba5f,schema_object,23,violation_7plus,0.6805128205128205,5,within_5,0.0,14,violation_7plus,0.4827586206896552
Legacy qwen35_9b/pre_completion_recovery / returned generation,bethgelab-100027,d0a94ffc1733d8e398e0d039e28cff7e4b6cb5d0c12246b1bea4712d3ea0c6ac,77b03b6f0b3a81943977dcd40631761383fd3f6566790d382708a126b6ae6ef8,schema_object,23,violation_7plus,0.6742886178861789,19,violation_7plus,0.8622047244094488,14,violation_7plus,0.25925925925925924
Legacy ornith15_9b / final,bethgelab-10003,e7cd528ba416b11b6aab2a6fd81b6328a5833daeb921827420f580cb236ca865,5284b0977b99e3d4772bf8b28dc7c6cba3b471c7345027e46ecdf38205088a34,schema_object,41,violation_7plus,0.6706629055007052,5,within_5,0.0,14,violation_7plus,0.5789473684210527
Legacy ornith15_9b / returned generation,bethgelab-10003,e7cd528ba416b11b6aab2a6fd81b6328a5833daeb921827420f580cb236ca865,81a58701899c27f3eff5823925a50944ffc211fd90b64a925924de3b0a256901,schema_object,41,violation_7plus,0.6387870709763412,26,violation_7plus,0.9575200918484501,14,violation_7plus,0.3492063492063492
Legacy qwen27b / final,bethgelab-10003,e7cd528ba416b11b6aab2a6fd81b6328a5833daeb921827420f580cb236ca865,fa3183daea6c960765cf2207a14944b86745e0ad5ae129243bdcc7e57e1af7c2,schema_object,15,violation_7plus,0.24427480916030533,5,within_5,0.0,14,violation_7plus,0.7857142857142857
Legacy qwen27b / returned generation,bethgelab-10003,e7cd528ba416b11b6aab2a6fd81b6328a5833daeb921827420f580cb236ca865,c32284a93a43c518dab6fd8016167d80b8602d8a7a0c4ae4bbfcdcd2c6dbc2f7,schema_object,15,violation_7plus,0.24427480916030533,5,within_5,0.0,14,violation_7plus,0.7857142857142857
Legacy qwen27b / returned field_repair,bethgelab-10003,e7cd528ba416b11b6aab2a6fd81b6328a5833daeb921827420f580cb236ca865,2c427bd71505cc2ee6b7d7acb17a7abf799bd69c4ea111dd239de5cbbf6264b4,schema_object,11,violation_7plus,0.291044776119403,5,within_5,0.0,0,within_5,0
Legacy qwen27b / returned field_repair,bethgelab-10003,e7cd528ba416b11b6aab2a6fd81b6328a5833daeb921827420f580cb236ca865,92dd7bf1ede03bfc833b84f68b707d7b9e222aeb04b1398543bc0a95720f2e55,schema_object,11,violation_7plus,0.291044776119403,5,within_5,0.0,0,within_5,0
Legacy qwen35_9b / final,bethgelab-10003,e7cd528ba416b11b6aab2a6fd81b6328a5833daeb921827420f580cb236ca865,b3c59efe7617ed2ecdab044016bf90f39fb7eda663d853422638680f71712869,schema_object,29,violation_7plus,0.6603462489694971,5,within_5,0.0,14,violation_7plus,0.7586206896551724
Legacy qwen35_9b / returned generation,bethgelab-10003,e7cd528ba416b11b6aab2a6fd81b6328a5833daeb921827420f580cb236ca865,5b578cef8c704d7c06feee5fbf423fb661d21e9f770b95a6c1463d9a32c729e7,schema_object,29,violation_7plus,0.6469175340272217,18,violation_7plus,0.747588424437299,14,violation_7plus,0.4074074074074074
Legacy qwen35_9b/pre_completion_recovery / final,bethgelab-10003,e7cd528ba416b11b6aab2a6fd81b6328a5833daeb921827420f580cb236ca865,b3c59efe7617ed2ecdab044016bf90f39fb7eda663d853422638680f71712869,schema_object,29,violation_7plus,0.6603462489694971,5,within_5,0.0,14,violation_7plus,0.7586206896551724
Legacy qwen35_9b/pre_completion_recovery / returned generation,bethgelab-10003,e7cd528ba416b11b6aab2a6fd81b6328a5833daeb921827420f580cb236ca865,5b578cef8c704d7c06feee5fbf423fb661d21e9f770b95a6c1463d9a32c729e7,schema_object,29,violation_7plus,0.6469175340272217,18,violation_7plus,0.747588424437299,14,violation_7plus,0.4074074074074074
Legacy ornith15_9b / final,bethgelab-100037,475da814ff8aee7689b47bcfab425741f38e34a74e4e6dbfca2d6ed825526487,02ce24a031639af1d6d980b4730d789f7fc456e420a9b2461cd4dcbbada9b9e6,schema_object,48,violation_7plus,0.7906832298136646,5,within_5,0.0,29,violation_7plus,0.4915254237288136
Legacy ornith15_9b / returned generation,bethgelab-100037,475da814ff8aee7689b47bcfab425741f38e34a74e4e6dbfca2d6ed825526487,d31311f4659aad101d60b0a7d02dbdb01454a6efed50e758c6130754e1965810,schema_object,48,violation_7plus,0.7451395572666025,15,violation_7plus,0.8423871461361897,29,violation_7plus,0.34523809523809523
Legacy qwen27b / final,bethgelab-100037,475da814ff8aee7689b47bcfab425741f38e34a74e4e6dbfca2d6ed825526487,f080c8002e09ae3fa0b6ae923e97635c128c4dd20abef5ee0559ecfe07ab9827,schema_object,8,violation_7plus,0.09950248756218906,3,within_5,0.0,29,violation_7plus,0.58
Legacy qwen27b / returned generation,bethgelab-100037,475da814ff8aee7689b47bcfab425741f38e34a74e4e6dbfca2d6ed825526487,d69b2a8f7498fb56a7620394776e6bbf7b8396f204cec49ab3f78ea47e3acd77,schema_object,8,violation_7plus,0.09950248756218906,3,within_5,0.0,29,violation_7plus,0.58
Legacy qwen35_9b / final,bethgelab-100037,475da814ff8aee7689b47bcfab425741f38e34a74e4e6dbfca2d6ed825526487,d7d7cb1e8f1049a8bae06f023c2f68cadcebdb0caa1a7c6c3ec2c4f33d567a25,schema_object,14,violation_7plus,0.21872659176029963,5,within_5,0.0,29,violation_7plus,0.58
Legacy qwen35_9b / returned generation,bethgelab-100037,475da814ff8aee7689b47bcfab425741f38e34a74e4e6dbfca2d6ed825526487,b95bfad2a4310235ec0f06921043df5a4b529a963155e65f8ad488ef3f4dfab8,schema_object,14,violation_7plus,0.2166172106824926,18,violation_7plus,0.86003861003861,29,violation_7plus,0.38666666666666666
Legacy qwen35_9b/pre_completion_recovery / final,bethgelab-100037,475da814ff8aee7689b47bcfab425741f38e34a74e4e6dbfca2d6ed825526487,d7d7cb1e8f1049a8bae06f023c2f68cadcebdb0caa1a7c6c3ec2c4f33d567a25,schema_object,14,violation_7plus,0.21872659176029963,5,within_5,0.0,29,violation_7plus,0.58
Legacy qwen35_9b/pre_completion_recovery / returned generation,bethgelab-100037,475da814ff8aee7689b47bcfab425741f38e34a74e4e6dbfca2d6ed825526487,b95bfad2a4310235ec0f06921043df5a4b529a963155e65f8ad488ef3f4dfab8,schema_object,14,violation_7plus,0.2166172106824926,18,violation_7plus,0.86003861003861,29,violation_7plus,0.38666666666666666
Legacy ornith15_9b / final,bethgelab-10004,532e636d9c400b73e899230f07b83f2e3d63e833cdff05dfcaf20da104624d78,5a7c8886d7e225a904c964fe95b140880c18fde82059b60075026dc4cf97be0a,schema_object,12,violation_7plus,0.06660823838737949,5,within_5,0.0,8,violation_7plus,0.2962962962962963
Legacy ornith15_9b / returned generation / unparsed text diagnostic,bethgelab-10004,532e636d9c400b73e899230f07b83f2e3d63e833cdff05dfcaf20da104624d78,e83a951f7263c148efe8b766d5b083d56deeb9e589536ba76c98fffaf40ac857,unparsed_returned_text,24,violation_7plus,0.1538942107455227,0,within_5,0,0,within_5,0
Legacy ornith15_9b / returned generation,bethgelab-10004,532e636d9c400b73e899230f07b83f2e3d63e833cdff05dfcaf20da104624d78,b33d5763d90ac86a7b5e3a7b818367e81eda153f42bc0b3ea005926a4bf70613,schema_object,13,violation_7plus,0.08059701492537313,0,within_5,0,8,violation_7plus,0.2857142857142857
Legacy ornith15_9b / returned generation,bethgelab-10004,532e636d9c400b73e899230f07b83f2e3d63e833cdff05dfcaf20da104624d78,aecbdd093f58522aa9388a369e0ec2253dd7725ba5ad25f20cb9113e953e6a73,schema_object,12,violation_7plus,0.062448644207066556,18,violation_7plus,0.8973384030418251,8,violation_7plus,0.2962962962962963
Legacy ornith15_9b_dflash20/baseline / final,bethgelab-10004,532e636d9c400b73e899230f07b83f2e3d63e833cdff05dfcaf20da104624d78,abf539e5d4eb191116b7dbbf73b48fcd09362ec9a93189d71bbbca758cc7121b,schema_object,13,violation_7plus,0.05979543666404406,5,within_5,0.0,8,violation_7plus,0.3076923076923077
Legacy ornith15_9b_dflash20/baseline / returned generation,bethgelab-10004,532e636d9c400b73e899230f07b83f2e3d63e833cdff05dfcaf20da104624d78,53efd89f04df8e5841e072be157600653f303fa724a0b1fc1efd545ef04ddf12,schema_object,13,violation_7plus,0.056716417910447764,12,violation_7plus,0.441233140655106,8,violation_7plus,0.25806451612903225
Legacy ornith15_9b_dflash20/dflash / final,bethgelab-10004,532e636d9c400b73e899230f07b83f2e3d63e833cdff05dfcaf20da104624d78,f601ebf69aad54d01dfd6a35c754b493813e9f5ad25d0ea02e64415256d0c9b7,schema_object,37,violation_7plus,0.7341430499325237,5,within_5,0.0,16,violation_7plus,0.5714285714285714
Legacy ornith15_9b_dflash20/dflash / returned generation,bethgelab-10004,532e636d9c400b73e899230f07b83f2e3d63e833cdff05dfcaf20da104624d78,fa8e930f8b2bc8687bee3ec78839d296ac5cc01a091bedde52c8cca6e12c1d52,schema_object,37,violation_7plus,0.6588615260395639,41,violation_7plus,0.9231082180634662,16,violation_7plus,0.5714285714285714
Legacy qwen27b / final,bethgelab-10004,532e636d9c400b73e899230f07b83f2e3d63e833cdff05dfcaf20da104624d78,351172364516f60c6181849901ba54359ed726d3b1856961fdc0f55885b9f1c2,schema_object,10,violation_7plus,0.2024793388429752,4,within_5,0.0,8,violation_7plus,0.47058823529411764
Legacy qwen27b / returned generation,bethgelab-10004,532e636d9c400b73e899230f07b83f2e3d63e833cdff05dfcaf20da104624d78,86a598b9d5a27042ad7c53f156d4aaf749f86e2a0c981db845d2e5faab74a252,schema_object,10,violation_7plus,0.2024793388429752,4,within_5,0.0,8,violation_7plus,0.47058823529411764
Legacy qwen35_9b / final,bethgelab-10004,532e636d9c400b73e899230f07b83f2e3d63e833cdff05dfcaf20da104624d78,a83c96c69674ea1dec53d1f22de6d54dcff12e2ba30b475a11c8a387452a3ebd,schema_object,10,violation_7plus,0.18421052631578946,5,within_5,0.0,8,violation_7plus,0.4444444444444444
Legacy qwen35_9b / returned generation,bethgelab-10004,532e636d9c400b73e899230f07b83f2e3d63e833cdff05dfcaf20da104624d78,1393a49765bf95b2adfd62ef95eaced6b37e49e0af9649484b832172476ef3f3,schema_object,12,violation_7plus,0.19554695062923524,19,violation_7plus,0.5696864111498258,8,violation_7plus,0.18604651162790697
Legacy qwen35_9b/pre_completion_recovery / final,bethgelab-10004,532e636d9c400b73e899230f07b83f2e3d63e833cdff05dfcaf20da104624d78,a83c96c69674ea1dec53d1f22de6d54dcff12e2ba30b475a11c8a387452a3ebd,schema_object,10,violation_7plus,0.18421052631578946,5,within_5,0.0,8,violation_7plus,0.4444444444444444
Legacy qwen35_9b/pre_completion_recovery / returned generation,bethgelab-10004,532e636d9c400b73e899230f07b83f2e3d63e833cdff05dfcaf20da104624d78,1393a49765bf95b2adfd62ef95eaced6b37e49e0af9649484b832172476ef3f3,schema_object,12,violation_7plus,0.19554695062923524,19,violation_7plus,0.5696864111498258,8,violation_7plus,0.18604651162790697
Legacy ornith15_9b / final,bethgelab-100040,baacd8ccf76122818d147f4282a2a0720bbbbe1b1352bdfd10d8d2a97abbf7f0,6b9f123fea68969c85a288615f2b398318a5999b42015d0426deef107ffd5d81,schema_object,23,violation_7plus,0.2841666666666667,5,within_5,0.0,38,violation_7plus,0.8
Legacy ornith15_9b / returned generation,bethgelab-100040,baacd8ccf76122818d147f4282a2a0720bbbbe1b1352bdfd10d8d2a97abbf7f0,d11cac021acb0e1088f46c1d87f59081f9bf54f01f2a6f18f2044fdefb3dda99,schema_object,23,violation_7plus,0.2520069808027923,21,violation_7plus,0.8473066018631025,38,violation_7plus,0.5052631578947369
Legacy qwen27b / final,bethgelab-100040,baacd8ccf76122818d147f4282a2a0720bbbbe1b1352bdfd10d8d2a97abbf7f0,f6197d90db2c9edb68721242b47a045c0db1ffc134b6474cf179073c6c4aa479,schema_object,15,violation_7plus,0.12470308788598575,5,within_5,0.0,10,violation_7plus,0.37037037037037035
Legacy qwen27b / returned generation,bethgelab-100040,baacd8ccf76122818d147f4282a2a0720bbbbe1b1352bdfd10d8d2a97abbf7f0,1e34c04c460395feeb6308efa9a34bbda65a5b827bbbee4e1e88681f8bd35a99,schema_object,15,violation_7plus,0.12470308788598575,5,within_5,0.0,10,violation_7plus,0.37037037037037035
Legacy qwen35_9b / final,bethgelab-100040,baacd8ccf76122818d147f4282a2a0720bbbbe1b1352bdfd10d8d2a97abbf7f0,96dfaa209f292aec832a46e6346c4203d0743333a690bf84c427dab22e2b413c,schema_object,12,violation_7plus,0.15296803652968036,5,within_5,0.0,10,violation_7plus,0.5714285714285714
Legacy qwen35_9b / returned generation,bethgelab-100040,baacd8ccf76122818d147f4282a2a0720bbbbe1b1352bdfd10d8d2a97abbf7f0,07725f6149c95241ffb8c974007102b228fb7083450fdaadfe307017687cadf7,schema_object,12,violation_7plus,0.14938684503901895,17,violation_7plus,0.779320987654321,10,violation_7plus,0.5714285714285714
Legacy qwen35_9b/pre_completion_recovery / final,bethgelab-100040,baacd8ccf76122818d147f4282a2a0720bbbbe1b1352bdfd10d8d2a97abbf7f0,96dfaa209f292aec832a46e6346c4203d0743333a690bf84c427dab22e2b413c,schema_object,12,violation_7plus,0.15296803652968036,5,within_5,0.0,10,violation_7plus,0.5714285714285714
Legacy qwen35_9b/pre_completion_recovery / returned generation,bethgelab-100040,baacd8ccf76122818d147f4282a2a0720bbbbe1b1352bdfd10d8d2a97abbf7f0,07725f6149c95241ffb8c974007102b228fb7083450fdaadfe307017687cadf7,schema_object,12,violation_7plus,0.14938684503901895,17,violation_7plus,0.779320987654321,10,violation_7plus,0.5714285714285714
Legacy ornith15_9b / final,bethgelab-100048,894ece07744c3dff9486aad1b6536dbe0bef2872acbdf6fa5c7a027af65b2b72,14a9541c2cb49f7cf20eee4f07153488688b15661b3d80f9087af06a9e0a3256,schema_object,17,violation_7plus,0.36276948590381425,5,within_5,0.0,13,violation_7plus,0.43333333333333335
Legacy ornith15_9b / returned generation / unparsed text diagnostic,bethgelab-100048,894ece07744c3dff9486aad1b6536dbe0bef2872acbdf6fa5c7a027af65b2b72,c2f5addddc52212d6d0b4a8c124087f6f3861097a0bbee519e1d27925b6ae85c,unparsed_returned_text,16,violation_7plus,0.21063172828173246,0,within_5,0,0,within_5,0
Legacy ornith15_9b / returned generation / unparsed text diagnostic,bethgelab-100048,894ece07744c3dff9486aad1b6536dbe0bef2872acbdf6fa5c7a027af65b2b72,22e1273925d107f7a3e1f8a7f738bb75661909fbce4c01d6be67324da7398715,unparsed_returned_text,23,violation_7plus,0.5671904186353148,0,within_5,0,0,within_5,0
Legacy ornith15_9b / returned generation / unparsed text diagnostic,bethgelab-100048,894ece07744c3dff9486aad1b6536dbe0bef2872acbdf6fa5c7a027af65b2b72,7312063f5b2931144d5a49f050e7965c561c970da9a0094fa9f85a94ffc19b9b,unparsed_returned_text,25,violation_7plus,0.2253006253006253,0,within_5,0,0,within_5,0
Legacy ornith15_9b / returned generation,bethgelab-100048,894ece07744c3dff9486aad1b6536dbe0bef2872acbdf6fa5c7a027af65b2b72,641bf03e76fe6438800aea80dae5acf6937673e6d86f12a9ca697306ee95ab8f,schema_object,17,violation_7plus,0.35367825383993534,31,violation_7plus,0.9517819706498952,13,violation_7plus,0.43333333333333335
Legacy ornith15_9b / returned generation / unparsed text diagnostic,bethgelab-100048,894ece07744c3dff9486aad1b6536dbe0bef2872acbdf6fa5c7a027af65b2b72,43933cc8611b745b89ec2544657cee1411beb40e3189673da9888db47f7725b3,unparsed_returned_text,58,violation_7plus,0.46219890293346055,0,within_5,0,0,within_5,0
Legacy ornith15_9b / returned generation / unparsed text diagnostic,bethgelab-100048,894ece07744c3dff9486aad1b6536dbe0bef2872acbdf6fa5c7a027af65b2b72,886f551f4a5c4855cc66d83620c8db952580325ce5f848f099072933e1b55ef7,unparsed_returned_text,53,violation_7plus,0.41894609814963796,0,within_5,0,0,within_5,0
Legacy ornith15_9b / returned generation / unparsed text diagnostic,bethgelab-100048,894ece07744c3dff9486aad1b6536dbe0bef2872acbdf6fa5c7a027af65b2b72,bf7ea91a1fed8b5eba7847451fc837f4af70436adaa86de3e4e1246c5b647122,unparsed_returned_text,15,violation_7plus,0.022540551927533178,0,within_5,0,0,within_5,0
Legacy qwen27b / final,bethgelab-100048,894ece07744c3dff9486aad1b6536dbe0bef2872acbdf6fa5c7a027af65b2b72,b9c559966d53aea274be1d1ee9f37645164edf1e5fb26a4048f0a7c8d9580852,schema_object,10,violation_7plus,0.13505154639175257,5,within_5,0.0,13,violation_7plus,0.4482758620689655
Legacy qwen27b / returned generation,bethgelab-100048,894ece07744c3dff9486aad1b6536dbe0bef2872acbdf6fa5c7a027af65b2b72,06dc6ba90520289fbfda45afe2b3a6866e70cbe822d8b0782706e10d81da4b08,schema_object,10,violation_7plus,0.13505154639175257,5,within_5,0.0,13,violation_7plus,0.4482758620689655
Legacy qwen27b / returned field_repair,bethgelab-100048,894ece07744c3dff9486aad1b6536dbe0bef2872acbdf6fa5c7a027af65b2b72,4c966787ad9dd633f9bdcefe0334943694f31da9050c712df0705a4485564998,schema_object,9,violation_7plus,0.12082262210796915,5,within_5,0.0,0,within_5,0
Legacy qwen35_9b / final,bethgelab-100048,894ece07744c3dff9486aad1b6536dbe0bef2872acbdf6fa5c7a027af65b2b72,7aab3b50c95b8337473278bea42bca84c02545fdb7e981ff4f15feef2819e01b,schema_object,12,violation_7plus,0.2191358024691358,5,within_5,0.0,13,violation_7plus,0.48148148148148145
Legacy qwen35_9b / returned generation,bethgelab-100048,894ece07744c3dff9486aad1b6536dbe0bef2872acbdf6fa5c7a027af65b2b72,e532f33dd075334c9e8dd79788be2f5468fefe09c54c874eb9c0b6cafcab2e52,schema_object,12,violation_7plus,0.21471774193548387,17,violation_7plus,0.9534591194968554,13,violation_7plus,0.25
Legacy qwen35_9b/pre_completion_recovery / final,bethgelab-100048,894ece07744c3dff9486aad1b6536dbe0bef2872acbdf6fa5c7a027af65b2b72,7aab3b50c95b8337473278bea42bca84c02545fdb7e981ff4f15feef2819e01b,schema_object,12,violation_7plus,0.2191358024691358,5,within_5,0.0,13,violation_7plus,0.48148148148148145
Legacy qwen35_9b/pre_completion_recovery / returned generation,bethgelab-100048,894ece07744c3dff9486aad1b6536dbe0bef2872acbdf6fa5c7a027af65b2b72,e532f33dd075334c9e8dd79788be2f5468fefe09c54c874eb9c0b6cafcab2e52,schema_object,12,violation_7plus,0.21471774193548387,17,violation_7plus,0.9534591194968554,13,violation_7plus,0.25
Legacy ornith15_9b / final,bethgelab-10013,e463ec5d1757c1fef5033ed44eafb650345ebd9f4b11f8f485ea18b3146d9bc9,d8dd76213f2d16a65deed244c0ce64193cdd9ffc0a972aebb27b29feb38a602e,schema_object,16,violation_7plus,0.19825978868862648,5,within_5,0.0,47,violation_7plus,0.7605633802816901
Legacy ornith15_9b / returned generation,bethgelab-10013,e463ec5d1757c1fef5033ed44eafb650345ebd9f4b11f8f485ea18b3146d9bc9,50e822cd21b02496a736970ca5c81cce4a505116f5edd3aad6ddac99a75a5854,schema_object,16,violation_7plus,0.1799210377890581,32,violation_7plus,0.8453159041394336,47,violation_7plus,0.5625
Legacy ornith15_9b_dflash20/baseline / final,bethgelab-10013,e463ec5d1757c1fef5033ed44eafb650345ebd9f4b11f8f485ea18b3146d9bc9,c47a6310807d465159dd695d39b1ef9ea007ec8ae8ffdf484393faf4db717aee,schema_object,34,violation_7plus,0.6012298959318827,5,within_5,0.0,7,violation_7plus,0.1891891891891892
Legacy ornith15_9b_dflash20/baseline / returned generation,bethgelab-10013,e463ec5d1757c1fef5033ed44eafb650345ebd9f4b11f8f485ea18b3146d9bc9,0aaf11d4112353448e8b741fae6515e41e75950ba2d0646669ecb5a605b4af59,schema_object,34,violation_7plus,0.5910326086956522,13,violation_7plus,0.7181818181818181,7,violation_7plus,0.11290322580645161
Legacy ornith15_9b_dflash20/dflash / final,bethgelab-10013,e463ec5d1757c1fef5033ed44eafb650345ebd9f4b11f8f485ea18b3146d9bc9,67aff4ea81539acb26e064bb01f5d7184d1767c154de17a0802ca1e4029ab91e,schema_object,36,violation_7plus,0.19718309859154928,5,within_5,0.0,7,violation_7plus,0.1891891891891892
Legacy ornith15_9b_dflash20/dflash / returned generation,bethgelab-10013,e463ec5d1757c1fef5033ed44eafb650345ebd9f4b11f8f485ea18b3146d9bc9,3bff0481d89f08902fecb0f5496d31fdb71c399f3c0f6a4f479fd389bd1f78f9,schema_object,36,violation_7plus,0.1848,14,violation_7plus,0.6690909090909091,7,violation_7plus,0.11290322580645161
Legacy qwen27b / final,bethgelab-10013,e463ec5d1757c1fef5033ed44eafb650345ebd9f4b11f8f485ea18b3146d9bc9,a0db62bdee769ad0fdbb21c970c293aa4ab8b02bc15b9cf7c2c41a3d8926e909,schema_object,16,violation_7plus,0.21893939393939393,4,within_5,0.0,7,violation_7plus,0.2413793103448276
Legacy qwen27b / returned generation,bethgelab-10013,e463ec5d1757c1fef5033ed44eafb650345ebd9f4b11f8f485ea18b3146d9bc9,6fd3a00e0ce5700030eece079cd9097907e669dfdcb6a67b428af58dc7a3d915,schema_object,16,violation_7plus,0.2161555721765146,4,within_5,0.0,7,violation_7plus,0.2413793103448276
Legacy qwen27b / returned field_repair,bethgelab-10013,e463ec5d1757c1fef5033ed44eafb650345ebd9f4b11f8f485ea18b3146d9bc9,59810b8802049541a7aba1f8d1ac8825740c6d8f9455797a3d4593f72b07545a,schema_object,14,violation_7plus,0.20654911838790932,4,within_5,0.0,0,within_5,0
Legacy qwen27b / returned field_repair,bethgelab-10013,e463ec5d1757c1fef5033ed44eafb650345ebd9f4b11f8f485ea18b3146d9bc9,9dd590b55403db1166e086ddec3b8a91b478cb1e9d12ef3869e6785f71dde8eb,schema_object,14,violation_7plus,0.21106821106821108,4,within_5,0.0,0,within_5,0
Legacy qwen35_9b / final,bethgelab-10013,e463ec5d1757c1fef5033ed44eafb650345ebd9f4b11f8f485ea18b3146d9bc9,f8f34f31eb310a1808dfa9593ac74a7eba0d13dd3ead4a6bf4f4c7d3b4f8a349,schema_object,15,violation_7plus,0.36013986013986016,5,within_5,0.0,7,violation_7plus,0.25
Legacy qwen35_9b / returned generation,bethgelab-10013,e463ec5d1757c1fef5033ed44eafb650345ebd9f4b11f8f485ea18b3146d9bc9,0c613577a388f3708f831b92c9d40a82447ac93c676ab6ee5bdce758e758af2d,schema_object,15,violation_7plus,0.3330638641875505,16,violation_7plus,0.9537037037037037,7,violation_7plus,0.1320754716981132
Legacy qwen35_9b/pre_completion_recovery / final,bethgelab-10013,e463ec5d1757c1fef5033ed44eafb650345ebd9f4b11f8f485ea18b3146d9bc9,f8f34f31eb310a1808dfa9593ac74a7eba0d13dd3ead4a6bf4f4c7d3b4f8a349,schema_object,15,violation_7plus,0.36013986013986016,5,within_5,0.0,7,violation_7plus,0.25
Legacy qwen35_9b/pre_completion_recovery / returned generation,bethgelab-10013,e463ec5d1757c1fef5033ed44eafb650345ebd9f4b11f8f485ea18b3146d9bc9,0c613577a388f3708f831b92c9d40a82447ac93c676ab6ee5bdce758e758af2d,schema_object,15,violation_7plus,0.3330638641875505,16,violation_7plus,0.9537037037037037,7,violation_7plus,0.1320754716981132
Legacy ornith15_9b / final,bethgelab-10019,3fab7067baa7f63946ebe47561ff1d1ce3e60d0971119fc5f58ab5c877f3b5c9,d6a9abd3433d8c88146d53f97b56d32629569512130c7933ab691bd141db4455,schema_object,12,violation_7plus,0.22213622291021673,5,within_5,0.0,20,violation_7plus,0.4444444444444444
Legacy ornith15_9b / returned generation,bethgelab-10019,3fab7067baa7f63946ebe47561ff1d1ce3e60d0971119fc5f58ab5c877f3b5c9,4489321685786cf780b8c028f825dad93a3f6dcad9bd52cb6be052e80a768338,schema_object,12,violation_7plus,0.20383522727272727,16,violation_7plus,0.8705882352941177,20,violation_7plus,0.2857142857142857
Legacy ornith15_9b_dflash20/baseline / final,bethgelab-10019,3fab7067baa7f63946ebe47561ff1d1ce3e60d0971119fc5f58ab5c877f3b5c9,919181f922c914dfa69cd6b66f9ef3ed6740e211dd5fb4fb1fe5a30f3137e8c3,schema_object,26,violation_7plus,0.5213720316622691,5,within_5,0.0,20,violation_7plus,0.4444444444444444
Legacy ornith15_9b_dflash20/baseline / returned generation,bethgelab-10019,3fab7067baa7f63946ebe47561ff1d1ce3e60d0971119fc5f58ab5c877f3b5c9,9aafc6cbb260e3cbc12afff3f871eb0595667d2378b2f597e2e8893a2ad637a1,schema_object,26,violation_7plus,0.4335117332235488,12,violation_7plus,0.5656292286874154,20,violation_7plus,0.2857142857142857
Legacy ornith15_9b_dflash20/dflash / final,bethgelab-10019,3fab7067baa7f63946ebe47561ff1d1ce3e60d0971119fc5f58ab5c877f3b5c9,9d24602a217c3f801256b4f8aa13e29e4a771d9441279f6de312ef4dfbef25ce,schema_object,24,violation_7plus,0.3344733242134063,5,within_5,0.0,28,violation_7plus,0.7384615384615385
Legacy ornith15_9b_dflash20/dflash / returned generation,bethgelab-10019,3fab7067baa7f63946ebe47561ff1d1ce3e60d0971119fc5f58ab5c877f3b5c9,32b0524c5fbe105bfd9cff6f61739e44b6c3de566400984c5443e0e6333e2d1a,schema_object,24,violation_7plus,0.27473090722706306,41,violation_7plus,0.9427590154550658,28,violation_7plus,0.5333333333333333
Legacy qwen27b / final,bethgelab-10019,3fab7067baa7f63946ebe47561ff1d1ce3e60d0971119fc5f58ab5c877f3b5c9,8634ca7ef5b195d8cb3afc34de1c05c2ced8d32c8a0ae8d40e3835ab0db9867b,schema_object,7,violation_7plus,0.06388526727509779,5,within_5,0.0,20,violation_7plus,0.5263157894736842
Legacy qwen27b / returned generation,bethgelab-10019,3fab7067baa7f63946ebe47561ff1d1ce3e60d0971119fc5f58ab5c877f3b5c9,4484af674c8bfb51017252bf24902e0111e1a4f12ca8a4f12b42c39a2363b3f1,schema_object,7,violation_7plus,0.06306306306306306,5,within_5,0.0,20,violation_7plus,0.5263157894736842
Legacy qwen27b / returned field_repair,bethgelab-10019,3fab7067baa7f63946ebe47561ff1d1ce3e60d0971119fc5f58ab5c877f3b5c9,3d6728d58e9a7e6cacf15e7b784c32bde37333b15429fec7424cd19d3f8f626a,schema_object,6,borderline_6,0.045627376425855515,5,within_5,0.0,0,within_5,0
Legacy qwen35_9b / final,bethgelab-10019,3fab7067baa7f63946ebe47561ff1d1ce3e60d0971119fc5f58ab5c877f3b5c9,2b267ebc1864bc44e8157885555399f2c3365752fd21e38b8db4f3f1298103c9,schema_object,19,violation_7plus,0.510507880910683,5,within_5,0.0,20,violation_7plus,0.5263157894736842
Legacy qwen35_9b / returned generation,bethgelab-10019,3fab7067baa7f63946ebe47561ff1d1ce3e60d0971119fc5f58ab5c877f3b5c9,5eb1ef2c6977430d379872ed638364ed61399ca6adaf3af66e5d4c81806eba51,schema_object,19,violation_7plus,0.5021312872975278,11,violation_7plus,0.4990512333965844,20,violation_7plus,0.31746031746031744
Legacy qwen35_9b/pre_completion_recovery / final,bethgelab-10019,3fab7067baa7f63946ebe47561ff1d1ce3e60d0971119fc5f58ab5c877f3b5c9,2b267ebc1864bc44e8157885555399f2c3365752fd21e38b8db4f3f1298103c9,schema_object,19,violation_7plus,0.510507880910683,5,within_5,0.0,20,violation_7plus,0.5263157894736842
Legacy qwen35_9b/pre_completion_recovery / returned generation,bethgelab-10019,3fab7067baa7f63946ebe47561ff1d1ce3e60d0971119fc5f58ab5c877f3b5c9,5eb1ef2c6977430d379872ed638364ed61399ca6adaf3af66e5d4c81806eba51,schema_object,19,violation_7plus,0.5021312872975278,11,violation_7plus,0.4990512333965844,20,violation_7plus,0.31746031746031744
Legacy ornith15_9b / final,bethgelab-10021,2446e0dd5be16da1204fedf141879b6bdebf78065b128fc9678b60c6503d9536,594f573e13023173d766346ffe1e3da164289f795d9c258ae9196c501e02782e,schema_object,22,violation_7plus,0.34303534303534305,5,within_5,0.0,24,violation_7plus,0.7659574468085106
Legacy ornith15_9b / returned generation,bethgelab-10021,2446e0dd5be16da1204fedf141879b6bdebf78065b128fc9678b60c6503d9536,d4148897d300338a9a8582b9910150742c1c71782ad1b6e1adc34fcf61319b42,schema_object,22,violation_7plus,0.3347826086956522,27,violation_7plus,0.9800779558250324,24,violation_7plus,0.7659574468085106
Legacy ornith15_9b_dflash20/baseline / final,bethgelab-10021,2446e0dd5be16da1204fedf141879b6bdebf78065b128fc9678b60c6503d9536,df6010a3869805d120bcbde36daf153dc9f1ca5c8429447b86b0f694da6ed761,schema_object,22,violation_7plus,0.5023923444976076,5,within_5,0.0,24,violation_7plus,0.782608695652174
Legacy ornith15_9b_dflash20/baseline / returned generation,bethgelab-10021,2446e0dd5be16da1204fedf141879b6bdebf78065b128fc9678b60c6503d9536,23dd78659db47a73e486e4b1ae1cd7519d085350363c09b08d5fbaa6bee7aa72,schema_object,22,violation_7plus,0.48405466970387245,22,violation_7plus,0.8540145985401459,24,violation_7plus,0.7659574468085106
Legacy ornith15_9b_dflash20/dflash / final,bethgelab-10021,2446e0dd5be16da1204fedf141879b6bdebf78065b128fc9678b60c6503d9536,a4ec23883911fbaf01928ac48ee786c60015d96aa3b5152973fba37001f61c06,schema_object,28,violation_7plus,0.6205776173285199,5,within_5,0.0,24,violation_7plus,0.782608695652174
Legacy ornith15_9b_dflash20/dflash / returned generation,bethgelab-10021,2446e0dd5be16da1204fedf141879b6bdebf78065b128fc9678b60c6503d9536,837698bcf6551f731e6fcbfcb9d66ebb0e57f79d543cd2fb6796453165822d1b,schema_object,28,violation_7plus,0.5895061728395061,19,violation_7plus,0.8992506244796004,24,violation_7plus,0.72
Legacy qwen27b / final,bethgelab-10021,2446e0dd5be16da1204fedf141879b6bdebf78065b128fc9678b60c6503d9536,7e838f04c2ff225a01a7b54ce433031a24df4868ce487860185a629b7ce0e97a,schema_object,13,violation_7plus,0.28591160220994477,5,within_5,0.0,24,violation_7plus,0.8181818181818182
Legacy qwen27b / returned generation,bethgelab-10021,2446e0dd5be16da1204fedf141879b6bdebf78065b128fc9678b60c6503d9536,11cb21e141fee33d6bf3ffe5be232f01bc08114094c586eb423c678fb0603b2b,schema_object,13,violation_7plus,0.28591160220994477,6,borderline_6,0.05113636363636364,24,violation_7plus,0.8181818181818182
Legacy qwen27b / returned field_repair,bethgelab-10021,2446e0dd5be16da1204fedf141879b6bdebf78065b128fc9678b60c6503d9536,5d2ee5392b5bf7f6a6230154d25e5919e96196d9b38d46450cbe71d51fcbd3c3,schema_object,13,violation_7plus,0.396584440227704,5,within_5,0.0,0,within_5,0
Legacy qwen35_9b / final,bethgelab-10021,2446e0dd5be16da1204fedf141879b6bdebf78065b128fc9678b60c6503d9536,b52dbaaa23c810824c7165b6e9b901e34a589c277aece20d4e48ac503a8c4623,schema_object,23,violation_7plus,0.7855,5,within_5,0.0,24,violation_7plus,0.8372093023255814
Legacy qwen35_9b / returned generation,bethgelab-10021,2446e0dd5be16da1204fedf141879b6bdebf78065b128fc9678b60c6503d9536,09e23d7345d7cb3d81a435eb0efd8e86b09f2312866dd752fe9cfeb226ed2774,schema_object,23,violation_7plus,0.7799208704253214,22,violation_7plus,0.8911290322580645,24,violation_7plus,0.5294117647058824
Legacy qwen35_9b/pre_completion_recovery / final,bethgelab-10021,2446e0dd5be16da1204fedf141879b6bdebf78065b128fc9678b60c6503d9536,b52dbaaa23c810824c7165b6e9b901e34a589c277aece20d4e48ac503a8c4623,schema_object,23,violation_7plus,0.7855,5,within_5,0.0,24,violation_7plus,0.8372093023255814
Legacy qwen35_9b/pre_completion_recovery / returned generation,bethgelab-10021,2446e0dd5be16da1204fedf141879b6bdebf78065b128fc9678b60c6503d9536,09e23d7345d7cb3d81a435eb0efd8e86b09f2312866dd752fe9cfeb226ed2774,schema_object,23,violation_7plus,0.7799208704253214,22,violation_7plus,0.8911290322580645,24,violation_7plus,0.5294117647058824
Legacy ornith15_9b / final,bethgelab-10028,9ddc1a36ea8172f808bf6608f3c41614f8c1a4ec2635523217fd26b9377a546a,d3a118d7ab0d1bb5b9758876dacb165bf29e2af347d2fc76d51fbfbb047b3918,schema_object,16,violation_7plus,0.11785462244177841,5,within_5,0.0,12,violation_7plus,0.26666666666666666
Legacy ornith15_9b / returned generation,bethgelab-10028,9ddc1a36ea8172f808bf6608f3c41614f8c1a4ec2635523217fd26b9377a546a,0ae17855de7279bd4ef7118d304e6a31b887ea1a0136e8906c5ada3a943ca97c,schema_object,10,violation_7plus,0.11233631977946244,5,within_5,0.0,12,violation_7plus,0.18181818181818182
Legacy ornith15_9b / returned generation,bethgelab-10028,9ddc1a36ea8172f808bf6608f3c41614f8c1a4ec2635523217fd26b9377a546a,cf310afabd4443c8acd010c9a8210431722588018d2878a065c19686210b05d0,schema_object,16,violation_7plus,0.11462951234958835,24,violation_7plus,0.8928262748487468,12,violation_7plus,0.16
Legacy qwen27b / final,bethgelab-10028,9ddc1a36ea8172f808bf6608f3c41614f8c1a4ec2635523217fd26b9377a546a,b53fbcaf490b58a4e03d9fa083d9e0a99d8261e0a049d1a1cd88151a485d9e18,schema_object,8,violation_7plus,0.051224944320712694,4,within_5,0.0,19,violation_7plus,0.4318181818181818
Legacy qwen27b / returned generation,bethgelab-10028,9ddc1a36ea8172f808bf6608f3c41614f8c1a4ec2635523217fd26b9377a546a,75d192c0f56410a17e0218e3dd0fc9ab6802c283655c1d8061688ce1c4b00ed2,schema_object,8,violation_7plus,0.051224944320712694,4,within_5,0.0,19,violation_7plus,0.4318181818181818
Legacy qwen27b / failed draft,bethgelab-10028,9ddc1a36ea8172f808bf6608f3c41614f8c1a4ec2635523217fd26b9377a546a,b049b6040563f3baf3c4cc12a4db5567b5d241f59b4349aa55d1084a2d30f1b4,schema_object,24,violation_7plus,0.04568527918781726,4,within_5,0.0,19,violation_7plus,0.4418604651162791
Legacy qwen27b / returned generation,bethgelab-10028,9ddc1a36ea8172f808bf6608f3c41614f8c1a4ec2635523217fd26b9377a546a,7941f061667df127465ceba16c0e4b32af88b2b510d3621d3d31b34ea729d034,schema_object,8,violation_7plus,0.024844720496894408,4,within_5,0.0,19,violation_7plus,0.4418604651162791
Legacy qwen35_9b / final,bethgelab-10028,9ddc1a36ea8172f808bf6608f3c41614f8c1a4ec2635523217fd26b9377a546a,7a82c86e3d893d073e680b0d22a8f127f7455eb443f0a946828c667109b76427,schema_object,7,violation_7plus,0.036458333333333336,5,within_5,0.0,19,violation_7plus,0.41304347826086957
Legacy qwen35_9b / returned generation,bethgelab-10028,9ddc1a36ea8172f808bf6608f3c41614f8c1a4ec2635523217fd26b9377a546a,5d321abb13a401b2af565f2ace2c4c9c959e3ad393624bd547367cd87cd66d3d,schema_object,30,violation_7plus,0.16776315789473684,11,violation_7plus,0.5563725490196079,19,violation_7plus,0.2676056338028169
Legacy qwen35_9b/pre_completion_recovery / final,bethgelab-10028,9ddc1a36ea8172f808bf6608f3c41614f8c1a4ec2635523217fd26b9377a546a,7a82c86e3d893d073e680b0d22a8f127f7455eb443f0a946828c667109b76427,schema_object,7,violation_7plus,0.036458333333333336,5,within_5,0.0,19,violation_7plus,0.41304347826086957
Legacy qwen35_9b/pre_completion_recovery / returned generation,bethgelab-10028,9ddc1a36ea8172f808bf6608f3c41614f8c1a4ec2635523217fd26b9377a546a,5d321abb13a401b2af565f2ace2c4c9c959e3ad393624bd547367cd87cd66d3d,schema_object,30,violation_7plus,0.16776315789473684,11,violation_7plus,0.5563725490196079,19,violation_7plus,0.2676056338028169
Legacy ornith15_9b / final,bethgelab-10033,a58b679a718676aea497bc154517ef17871f3042d404c64fabe61cd28da57afc,119d9a974a5356d1328b1d4a6d00b8aff84be8b2e3110608c32790c251fc6e15,schema_object,17,violation_7plus,0.3373493975903614,5,within_5,0.0,18,violation_7plus,0.717948717948718
Legacy ornith15_9b / returned generation,bethgelab-10033,a58b679a718676aea497bc154517ef17871f3042d404c64fabe61cd28da57afc,aff7f0241d32b64771e4df95a7b55e8dc6987bb1535667e807af8945da0ba32f,schema_object,28,violation_7plus,0.4470391993327773,20,violation_7plus,0.5390749601275917,18,violation_7plus,0.7
Legacy ornith15_9b / returned generation,bethgelab-10033,a58b679a718676aea497bc154517ef17871f3042d404c64fabe61cd28da57afc,bd8670605b43cd9760ef399485ea632e904bb09ac113644a21d133adba87a283,schema_object,17,violation_7plus,0.31543372136687947,9,violation_7plus,0.5774155995343423,18,violation_7plus,0.717948717948718
Legacy qwen27b / final,bethgelab-10033,a58b679a718676aea497bc154517ef17871f3042d404c64fabe61cd28da57afc,6f5c725ced462816b943229bf65fddbca417a18345cd7bf901eeac0df19faabf,schema_object,14,violation_7plus,0.189,4,within_5,0.0,18,violation_7plus,0.875
Legacy qwen27b / returned generation,bethgelab-10033,a58b679a718676aea497bc154517ef17871f3042d404c64fabe61cd28da57afc,62d481b6dac6b78d03bffc49208608fe7753a6d2615fe0e28fc21236e369de94,schema_object,14,violation_7plus,0.189,4,within_5,0.0,18,violation_7plus,0.875
Legacy qwen35_9b / final,bethgelab-10033,a58b679a718676aea497bc154517ef17871f3042d404c64fabe61cd28da57afc,28ee0c2a02b7b20b56bf3ae96738895c2244ba1f2fa63662f0a359e3b9f5238b,schema_object,8,violation_7plus,0.03139013452914798,5,within_5,0.0,18,violation_7plus,0.8235294117647058
Legacy qwen35_9b / returned generation,bethgelab-10033,a58b679a718676aea497bc154517ef17871f3042d404c64fabe61cd28da57afc,a935883a26f44486afbe50c176493b67b5e30da4e3ed80b89622f83e71293167,schema_object,10,violation_7plus,0.07808219178082192,13,violation_7plus,0.7826887661141805,18,violation_7plus,0.4745762711864407
Legacy qwen35_9b/pre_completion_recovery / final,bethgelab-10033,a58b679a718676aea497bc154517ef17871f3042d404c64fabe61cd28da57afc,28ee0c2a02b7b20b56bf3ae96738895c2244ba1f2fa63662f0a359e3b9f5238b,schema_object,8,violation_7plus,0.03139013452914798,5,within_5,0.0,18,violation_7plus,0.8235294117647058
Legacy qwen35_9b/pre_completion_recovery / returned generation,bethgelab-10033,a58b679a718676aea497bc154517ef17871f3042d404c64fabe61cd28da57afc,a935883a26f44486afbe50c176493b67b5e30da4e3ed80b89622f83e71293167,schema_object,10,violation_7plus,0.07808219178082192,13,violation_7plus,0.7826887661141805,18,violation_7plus,0.4745762711864407
Legacy ornith15_9b / final,bethgelab-10038,239b0964b4ee281617cec4a7344b292c5dd05cdc1e07db933a2e9df7fecd52fb,2b554fd7ac0c99b0d562ae32de9750b08293b0c9b5d62fa4c705c5d378481017,schema_object,60,violation_7plus,0.2807017543859649,5,within_5,0.0,10,violation_7plus,0.23255813953488372
Legacy ornith15_9b / returned generation,bethgelab-10038,239b0964b4ee281617cec4a7344b292c5dd05cdc1e07db933a2e9df7fecd52fb,f828fdf431f807e5d7d598563ef1d782814675d68f6ce5475298a3292ee63e84,schema_object,60,violation_7plus,0.2966233766233766,16,violation_7plus,0.8528557599225557,10,violation_7plus,0.1282051282051282
Legacy qwen27b / final,bethgelab-10038,239b0964b4ee281617cec4a7344b292c5dd05cdc1e07db933a2e9df7fecd52fb,247c12b162af4620134bc1118e4f3e1933a96c95435028c5cf0f12434a086943,schema_object,10,violation_7plus,0.08010335917312661,5,within_5,0.0,10,violation_7plus,0.2564102564102564
Legacy qwen27b / returned generation,bethgelab-10038,239b0964b4ee281617cec4a7344b292c5dd05cdc1e07db933a2e9df7fecd52fb,603ed562d3d57f50c40402b450eb5d9748bb0e7047374d7916c06c9eb5500d89,schema_object,10,violation_7plus,0.08010335917312661,6,borderline_6,0.014084507042253521,10,violation_7plus,0.2564102564102564
Legacy qwen35_9b / final,bethgelab-10038,239b0964b4ee281617cec4a7344b292c5dd05cdc1e07db933a2e9df7fecd52fb,4ca64a31a122fa28adab7e576d8d6464bffef366f6f408ea82268e193097f676,schema_object,20,violation_7plus,0.4032561051972448,5,within_5,0.0,10,violation_7plus,0.2631578947368421
Legacy qwen35_9b / returned generation,bethgelab-10038,239b0964b4ee281617cec4a7344b292c5dd05cdc1e07db933a2e9df7fecd52fb,c2b78235ea7b208f0689bcbce95c8c10e2ddf7bf1eccf79b336979c907bf6b97,schema_object,20,violation_7plus,0.3753565316600114,55,violation_7plus,0.9653882132834425,10,violation_7plus,0.136986301369863
Legacy qwen35_9b/pre_completion_recovery / final,bethgelab-10038,239b0964b4ee281617cec4a7344b292c5dd05cdc1e07db933a2e9df7fecd52fb,4ca64a31a122fa28adab7e576d8d6464bffef366f6f408ea82268e193097f676,schema_object,20,violation_7plus,0.4032561051972448,5,within_5,0.0,10,violation_7plus,0.2631578947368421
Legacy qwen35_9b/pre_completion_recovery / returned generation,bethgelab-10038,239b0964b4ee281617cec4a7344b292c5dd05cdc1e07db933a2e9df7fecd52fb,c2b78235ea7b208f0689bcbce95c8c10e2ddf7bf1eccf79b336979c907bf6b97,schema_object,20,violation_7plus,0.3753565316600114,55,violation_7plus,0.9653882132834425,10,violation_7plus,0.136986301369863
Legacy ornith15_9b / final,bethgelab-10047,f0be139b8205277b5f62dc4345c48427d0280afe402b478627635231c0a90071,2da4e7fe3f90badeaaaaf8619b5ae80d53e04c44c8c25f169c03c9c26fa0b060,schema_object,10,violation_7plus,0.06807780320366133,5,within_5,0.0,12,violation_7plus,0.8
Legacy ornith15_9b / returned generation,bethgelab-10047,f0be139b8205277b5f62dc4345c48427d0280afe402b478627635231c0a90071,28a02f82724ef3b139fb695d135bccc6796494fb9abe30088c151d5aa6bb9de2,schema_object,10,violation_7plus,0.06784824148435337,16,violation_7plus,0.8265765765765766,12,violation_7plus,0.36363636363636365
Legacy qwen27b / final,bethgelab-10047,f0be139b8205277b5f62dc4345c48427d0280afe402b478627635231c0a90071,88a2b15249fea0095a618ecd0dc08a7b7371bc8ce3ffb0d72d6a2632bfa9f17c,schema_object,9,violation_7plus,0.09,5,within_5,0.0,12,violation_7plus,0.631578947368421
Legacy qwen27b / returned generation,bethgelab-10047,f0be139b8205277b5f62dc4345c48427d0280afe402b478627635231c0a90071,37ca9fe624e4121cfbc6dccfaed451e60ce84a2129cf62133e336ab5b36d0a6c,schema_object,9,violation_7plus,0.0862895493767977,6,borderline_6,0.03314917127071823,12,violation_7plus,0.631578947368421
Legacy qwen27b / returned field_repair,bethgelab-10047,f0be139b8205277b5f62dc4345c48427d0280afe402b478627635231c0a90071,2d8cf8957fb8482883669328ae679fbe9ec37a8386a05b09634eca640ee528d1,schema_object,8,violation_7plus,0.044585987261146494,4,within_5,0.0,0,within_5,0
Legacy qwen35_9b / final,bethgelab-10047,f0be139b8205277b5f62dc4345c48427d0280afe402b478627635231c0a90071,74dcb726d06c4892de29985caa9ae487b8c7f09c2c6069ddb3ab6296ae8afe76,schema_object,32,violation_7plus,0.3182656826568266,5,within_5,0.0,12,violation_7plus,0.631578947368421
Legacy qwen35_9b / returned generation,bethgelab-10047,f0be139b8205277b5f62dc4345c48427d0280afe402b478627635231c0a90071,cbbbc213e962da01eebe3756d62c7b090ad091c75bec62835ae3953fa60adf37,schema_object,32,violation_7plus,0.40075436115040075,32,violation_7plus,0.9581894898350595,12,violation_7plus,0.8
Legacy qwen35_9b / returned generation,bethgelab-10047,f0be139b8205277b5f62dc4345c48427d0280afe402b478627635231c0a90071,4f7e749521332790957d7f3fb9802b493f07545dd35c591b76c5928544d68f9a,schema_object,32,violation_7plus,0.2909090909090909,32,violation_7plus,0.8739279588336192,12,violation_7plus,0.2727272727272727
Legacy qwen35_9b/pre_completion_recovery / final,bethgelab-10047,f0be139b8205277b5f62dc4345c48427d0280afe402b478627635231c0a90071,74dcb726d06c4892de29985caa9ae487b8c7f09c2c6069ddb3ab6296ae8afe76,schema_object,32,violation_7plus,0.3182656826568266,5,within_5,0.0,12,violation_7plus,0.631578947368421
Legacy qwen35_9b/pre_completion_recovery / returned generation,bethgelab-10047,f0be139b8205277b5f62dc4345c48427d0280afe402b478627635231c0a90071,cbbbc213e962da01eebe3756d62c7b090ad091c75bec62835ae3953fa60adf37,schema_object,32,violation_7plus,0.40075436115040075,32,violation_7plus,0.9581894898350595,12,violation_7plus,0.8
Legacy qwen35_9b/pre_completion_recovery / returned generation,bethgelab-10047,f0be139b8205277b5f62dc4345c48427d0280afe402b478627635231c0a90071,4f7e749521332790957d7f3fb9802b493f07545dd35c591b76c5928544d68f9a,schema_object,32,violation_7plus,0.2909090909090909,32,violation_7plus,0.8739279588336192,12,violation_7plus,0.2727272727272727
Legacy ornith15_9b / final,bethgelab-102,1b3d72a8d054071cfc4bad937f01f5f0897ced27d1c4395ad1998a289462c389,5783ffb4677e85cc3f188bbe9db4b3dde56d05c8b83085eb9ec09d1853d4dce7,schema_object,11,violation_7plus,0.10031347962382445,5,within_5,0.0,11,violation_7plus,0.6551724137931034
Legacy ornith15_9b / returned generation / unparsed text diagnostic,bethgelab-102,1b3d72a8d054071cfc4bad937f01f5f0897ced27d1c4395ad1998a289462c389,6f483b4f7350d5fe8da15fdf301c6c805b4413ee8d58039d70463c616f91d445,unparsed_returned_text,21,violation_7plus,0.5060240963855421,0,within_5,0,0,within_5,0
Legacy ornith15_9b / returned generation,bethgelab-102,1b3d72a8d054071cfc4bad937f01f5f0897ced27d1c4395ad1998a289462c389,895ec8859d97eea7e46d7f5274c2abcec4228cbeb6fa1022fdaa9912bee3cd93,schema_object,11,violation_7plus,0.10511478050745067,47,violation_7plus,0.9261773440814595,11,violation_7plus,0.296875
Legacy qwen27b / final,bethgelab-102,1b3d72a8d054071cfc4bad937f01f5f0897ced27d1c4395ad1998a289462c389,d114bc91f56327324a4e2ddf389bff39abde6ade630b93b5b3ae4b997e79322a,schema_object,10,violation_7plus,0.058305830583058306,5,within_5,0.0,8,violation_7plus,0.47058823529411764
Legacy qwen27b / returned generation,bethgelab-102,1b3d72a8d054071cfc4bad937f01f5f0897ced27d1c4395ad1998a289462c389,24fc0b27271e379991bc22beab3dc1099791551b76b890bbf29949595f87f4bd,schema_object,10,violation_7plus,0.058305830583058306,5,within_5,0.0,8,violation_7plus,0.47058823529411764
Legacy qwen35_9b / final,bethgelab-102,1b3d72a8d054071cfc4bad937f01f5f0897ced27d1c4395ad1998a289462c389,d65e1c37da332a38dd4128a0c3a499a736d2903928d723bcbd4851772912b7e7,schema_object,9,violation_7plus,0.040145985401459854,5,within_5,0.0,8,violation_7plus,0.47058823529411764
Legacy qwen35_9b / returned generation,bethgelab-102,1b3d72a8d054071cfc4bad937f01f5f0897ced27d1c4395ad1998a289462c389,cc4c87c8364bac707982a8b34d82832dbe7422b6972ad7d88bd4b4f57de31658,schema_object,9,violation_7plus,0.03914590747330961,10,violation_7plus,0.3235294117647059,8,violation_7plus,0.19047619047619047
Legacy qwen35_9b/pre_completion_recovery / final,bethgelab-102,1b3d72a8d054071cfc4bad937f01f5f0897ced27d1c4395ad1998a289462c389,d65e1c37da332a38dd4128a0c3a499a736d2903928d723bcbd4851772912b7e7,schema_object,9,violation_7plus,0.040145985401459854,5,within_5,0.0,8,violation_7plus,0.47058823529411764
Legacy qwen35_9b/pre_completion_recovery / returned generation,bethgelab-102,1b3d72a8d054071cfc4bad937f01f5f0897ced27d1c4395ad1998a289462c389,cc4c87c8364bac707982a8b34d82832dbe7422b6972ad7d88bd4b4f57de31658,schema_object,9,violation_7plus,0.03914590747330961,10,violation_7plus,0.3235294117647059,8,violation_7plus,0.19047619047619047
Legacy ornith15_9b / final,bethgelab-105,d1ec0b551238dc7b332ba8c3fe0cb88f73a421e70e4d348a65a49b63bf7de3bb,3af90518769035a43452d3022b4d794f9f9afd8f65573d7c69f405d3eb61e1a7,schema_object,7,violation_7plus,0.020537124802527645,5,within_5,0.0,15,violation_7plus,0.38461538461538464
Legacy ornith15_9b / returned generation,bethgelab-105,d1ec0b551238dc7b332ba8c3fe0cb88f73a421e70e4d348a65a49b63bf7de3bb,0dffdd9bdb9ad219e8c43875d70feb6c58e36534459719f8895dfb9ccc19d17c,schema_object,7,violation_7plus,0.01747311827956989,28,violation_7plus,0.9441222983658408,15,violation_7plus,0.20270270270270271
Legacy ornith15_9b_dflash20/baseline / final,bethgelab-105,d1ec0b551238dc7b332ba8c3fe0cb88f73a421e70e4d348a65a49b63bf7de3bb,d1fa4a2c8e61186ac2dd09d0733a09a550e8e129e93cb953e7e6260269d36b28,schema_object,8,violation_7plus,0.04716981132075472,5,within_5,0.0,15,violation_7plus,0.375
Legacy ornith15_9b_dflash20/baseline / returned generation,bethgelab-105,d1ec0b551238dc7b332ba8c3fe0cb88f73a421e70e4d348a65a49b63bf7de3bb,aa1df555c037d7685d467c81b84271b4246d4fe2cdc04fec9bfc5bcab09b93f5,schema_object,8,violation_7plus,0.038593481989708404,25,violation_7plus,0.937442502299908,15,violation_7plus,0.25
Legacy ornith15_9b_dflash20/dflash / final,bethgelab-105,d1ec0b551238dc7b332ba8c3fe0cb88f73a421e70e4d348a65a49b63bf7de3bb,fcf6e5b98d913a1a7400e4043ab7461409eb5565044cbdbe283709bb283de9ef,schema_object,14,violation_7plus,0.32938240798502805,5,within_5,0.0,15,violation_7plus,0.4411764705882353
Legacy ornith15_9b_dflash20/dflash / returned generation,bethgelab-105,d1ec0b551238dc7b332ba8c3fe0cb88f73a421e70e4d348a65a49b63bf7de3bb,f18b2d437ad513b851b0a184a263a45c1ad8f13d72687e97041000fed24395bc,schema_object,14,violation_7plus,0.315035799522673,22,violation_7plus,0.9388794567062818,15,violation_7plus,0.2542372881355932
Legacy qwen27b / final,bethgelab-105,d1ec0b551238dc7b332ba8c3fe0cb88f73a421e70e4d348a65a49b63bf7de3bb,132da64b47dfe4090877a73c501010d925a3d9718701c9df5c722c09151a44b0,schema_object,10,violation_7plus,0.07236268526591107,5,within_5,0.0,15,violation_7plus,0.45454545454545453
Legacy qwen27b / returned generation,bethgelab-105,d1ec0b551238dc7b332ba8c3fe0cb88f73a421e70e4d348a65a49b63bf7de3bb,373cf3a401fd89ef6572866daa0fafb6042f876325e4807f23d69638639e2d61,schema_object,10,violation_7plus,0.07236268526591107,6,borderline_6,0.04897959183673469,15,violation_7plus,0.45454545454545453
Legacy qwen35_9b / final,bethgelab-105,d1ec0b551238dc7b332ba8c3fe0cb88f73a421e70e4d348a65a49b63bf7de3bb,26cd6c55b9ae6002496ac733b695e753ad003bde75e19fe590fc824f0714190b,schema_object,10,violation_7plus,0.07557354925775979,5,within_5,0.0,15,violation_7plus,0.46875
Legacy qwen35_9b / returned generation,bethgelab-105,d1ec0b551238dc7b332ba8c3fe0cb88f73a421e70e4d348a65a49b63bf7de3bb,7a9263e1f533183ec7efd5ced08e4f6fb16fae73a53274fec314be5c225aaca5,schema_object,10,violation_7plus,0.0731070496083551,18,violation_7plus,0.8709239130434783,15,violation_7plus,0.46875
Legacy qwen35_9b/pre_completion_recovery / final,bethgelab-105,d1ec0b551238dc7b332ba8c3fe0cb88f73a421e70e4d348a65a49b63bf7de3bb,26cd6c55b9ae6002496ac733b695e753ad003bde75e19fe590fc824f0714190b,schema_object,10,violation_7plus,0.07557354925775979,5,within_5,0.0,15,violation_7plus,0.46875
Legacy qwen35_9b/pre_completion_recovery / returned generation,bethgelab-105,d1ec0b551238dc7b332ba8c3fe0cb88f73a421e70e4d348a65a49b63bf7de3bb,7a9263e1f533183ec7efd5ced08e4f6fb16fae73a53274fec314be5c225aaca5,schema_object,10,violation_7plus,0.0731070496083551,18,violation_7plus,0.8709239130434783,15,violation_7plus,0.46875
Legacy ornith15_9b / final,bethgelab-108,8382aaa516e833b298550d2e4d635f2b9fe7fb3e7ef6f38443f47fa7701ecb8f,d5e4d931fe0ce0427e5c9473d4031636069b3be1885d2cf1731facc608a41ea7,schema_object,10,violation_7plus,0.01777434312210201,5,within_5,0.0,11,violation_7plus,0.7333333333333333
Legacy ornith15_9b / returned generation,bethgelab-108,8382aaa516e833b298550d2e4d635f2b9fe7fb3e7ef6f38443f47fa7701ecb8f,646690ad16ed3f4a933fe9c018e7aecebff4b83c2d3fa9742b1671d40a10aaba,schema_object,10,violation_7plus,0.01704966641957005,15,violation_7plus,0.925026399155227,11,violation_7plus,0.4
Legacy qwen27b / final,bethgelab-108,8382aaa516e833b298550d2e4d635f2b9fe7fb3e7ef6f38443f47fa7701ecb8f,ff71077122d81c8d2de620b5193edc4b90baf324f7c1016ec70c28ebd00505ea,schema_object,6,borderline_6,0.011916583912611719,5,within_5,0.0,11,violation_7plus,0.7096774193548387
Legacy qwen27b / returned generation,bethgelab-108,8382aaa516e833b298550d2e4d635f2b9fe7fb3e7ef6f38443f47fa7701ecb8f,a3e102d53f7dc99c591f6066ad2a40e5e88ec4fa3b597a014a4e440fcde69806,schema_object,6,borderline_6,0.011787819253438114,6,borderline_6,0.01948051948051948,11,violation_7plus,0.7096774193548387
Legacy qwen27b / returned field_repair,bethgelab-108,8382aaa516e833b298550d2e4d635f2b9fe7fb3e7ef6f38443f47fa7701ecb8f,0c5f2ec9d121ec1e909651375f4b0cc3a8899f55257914571d1e8064943776f5,schema_object,6,borderline_6,0.022556390977443608,5,within_5,0.0,0,within_5,0
Legacy qwen27b / returned field_repair,bethgelab-108,8382aaa516e833b298550d2e4d635f2b9fe7fb3e7ef6f38443f47fa7701ecb8f,7096c70ace075e0101acb1894c52c35e9b908b5e2ba170ab7ce1aae684d15b65,schema_object,6,borderline_6,0.02843601895734597,5,within_5,0.0,0,within_5,0
Legacy qwen35_9b / final,bethgelab-108,8382aaa516e833b298550d2e4d635f2b9fe7fb3e7ef6f38443f47fa7701ecb8f,d624dcd9018d70ad4803d9b33ef80694cb075f8318e560962923c8d066d62ed8,schema_object,7,violation_7plus,0.024630541871921183,5,within_5,0.0,11,violation_7plus,0.8148148148148148
Legacy qwen35_9b / returned generation,bethgelab-108,8382aaa516e833b298550d2e4d635f2b9fe7fb3e7ef6f38443f47fa7701ecb8f,2c0121140736e8db79fa4a07b2192f64f5e0ffe87c0c3e208a43c43e23e2cf50,schema_object,7,violation_7plus,0.023674242424242424,16,violation_7plus,0.8089480048367593,11,violation_7plus,0.4230769230769231
Legacy qwen35_9b/pre_completion_recovery / final,bethgelab-108,8382aaa516e833b298550d2e4d635f2b9fe7fb3e7ef6f38443f47fa7701ecb8f,d624dcd9018d70ad4803d9b33ef80694cb075f8318e560962923c8d066d62ed8,schema_object,7,violation_7plus,0.024630541871921183,5,within_5,0.0,11,violation_7plus,0.8148148148148148
Legacy qwen35_9b/pre_completion_recovery / returned generation,bethgelab-108,8382aaa516e833b298550d2e4d635f2b9fe7fb3e7ef6f38443f47fa7701ecb8f,2c0121140736e8db79fa4a07b2192f64f5e0ffe87c0c3e208a43c43e23e2cf50,schema_object,7,violation_7plus,0.023674242424242424,16,violation_7plus,0.8089480048367593,11,violation_7plus,0.4230769230769231
Legacy ornith15_9b / final,bethgelab-112,fd503644a165f9bc44ed1d8e0b01741c9a7a31567f0ed9ff46878c83c3d718d7,badebadb3780b447ead224d495876bb6dfc749dfaeb8e8a3c2048d8786395bc4,schema_object,19,violation_7plus,0.3910004368719965,5,within_5,0.0,13,violation_7plus,0.3170731707317073
Legacy ornith15_9b / returned generation,bethgelab-112,fd503644a165f9bc44ed1d8e0b01741c9a7a31567f0ed9ff46878c83c3d718d7,fc2aba0920787c96a6b75598c9965a7ffc75df916daf541371bbc0d5505511a8,schema_object,19,violation_7plus,0.3632305194805195,38,violation_7plus,0.9217134416543574,13,violation_7plus,0.17105263157894737
Legacy qwen27b / final,bethgelab-112,fd503644a165f9bc44ed1d8e0b01741c9a7a31567f0ed9ff46878c83c3d718d7,f785bc01525f9ea8906a710dea9b9b30e2b947493586f43f39c7a43abaf135f8,schema_object,15,violation_7plus,0.365764447695684,4,within_5,0.0,13,violation_7plus,0.34210526315789475
Legacy qwen27b / returned generation,bethgelab-112,fd503644a165f9bc44ed1d8e0b01741c9a7a31567f0ed9ff46878c83c3d718d7,8d33152a22ae538f3e74ff2e68665cd5466389d1ea623353150bcf4aee8a9ae7,schema_object,10,violation_7plus,0.12549019607843137,12,violation_7plus,0.6413301662707839,13,violation_7plus,0.3611111111111111
Legacy qwen27b / returned generation,bethgelab-112,fd503644a165f9bc44ed1d8e0b01741c9a7a31567f0ed9ff46878c83c3d718d7,29a59753fe338a8659b742a9ae1644796db71a13eba75162f16293a114302927,schema_object,15,violation_7plus,0.365764447695684,4,within_5,0.0,13,violation_7plus,0.34210526315789475
Legacy qwen35_9b / final,bethgelab-112,fd503644a165f9bc44ed1d8e0b01741c9a7a31567f0ed9ff46878c83c3d718d7,6c425f32621c679e224a2cf029bc3c142e704b9fa41dcebd8eae0c271adf2390,schema_object,23,violation_7plus,0.42543859649122806,5,within_5,0.0,13,violation_7plus,0.325
Legacy qwen35_9b / returned generation,bethgelab-112,fd503644a165f9bc44ed1d8e0b01741c9a7a31567f0ed9ff46878c83c3d718d7,1734da7adb17f45872933b8ae526d12287e5294888b69a425b9f035d73ba9c51,schema_object,28,violation_7plus,0.45454545454545453,23,violation_7plus,0.9202626641651032,13,violation_7plus,0.2
Legacy qwen35_9b/pre_completion_recovery / final,bethgelab-112,fd503644a165f9bc44ed1d8e0b01741c9a7a31567f0ed9ff46878c83c3d718d7,6c425f32621c679e224a2cf029bc3c142e704b9fa41dcebd8eae0c271adf2390,schema_object,23,violation_7plus,0.42543859649122806,5,within_5,0.0,13,violation_7plus,0.325
Legacy qwen35_9b/pre_completion_recovery / returned generation,bethgelab-112,fd503644a165f9bc44ed1d8e0b01741c9a7a31567f0ed9ff46878c83c3d718d7,1734da7adb17f45872933b8ae526d12287e5294888b69a425b9f035d73ba9c51,schema_object,28,violation_7plus,0.45454545454545453,23,violation_7plus,0.9202626641651032,13,violation_7plus,0.2
Legacy ornith15_9b / final,bethgelab-116,3d4b94daaf8192a969e7bcbe5118f4693b483bd98733e657e1665b619f32809f,bb0085bb53354e8e3864b650a8c545134df3efca53e8944210179a8b6568f404,schema_object,35,violation_7plus,0.581742087365943,5,within_5,0.0,13,violation_7plus,0.40425531914893614
Legacy ornith15_9b / returned generation,bethgelab-116,3d4b94daaf8192a969e7bcbe5118f4693b483bd98733e657e1665b619f32809f,00e72e857b40bcf08f4199400970611558b1a7aaabb6fb2bcc8c89e28564d744,schema_object,35,violation_7plus,0.5604422604422604,36,violation_7plus,0.976426466648808,13,violation_7plus,0.23170731707317074
Legacy qwen27b / final,bethgelab-116,3d4b94daaf8192a969e7bcbe5118f4693b483bd98733e657e1665b619f32809f,62544f058c793e5681eb3cd447cd5bc97f21878d89c7a8d927f491d783e95c32,schema_object,13,violation_7plus,0.07142857142857142,5,within_5,0.0,13,violation_7plus,0.4634146341463415
Legacy qwen27b / returned generation,bethgelab-116,3d4b94daaf8192a969e7bcbe5118f4693b483bd98733e657e1665b619f32809f,9b36d9e7ea5d24aa3ed8764b1dcccf04df65e1b34b4729f2be916e810fbc9a51,schema_object,13,violation_7plus,0.07085828343313373,6,borderline_6,0.02912621359223301,13,violation_7plus,0.4634146341463415
Legacy qwen27b / returned field_repair,bethgelab-116,3d4b94daaf8192a969e7bcbe5118f4693b483bd98733e657e1665b619f32809f,1d0bbffbcedf672437ed75a0ba7097202c91c408d260f85a7745c4cf2d8a8f42,schema_object,13,violation_7plus,0.07894736842105263,5,within_5,0.0,0,within_5,0
Legacy qwen35_9b / final,bethgelab-116,3d4b94daaf8192a969e7bcbe5118f4693b483bd98733e657e1665b619f32809f,b72f805e0930bf5836f666d6e945b6a2c5d7e466ddb5c1c0b600bc83e8df31c4,schema_object,11,violation_7plus,0.0654627539503386,5,within_5,0.0,13,violation_7plus,0.4634146341463415
Legacy qwen35_9b / returned generation,bethgelab-116,3d4b94daaf8192a969e7bcbe5118f4693b483bd98733e657e1665b619f32809f,2ed0065b2db0ac8f316fde04aeccf96dc16264013780d1077d85283b35164e32,schema_object,11,violation_7plus,0.06304347826086956,14,violation_7plus,0.7145328719723183,13,violation_7plus,0.2878787878787879
Legacy qwen35_9b/pre_completion_recovery / final,bethgelab-116,3d4b94daaf8192a969e7bcbe5118f4693b483bd98733e657e1665b619f32809f,b72f805e0930bf5836f666d6e945b6a2c5d7e466ddb5c1c0b600bc83e8df31c4,schema_object,11,violation_7plus,0.0654627539503386,5,within_5,0.0,13,violation_7plus,0.4634146341463415
Legacy qwen35_9b/pre_completion_recovery / returned generation,bethgelab-116,3d4b94daaf8192a969e7bcbe5118f4693b483bd98733e657e1665b619f32809f,2ed0065b2db0ac8f316fde04aeccf96dc16264013780d1077d85283b35164e32,schema_object,11,violation_7plus,0.06304347826086956,14,violation_7plus,0.7145328719723183,13,violation_7plus,0.2878787878787879
Legacy ornith15_9b / final,bethgelab-122,bd6e5c628a12f9f4d83f4e3b0b6cb632a31e625a05a4d8ed7cd768b4fc24bd0e,59961e2a0983d6af1f7fd9da00160f9e67d21b729b1d80267a1fb8f04cedbcb2,schema_object,22,violation_7plus,0.34854334854334856,5,within_5,0.0,11,violation_7plus,0.4074074074074074
Legacy ornith15_9b / returned generation,bethgelab-122,bd6e5c628a12f9f4d83f4e3b0b6cb632a31e625a05a4d8ed7cd768b4fc24bd0e,ba798321f9b555f2f3a1fd49c3cf125c3f0c42871bc2e2d01fb5d3f76ce200e9,schema_object,22,violation_7plus,0.3237691555265732,19,violation_7plus,0.8377135348226018,11,violation_7plus,0.4074074074074074
Legacy qwen27b / final,bethgelab-122,bd6e5c628a12f9f4d83f4e3b0b6cb632a31e625a05a4d8ed7cd768b4fc24bd0e,843b0d41545aeed35240bac1f85fbd5058a872b37eabe6e019a3d39773cdd17e,schema_object,10,violation_7plus,0.07828894269572235,5,within_5,0.0,11,violation_7plus,0.4230769230769231
Legacy qwen27b / returned generation,bethgelab-122,bd6e5c628a12f9f4d83f4e3b0b6cb632a31e625a05a4d8ed7cd768b4fc24bd0e,8f64104ed0f1547901f00c84c5677f9d58561f2ce0a76d38b1d00e7df5da6cdb,schema_object,10,violation_7plus,0.07828894269572235,6,borderline_6,0.045627376425855515,11,violation_7plus,0.4230769230769231
Legacy qwen27b / returned field_repair,bethgelab-122,bd6e5c628a12f9f4d83f4e3b0b6cb632a31e625a05a4d8ed7cd768b4fc24bd0e,b25f6449d3e0593c2293da260245eab9120ca5524d30faf93bfce715afd5ce57,schema_object,10,violation_7plus,0.11610486891385768,4,within_5,0.0,0,within_5,0
Legacy qwen35_9b / final,bethgelab-122,bd6e5c628a12f9f4d83f4e3b0b6cb632a31e625a05a4d8ed7cd768b4fc24bd0e,9e448142eff362d07e2dc8e619e22d96884aae11116f29da21fc4b29ae1bb211,schema_object,14,violation_7plus,0.14778856526429343,5,within_5,0.0,11,violation_7plus,0.4230769230769231
Legacy qwen35_9b / returned generation,bethgelab-122,bd6e5c628a12f9f4d83f4e3b0b6cb632a31e625a05a4d8ed7cd768b4fc24bd0e,b4ce53693623a3c2be234254a3f605049d67a217f40f026a1618cb86d3824165,schema_object,14,violation_7plus,0.14051282051282052,14,violation_7plus,0.602020202020202,11,violation_7plus,0.21568627450980393
Legacy qwen35_9b/pre_completion_recovery / final,bethgelab-122,bd6e5c628a12f9f4d83f4e3b0b6cb632a31e625a05a4d8ed7cd768b4fc24bd0e,9e448142eff362d07e2dc8e619e22d96884aae11116f29da21fc4b29ae1bb211,schema_object,14,violation_7plus,0.14778856526429343,5,within_5,0.0,11,violation_7plus,0.4230769230769231
Legacy qwen35_9b/pre_completion_recovery / returned generation,bethgelab-122,bd6e5c628a12f9f4d83f4e3b0b6cb632a31e625a05a4d8ed7cd768b4fc24bd0e,b4ce53693623a3c2be234254a3f605049d67a217f40f026a1618cb86d3824165,schema_object,14,violation_7plus,0.14051282051282052,14,violation_7plus,0.602020202020202,11,violation_7plus,0.21568627450980393
Legacy ornith15_9b / final,bethgelab-125,a313ac394757590d277b3d77643cb08a1e94d16cda563a2bc487e49d750aa0d1,6c87e0915c92c073c4adf6116caebc2eb62a02e36decd6b722ae1edb2b73f2b4,schema_object,14,violation_7plus,0.161910868868227,5,within_5,0.0,8,violation_7plus,0.35
Legacy ornith15_9b / returned generation,bethgelab-125,a313ac394757590d277b3d77643cb08a1e94d16cda563a2bc487e49d750aa0d1,a0f37e77a9970046320010cfce18e2185ead973a5d51c98179d5f6302780ae92,schema_object,14,violation_7plus,0.16071964017991006,32,violation_7plus,0.9807912188428997,8,violation_7plus,0.2153846153846154
Legacy ornith15_9b_dflash20/baseline / final,bethgelab-125,a313ac394757590d277b3d77643cb08a1e94d16cda563a2bc487e49d750aa0d1,a453c5f3b4236f8aea35c4ece8950b35ad43c0fd3280476e35ab5dd45ebe440d,schema_object,20,violation_7plus,0.21385742838107927,5,within_5,0.0,8,violation_7plus,0.3684210526315789
Legacy ornith15_9b_dflash20/baseline / returned generation,bethgelab-125,a313ac394757590d277b3d77643cb08a1e94d16cda563a2bc487e49d750aa0d1,8182a2aa3fa3e075014bd374347f6a714461603c4762e679cd5c688617683f87,schema_object,20,violation_7plus,0.20239596469104665,55,violation_7plus,0.9773817683344757,8,violation_7plus,0.2222222222222222
Legacy ornith15_9b_dflash20/dflash / final,bethgelab-125,a313ac394757590d277b3d77643cb08a1e94d16cda563a2bc487e49d750aa0d1,d267e014aa04c667c0d8ab7d1c3f52ea5a2999d1a3457679a5a6c334b474c9c5,schema_object,10,violation_7plus,0.09287925696594428,5,within_5,0.0,8,violation_7plus,0.4375
Legacy ornith15_9b_dflash20/dflash / returned generation,bethgelab-125,a313ac394757590d277b3d77643cb08a1e94d16cda563a2bc487e49d750aa0d1,6490944effb17a010386f43b2a634bc01ce439921976627e51592b81c820d4a8,schema_object,10,violation_7plus,0.08895478131949593,21,violation_7plus,0.9417701863354038,8,violation_7plus,0.24561403508771928
Legacy qwen27b / final,bethgelab-125,a313ac394757590d277b3d77643cb08a1e94d16cda563a2bc487e49d750aa0d1,074e5c5f928df763ff0fea3eca1f1ea71a63849ef864ff2c653ebe20d79b639b,schema_object,8,violation_7plus,0.03326612903225806,5,within_5,0.0,8,violation_7plus,0.4666666666666667
Legacy qwen27b / returned generation,bethgelab-125,a313ac394757590d277b3d77643cb08a1e94d16cda563a2bc487e49d750aa0d1,21b5e5c4437c7c9dfd125028bd27a4f134da742220e372bf5889c7f84053fd44,schema_object,8,violation_7plus,0.03326612903225806,6,borderline_6,0.13043478260869565,8,violation_7plus,0.4666666666666667
Legacy qwen27b / returned field_repair,bethgelab-125,a313ac394757590d277b3d77643cb08a1e94d16cda563a2bc487e49d750aa0d1,711754101e3da7440a47996a067fbed7408e315f2209a18e12bcd4e117d2e97e,schema_object,8,violation_7plus,0.04631217838765009,5,within_5,0.0,0,within_5,0
Legacy qwen35_9b / final,bethgelab-125,a313ac394757590d277b3d77643cb08a1e94d16cda563a2bc487e49d750aa0d1,845e395e3dd51d6bb5ca7d03e17c50e0a383ffa285891c3701675b9c2d4b6a15,schema_object,10,violation_7plus,0.14036697247706423,5,within_5,0.0,17,violation_7plus,0.53125
Legacy qwen35_9b / returned generation,bethgelab-125,a313ac394757590d277b3d77643cb08a1e94d16cda563a2bc487e49d750aa0d1,89ae89ddd4740be13139aeb28c58ce33f6eec88ed0494e6a80827dd6d390b1e5,schema_object,10,violation_7plus,0.13362445414847163,17,violation_7plus,0.9560315670800451,17,violation_7plus,0.2982456140350877
Legacy qwen35_9b/pre_completion_recovery / final,bethgelab-125,a313ac394757590d277b3d77643cb08a1e94d16cda563a2bc487e49d750aa0d1,845e395e3dd51d6bb5ca7d03e17c50e0a383ffa285891c3701675b9c2d4b6a15,schema_object,10,violation_7plus,0.14036697247706423,5,within_5,0.0,17,violation_7plus,0.53125
Legacy qwen35_9b/pre_completion_recovery / returned generation,bethgelab-125,a313ac394757590d277b3d77643cb08a1e94d16cda563a2bc487e49d750aa0d1,89ae89ddd4740be13139aeb28c58ce33f6eec88ed0494e6a80827dd6d390b1e5,schema_object,10,violation_7plus,0.13362445414847163,17,violation_7plus,0.9560315670800451,17,violation_7plus,0.2982456140350877
Legacy ornith15_9b / final,bethgelab-128,1a480e5fcb0ae03c15bc9631db3dd30b1acc16364655c063171f180297692852,257bf05a2c1e2ea09e2ab9e1beeb20c728b96a5f19cbf9e936c2973fc2a724b4,schema_object,32,violation_7plus,0.5231053604436229,5,within_5,0.0,11,violation_7plus,0.68
Legacy ornith15_9b / returned generation,bethgelab-128,1a480e5fcb0ae03c15bc9631db3dd30b1acc16364655c063171f180297692852,18b38a09577d0b41d2aa1ed2b820f0d9a8bdaa555d1a68a9b41deb25fa7f7b9a,schema_object,32,violation_7plus,0.49055812001678556,15,violation_7plus,0.8657024793388429,11,violation_7plus,0.2833333333333333
Legacy qwen27b / final,bethgelab-128,1a480e5fcb0ae03c15bc9631db3dd30b1acc16364655c063171f180297692852,dc12d4066caaec1ea648c0bd7399d5145b4376cc2448ef42f4509776fa7c6694,schema_object,11,violation_7plus,0.12871287128712872,5,within_5,0.0,11,violation_7plus,0.7391304347826086
Legacy qwen27b / returned generation,bethgelab-128,1a480e5fcb0ae03c15bc9631db3dd30b1acc16364655c063171f180297692852,6ce5ea341188b03673b5e9aac278647567a81827e5332fa813e7d71b6972931b,schema_object,11,violation_7plus,0.12745098039215685,4,within_5,0.0,11,violation_7plus,0.7391304347826086
Legacy qwen27b / returned field_repair,bethgelab-128,1a480e5fcb0ae03c15bc9631db3dd30b1acc16364655c063171f180297692852,151cf7ded76b85e7144f0c9155299e59f1735af5f4c93f6eb9e3a9edf4177a35,schema_object,10,violation_7plus,0.11801242236024845,4,within_5,0.0,0,within_5,0
Legacy qwen35_9b / final,bethgelab-128,1a480e5fcb0ae03c15bc9631db3dd30b1acc16364655c063171f180297692852,53bd091193a81eca4d2c48d6a16c5e59627c4505320da6ad93200148e3d74640,schema_object,10,violation_7plus,0.08944954128440367,5,within_5,0.0,11,violation_7plus,0.7391304347826086
Legacy qwen35_9b / returned generation,bethgelab-128,1a480e5fcb0ae03c15bc9631db3dd30b1acc16364655c063171f180297692852,e8de45919ef4811f90240139d92532db99a64d670df8d5acb50daeb7f43c0ea4,schema_object,10,violation_7plus,0.08459869848156182,23,violation_7plus,0.9919540229885058,11,violation_7plus,0.3541666666666667
Legacy qwen35_9b/pre_completion_recovery / final,bethgelab-128,1a480e5fcb0ae03c15bc9631db3dd30b1acc16364655c063171f180297692852,53bd091193a81eca4d2c48d6a16c5e59627c4505320da6ad93200148e3d74640,schema_object,10,violation_7plus,0.08944954128440367,5,within_5,0.0,11,violation_7plus,0.7391304347826086
Legacy qwen35_9b/pre_completion_recovery / returned generation,bethgelab-128,1a480e5fcb0ae03c15bc9631db3dd30b1acc16364655c063171f180297692852,e8de45919ef4811f90240139d92532db99a64d670df8d5acb50daeb7f43c0ea4,schema_object,10,violation_7plus,0.08459869848156182,23,violation_7plus,0.9919540229885058,11,violation_7plus,0.3541666666666667
Legacy ornith15_9b / final,bethgelab-142,830533425e592db6ae69cda4bfdb7398a3102bbfa4953317c0543f0bf6970206,d36225cd4e31dd770293d7fcf6a5e1236c6832fcfa16a38474352d2509bf998a,schema_object,52,violation_7plus,0.8157641781480295,5,within_5,0.0,15,violation_7plus,0.6756756756756757
Legacy ornith15_9b / returned generation / unparsed text diagnostic,bethgelab-142,830533425e592db6ae69cda4bfdb7398a3102bbfa4953317c0543f0bf6970206,54bf34c5a55150d4166ed999bcb36b76aa4271d26c14c053d0975fa19f02e3c1,unparsed_returned_text,49,violation_7plus,0.42345765423457654,0,within_5,0,0,within_5,0
Legacy ornith15_9b / returned generation,bethgelab-142,830533425e592db6ae69cda4bfdb7398a3102bbfa4953317c0543f0bf6970206,0581e71877776febace492112fed5feed9a2dbd44228e3076b06dfe84a07de65,schema_object,45,violation_7plus,0.6180943214629452,29,violation_7plus,0.5595238095238095,15,violation_7plus,0.36764705882352944
Legacy ornith15_9b / returned generation,bethgelab-142,830533425e592db6ae69cda4bfdb7398a3102bbfa4953317c0543f0bf6970206,11f77e1b62868565d6486faefb9d7cd52373bb60d16823ca8d4eef75e2cc59a9,schema_object,40,violation_7plus,0.6384671005061461,0,within_5,0,15,violation_7plus,0.8064516129032258
Legacy ornith15_9b / returned generation,bethgelab-142,830533425e592db6ae69cda4bfdb7398a3102bbfa4953317c0543f0bf6970206,68949ea9299ddd098f4d6ec80596d9aa8f13ccddae3cbd150dcf54bc15bbff60,schema_object,52,violation_7plus,0.8157641781480295,16,violation_7plus,0.7497797356828194,15,violation_7plus,0.6756756756756757
Legacy ornith15_9b / returned generation,bethgelab-142,830533425e592db6ae69cda4bfdb7398a3102bbfa4953317c0543f0bf6970206,9c90d54b1bd72edbf2da29ae41352e7969422c2308f13cf0aebc3f0bccea2d1a,schema_object,55,violation_7plus,0.7888963210702341,14,violation_7plus,0.7078464106844741,10,violation_7plus,0.3064516129032258
Legacy ornith15_9b / returned generation,bethgelab-142,830533425e592db6ae69cda4bfdb7398a3102bbfa4953317c0543f0bf6970206,c4ffed58bb4a32b4d10ff040f8d65ad8c741ef538affbde729623189faba88d9,schema_object,44,violation_7plus,0.6029135338345865,0,within_5,0,15,violation_7plus,0.5952380952380952
Legacy ornith15_9b / returned generation / unparsed text diagnostic,bethgelab-142,830533425e592db6ae69cda4bfdb7398a3102bbfa4953317c0543f0bf6970206,e6b7c6d45e446ee0fbe7fabadadde4e3eab1ff44759c4ef8de661c73f7c661f3,unparsed_returned_text,137,violation_7plus,0.20432792342904701,0,within_5,0,0,within_5,0
Legacy ornith15_9b_dflash20/baseline / final,bethgelab-142,830533425e592db6ae69cda4bfdb7398a3102bbfa4953317c0543f0bf6970206,95fde7b0ec8f578453547928b0d9bf536187572d89be2e28f89b3ecd0da69958,schema_object,63,violation_7plus,0.9082493874217261,5,within_5,0.0,10,violation_7plus,0.5
Legacy ornith15_9b_dflash20/baseline / returned generation,bethgelab-142,830533425e592db6ae69cda4bfdb7398a3102bbfa4953317c0543f0bf6970206,95db259a68dbc61e00f73abbf46933000abf5c5b664623fe460ad1e2a84bee5b,schema_object,63,violation_7plus,0.9050067658998647,22,violation_7plus,0.945375091041515,10,violation_7plus,0.30158730158730157
Legacy ornith15_9b_dflash20/dflash / final,bethgelab-142,830533425e592db6ae69cda4bfdb7398a3102bbfa4953317c0543f0bf6970206,97237793af9e6ee9c5c5a627a96efd214ec799c9f7655809270da263e7a7d91e,schema_object,65,violation_7plus,0.9064613949148589,5,within_5,0.0,10,violation_7plus,0.6333333333333333
Legacy ornith15_9b_dflash20/dflash / returned generation,bethgelab-142,830533425e592db6ae69cda4bfdb7398a3102bbfa4953317c0543f0bf6970206,292480650012cb876b8c187cdd7b791ca9ce4a1098496df588d5e2ab4f62f2d2,schema_object,65,violation_7plus,0.8888380603842635,39,violation_7plus,0.8966770508826584,10,violation_7plus,0.34545454545454546
Legacy qwen27b / final,bethgelab-142,830533425e592db6ae69cda4bfdb7398a3102bbfa4953317c0543f0bf6970206,31601b973da351ef77dd3771c210c57174a0f5fd595a8f666a1936d362411f26,schema_object,8,violation_7plus,0.035422343324250684,5,within_5,0.0,10,violation_7plus,0.7037037037037037
Legacy qwen27b / returned generation,bethgelab-142,830533425e592db6ae69cda4bfdb7398a3102bbfa4953317c0543f0bf6970206,0ec362f28cf513326fa3cca9338536f9d95cea635746acd216ec7037d3502615,schema_object,8,violation_7plus,0.033276450511945395,6,borderline_6,0.04067796610169491,10,violation_7plus,0.7037037037037037
Legacy qwen27b / returned field_repair,bethgelab-142,830533425e592db6ae69cda4bfdb7398a3102bbfa4953317c0543f0bf6970206,b6303dca71015fb1404462830be6ba6b676227424dea50d4b9405d4d6cebf5f1,schema_object,6,borderline_6,0.03125,5,within_5,0.0,0,within_5,0
Legacy qwen35_9b / final,bethgelab-142,830533425e592db6ae69cda4bfdb7398a3102bbfa4953317c0543f0bf6970206,3e3e607a68135bc43ed1999cf75e7219bbfccd29116486916ca372542bf1e1d3,schema_object,17,violation_7plus,0.1687279151943463,5,within_5,0.0,10,violation_7plus,0.7037037037037037
Legacy qwen35_9b / returned generation,bethgelab-142,830533425e592db6ae69cda4bfdb7398a3102bbfa4953317c0543f0bf6970206,bb3596b89a05f048932dd1ba8990015163d94255536ebf7c8a374d5c9d4e8ed5,schema_object,24,violation_7plus,0.19883527454242927,21,violation_7plus,0.9790518191841234,10,violation_7plus,0.36538461538461536
Legacy qwen35_9b/pre_completion_recovery / final,bethgelab-142,830533425e592db6ae69cda4bfdb7398a3102bbfa4953317c0543f0bf6970206,3e3e607a68135bc43ed1999cf75e7219bbfccd29116486916ca372542bf1e1d3,schema_object,17,violation_7plus,0.1687279151943463,5,within_5,0.0,10,violation_7plus,0.7037037037037037
Legacy qwen35_9b/pre_completion_recovery / returned generation,bethgelab-142,830533425e592db6ae69cda4bfdb7398a3102bbfa4953317c0543f0bf6970206,bb3596b89a05f048932dd1ba8990015163d94255536ebf7c8a374d5c9d4e8ed5,schema_object,24,violation_7plus,0.19883527454242927,21,violation_7plus,0.9790518191841234,10,violation_7plus,0.36538461538461536
Legacy ornith15_9b / final,bethgelab-146,652ad4ed5affc62698e2c395d4c32c9181dc6c617e96278277aef11508225f9a,97f3898bfbf26cb4a6b0a3e3a65f26e5034df3b5a7b1a9a6ff0f9a80d7e8b394,schema_object,10,violation_7plus,0.0546218487394958,5,within_5,0.0,12,violation_7plus,0.36363636363636365
Legacy ornith15_9b / returned generation,bethgelab-146,652ad4ed5affc62698e2c395d4c32c9181dc6c617e96278277aef11508225f9a,15046f240a341edcb33849cdab6e15b46d75efd2f84b4132c7470a1c56e55bbc,schema_object,10,violation_7plus,0.051924798567591766,12,violation_7plus,0.7801418439716312,12,violation_7plus,0.17647058823529413
Legacy qwen27b / final,bethgelab-146,652ad4ed5affc62698e2c395d4c32c9181dc6c617e96278277aef11508225f9a,0a007f439152caadf1219b100cf4524d9fd0177478067c7b36f08dd40037d5a4,schema_object,11,violation_7plus,0.09353348729792148,5,within_5,0.0,12,violation_7plus,0.48
Legacy qwen27b / returned generation,bethgelab-146,652ad4ed5affc62698e2c395d4c32c9181dc6c617e96278277aef11508225f9a,c1e24e20d75c2545c2b938b3946b992be74168c4ee986506cdece8c51ba9edc1,schema_object,11,violation_7plus,0.09353348729792148,5,within_5,0.0,12,violation_7plus,0.48
Legacy qwen35_9b / final,bethgelab-146,652ad4ed5affc62698e2c395d4c32c9181dc6c617e96278277aef11508225f9a,e7047b2414407bbc2c52bf24bbf5d0c39ea6fe1bc6a022f944c3570c13789d0c,schema_object,19,violation_7plus,0.39014855355746675,5,within_5,0.0,12,violation_7plus,0.46153846153846156
Legacy qwen35_9b / returned generation,bethgelab-146,652ad4ed5affc62698e2c395d4c32c9181dc6c617e96278277aef11508225f9a,70d5b2b21252ccde35dfca0708e044ddf41b0fe6737b736b4589200a15a80480,schema_object,19,violation_7plus,0.37860394537177544,18,violation_7plus,0.8793342579750347,12,violation_7plus,0.23529411764705882
Legacy qwen35_9b/pre_completion_recovery / final,bethgelab-146,652ad4ed5affc62698e2c395d4c32c9181dc6c617e96278277aef11508225f9a,e7047b2414407bbc2c52bf24bbf5d0c39ea6fe1bc6a022f944c3570c13789d0c,schema_object,19,violation_7plus,0.39014855355746675,5,within_5,0.0,12,violation_7plus,0.46153846153846156
Legacy qwen35_9b/pre_completion_recovery / returned generation,bethgelab-146,652ad4ed5affc62698e2c395d4c32c9181dc6c617e96278277aef11508225f9a,70d5b2b21252ccde35dfca0708e044ddf41b0fe6737b736b4589200a15a80480,schema_object,19,violation_7plus,0.37860394537177544,18,violation_7plus,0.8793342579750347,12,violation_7plus,0.23529411764705882
Legacy ornith15_9b / final,bethgelab-200004,d7535eed5d733ab833691ced999c404380d4967457d1ed8b9198f1296b8dab6f,6e881db4f0c651360d33024aac47dd584f21f85ad4f1ee4febbe2938c53bd9c1,schema_object,14,violation_7plus,0.2889366272824919,5,within_5,0.0,8,violation_7plus,0.21052631578947367
Legacy ornith15_9b / returned generation / unparsed text diagnostic,bethgelab-200004,d7535eed5d733ab833691ced999c404380d4967457d1ed8b9198f1296b8dab6f,ffad37b47f4af615a9028c1e57c176c56183c86b0ae632fb5d47bc829370ae55,unparsed_returned_text,12,violation_7plus,0.004003453960279457,0,within_5,0,0,within_5,0
Legacy ornith15_9b / returned generation,bethgelab-200004,d7535eed5d733ab833691ced999c404380d4967457d1ed8b9198f1296b8dab6f,e3346b2ecf2619c2c0910c4c562bf5e7c6cfcf0bc61aa448e8bcc30d4c15b310,schema_object,14,violation_7plus,0.2727272727272727,29,violation_7plus,0.8955465587044534,8,violation_7plus,0.21052631578947367
Legacy qwen27b / final,bethgelab-200004,d7535eed5d733ab833691ced999c404380d4967457d1ed8b9198f1296b8dab6f,5af428ddbf978a9302d878fb029cddd19186031b242b58eb40ba6a2e3a2ce4b8,schema_object,11,violation_7plus,0.06213364595545135,4,within_5,0.0,8,violation_7plus,0.22857142857142856
Legacy qwen27b / returned generation,bethgelab-200004,d7535eed5d733ab833691ced999c404380d4967457d1ed8b9198f1296b8dab6f,7fe3f7a185c13846991674b06483b655572314f1ccedc88dc69a54cf52355569,schema_object,11,violation_7plus,0.06213364595545135,4,within_5,0.0,8,violation_7plus,0.22857142857142856
Legacy qwen27b / returned field_repair,bethgelab-200004,d7535eed5d733ab833691ced999c404380d4967457d1ed8b9198f1296b8dab6f,12973a3dedeb90740df3ce1dcf5859a9b80e8524abf2c5a7c160ae99514929c8,schema_object,9,violation_7plus,0.09053497942386832,4,within_5,0.0,0,within_5,0
Legacy qwen35_9b / final,bethgelab-200004,d7535eed5d733ab833691ced999c404380d4967457d1ed8b9198f1296b8dab6f,eafdaefb1f3be20629bb5b1a30af39f95c7de205d0634cc3a8f7009ec0fd2524,schema_object,26,violation_7plus,0.7484520123839009,5,within_5,0.0,8,violation_7plus,0.2222222222222222
Legacy qwen35_9b / returned generation,bethgelab-200004,d7535eed5d733ab833691ced999c404380d4967457d1ed8b9198f1296b8dab6f,8f7348b11ec304efbcb426f1e102e03e9a7c3bae79bcf78bffd77220aae24434,schema_object,26,violation_7plus,0.7079062957540263,19,violation_7plus,0.8215417106652587,8,violation_7plus,0.13114754098360656
Legacy qwen35_9b/pre_completion_recovery / final,bethgelab-200004,d7535eed5d733ab833691ced999c404380d4967457d1ed8b9198f1296b8dab6f,eafdaefb1f3be20629bb5b1a30af39f95c7de205d0634cc3a8f7009ec0fd2524,schema_object,26,violation_7plus,0.7484520123839009,5,within_5,0.0,8,violation_7plus,0.2222222222222222
Legacy qwen35_9b/pre_completion_recovery / returned generation,bethgelab-200004,d7535eed5d733ab833691ced999c404380d4967457d1ed8b9198f1296b8dab6f,8f7348b11ec304efbcb426f1e102e03e9a7c3bae79bcf78bffd77220aae24434,schema_object,26,violation_7plus,0.7079062957540263,19,violation_7plus,0.8215417106652587,8,violation_7plus,0.13114754098360656
Legacy ornith15_9b / final,bethgelab-200016,218b16eeb02da5827f5c0724d2d42f966ee250105fe6b2da4daabaee84f52ef5,48ca943e203d39682b2ac515887cad5e685d87da1ae5ee4afa49485dc1060aec,schema_object,11,violation_7plus,0.09540636042402827,5,within_5,0.0,15,violation_7plus,0.39473684210526316
Legacy ornith15_9b / returned generation,bethgelab-200016,218b16eeb02da5827f5c0724d2d42f966ee250105fe6b2da4daabaee84f52ef5,50e3d653d5f5f52feeede51513dfdbf5305577c3fcb993a73b814236a22db944,schema_object,11,violation_7plus,0.09036860879904875,25,violation_7plus,0.916572077185017,15,violation_7plus,0.22058823529411764
Legacy qwen27b / final,bethgelab-200016,218b16eeb02da5827f5c0724d2d42f966ee250105fe6b2da4daabaee84f52ef5,52796c06a9303bf793be51d435f95939eef1a1f0d2e9350c034926eb4ae96af7,schema_object,11,violation_7plus,0.21329987452948557,4,within_5,0.0,15,violation_7plus,0.45454545454545453
Legacy qwen27b / returned generation,bethgelab-200016,218b16eeb02da5827f5c0724d2d42f966ee250105fe6b2da4daabaee84f52ef5,b30e815db6d4ce8b1ac1192e3333be9fdd6b9ca9bd7180a786ecb8ad48da5d5a,schema_object,11,violation_7plus,0.21329987452948557,4,within_5,0.0,15,violation_7plus,0.45454545454545453
Legacy qwen27b / returned field_repair,bethgelab-200016,218b16eeb02da5827f5c0724d2d42f966ee250105fe6b2da4daabaee84f52ef5,014b311e7b768c10758fc14b5db08468676d537e01b7a05a11684abc42de7fb7,schema_object,10,violation_7plus,0.22745098039215686,4,within_5,0.0,0,within_5,0
Legacy qwen35_9b / final,bethgelab-200016,218b16eeb02da5827f5c0724d2d42f966ee250105fe6b2da4daabaee84f52ef5,975affb613aecf9df080631780a0fe09d405f9316eb109882b637f61af140e86,schema_object,8,violation_7plus,0.07580645161290323,5,within_5,0.0,15,violation_7plus,0.45454545454545453
Legacy qwen35_9b / returned generation,bethgelab-200016,218b16eeb02da5827f5c0724d2d42f966ee250105fe6b2da4daabaee84f52ef5,1aacd1470a1ff7bbcf311f004be71c8e8eba4dcaec9bd0faef60d1dcf79536e5,schema_object,12,violation_7plus,0.08098159509202454,16,violation_7plus,0.9057971014492754,15,violation_7plus,0.25862068965517243
Legacy qwen35_9b/pre_completion_recovery / final,bethgelab-200016,218b16eeb02da5827f5c0724d2d42f966ee250105fe6b2da4daabaee84f52ef5,975affb613aecf9df080631780a0fe09d405f9316eb109882b637f61af140e86,schema_object,8,violation_7plus,0.07580645161290323,5,within_5,0.0,15,violation_7plus,0.45454545454545453
Legacy qwen35_9b/pre_completion_recovery / returned generation,bethgelab-200016,218b16eeb02da5827f5c0724d2d42f966ee250105fe6b2da4daabaee84f52ef5,1aacd1470a1ff7bbcf311f004be71c8e8eba4dcaec9bd0faef60d1dcf79536e5,schema_object,12,violation_7plus,0.08098159509202454,16,violation_7plus,0.9057971014492754,15,violation_7plus,0.25862068965517243
Legacy ornith15_9b / final,bethgelab-200019,e049827f21769b52fbc4a147774761c10e8dbacc20474376debb2a0a64b649d5,bcfe84ffed1ff1eb0b4a63f94c772dba23bb3c1749fd78d2b11463d750421d69,schema_object,22,violation_7plus,0.4545875810936052,5,within_5,0.0,19,violation_7plus,0.8484848484848485
Legacy ornith15_9b / returned generation / unparsed text diagnostic,bethgelab-200019,e049827f21769b52fbc4a147774761c10e8dbacc20474376debb2a0a64b649d5,61d5a252ca9db739468194fc7d6662da2dd7e23b6d4d2e97cb773958be7b4956,unparsed_returned_text,52,violation_7plus,0.8036447381596075,0,within_5,0,0,within_5,0
Legacy ornith15_9b / returned generation,bethgelab-200019,e049827f21769b52fbc4a147774761c10e8dbacc20474376debb2a0a64b649d5,ea5084e74cc2aa4c18c507e5296e0b03c2712d702f69bea0b3e6d7cf2a1d7623,schema_object,22,violation_7plus,0.37843866171003715,34,violation_7plus,0.8590416229450857,19,violation_7plus,0.4117647058823529
Legacy ornith15_9b / returned generation / unparsed text diagnostic,bethgelab-200019,e049827f21769b52fbc4a147774761c10e8dbacc20474376debb2a0a64b649d5,3f4c08678658477d045eba2078c9c3db7b5abcb4df1995b0b2deb0e07a59213e,unparsed_returned_text,73,violation_7plus,0.9292636627035668,0,within_5,0,0,within_5,0
Legacy ornith15_9b / returned generation / unparsed text diagnostic,bethgelab-200019,e049827f21769b52fbc4a147774761c10e8dbacc20474376debb2a0a64b649d5,3dbaf946fd106cf8f0d64845566097147378f5b4f15a5019bffa0adb1b531a34,unparsed_returned_text,32,violation_7plus,0.7809710428913564,0,within_5,0,0,within_5,0
Legacy ornith15_9b / returned generation / unparsed text diagnostic,bethgelab-200019,e049827f21769b52fbc4a147774761c10e8dbacc20474376debb2a0a64b649d5,df3176151a589dcde87bbf9bf2f18b4d6e4d9a23286a1f1f63060e6fc2779619,unparsed_returned_text,64,violation_7plus,0.8398471936526594,0,within_5,0,0,within_5,0
Legacy qwen27b / final,bethgelab-200019,e049827f21769b52fbc4a147774761c10e8dbacc20474376debb2a0a64b649d5,05576a8905b4ebd215c81a2d02d15bb2c47102c05d3bd29e90293930377fb648,schema_object,8,violation_7plus,0.023809523809523808,5,within_5,0.0,19,violation_7plus,0.875
Legacy qwen27b / returned generation,bethgelab-200019,e049827f21769b52fbc4a147774761c10e8dbacc20474376debb2a0a64b649d5,e5203a558ee71ab18bbbb1652b8e7f6baf94c7abe46ee22ca6128bb27533fe52,schema_object,8,violation_7plus,0.023504273504273504,5,within_5,0.0,19,violation_7plus,0.875
Legacy qwen27b / returned field_repair,bethgelab-200019,e049827f21769b52fbc4a147774761c10e8dbacc20474376debb2a0a64b649d5,86c4995c3bf8889228f5390e7d0f97083e26ae584d6a69d398439e742ca63316,schema_object,6,borderline_6,0.024291497975708502,4,within_5,0.0,0,within_5,0
Legacy qwen35_9b / final,bethgelab-200019,e049827f21769b52fbc4a147774761c10e8dbacc20474376debb2a0a64b649d5,d4ce7b270542c6888fa4f8737fab7226aeffa45983d7275b4b1c3aaa076d80fd,schema_object,19,violation_7plus,0.13101604278074866,5,within_5,0.0,19,violation_7plus,0.875
Legacy qwen35_9b / returned generation,bethgelab-200019,e049827f21769b52fbc4a147774761c10e8dbacc20474376debb2a0a64b649d5,457c06c8db5ec4cc9a317dbeb9dc2aaa2883a5b5d25621c0f62bc696ab44f65c,schema_object,19,violation_7plus,0.12384161752316765,24,violation_7plus,0.9978070175438597,19,violation_7plus,0.49122807017543857
Legacy qwen35_9b/pre_completion_recovery / final,bethgelab-200019,e049827f21769b52fbc4a147774761c10e8dbacc20474376debb2a0a64b649d5,d4ce7b270542c6888fa4f8737fab7226aeffa45983d7275b4b1c3aaa076d80fd,schema_object,19,violation_7plus,0.13101604278074866,5,within_5,0.0,19,violation_7plus,0.875
Legacy qwen35_9b/pre_completion_recovery / returned generation,bethgelab-200019,e049827f21769b52fbc4a147774761c10e8dbacc20474376debb2a0a64b649d5,457c06c8db5ec4cc9a317dbeb9dc2aaa2883a5b5d25621c0f62bc696ab44f65c,schema_object,19,violation_7plus,0.12384161752316765,24,violation_7plus,0.9978070175438597,19,violation_7plus,0.49122807017543857
Legacy ornith15_9b / final,bethgelab-200021,aa7c3ced0095dfd12cb4e186f48684b79bc4bba351a31f42602b16e434d00d21,b8faa1251d447538fcb11ba18082aa9824fbfe06533807ebdfa10d062ed35b8c,schema_object,60,violation_7plus,0.9236163285750063,5,within_5,0.0,14,violation_7plus,0.2641509433962264
Legacy ornith15_9b / returned generation / unparsed text diagnostic,bethgelab-200021,aa7c3ced0095dfd12cb4e186f48684b79bc4bba351a31f42602b16e434d00d21,d1c88b047d4933cf5cec1489424e5cd97dc6d40efd380a5833f14030036d5361,unparsed_returned_text,20,violation_7plus,0.5230027368695426,0,within_5,0,0,within_5,0
Legacy ornith15_9b / returned generation,bethgelab-200021,aa7c3ced0095dfd12cb4e186f48684b79bc4bba351a31f42602b16e434d00d21,7cd16716290234ded7b989cdc9cd1a5b89fca90b9b31462abdeb70a0468f509a,schema_object,81,violation_7plus,0.899548532731377,10,violation_7plus,0.6162207357859532,14,violation_7plus,0.1686746987951807
Legacy qwen27b / final,bethgelab-200021,aa7c3ced0095dfd12cb4e186f48684b79bc4bba351a31f42602b16e434d00d21,0b0b5d4f9f314c907727b239ff398aae293cc3f07d751551c3de305a6424dc35,schema_object,16,violation_7plus,0.34843205574912894,4,within_5,0.0,14,violation_7plus,0.2857142857142857
Legacy qwen27b / returned generation,bethgelab-200021,aa7c3ced0095dfd12cb4e186f48684b79bc4bba351a31f42602b16e434d00d21,256b4c26cb0bfa8bcb121b04803dc6fed563a821f3e68ce372ff1ed0e5f2a6ce,schema_object,16,violation_7plus,0.3460207612456747,4,within_5,0.0,14,violation_7plus,0.2857142857142857
Legacy qwen27b / returned field_repair,bethgelab-200021,aa7c3ced0095dfd12cb4e186f48684b79bc4bba351a31f42602b16e434d00d21,6f793d6f0808ad8bbb20cf84448866e64abffcb7b3053d3afac815cd9791d5b4,schema_object,13,violation_7plus,0.38011695906432746,4,within_5,0.0,0,within_5,0
Legacy qwen35_9b / final,bethgelab-200021,aa7c3ced0095dfd12cb4e186f48684b79bc4bba351a31f42602b16e434d00d21,a8567d89495ac90bf8b8bb1d6a431f35b119395381ab3879e039ff616e19a38c,schema_object,9,violation_7plus,0.10874439461883408,5,within_5,0.0,14,violation_7plus,0.2978723404255319
Legacy qwen35_9b / returned generation,bethgelab-200021,aa7c3ced0095dfd12cb4e186f48684b79bc4bba351a31f42602b16e434d00d21,6b0616471b7610a1e2d9bcd93cb96b86d531429a73b92cb00df1cfbbc126c988,schema_object,9,violation_7plus,0.10659340659340659,18,violation_7plus,0.955386289445049,14,violation_7plus,0.19444444444444445
Legacy qwen35_9b/pre_completion_recovery / final,bethgelab-200021,aa7c3ced0095dfd12cb4e186f48684b79bc4bba351a31f42602b16e434d00d21,a8567d89495ac90bf8b8bb1d6a431f35b119395381ab3879e039ff616e19a38c,schema_object,9,violation_7plus,0.10874439461883408,5,within_5,0.0,14,violation_7plus,0.2978723404255319
Legacy qwen35_9b/pre_completion_recovery / returned generation,bethgelab-200021,aa7c3ced0095dfd12cb4e186f48684b79bc4bba351a31f42602b16e434d00d21,6b0616471b7610a1e2d9bcd93cb96b86d531429a73b92cb00df1cfbbc126c988,schema_object,9,violation_7plus,0.10659340659340659,18,violation_7plus,0.955386289445049,14,violation_7plus,0.19444444444444445
Legacy ornith15_9b / final,bethgelab-200024,88a116c99d1eea1a867a05ba40ecabf52cfe821203f2034181a21d74d59d63c8,6d090a5944b452e62208c63df5282202a762c14ea16e0f30befb5500e41d7c2b,schema_object,20,violation_7plus,0.1602732527588019,5,within_5,0.0,45,violation_7plus,0.7647058823529411
Legacy ornith15_9b / returned generation,bethgelab-200024,88a116c99d1eea1a867a05ba40ecabf52cfe821203f2034181a21d74d59d63c8,e633c88bf3ddc0603e757211b000cdc090ed84e84f02969e838b45ccc40f3364,schema_object,20,violation_7plus,0.16491897044804577,34,violation_7plus,0.9784993418165863,45,violation_7plus,0.5048543689320388
Legacy ornith15_9b_dflash20/baseline / final,bethgelab-200024,88a116c99d1eea1a867a05ba40ecabf52cfe821203f2034181a21d74d59d63c8,5ea0da887fa2ce1c65decbbd81549de833228ef420d0a824a8927e24c42b00c6,schema_object,21,violation_7plus,0.2561942517343905,5,within_5,0.0,45,violation_7plus,0.7647058823529411
Legacy ornith15_9b_dflash20/baseline / returned generation,bethgelab-200024,88a116c99d1eea1a867a05ba40ecabf52cfe821203f2034181a21d74d59d63c8,25e60c60e45de0ec5326ff9f4c494db6877d1a03d6cccda8ee700eb11f170070,schema_object,21,violation_7plus,0.25231820400195215,34,violation_7plus,0.9910931174089069,45,violation_7plus,0.7123287671232876
Legacy ornith15_9b_dflash20/dflash / final,bethgelab-200024,88a116c99d1eea1a867a05ba40ecabf52cfe821203f2034181a21d74d59d63c8,498dc29597b02c12195cb0e822f23ee68aa0ce107db6a87327c4959a6abbe6ce,schema_object,14,violation_7plus,0.2643171806167401,5,within_5,0.0,45,violation_7plus,0.7647058823529411
Legacy ornith15_9b_dflash20/dflash / returned generation,bethgelab-200024,88a116c99d1eea1a867a05ba40ecabf52cfe821203f2034181a21d74d59d63c8,f1480306e38075ee1a5fd6e07e7334815ae6746cd936186e5f3d16f3b1409c68,schema_object,14,violation_7plus,0.2714581178903826,33,violation_7plus,0.9822222222222222,45,violation_7plus,0.5591397849462365
Legacy qwen27b / final,bethgelab-200024,88a116c99d1eea1a867a05ba40ecabf52cfe821203f2034181a21d74d59d63c8,1bbde13b44cf3782ce89448c7ef12004da059b60c08b213368801cee0a2ae5bc,schema_object,12,violation_7plus,0.21263345195729538,3,within_5,0.0,43,violation_7plus,0.8888888888888888
Legacy qwen27b / returned generation,bethgelab-200024,88a116c99d1eea1a867a05ba40ecabf52cfe821203f2034181a21d74d59d63c8,9f473de194bb975ad54ef7fd47da66823aa069bee91625ee91831522b7ea90b8,schema_object,12,violation_7plus,0.21263345195729538,3,within_5,0.0,43,violation_7plus,0.8888888888888888
Legacy qwen35_9b / final,bethgelab-200024,88a116c99d1eea1a867a05ba40ecabf52cfe821203f2034181a21d74d59d63c8,19cb7bce28e9438a8787a4429c65b9c32edeec8a52b8e1e81bb5f967f5ba06e7,schema_object,14,violation_7plus,0.18933969769291964,5,within_5,0.0,45,violation_7plus,0.8
Legacy qwen35_9b / returned generation,bethgelab-200024,88a116c99d1eea1a867a05ba40ecabf52cfe821203f2034181a21d74d59d63c8,17da0d4c9b7baca13b3d9db7a8d30e88b127c2acb202d0e9f67e493685226daf,schema_object,16,violation_7plus,0.17779444861215304,24,violation_7plus,0.991304347826087,45,violation_7plus,0.5777777777777777
Legacy qwen35_9b/pre_completion_recovery / final,bethgelab-200024,88a116c99d1eea1a867a05ba40ecabf52cfe821203f2034181a21d74d59d63c8,19cb7bce28e9438a8787a4429c65b9c32edeec8a52b8e1e81bb5f967f5ba06e7,schema_object,14,violation_7plus,0.18933969769291964,5,within_5,0.0,45,violation_7plus,0.8
Legacy qwen35_9b/pre_completion_recovery / returned generation,bethgelab-200024,88a116c99d1eea1a867a05ba40ecabf52cfe821203f2034181a21d74d59d63c8,17da0d4c9b7baca13b3d9db7a8d30e88b127c2acb202d0e9f67e493685226daf,schema_object,16,violation_7plus,0.17779444861215304,24,violation_7plus,0.991304347826087,45,violation_7plus,0.5777777777777777
Legacy ornith15_9b / final,bethgelab-200042,a995598c9dc8909ce7b487753c1ee613113c93393e7f9297e629c21751490704,9e60c10728e31bae99e2eb9b7fa501d1ec73aef845dfe12def9ab6e15901db72,schema_object,17,violation_7plus,0.3128630705394191,5,within_5,0.0,17,violation_7plus,0.425
Legacy ornith15_9b / returned generation / unparsed text diagnostic,bethgelab-200042,a995598c9dc8909ce7b487753c1ee613113c93393e7f9297e629c21751490704,34282e643a64a64c44d148cd979e944d111e1b212d80b9c072c8b699385d4901,unparsed_returned_text,23,violation_7plus,0.014755390015041902,0,within_5,0,0,within_5,0
Legacy ornith15_9b / returned generation / unparsed text diagnostic,bethgelab-200042,a995598c9dc8909ce7b487753c1ee613113c93393e7f9297e629c21751490704,ae1744344b2b608225e095180cb146b3c75180f3daa9562d1857b95bc197c198,unparsed_returned_text,33,violation_7plus,0.5499648629655657,0,within_5,0,0,within_5,0
Legacy ornith15_9b / returned generation,bethgelab-200042,a995598c9dc8909ce7b487753c1ee613113c93393e7f9297e629c21751490704,9445e79b7d095e06fdfb7a40b2e161fb296bbe5daf61939d8526c7c12a456793,schema_object,17,violation_7plus,0.3035426731078905,22,violation_7plus,0.9566441441441441,17,violation_7plus,0.425
Legacy ornith15_9b / returned generation / unparsed text diagnostic,bethgelab-200042,a995598c9dc8909ce7b487753c1ee613113c93393e7f9297e629c21751490704,e180ff051122736c1ee06268cd1577400a65737e418e90f2d775604eeb839916,unparsed_returned_text,23,violation_7plus,0.015757662973089653,0,within_5,0,0,within_5,0
Legacy ornith15_9b / returned generation / unparsed text diagnostic,bethgelab-200042,a995598c9dc8909ce7b487753c1ee613113c93393e7f9297e629c21751490704,48bf36553212a0ac7982ec490e57972ff6877de67803a78ca655a19a14adbe3c,unparsed_returned_text,57,violation_7plus,0.8332545497518317,0,within_5,0,0,within_5,0
Legacy ornith15_9b / returned generation / unparsed text diagnostic,bethgelab-200042,a995598c9dc8909ce7b487753c1ee613113c93393e7f9297e629c21751490704,7992e19fd03396bbfc7882918bec32395c0448e355e080ea4473ca8251bea095,unparsed_returned_text,64,violation_7plus,0.8199178416786943,0,within_5,0,0,within_5,0
Legacy qwen27b / final,bethgelab-200042,a995598c9dc8909ce7b487753c1ee613113c93393e7f9297e629c21751490704,5791b41599eafcf6cd2146715a254b4ced0dee48e62a4ac10e53b62f1dcd7de5,schema_object,11,violation_7plus,0.1821656050955414,5,within_5,0.0,17,violation_7plus,0.4857142857142857
Legacy qwen27b / returned generation,bethgelab-200042,a995598c9dc8909ce7b487753c1ee613113c93393e7f9297e629c21751490704,427998a0d86dd88aaf61d68b54632afc47377abd0b3cfffa059416983fb8fc23,schema_object,11,violation_7plus,0.1821656050955414,5,within_5,0.0,17,violation_7plus,0.4857142857142857
Legacy qwen27b / returned field_repair,bethgelab-200042,a995598c9dc8909ce7b487753c1ee613113c93393e7f9297e629c21751490704,7e6fba0ac4f7ba8943bc13b20430f60415a9baf7a1f7f2ad2288842986219108,schema_object,11,violation_7plus,0.22541966426858512,5,within_5,0.0,0,within_5,0
Legacy qwen35_9b / final,bethgelab-200042,a995598c9dc8909ce7b487753c1ee613113c93393e7f9297e629c21751490704,c5fea0c70f58ef380e9d232e0bc7dc085b0f60386b34b2b9540e7a2b9c6f8f82,schema_object,26,violation_7plus,0.7335115864527629,5,within_5,0.0,17,violation_7plus,0.4857142857142857
Legacy qwen35_9b / returned generation,bethgelab-200042,a995598c9dc8909ce7b487753c1ee613113c93393e7f9297e629c21751490704,b574c7da5bcb6ddf6dc0c790edb7b233a4e8572c010b20d2fedfd7fe48d14a4d,schema_object,26,violation_7plus,0.6881765195670275,33,violation_7plus,0.9808753218094888,17,violation_7plus,0.2833333333333333
Legacy qwen35_9b/pre_completion_recovery / final,bethgelab-200042,a995598c9dc8909ce7b487753c1ee613113c93393e7f9297e629c21751490704,c5fea0c70f58ef380e9d232e0bc7dc085b0f60386b34b2b9540e7a2b9c6f8f82,schema_object,26,violation_7plus,0.7335115864527629,5,within_5,0.0,17,violation_7plus,0.4857142857142857
Legacy qwen35_9b/pre_completion_recovery / returned generation,bethgelab-200042,a995598c9dc8909ce7b487753c1ee613113c93393e7f9297e629c21751490704,b574c7da5bcb6ddf6dc0c790edb7b233a4e8572c010b20d2fedfd7fe48d14a4d,schema_object,26,violation_7plus,0.6881765195670275,33,violation_7plus,0.9808753218094888,17,violation_7plus,0.2833333333333333
Legacy ornith15_9b / final,bethgelab-200047,f4bd42a8da057cea05f258f7ffd5ed924b47d6381a7e6b2b4a5a5795c6c9aaba,82befb4d6216e61751c9f6fbb590be3925081eda90bab5c2b17dadbb24131429,schema_object,31,violation_7plus,0.6228287841191067,5,within_5,0.0,13,violation_7plus,0.3170731707317073
Legacy ornith15_9b / returned generation,bethgelab-200047,f4bd42a8da057cea05f258f7ffd5ed924b47d6381a7e6b2b4a5a5795c6c9aaba,682cee0dfc3fa3f4a3b5bd60f269273a3372fd8ff183a8a09510ce0754cfac39,schema_object,31,violation_7plus,0.5231460674157303,12,violation_7plus,0.682089552238806,13,violation_7plus,0.17105263157894737
Legacy qwen27b / final,bethgelab-200047,f4bd42a8da057cea05f258f7ffd5ed924b47d6381a7e6b2b4a5a5795c6c9aaba,725810fb42c2a91c2152ea076e2f957d011f3ee0bff91370f2df3aecfbb5ac32,schema_object,13,violation_7plus,0.134029590948651,5,within_5,0.0,13,violation_7plus,0.37142857142857144
Legacy qwen27b / returned generation,bethgelab-200047,f4bd42a8da057cea05f258f7ffd5ed924b47d6381a7e6b2b4a5a5795c6c9aaba,63e89b0e411f8c2917b9093ff1ba6651b8783992b86f17823ac1bdca0121a7cd,schema_object,13,violation_7plus,0.134029590948651,5,within_5,0.0,13,violation_7plus,0.37142857142857144
Legacy qwen27b / returned field_repair,bethgelab-200047,f4bd42a8da057cea05f258f7ffd5ed924b47d6381a7e6b2b4a5a5795c6c9aaba,e5edecbd13bc5dd0c6524b3c0fae44ba4caef48c58832d4e7a624f50af26a37f,schema_object,13,violation_7plus,0.09859154929577464,3,within_5,0.0,0,within_5,0
Legacy qwen35_9b / final,bethgelab-200047,f4bd42a8da057cea05f258f7ffd5ed924b47d6381a7e6b2b4a5a5795c6c9aaba,244228b05ea553f420cf8b2da67ffd86e64e1db61b2ead7aab745c27f76efb9d,schema_object,14,violation_7plus,0.5019230769230769,5,within_5,0.0,13,violation_7plus,0.37142857142857144
Legacy qwen35_9b / returned generation,bethgelab-200047,f4bd42a8da057cea05f258f7ffd5ed924b47d6381a7e6b2b4a5a5795c6c9aaba,1a00826af0e5dfe966bc7675ba460d4ad03589533580dfcf328eae01ad55a537,schema_object,14,violation_7plus,0.46984698469846986,8,violation_7plus,0.28523489932885904,13,violation_7plus,0.21666666666666667
Legacy qwen35_9b/pre_completion_recovery / final,bethgelab-200047,f4bd42a8da057cea05f258f7ffd5ed924b47d6381a7e6b2b4a5a5795c6c9aaba,244228b05ea553f420cf8b2da67ffd86e64e1db61b2ead7aab745c27f76efb9d,schema_object,14,violation_7plus,0.5019230769230769,5,within_5,0.0,13,violation_7plus,0.37142857142857144
Legacy qwen35_9b/pre_completion_recovery / returned generation,bethgelab-200047,f4bd42a8da057cea05f258f7ffd5ed924b47d6381a7e6b2b4a5a5795c6c9aaba,1a00826af0e5dfe966bc7675ba460d4ad03589533580dfcf328eae01ad55a537,schema_object,14,violation_7plus,0.46984698469846986,8,violation_7plus,0.28523489932885904,13,violation_7plus,0.21666666666666667
Legacy ornith15_9b / final,bethgelab-200048,868744c1a1f5d91dd97bfb5ee1697b8b7bfdd53298d0e513d7c45b76472ec6d7,3e7228c939e34d5182b968adaf58c0edc3eb9793026f7e9924a31b75c4c1c738,schema_object,42,violation_7plus,0.8973582828838745,5,within_5,0.0,18,violation_7plus,0.2903225806451613
Legacy ornith15_9b / returned generation,bethgelab-200048,868744c1a1f5d91dd97bfb5ee1697b8b7bfdd53298d0e513d7c45b76472ec6d7,ca219e42ef03f73d19c78b3fb82a57710a768447f61458f6991958b2dbd4fa1b,schema_object,42,violation_7plus,0.8245269107888916,29,violation_7plus,0.8416123778501629,18,violation_7plus,0.1956521739130435
Legacy qwen27b / final,bethgelab-200048,868744c1a1f5d91dd97bfb5ee1697b8b7bfdd53298d0e513d7c45b76472ec6d7,81d7ff33d011c98df41d2d4e988759893a3d2f623b4025301b2663d6fa9ed456,schema_object,12,violation_7plus,0.19168900804289543,5,within_5,0.0,25,violation_7plus,0.38461538461538464
Legacy qwen27b / returned generation,bethgelab-200048,868744c1a1f5d91dd97bfb5ee1697b8b7bfdd53298d0e513d7c45b76472ec6d7,da5f510add33efb155ccd7b3e99f9a16ec9ef3e41934b4c0162ceab7a4e5e8d4,schema_object,12,violation_7plus,0.193196405648267,7,violation_7plus,0.10287081339712918,25,violation_7plus,0.38461538461538464
Legacy qwen27b / returned field_repair,bethgelab-200048,868744c1a1f5d91dd97bfb5ee1697b8b7bfdd53298d0e513d7c45b76472ec6d7,0a61fb740322893ccdfe8374cdd44b8513ca1acc9f9081990b6460f6eeb601bc,schema_object,12,violation_7plus,0.19427148194271482,5,within_5,0.0,0,within_5,0
Legacy qwen35_9b / final,bethgelab-200048,868744c1a1f5d91dd97bfb5ee1697b8b7bfdd53298d0e513d7c45b76472ec6d7,e6fd2e53d0a046047bf5c43e81dd3526be6b813760fbfb20499f99006e426a77,schema_object,18,violation_7plus,0.42981072555205047,5,within_5,0.0,18,violation_7plus,0.3157894736842105
Legacy qwen35_9b / returned generation,bethgelab-200048,868744c1a1f5d91dd97bfb5ee1697b8b7bfdd53298d0e513d7c45b76472ec6d7,1a7339b31bc2bb2d7f82e5e607329b68c118599efd83da08353d5001c1c897d2,schema_object,18,violation_7plus,0.4107142857142857,22,violation_7plus,0.9580882352941177,18,violation_7plus,0.21951219512195122
Legacy qwen35_9b/pre_completion_recovery / final,bethgelab-200048,868744c1a1f5d91dd97bfb5ee1697b8b7bfdd53298d0e513d7c45b76472ec6d7,e6fd2e53d0a046047bf5c43e81dd3526be6b813760fbfb20499f99006e426a77,schema_object,18,violation_7plus,0.42981072555205047,5,within_5,0.0,18,violation_7plus,0.3157894736842105
Legacy qwen35_9b/pre_completion_recovery / returned generation,bethgelab-200048,868744c1a1f5d91dd97bfb5ee1697b8b7bfdd53298d0e513d7c45b76472ec6d7,1a7339b31bc2bb2d7f82e5e607329b68c118599efd83da08353d5001c1c897d2,schema_object,18,violation_7plus,0.4107142857142857,22,violation_7plus,0.9580882352941177,18,violation_7plus,0.21951219512195122
Legacy ornith15_9b / final,bethgelab-50009,fdf2c95a141e744682aad8f94ea8783a5514e7033960d29fa2961bf8be3a3068,1c4b8985254e3666bef7fd6f7dbbafbccad29dd171990efa2c1514185d373d94,schema_object,22,violation_7plus,0.5163194444444444,5,within_5,0.0,34,violation_7plus,0.746268656716418
Legacy ornith15_9b / returned generation,bethgelab-50009,fdf2c95a141e744682aad8f94ea8783a5514e7033960d29fa2961bf8be3a3068,db8b5a20ffe9bae1398d187664175143436dfaf2719246c8fe73d534fda6d111,schema_object,30,violation_7plus,0.4317054061112562,35,violation_7plus,0.8095623987034035,34,violation_7plus,0.42735042735042733
Legacy qwen27b / final,bethgelab-50009,fdf2c95a141e744682aad8f94ea8783a5514e7033960d29fa2961bf8be3a3068,0035e94ecdb3e49ed6f874ebebf3ac8c775076ddd0eac41c7c9ad55272ea59f2,schema_object,13,violation_7plus,0.2476280834914611,5,within_5,0.0,16,violation_7plus,0.8666666666666667
Legacy qwen27b / returned generation,bethgelab-50009,fdf2c95a141e744682aad8f94ea8783a5514e7033960d29fa2961bf8be3a3068,d55569d89e23f7b28cbd130a89e70a6d0583d522ac59e884c4276dcb708dfd92,schema_object,13,violation_7plus,0.24530075187969924,5,within_5,0.0,16,violation_7plus,0.8666666666666667
Legacy qwen35_9b / final,bethgelab-50009,fdf2c95a141e744682aad8f94ea8783a5514e7033960d29fa2961bf8be3a3068,45b99eba876821ea02d0737d2dc6bd7e8dfc4828eace7ba147c73e1828804067,schema_object,11,violation_7plus,0.1,5,within_5,0.0,16,violation_7plus,0.8478260869565217
Legacy qwen35_9b / returned generation,bethgelab-50009,fdf2c95a141e744682aad8f94ea8783a5514e7033960d29fa2961bf8be3a3068,266a941ad7eea3d7a8c6e627c178cfbbd9b062a987571d309a7d32024193e812,schema_object,11,violation_7plus,0.08891595615103533,9,violation_7plus,0.5690072639225182,16,violation_7plus,0.5492957746478874
Legacy qwen35_9b/pre_completion_recovery / final,bethgelab-50009,fdf2c95a141e744682aad8f94ea8783a5514e7033960d29fa2961bf8be3a3068,45b99eba876821ea02d0737d2dc6bd7e8dfc4828eace7ba147c73e1828804067,schema_object,11,violation_7plus,0.1,5,within_5,0.0,16,violation_7plus,0.8478260869565217
Legacy qwen35_9b/pre_completion_recovery / returned generation,bethgelab-50009,fdf2c95a141e744682aad8f94ea8783a5514e7033960d29fa2961bf8be3a3068,266a941ad7eea3d7a8c6e627c178cfbbd9b062a987571d309a7d32024193e812,schema_object,11,violation_7plus,0.08891595615103533,9,violation_7plus,0.5690072639225182,16,violation_7plus,0.5492957746478874
Legacy ornith15_9b / final,bethgelab-50013,5873692a5abcd2765669d5fab7979f848ab9682d042126b679e3e670e9745efa,aea59813c2b4a761bd9605e517a9740f08a3bf535bb93f0993e2af3b57aaa4f6,schema_object,15,violation_7plus,0.22446750409612234,5,within_5,0.0,9,violation_7plus,0.3541666666666667
Legacy ornith15_9b / returned generation,bethgelab-50013,5873692a5abcd2765669d5fab7979f848ab9682d042126b679e3e670e9745efa,26fa9e4bd6fee7f535aee4472fc775c9181e1a8ed2483495177363043ff652f1,schema_object,15,violation_7plus,0.16491637495138078,21,violation_7plus,0.7607573149741824,9,violation_7plus,0.2328767123287671
Legacy qwen27b / final,bethgelab-50013,5873692a5abcd2765669d5fab7979f848ab9682d042126b679e3e670e9745efa,809a8daa164a4a92253ce28a0c7d457eebf691796c8cedf205c6db2e2868bf52,schema_object,8,violation_7plus,0.08343125734430082,4,within_5,0.0,9,violation_7plus,0.4594594594594595
Legacy qwen27b / returned generation,bethgelab-50013,5873692a5abcd2765669d5fab7979f848ab9682d042126b679e3e670e9745efa,575d70737313021622d666549d94950a8fda785d1d5ec17e2c36b94906e8bbf6,schema_object,8,violation_7plus,0.08343125734430082,4,within_5,0.0,9,violation_7plus,0.4594594594594595
Legacy qwen27b / returned field_repair,bethgelab-50013,5873692a5abcd2765669d5fab7979f848ab9682d042126b679e3e670e9745efa,d37e37b96f0c37575089a66401e025fb297f37e914fb768e459218a79d2be3cc,schema_object,7,violation_7plus,0.0374331550802139,4,within_5,0.0,0,within_5,0
Legacy qwen35_9b / final,bethgelab-50013,5873692a5abcd2765669d5fab7979f848ab9682d042126b679e3e670e9745efa,99ce02f7155b1293df7a5b3f9b67d1c949ef53c2fd05d6db8e1740ab8e971f75,schema_object,28,violation_7plus,0.7508751458576429,5,within_5,0.0,9,violation_7plus,0.4473684210526316
Legacy qwen35_9b / returned generation,bethgelab-50013,5873692a5abcd2765669d5fab7979f848ab9682d042126b679e3e670e9745efa,4df201eaeb71137ac4e4e76b194703515e4d2506f70dc85709287d74b1806061,schema_object,28,violation_7plus,0.6790770844257997,13,violation_7plus,0.5821812596006144,9,violation_7plus,0.2698412698412698
Legacy qwen35_9b/pre_completion_recovery / final,bethgelab-50013,5873692a5abcd2765669d5fab7979f848ab9682d042126b679e3e670e9745efa,99ce02f7155b1293df7a5b3f9b67d1c949ef53c2fd05d6db8e1740ab8e971f75,schema_object,28,violation_7plus,0.7508751458576429,5,within_5,0.0,9,violation_7plus,0.4473684210526316
Legacy qwen35_9b/pre_completion_recovery / returned generation,bethgelab-50013,5873692a5abcd2765669d5fab7979f848ab9682d042126b679e3e670e9745efa,4df201eaeb71137ac4e4e76b194703515e4d2506f70dc85709287d74b1806061,schema_object,28,violation_7plus,0.6790770844257997,13,violation_7plus,0.5821812596006144,9,violation_7plus,0.2698412698412698
Legacy ornith15_9b / final,bethgelab-50015,0bf9b205e3a6d1c88f5d9b2acfe868ac55f05e758fba034533eae6c292c1adee,d9dfbde4bd94b2e370e62646a9aa13b63362c18278a32831eb6ef7b6889b2cb4,schema_object,69,violation_7plus,0.6467757459095284,5,within_5,0.0,14,violation_7plus,0.6764705882352942
Legacy ornith15_9b / returned generation,bethgelab-50015,0bf9b205e3a6d1c88f5d9b2acfe868ac55f05e758fba034533eae6c292c1adee,861576710dbbefc19cbd9f2403557d3f4aa497d4ad1e25a88b8fd8093689d527,schema_object,69,violation_7plus,0.5909283594743535,38,violation_7plus,0.9482870071105365,14,violation_7plus,0.359375
Legacy qwen27b / final,bethgelab-50015,0bf9b205e3a6d1c88f5d9b2acfe868ac55f05e758fba034533eae6c292c1adee,848a2826dae2668acdb880b2b036633c626d56a78493c08f057c35e35fc1fa40,schema_object,13,violation_7plus,0.22033898305084745,4,within_5,0.0,14,violation_7plus,0.8214285714285714
Legacy qwen27b / returned generation,bethgelab-50015,0bf9b205e3a6d1c88f5d9b2acfe868ac55f05e758fba034533eae6c292c1adee,452c1cc356128768e2e0ee7539fcdad43d6e6f0400d3a766a2ae4f5c72af5e01,schema_object,13,violation_7plus,0.22033898305084745,4,within_5,0.0,14,violation_7plus,0.8214285714285714
Legacy qwen35_9b / final,bethgelab-50015,0bf9b205e3a6d1c88f5d9b2acfe868ac55f05e758fba034533eae6c292c1adee,638e914f85ffd647be90942412a88c8537d06a36b625da265d2aaa919e938637,schema_object,39,violation_7plus,0.324736225087925,5,within_5,0.0,14,violation_7plus,0.7931034482758621
Legacy qwen35_9b / returned generation / unparsed text diagnostic,bethgelab-50015,0bf9b205e3a6d1c88f5d9b2acfe868ac55f05e758fba034533eae6c292c1adee,23d729c4785280316284f469fe1c651547abdca2dcdca8bc411a977c166b077e,unparsed_returned_text,25,violation_7plus,0.12187159956474429,0,within_5,0,0,within_5,0
Legacy qwen35_9b / returned generation,bethgelab-50015,0bf9b205e3a6d1c88f5d9b2acfe868ac55f05e758fba034533eae6c292c1adee,3cb01bf1d99d9e53f0823b105eb3a241a08c0612af446938d4827a519935a0b7,schema_object,11,violation_7plus,0.14993804213135067,9,violation_7plus,0.6416184971098265,14,violation_7plus,0.42592592592592593
Legacy qwen35_9b/pre_completion_recovery / final,bethgelab-50015,0bf9b205e3a6d1c88f5d9b2acfe868ac55f05e758fba034533eae6c292c1adee,638e914f85ffd647be90942412a88c8537d06a36b625da265d2aaa919e938637,schema_object,39,violation_7plus,0.324736225087925,5,within_5,0.0,14,violation_7plus,0.7931034482758621
Legacy qwen35_9b/pre_completion_recovery / returned generation / unparsed text diagnostic,bethgelab-50015,0bf9b205e3a6d1c88f5d9b2acfe868ac55f05e758fba034533eae6c292c1adee,23d729c4785280316284f469fe1c651547abdca2dcdca8bc411a977c166b077e,unparsed_returned_text,25,violation_7plus,0.12187159956474429,0,within_5,0,0,within_5,0
Legacy qwen35_9b/pre_completion_recovery / returned generation,bethgelab-50015,0bf9b205e3a6d1c88f5d9b2acfe868ac55f05e758fba034533eae6c292c1adee,3cb01bf1d99d9e53f0823b105eb3a241a08c0612af446938d4827a519935a0b7,schema_object,11,violation_7plus,0.14993804213135067,9,violation_7plus,0.6416184971098265,14,violation_7plus,0.42592592592592593
Legacy ornith15_9b / final,bethgelab-50024,74ce4c9a8bb66ed76aa0bcf2719b37c2f45118dfc537ed9a1a7429457fac9b78,e236652c5034610b5229be70cbf352cc26e1f4accc3bef70c73e82708963259f,schema_object,15,violation_7plus,0.25633319021039075,5,within_5,0.0,15,violation_7plus,0.2830188679245283
Legacy ornith15_9b / returned generation,bethgelab-50024,74ce4c9a8bb66ed76aa0bcf2719b37c2f45118dfc537ed9a1a7429457fac9b78,ada1e11835db1b0656f1cdc55004fb31b4729c59e2b20ffb894b5b045fdfef4c,schema_object,15,violation_7plus,0.24240092343208927,10,violation_7plus,0.16040955631399317,15,violation_7plus,0.19230769230769232
Legacy qwen27b / final,bethgelab-50024,74ce4c9a8bb66ed76aa0bcf2719b37c2f45118dfc537ed9a1a7429457fac9b78,6471a36d9817d11fd6f3519743a11eb14f7605a4e28c3312db931b208da85b1e,schema_object,30,violation_7plus,0.75,5,within_5,0.0,15,violation_7plus,0.3191489361702128
Legacy qwen27b / returned generation,bethgelab-50024,74ce4c9a8bb66ed76aa0bcf2719b37c2f45118dfc537ed9a1a7429457fac9b78,acf3a36df0b556f6bc2833031810c7407f4515fb7faa340814f29bdc0e580159,schema_object,30,violation_7plus,0.7297297297297297,5,within_5,0.0,15,violation_7plus,0.3191489361702128
Legacy qwen27b / returned field_repair,bethgelab-50024,74ce4c9a8bb66ed76aa0bcf2719b37c2f45118dfc537ed9a1a7429457fac9b78,c8f26f18addffe870fc8246c4b9fb843396ee197b30d642fbf93278a3ff3deab,schema_object,25,violation_7plus,0.7693661971830986,4,within_5,0.0,0,within_5,0
Legacy qwen27b / returned field_repair,bethgelab-50024,74ce4c9a8bb66ed76aa0bcf2719b37c2f45118dfc537ed9a1a7429457fac9b78,a4d3fdecde812aa19b4afe198c0daa23ae9296ec8e825f83729e01688e8210ac,schema_object,21,violation_7plus,0.7184986595174263,4,within_5,0.0,0,within_5,0
Legacy qwen35_9b / final,bethgelab-50024,74ce4c9a8bb66ed76aa0bcf2719b37c2f45118dfc537ed9a1a7429457fac9b78,45ab6a1fa6b3194262d3cc83e8c44613a6284fd70772b27b3d3cb67c137533d7,schema_object,12,violation_7plus,0.20134228187919462,5,within_5,0.0,15,violation_7plus,0.32608695652173914
Legacy qwen35_9b / returned generation,bethgelab-50024,74ce4c9a8bb66ed76aa0bcf2719b37c2f45118dfc537ed9a1a7429457fac9b78,0e2042233cbbb96487cb07fdfaa6cb221e754b9c4ced5d1c4475bb1988de036f,schema_object,13,violation_7plus,0.22351885098743268,13,violation_7plus,0.6661392405063291,15,violation_7plus,0.2112676056338028
Legacy qwen35_9b / returned generation,bethgelab-50024,74ce4c9a8bb66ed76aa0bcf2719b37c2f45118dfc537ed9a1a7429457fac9b78,01793ae0ced038bf834ecf623b2b26d854c21dd63e01ca408186d7e565959ba8,schema_object,12,violation_7plus,0.17374517374517376,10,violation_7plus,0.1927007299270073,15,violation_7plus,0.2112676056338028
Legacy qwen35_9b/pre_completion_recovery / final,bethgelab-50024,74ce4c9a8bb66ed76aa0bcf2719b37c2f45118dfc537ed9a1a7429457fac9b78,45ab6a1fa6b3194262d3cc83e8c44613a6284fd70772b27b3d3cb67c137533d7,schema_object,12,violation_7plus,0.20134228187919462,5,within_5,0.0,15,violation_7plus,0.32608695652173914
Legacy qwen35_9b/pre_completion_recovery / returned generation,bethgelab-50024,74ce4c9a8bb66ed76aa0bcf2719b37c2f45118dfc537ed9a1a7429457fac9b78,0e2042233cbbb96487cb07fdfaa6cb221e754b9c4ced5d1c4475bb1988de036f,schema_object,13,violation_7plus,0.22351885098743268,13,violation_7plus,0.6661392405063291,15,violation_7plus,0.2112676056338028
Legacy qwen35_9b/pre_completion_recovery / returned generation,bethgelab-50024,74ce4c9a8bb66ed76aa0bcf2719b37c2f45118dfc537ed9a1a7429457fac9b78,01793ae0ced038bf834ecf623b2b26d854c21dd63e01ca408186d7e565959ba8,schema_object,12,violation_7plus,0.17374517374517376,10,violation_7plus,0.1927007299270073,15,violation_7plus,0.2112676056338028
Legacy ornith15_9b / final,bethgelab-50028,67b0f14459545eb0cb90ba33ad7dd4e3e7288a9289fa58f9000ee9ffb9d945e1,46eeb21dcd304dc894ceaf2ec7779f1a5f070427b00c632cc56956c81a714755,schema_object,23,violation_7plus,0.16265382557517388,5,within_5,0.0,12,violation_7plus,0.35294117647058826
Legacy ornith15_9b / returned generation,bethgelab-50028,67b0f14459545eb0cb90ba33ad7dd4e3e7288a9289fa58f9000ee9ffb9d945e1,bab62593ebab030cde0e50c7e916bc90873c09a77998bfa0008148cf51cb0699,schema_object,23,violation_7plus,0.14692144373673036,21,violation_7plus,0.7460393662986078,12,violation_7plus,0.17391304347826086
Legacy qwen27b / final,bethgelab-50028,67b0f14459545eb0cb90ba33ad7dd4e3e7288a9289fa58f9000ee9ffb9d945e1,2dae3ed7567adc624ce0de7161ff27f2eafaea3b6fbf1b8c8706fc9d0801c9e7,schema_object,16,violation_7plus,0.2928759894459103,5,within_5,0.0,12,violation_7plus,0.46153846153846156
Legacy qwen27b / returned generation,bethgelab-50028,67b0f14459545eb0cb90ba33ad7dd4e3e7288a9289fa58f9000ee9ffb9d945e1,d3a1b4d1e80b4549e8491ff6e84ef6634e9961b7ddeec0501e04c15b30d8ce0e,schema_object,16,violation_7plus,0.28583690987124466,5,within_5,0.0,12,violation_7plus,0.46153846153846156
Legacy qwen27b / returned field_repair,bethgelab-50028,67b0f14459545eb0cb90ba33ad7dd4e3e7288a9289fa58f9000ee9ffb9d945e1,9ff7c1373dd180246dcf7a0a3fc137f85a7496d9009a68c8e7f56b52d701349f,schema_object,12,violation_7plus,0.29878048780487804,4,within_5,0.0,0,within_5,0
Legacy qwen35_9b / final,bethgelab-50028,67b0f14459545eb0cb90ba33ad7dd4e3e7288a9289fa58f9000ee9ffb9d945e1,d1be74656e507259bf265125022d8b52c707cbafbeafc0ed2adf2001025acb37,schema_object,31,violation_7plus,0.8405797101449275,5,within_5,0.0,12,violation_7plus,0.46153846153846156
Legacy qwen35_9b / returned generation,bethgelab-50028,67b0f14459545eb0cb90ba33ad7dd4e3e7288a9289fa58f9000ee9ffb9d945e1,24fb57fbcd0a02deeeb3f8c2bac3a2621bb6e7bbe820ef5c1882f31a798209f3,schema_object,31,violation_7plus,0.8281417830290011,18,violation_7plus,0.8604395604395605,12,violation_7plus,0.23529411764705882
Legacy qwen35_9b/pre_completion_recovery / final,bethgelab-50028,67b0f14459545eb0cb90ba33ad7dd4e3e7288a9289fa58f9000ee9ffb9d945e1,d1be74656e507259bf265125022d8b52c707cbafbeafc0ed2adf2001025acb37,schema_object,31,violation_7plus,0.8405797101449275,5,within_5,0.0,12,violation_7plus,0.46153846153846156
Legacy qwen35_9b/pre_completion_recovery / returned generation,bethgelab-50028,67b0f14459545eb0cb90ba33ad7dd4e3e7288a9289fa58f9000ee9ffb9d945e1,24fb57fbcd0a02deeeb3f8c2bac3a2621bb6e7bbe820ef5c1882f31a798209f3,schema_object,31,violation_7plus,0.8281417830290011,18,violation_7plus,0.8604395604395605,12,violation_7plus,0.23529411764705882
Legacy qwen35_9b/pre_completion_recovery / failed draft,bethgelab-50028,67b0f14459545eb0cb90ba33ad7dd4e3e7288a9289fa58f9000ee9ffb9d945e1,0fd7c659cf87f412abebeb4da1e0c24c8c3fbcec2ef05d6ae71883ef3a1240a0,schema_object,31,violation_7plus,0.838150289017341,5,within_5,0.0,12,violation_7plus,0.46153846153846156
Legacy qwen35_9b / failed draft,bethgelab-50028,67b0f14459545eb0cb90ba33ad7dd4e3e7288a9289fa58f9000ee9ffb9d945e1,0fd7c659cf87f412abebeb4da1e0c24c8c3fbcec2ef05d6ae71883ef3a1240a0,schema_object,31,violation_7plus,0.838150289017341,5,within_5,0.0,12,violation_7plus,0.46153846153846156
Legacy ornith15_9b / final,bethgelab-50033,bf799d730709e4d61998cf1d6c35cf9885ada8045ad414d9e196fb4bf044922a,56d01d35b0a4a71d163ca98feee3907297e59a4802bb5885c6b242b98220939c,schema_object,26,violation_7plus,0.6575875486381323,5,within_5,0.0,15,violation_7plus,0.18072289156626506
Legacy ornith15_9b / returned generation,bethgelab-50033,bf799d730709e4d61998cf1d6c35cf9885ada8045ad414d9e196fb4bf044922a,3ca93edf575fd552610949db0025f70107473e33dec8bb8d68e12fe24fd0d4fd,schema_object,26,violation_7plus,0.6334332833583208,33,violation_7plus,0.9607329842931938,15,violation_7plus,0.17045454545454544
Legacy ornith15_9b_dflash20/baseline / final,bethgelab-50033,bf799d730709e4d61998cf1d6c35cf9885ada8045ad414d9e196fb4bf044922a,13448069d1990bfb744e95a869306d5158752e4a18dbdc1dc977497f73f80a76,schema_object,42,violation_7plus,0.5730274202574147,5,within_5,0.0,15,violation_7plus,0.18072289156626506
Legacy ornith15_9b_dflash20/baseline / returned generation,bethgelab-50033,bf799d730709e4d61998cf1d6c35cf9885ada8045ad414d9e196fb4bf044922a,3c636d226a502668689490a1434025a9c08f3834ad26631571cdfaa8d68a2166,schema_object,42,violation_7plus,0.5622661678246926,15,violation_7plus,0.875,15,violation_7plus,0.1388888888888889
Legacy ornith15_9b_dflash20/dflash / final,bethgelab-50033,bf799d730709e4d61998cf1d6c35cf9885ada8045ad414d9e196fb4bf044922a,e28171663d28cf196f421e4c60f8571cb6c2dba893758a71ba48066b316cc81e,schema_object,23,violation_7plus,0.42978510744627685,5,within_5,0.0,15,violation_7plus,0.18292682926829268
Legacy ornith15_9b_dflash20/dflash / returned generation,bethgelab-50033,bf799d730709e4d61998cf1d6c35cf9885ada8045ad414d9e196fb4bf044922a,e675626cc9511b7b0b92ae1a5e71313e0415489511ddaaad065ee9120c6d674d,schema_object,23,violation_7plus,0.4182879377431907,16,violation_7plus,0.9074941451990632,15,violation_7plus,0.16304347826086957
Legacy qwen27b / final,bethgelab-50033,bf799d730709e4d61998cf1d6c35cf9885ada8045ad414d9e196fb4bf044922a,2b3c343d88eaab064de8bb08c913f673588a24304fd7673b03c461d00eabd053,schema_object,11,violation_7plus,0.044673539518900345,5,within_5,0.0,15,violation_7plus,0.2
Legacy qwen27b / returned generation,bethgelab-50033,bf799d730709e4d61998cf1d6c35cf9885ada8045ad414d9e196fb4bf044922a,2b3c343d88eaab064de8bb08c913f673588a24304fd7673b03c461d00eabd053,schema_object,11,violation_7plus,0.044673539518900345,5,within_5,0.0,15,violation_7plus,0.2
Legacy qwen35_9b / final,bethgelab-50033,bf799d730709e4d61998cf1d6c35cf9885ada8045ad414d9e196fb4bf044922a,277a18ca50b0651b00fd17f87c04f58c3c0ac8c32e797119135dd678e57a0553,schema_object,10,violation_7plus,0.09494324045407637,5,within_5,0.0,15,violation_7plus,0.19230769230769232
Legacy qwen35_9b / returned generation,bethgelab-50033,bf799d730709e4d61998cf1d6c35cf9885ada8045ad414d9e196fb4bf044922a,ae22050fc07a2a8007f471ee6d114b2ef5b05e63afcffb3cb3de9dfc41c330be,schema_object,10,violation_7plus,0.08914728682170543,15,violation_7plus,0.9146634615384616,15,violation_7plus,0.14563106796116504
Legacy qwen35_9b/pre_completion_recovery / final,bethgelab-50033,bf799d730709e4d61998cf1d6c35cf9885ada8045ad414d9e196fb4bf044922a,277a18ca50b0651b00fd17f87c04f58c3c0ac8c32e797119135dd678e57a0553,schema_object,10,violation_7plus,0.09494324045407637,5,within_5,0.0,15,violation_7plus,0.19230769230769232
Legacy qwen35_9b/pre_completion_recovery / returned generation,bethgelab-50033,bf799d730709e4d61998cf1d6c35cf9885ada8045ad414d9e196fb4bf044922a,ae22050fc07a2a8007f471ee6d114b2ef5b05e63afcffb3cb3de9dfc41c330be,schema_object,10,violation_7plus,0.08914728682170543,15,violation_7plus,0.9146634615384616,15,violation_7plus,0.14563106796116504
Legacy ornith15_9b / final,bethgelab-50037,56b77fff220a3b085f018b829126cd45b79cd9032f37052faf9f086717e16629,37875d8c9c764b50688f80209b20ff2b029c2edd1ce0a436571bc559d2ddb01f,schema_object,21,violation_7plus,0.468188622754491,5,within_5,0.0,6,borderline_6,0.6
Legacy ornith15_9b / returned generation,bethgelab-50037,56b77fff220a3b085f018b829126cd45b79cd9032f37052faf9f086717e16629,6d046691ad5e354c8efbb32465eb6283cad1c1fa0eb4bdf22785e8ed01f56452,schema_object,21,violation_7plus,0.4298969072164949,22,violation_7plus,0.9364358683314415,6,borderline_6,0.21818181818181817
Legacy qwen27b / final,bethgelab-50037,56b77fff220a3b085f018b829126cd45b79cd9032f37052faf9f086717e16629,c492022acaf4793e3fb1a805f4edba2dce4727f656a51a7640704d252d9c7d64,schema_object,43,violation_7plus,0.8110300081103001,5,within_5,0.0,6,borderline_6,0.375
Legacy qwen27b / returned generation,bethgelab-50037,56b77fff220a3b085f018b829126cd45b79cd9032f37052faf9f086717e16629,befd78306e3a7d087a26c40d83be2a9edc53acd00766c61ea0807fa9be6d267d,schema_object,43,violation_7plus,0.8110300081103001,5,within_5,0.0,6,borderline_6,0.375
Legacy qwen27b / returned field_repair,bethgelab-50037,56b77fff220a3b085f018b829126cd45b79cd9032f37052faf9f086717e16629,1e240bf23b0a4eef5b3ab2a26e0c14062ed0fe72b9313f2a6e23a9462639c47d,schema_object,43,violation_7plus,0.9785969084423306,4,within_5,0.0,0,within_5,0
Legacy qwen35_9b / final,bethgelab-50037,56b77fff220a3b085f018b829126cd45b79cd9032f37052faf9f086717e16629,10da3c306135b2751f090f809559bff6b20afe015cf57e5f5710d107c9a50bf1,schema_object,8,violation_7plus,0.06295399515738499,5,within_5,0.0,6,borderline_6,0.4
Legacy qwen35_9b / returned generation,bethgelab-50037,56b77fff220a3b085f018b829126cd45b79cd9032f37052faf9f086717e16629,ccaa0814afdcfb1f94dc1824393858081322f34bc91317da404a5439c28f5626,schema_object,8,violation_7plus,0.05869074492099323,11,violation_7plus,0.8312883435582822,6,borderline_6,0.15
Legacy qwen35_9b/pre_completion_recovery / final,bethgelab-50037,56b77fff220a3b085f018b829126cd45b79cd9032f37052faf9f086717e16629,10da3c306135b2751f090f809559bff6b20afe015cf57e5f5710d107c9a50bf1,schema_object,8,violation_7plus,0.06295399515738499,5,within_5,0.0,6,borderline_6,0.4
Legacy qwen35_9b/pre_completion_recovery / returned generation,bethgelab-50037,56b77fff220a3b085f018b829126cd45b79cd9032f37052faf9f086717e16629,ccaa0814afdcfb1f94dc1824393858081322f34bc91317da404a5439c28f5626,schema_object,8,violation_7plus,0.05869074492099323,11,violation_7plus,0.8312883435582822,6,borderline_6,0.15
Legacy ornith15_9b / final,bethgelab-50039,de19c655db485aa34b7e3387b03aa09cf54da16447b5294399730fc5c45d9003,ed6578a8c9e91dd67b8e5fbe496cf5b4c67b7a693c218d7e7f2c898cdfd92c90,schema_object,35,violation_7plus,0.615335463258786,5,within_5,0.0,13,violation_7plus,0.35135135135135137
Legacy ornith15_9b / returned generation,bethgelab-50039,de19c655db485aa34b7e3387b03aa09cf54da16447b5294399730fc5c45d9003,e504cb220bb3c15020b7bbcaa8cffd8cf1c4559b8b28e9b20e5d55d3435bf41b,schema_object,35,violation_7plus,0.5744505494505494,18,violation_7plus,0.8300312825860271,13,violation_7plus,0.18055555555555555
Legacy qwen27b / final,bethgelab-50039,de19c655db485aa34b7e3387b03aa09cf54da16447b5294399730fc5c45d9003,1002d5d521a2e21cc6e488570f2bc0cc5baa5db946eb289bd69ccce1bd079bba,schema_object,13,violation_7plus,0.13366834170854272,4,within_5,0.0,13,violation_7plus,0.40625
Legacy qwen27b / returned generation,bethgelab-50039,de19c655db485aa34b7e3387b03aa09cf54da16447b5294399730fc5c45d9003,f6113a3bf7bb58e06de7593f7506c8e9ceeb095ed0913ebe0d192277f1d9f38e,schema_object,13,violation_7plus,0.12751677852348994,4,within_5,0.0,13,violation_7plus,0.40625
Legacy qwen27b / returned field_repair,bethgelab-50039,de19c655db485aa34b7e3387b03aa09cf54da16447b5294399730fc5c45d9003,f7f5b7828051b92a713582de04068cfe001321a1c0fc223cc907aacc8f7bcc2b,schema_object,7,violation_7plus,0.022082018927444796,3,within_5,0.0,0,within_5,0
Legacy qwen35_9b / final,bethgelab-50039,de19c655db485aa34b7e3387b03aa09cf54da16447b5294399730fc5c45d9003,b3313c5adcdeb98177986a7b829f7da59b9501d71665e139a0c05f091047a523,schema_object,9,violation_7plus,0.05722326454033771,5,within_5,0.0,13,violation_7plus,0.3939393939393939
Legacy qwen35_9b / returned generation,bethgelab-50039,de19c655db485aa34b7e3387b03aa09cf54da16447b5294399730fc5c45d9003,e710986224a4421350ed57f6c2d2a4d7f4120521791e38edfa23f3627614737b,schema_object,9,violation_7plus,0.05016447368421053,12,violation_7plus,0.8491686460807601,13,violation_7plus,0.19117647058823528
Legacy qwen35_9b/pre_completion_recovery / final,bethgelab-50039,de19c655db485aa34b7e3387b03aa09cf54da16447b5294399730fc5c45d9003,b3313c5adcdeb98177986a7b829f7da59b9501d71665e139a0c05f091047a523,schema_object,9,violation_7plus,0.05722326454033771,5,within_5,0.0,13,violation_7plus,0.3939393939393939
Legacy qwen35_9b/pre_completion_recovery / returned generation,bethgelab-50039,de19c655db485aa34b7e3387b03aa09cf54da16447b5294399730fc5c45d9003,e710986224a4421350ed57f6c2d2a4d7f4120521791e38edfa23f3627614737b,schema_object,9,violation_7plus,0.05016447368421053,12,violation_7plus,0.8491686460807601,13,violation_7plus,0.19117647058823528
Legacy ornith15_9b / final,bethgelab-50043,1e2798147c40faee951910206bf47fa2d91c8860b90000f30454b227d6994df2,5b587140c50aab40d53a5059fb53694e31bf8f1b391866ab72520e5197479817,schema_object,13,violation_7plus,0.1371647509578544,5,within_5,0.0,12,violation_7plus,0.5454545454545454
Legacy ornith15_9b / returned generation,bethgelab-50043,1e2798147c40faee951910206bf47fa2d91c8860b90000f30454b227d6994df2,1b8ef8ade00afe2057e359954443ba77aefaf9423d980269450f3cdf951c7bfb,schema_object,13,violation_7plus,0.11432083589428396,11,violation_7plus,0.48307692307692307,12,violation_7plus,0.2553191489361702
Legacy qwen27b / final,bethgelab-50043,1e2798147c40faee951910206bf47fa2d91c8860b90000f30454b227d6994df2,7efee4ece3e49364b9e4eca16f24f00aa3978ef6e54ea4cd46bfc98470458ca6,schema_object,10,violation_7plus,0.11357340720221606,5,within_5,0.0,12,violation_7plus,0.5714285714285714
Legacy qwen27b / returned generation,bethgelab-50043,1e2798147c40faee951910206bf47fa2d91c8860b90000f30454b227d6994df2,f669c5bfa0eb4668624e88cf54471a8b4d9bf11b483b6a2c77bd67957b428d5e,schema_object,10,violation_7plus,0.11357340720221606,6,borderline_6,0.03076923076923077,12,violation_7plus,0.5714285714285714
Legacy qwen35_9b / final,bethgelab-50043,1e2798147c40faee951910206bf47fa2d91c8860b90000f30454b227d6994df2,cd980f5c29c6a731bb82ddd1e07dd28d102f2ea934f7382fc2c61bd986d2d5c2,schema_object,17,violation_7plus,0.3326732673267327,5,within_5,0.0,12,violation_7plus,0.5714285714285714
Legacy qwen35_9b / returned generation,bethgelab-50043,1e2798147c40faee951910206bf47fa2d91c8860b90000f30454b227d6994df2,64a38ded75b6dcf7e1a80c204124b6a2a007ca638216cbed60519a054d142216,schema_object,11,violation_7plus,0.1461794019933555,18,violation_7plus,0.9332493702770781,12,violation_7plus,0.2608695652173913
Legacy qwen35_9b / returned generation,bethgelab-50043,1e2798147c40faee951910206bf47fa2d91c8860b90000f30454b227d6994df2,abfde99fc76eb637078b95d02152d2862d60c721c161bd8232fe3db55569d133,schema_object,17,violation_7plus,0.28903654485049834,23,violation_7plus,0.9445754716981132,12,violation_7plus,0.2608695652173913
Legacy qwen35_9b/pre_completion_recovery / failed draft,bethgelab-50043,1e2798147c40faee951910206bf47fa2d91c8860b90000f30454b227d6994df2,ddad83852da2a37f1f01fb7fb201eed9818296d2978dc368f76c580c892e594d,schema_object,17,violation_7plus,0.34307992202729043,5,within_5,0.0,12,violation_7plus,0.5714285714285714
Legacy qwen35_9b/pre_completion_recovery / returned generation,bethgelab-50043,1e2798147c40faee951910206bf47fa2d91c8860b90000f30454b227d6994df2,64a38ded75b6dcf7e1a80c204124b6a2a007ca638216cbed60519a054d142216,schema_object,11,violation_7plus,0.1461794019933555,18,violation_7plus,0.9332493702770781,12,violation_7plus,0.2608695652173913
Legacy qwen35_9b/pre_completion_recovery / returned generation,bethgelab-50043,1e2798147c40faee951910206bf47fa2d91c8860b90000f30454b227d6994df2,abfde99fc76eb637078b95d02152d2862d60c721c161bd8232fe3db55569d133,schema_object,17,violation_7plus,0.28903654485049834,23,violation_7plus,0.9445754716981132,12,violation_7plus,0.2608695652173913
Legacy qwen35_9b/pre_completion_recovery / failed draft,bethgelab-50043,1e2798147c40faee951910206bf47fa2d91c8860b90000f30454b227d6994df2,03d4eebe9f7a7104cb546d31c793186c4251627e056a3f3a2d497c2af8284b0d,schema_object,17,violation_7plus,0.3326732673267327,5,within_5,0.0,12,violation_7plus,0.5714285714285714
Legacy qwen35_9b / failed draft,bethgelab-50043,1e2798147c40faee951910206bf47fa2d91c8860b90000f30454b227d6994df2,ddad83852da2a37f1f01fb7fb201eed9818296d2978dc368f76c580c892e594d,schema_object,17,violation_7plus,0.34307992202729043,5,within_5,0.0,12,violation_7plus,0.5714285714285714
Legacy qwen35_9b / failed draft,bethgelab-50043,1e2798147c40faee951910206bf47fa2d91c8860b90000f30454b227d6994df2,03d4eebe9f7a7104cb546d31c793186c4251627e056a3f3a2d497c2af8284b0d,schema_object,17,violation_7plus,0.3326732673267327,5,within_5,0.0,12,violation_7plus,0.5714285714285714
Legacy ornith15_9b / final,bethgelab-50047,9d6e795b20211d71799050c9282d0c0b9c3838aa8232d78b803accb410b2d33d,69b2f1f23a82f674efaee68fb4e6e793d5f81adbb3d648d9629411359b716069,schema_object,13,violation_7plus,0.1517915309446254,5,within_5,0.0,17,violation_7plus,0.3469387755102041
Legacy ornith15_9b / returned generation,bethgelab-50047,9d6e795b20211d71799050c9282d0c0b9c3838aa8232d78b803accb410b2d33d,c67b61227c36ef1d7820884367aab8696d97b839ea939501fdc950bb3ac0224f,schema_object,13,violation_7plus,0.13148984198645597,29,violation_7plus,0.9481225296442688,17,violation_7plus,0.22972972972972974
Legacy ornith15_9b_dflash20/baseline / final,bethgelab-50047,9d6e795b20211d71799050c9282d0c0b9c3838aa8232d78b803accb410b2d33d,32eab0d4c6295e30cb6fbf05e7d293e1a9d703cfef629b0d681359fdadc9a70e,schema_object,18,violation_7plus,0.22611464968152867,5,within_5,0.0,17,violation_7plus,0.3541666666666667
Legacy ornith15_9b_dflash20/baseline / returned generation,bethgelab-50047,9d6e795b20211d71799050c9282d0c0b9c3838aa8232d78b803accb410b2d33d,19c5af8318779056292bd8cd101aeffabaee1c4f4126055979320e58efaa2990,schema_object,18,violation_7plus,0.2426470588235294,18,violation_7plus,0.9195876288659793,17,violation_7plus,0.3541666666666667
Legacy ornith15_9b_dflash20/dflash / final,bethgelab-50047,9d6e795b20211d71799050c9282d0c0b9c3838aa8232d78b803accb410b2d33d,dd0e0d9f2945c46ed95fa10d012bd07cb98f079f058a312dfc6d8f98909e28b3,schema_object,21,violation_7plus,0.49607182940516276,5,within_5,0.0,17,violation_7plus,0.3541666666666667
Legacy ornith15_9b_dflash20/dflash / returned generation,bethgelab-50047,9d6e795b20211d71799050c9282d0c0b9c3838aa8232d78b803accb410b2d33d,315fb083d763f39e685d9d50147b76e3162dfc13b9b067012382f2e69db7c792,schema_object,21,violation_7plus,0.4500232450023245,15,violation_7plus,0.7828418230563002,17,violation_7plus,0.2328767123287671
Legacy qwen27b / final,bethgelab-50047,9d6e795b20211d71799050c9282d0c0b9c3838aa8232d78b803accb410b2d33d,08fe69bba708f142e7b31b7b0ab1f0fbe8f1f327551e64a22449119e466f0ff9,schema_object,23,violation_7plus,0.2951388888888889,4,within_5,0.0,17,violation_7plus,0.4358974358974359
Legacy qwen27b / returned generation,bethgelab-50047,9d6e795b20211d71799050c9282d0c0b9c3838aa8232d78b803accb410b2d33d,84d74c3dd4269d719a16e9587adb22e0baa5077e779d3dc9ec4253ad8c844e85,schema_object,23,violation_7plus,0.2977624784853701,4,within_5,0.0,17,violation_7plus,0.4358974358974359
Legacy qwen27b / returned field_repair,bethgelab-50047,9d6e795b20211d71799050c9282d0c0b9c3838aa8232d78b803accb410b2d33d,5e072c7c918af99f9a681d3eaf4461e563543cbfb4d784a5bd0aa60bfb3ec232,schema_object,10,violation_7plus,0.22153209109730848,4,within_5,0.0,0,within_5,0
Legacy qwen35_9b / final,bethgelab-50047,9d6e795b20211d71799050c9282d0c0b9c3838aa8232d78b803accb410b2d33d,d8c00ea82e5db45412670671b335669fa79218fed2e37c5fc6b0a1aecf6e049f,schema_object,10,violation_7plus,0.14496644295302014,5,within_5,0.0,17,violation_7plus,0.40476190476190477
Legacy qwen35_9b / returned generation,bethgelab-50047,9d6e795b20211d71799050c9282d0c0b9c3838aa8232d78b803accb410b2d33d,1af5c285515c247e5652d58a91bb839d7754e47f9bfabc8321885bcce8a2e6a8,schema_object,10,violation_7plus,0.13539192399049882,9,violation_7plus,0.4305177111716621,17,violation_7plus,0.2537313432835821
Legacy qwen35_9b/pre_completion_recovery / final,bethgelab-50047,9d6e795b20211d71799050c9282d0c0b9c3838aa8232d78b803accb410b2d33d,d8c00ea82e5db45412670671b335669fa79218fed2e37c5fc6b0a1aecf6e049f,schema_object,10,violation_7plus,0.14496644295302014,5,within_5,0.0,17,violation_7plus,0.40476190476190477
Legacy qwen35_9b/pre_completion_recovery / returned generation,bethgelab-50047,9d6e795b20211d71799050c9282d0c0b9c3838aa8232d78b803accb410b2d33d,1af5c285515c247e5652d58a91bb839d7754e47f9bfabc8321885bcce8a2e6a8,schema_object,10,violation_7plus,0.13539192399049882,9,violation_7plus,0.4305177111716621,17,violation_7plus,0.2537313432835821
