condition,document_id,source_sha256,status,narrative_longest_match,narrative_classification,narrative_coverage_6plus,narrative_coverage_7plus,evidence_longest_match,evidence_classification,evidence_coverage_6plus,evidence_coverage_7plus,metadata_longest_match,metadata_classification,metadata_coverage_6plus,metadata_coverage_7plus
original,no_thinking_fp8__arxiv-121,d3a694eff94f3b4b16cb0b402152cc9c29d7beea9452d1d41f2e94d279cf97fc,generated,13,violation_7plus,0.1814497973885637,0.12742008104457453,12,violation_7plus,0.5853658536585366,0.4523281596452328,13,violation_7plus,0.125,0.125
raw_backtranslation,no_thinking_fp8__arxiv-121,d3a694eff94f3b4b16cb0b402152cc9c29d7beea9452d1d41f2e94d279cf97fc,generated,9,violation_7plus,0.03618817852834741,0.021712907117008445,12,violation_7plus,0.5853658536585366,0.4523281596452328,13,violation_7plus,0.125,0.125
guarded_backtranslation,no_thinking_fp8__arxiv-121,d3a694eff94f3b4b16cb0b402152cc9c29d7beea9452d1d41f2e94d279cf97fc,generated,13,violation_7plus,0.09957264957264957,0.06880341880341881,12,violation_7plus,0.5853658536585366,0.4523281596452328,13,violation_7plus,0.125,0.125
original,no_thinking_fp8__arxiv-126,1930d76ba55aeb0001455f2343b31339a7ebd4c1eaa1881c3cc97bef9f4572d8,generated,32,violation_7plus,0.22130013831258644,0.1991701244813278,9,violation_7plus,0.2802197802197802,0.13186813186813187,11,violation_7plus,0.22,0.22
raw_backtranslation,no_thinking_fp8__arxiv-126,1930d76ba55aeb0001455f2343b31339a7ebd4c1eaa1881c3cc97bef9f4572d8,generated,9,violation_7plus,0.04072790294627383,0.02772963604852686,9,violation_7plus,0.2802197802197802,0.13186813186813187,11,violation_7plus,0.22,0.22
guarded_backtranslation,no_thinking_fp8__arxiv-126,1930d76ba55aeb0001455f2343b31339a7ebd4c1eaa1881c3cc97bef9f4572d8,generated,32,violation_7plus,0.11535048802129548,0.10470275066548358,9,violation_7plus,0.2802197802197802,0.13186813186813187,11,violation_7plus,0.22,0.22
original,no_thinking_fp8__arxiv-107,0cd232f1e6f19c1c792956fba6b6706d8bea94915ea3ed46590d6db698f415ec,generated,28,violation_7plus,0.2423146473779385,0.20253164556962025,4,within_5,0.0,0.0,12,violation_7plus,0.6551724137931034,0.6551724137931034
raw_backtranslation,no_thinking_fp8__arxiv-107,0cd232f1e6f19c1c792956fba6b6706d8bea94915ea3ed46590d6db698f415ec,generated,8,violation_7plus,0.028083700440528634,0.008259911894273128,4,within_5,0.0,0.0,12,violation_7plus,0.6551724137931034,0.6551724137931034
guarded_backtranslation,no_thinking_fp8__arxiv-107,0cd232f1e6f19c1c792956fba6b6706d8bea94915ea3ed46590d6db698f415ec,generated,21,violation_7plus,0.1423570595099183,0.11435239206534423,4,within_5,0.0,0.0,12,violation_7plus,0.6551724137931034,0.6551724137931034
original,no_thinking_fp8__arxiv-102,0c59df13d1c8367c898c64adf0337dbe33ef3a348ba4acfd31151d353d722102,generated,9,violation_7plus,0.037296037296037296,0.018648018648018648,9,violation_7plus,0.35714285714285715,0.12337662337662338,10,violation_7plus,0.45454545454545453,0.45454545454545453
raw_backtranslation,no_thinking_fp8__arxiv-102,0c59df13d1c8367c898c64adf0337dbe33ef3a348ba4acfd31151d353d722102,generated,8,violation_7plus,0.025561580170410533,0.011618900077459334,9,violation_7plus,0.35714285714285715,0.12337662337662338,10,violation_7plus,0.45454545454545453,0.45454545454545453
guarded_backtranslation,no_thinking_fp8__arxiv-102,0c59df13d1c8367c898c64adf0337dbe33ef3a348ba4acfd31151d353d722102,generated,9,violation_7plus,0.037296037296037296,0.018648018648018648,9,violation_7plus,0.35714285714285715,0.12337662337662338,10,violation_7plus,0.45454545454545453,0.45454545454545453
original,no_thinking_fp8__arxiv-136,675c74bc3e304a4e6d1d06fd23fa795e5096b7bc80ba498817dfc0d663e7a07e,generated,13,violation_7plus,0.16777308388654194,0.1351840675920338,4,within_5,0.0,0.0,8,violation_7plus,0.13114754098360656,0.13114754098360656
raw_backtranslation,no_thinking_fp8__arxiv-136,675c74bc3e304a4e6d1d06fd23fa795e5096b7bc80ba498817dfc0d663e7a07e,generated,12,violation_7plus,0.044956772334293946,0.0345821325648415,4,within_5,0.0,0.0,8,violation_7plus,0.13114754098360656,0.13114754098360656
guarded_backtranslation,no_thinking_fp8__arxiv-136,675c74bc3e304a4e6d1d06fd23fa795e5096b7bc80ba498817dfc0d663e7a07e,generated,13,violation_7plus,0.09799291617473435,0.08028335301062574,4,within_5,0.0,0.0,8,violation_7plus,0.13114754098360656,0.13114754098360656
original,no_thinking_fp8__arxiv-149,f45fbb1a667f04eaf047241d43a42805720ec0b274912115cad01d051ceff4d0,generated,26,violation_7plus,0.07622298065984073,0.055745164960182024,5,within_5,0.0,0.0,6,borderline_6,0.24,0.0
raw_backtranslation,no_thinking_fp8__arxiv-149,f45fbb1a667f04eaf047241d43a42805720ec0b274912115cad01d051ceff4d0,generated,8,violation_7plus,0.026286353467561523,0.012863534675615212,5,within_5,0.0,0.0,6,borderline_6,0.24,0.0
guarded_backtranslation,no_thinking_fp8__arxiv-149,f45fbb1a667f04eaf047241d43a42805720ec0b274912115cad01d051ceff4d0,generated,26,violation_7plus,0.058624577226606536,0.04509582863585118,5,within_5,0.0,0.0,6,borderline_6,0.24,0.0
original,no_thinking_fp8__arxiv-105,a5125841febadab67901bd0b1697be29074d729a764def41ec6ee04627b65c60,generated,19,violation_7plus,0.24816176470588236,0.21507352941176472,4,within_5,0.0,0.0,11,violation_7plus,0.3793103448275862,0.3793103448275862
raw_backtranslation,no_thinking_fp8__arxiv-105,a5125841febadab67901bd0b1697be29074d729a764def41ec6ee04627b65c60,generated,13,violation_7plus,0.09576968272620447,0.07109283196239718,4,within_5,0.0,0.0,11,violation_7plus,0.3793103448275862,0.3793103448275862
guarded_backtranslation,no_thinking_fp8__arxiv-105,a5125841febadab67901bd0b1697be29074d729a764def41ec6ee04627b65c60,generated,19,violation_7plus,0.19878419452887539,0.17689969604863223,4,within_5,0.0,0.0,11,violation_7plus,0.3793103448275862,0.3793103448275862
original,no_thinking_fp8__arxiv-115,42a1ca2ea10daa973bd16846721085d97a9ffe654e95422012ca5159ba4e4b5d,generated,15,violation_7plus,0.07130044843049327,0.04170403587443946,6,borderline_6,0.04460966542750929,0.0,24,violation_7plus,0.82,0.82
raw_backtranslation,no_thinking_fp8__arxiv-115,42a1ca2ea10daa973bd16846721085d97a9ffe654e95422012ca5159ba4e4b5d,generated,14,violation_7plus,0.02221254355400697,0.0195993031358885,6,borderline_6,0.04460966542750929,0.0,24,violation_7plus,0.82,0.82
guarded_backtranslation,no_thinking_fp8__arxiv-115,42a1ca2ea10daa973bd16846721085d97a9ffe654e95422012ca5159ba4e4b5d,generated,15,violation_7plus,0.049136786188579015,0.03054448871181939,6,borderline_6,0.04460966542750929,0.0,24,violation_7plus,0.82,0.82
original,no_thinking_fp8__arxiv-109,efc50660ddd10578ac93db24ab78998d80637d2a0e59f77a07d910d3fc627bd3,generated,23,violation_7plus,0.18594436310395315,0.14202049780380674,8,violation_7plus,0.17261904761904762,0.13690476190476192,16,violation_7plus,0.4489795918367347,0.32653061224489793
raw_backtranslation,no_thinking_fp8__arxiv-109,efc50660ddd10578ac93db24ab78998d80637d2a0e59f77a07d910d3fc627bd3,generated,13,violation_7plus,0.05149425287356322,0.023908045977011495,8,violation_7plus,0.17261904761904762,0.13690476190476192,16,violation_7plus,0.4489795918367347,0.32653061224489793
guarded_backtranslation,no_thinking_fp8__arxiv-109,efc50660ddd10578ac93db24ab78998d80637d2a0e59f77a07d910d3fc627bd3,generated,23,violation_7plus,0.09194854692710815,0.07193901858027632,8,violation_7plus,0.17261904761904762,0.13690476190476192,16,violation_7plus,0.4489795918367347,0.32653061224489793
original,no_thinking_fp8__arxiv-140,60d9760b31c6d22c99e9bd030affca4a6c991004c5b68c4be05b0afcb39308d4,generated,12,violation_7plus,0.13428766189502386,0.0790729379686435,15,violation_7plus,0.437125748502994,0.3652694610778443,6,borderline_6,0.2222222222222222,0.0
raw_backtranslation,no_thinking_fp8__arxiv-140,60d9760b31c6d22c99e9bd030affca4a6c991004c5b68c4be05b0afcb39308d4,generated,9,violation_7plus,0.02954694681549573,0.021667760998030205,15,violation_7plus,0.437125748502994,0.3652694610778443,6,borderline_6,0.2222222222222222,0.0
guarded_backtranslation,no_thinking_fp8__arxiv-140,60d9760b31c6d22c99e9bd030affca4a6c991004c5b68c4be05b0afcb39308d4,generated,9,violation_7plus,0.05784574468085106,0.0339095744680851,15,violation_7plus,0.437125748502994,0.3652694610778443,6,borderline_6,0.2222222222222222,0.0
original,no_thinking_fp8__arxiv-10033,0ab4201a9ac28ed2854d07b9664a6dbb22ed10afdbb21ce3e4e96927a50d1667,generated,17,violation_7plus,0.12915407854984895,0.09516616314199396,6,borderline_6,0.07086614173228346,0.0,53,violation_7plus,0.823076923076923,0.823076923076923
raw_backtranslation,no_thinking_fp8__arxiv-10033,0ab4201a9ac28ed2854d07b9664a6dbb22ed10afdbb21ce3e4e96927a50d1667,generated,10,violation_7plus,0.039558089807555236,0.020313613684960798,6,borderline_6,0.07086614173228346,0.0,53,violation_7plus,0.823076923076923,0.823076923076923
guarded_backtranslation,no_thinking_fp8__arxiv-10033,0ab4201a9ac28ed2854d07b9664a6dbb22ed10afdbb21ce3e4e96927a50d1667,generated,12,violation_7plus,0.08648849294729027,0.06421677802524128,6,borderline_6,0.07086614173228346,0.0,53,violation_7plus,0.823076923076923,0.823076923076923
original,no_thinking_fp8__arxiv-10019,e417f9d8113e4f9e3d4d71d407c61db9b570026bd9f7b6668fc1e8c16d596cf1,generated,15,violation_7plus,0.12474603819585535,0.1003657049979683,7,violation_7plus,0.028455284552845527,0.028455284552845527,10,violation_7plus,0.38461538461538464,0.38461538461538464
raw_backtranslation,no_thinking_fp8__arxiv-10019,e417f9d8113e4f9e3d4d71d407c61db9b570026bd9f7b6668fc1e8c16d596cf1,generated,10,violation_7plus,0.022350674373795763,0.015414258188824663,7,violation_7plus,0.028455284552845527,0.028455284552845527,10,violation_7plus,0.38461538461538464,0.38461538461538464
guarded_backtranslation,no_thinking_fp8__arxiv-10019,e417f9d8113e4f9e3d4d71d407c61db9b570026bd9f7b6668fc1e8c16d596cf1,generated,15,violation_7plus,0.07762738853503184,0.06568471337579618,7,violation_7plus,0.028455284552845527,0.028455284552845527,10,violation_7plus,0.38461538461538464,0.38461538461538464
original,no_thinking_fp8__arxiv-10021,45486df054ce4e8cb8f4e3990eef1766b9bdc7b2e85e15db69e9ddb8f396c118,generated,23,violation_7plus,0.33777185974256546,0.2893919218819352,7,violation_7plus,0.05019305019305019,0.02702702702702703,11,violation_7plus,0.5,0.5
raw_backtranslation,no_thinking_fp8__arxiv-10021,45486df054ce4e8cb8f4e3990eef1766b9bdc7b2e85e15db69e9ddb8f396c118,generated,14,violation_7plus,0.04992076069730586,0.04041204437400951,7,violation_7plus,0.05019305019305019,0.02702702702702703,11,violation_7plus,0.5,0.5
guarded_backtranslation,no_thinking_fp8__arxiv-10021,45486df054ce4e8cb8f4e3990eef1766b9bdc7b2e85e15db69e9ddb8f396c118,generated,22,violation_7plus,0.19456244689889549,0.16907391673746813,7,violation_7plus,0.05019305019305019,0.02702702702702703,11,violation_7plus,0.5,0.5
original,no_thinking_fp8__arxiv-10024,53e0b1725cb5a75993acc2d9a053ebfbccabab6198d7da1c710d31441855428c,generated,22,violation_7plus,0.20991815117958595,0.16177178623013963,5,within_5,0.0,0.0,9,violation_7plus,0.2571428571428571,0.2571428571428571
raw_backtranslation,no_thinking_fp8__arxiv-10024,53e0b1725cb5a75993acc2d9a053ebfbccabab6198d7da1c710d31441855428c,generated,8,violation_7plus,0.025243578387953942,0.022586359610274578,5,within_5,0.0,0.0,9,violation_7plus,0.2571428571428571,0.2571428571428571
guarded_backtranslation,no_thinking_fp8__arxiv-10024,53e0b1725cb5a75993acc2d9a053ebfbccabab6198d7da1c710d31441855428c,generated,17,violation_7plus,0.1135110294117647,0.09145220588235294,5,within_5,0.0,0.0,9,violation_7plus,0.2571428571428571,0.2571428571428571
original,no_thinking_fp8__arxiv-10047,d9ebb43f108cf77cf2a314ef4344f7dc8ec16aed525065dc3c64ebe64506ee96,generated,18,violation_7plus,0.20742753623188406,0.17753623188405798,5,within_5,0.0,0.0,4,within_5,0.0,0.0
raw_backtranslation,no_thinking_fp8__arxiv-10047,d9ebb43f108cf77cf2a314ef4344f7dc8ec16aed525065dc3c64ebe64506ee96,generated,13,violation_7plus,0.06022052586938083,0.03986429177268872,5,within_5,0.0,0.0,4,within_5,0.0,0.0
guarded_backtranslation,no_thinking_fp8__arxiv-10047,d9ebb43f108cf77cf2a314ef4344f7dc8ec16aed525065dc3c64ebe64506ee96,generated,18,violation_7plus,0.12296165711767298,0.09651828999559277,5,within_5,0.0,0.0,4,within_5,0.0,0.0
original,no_thinking_fp8__arxiv-10038,24a37c6b6db0ee62ff090f572c9194655408da9a292e549fdc74619fc8b81100,generated,11,violation_7plus,0.10724431818181818,0.06463068181818182,5,within_5,0.0,0.0,6,borderline_6,0.2,0.0
raw_backtranslation,no_thinking_fp8__arxiv-10038,24a37c6b6db0ee62ff090f572c9194655408da9a292e549fdc74619fc8b81100,generated,10,violation_7plus,0.04452054794520548,0.028082191780821917,5,within_5,0.0,0.0,6,borderline_6,0.2,0.0
guarded_backtranslation,no_thinking_fp8__arxiv-10038,24a37c6b6db0ee62ff090f572c9194655408da9a292e549fdc74619fc8b81100,generated,11,violation_7plus,0.06937631394533987,0.04835318850735809,5,within_5,0.0,0.0,6,borderline_6,0.2,0.0
original,no_thinking_fp8__arxiv-10037,4742c32509e14797f67241eafe278edcd5977dac8bc1a7f17e82b40cfc01c37c,generated,14,violation_7plus,0.12461538461538461,0.09692307692307692,6,borderline_6,0.08791208791208792,0.0,12,violation_7plus,0.17391304347826086,0.17391304347826086
raw_backtranslation,no_thinking_fp8__arxiv-10037,4742c32509e14797f67241eafe278edcd5977dac8bc1a7f17e82b40cfc01c37c,generated,9,violation_7plus,0.04489603024574669,0.02504725897920605,6,borderline_6,0.08791208791208792,0.0,12,violation_7plus,0.17391304347826086,0.17391304347826086
guarded_backtranslation,no_thinking_fp8__arxiv-10037,4742c32509e14797f67241eafe278edcd5977dac8bc1a7f17e82b40cfc01c37c,generated,14,violation_7plus,0.10040363269424823,0.08224016145307769,6,borderline_6,0.08791208791208792,0.0,12,violation_7plus,0.17391304347826086,0.17391304347826086
original,no_thinking_fp8__arxiv-10035,576e1d1a7a5d04977a3ea5472092f893edc8b9cd3f962da42c568548c54287e9,generated,22,violation_7plus,0.20639269406392693,0.1730593607305936,7,violation_7plus,0.3004115226337449,0.02880658436213992,17,violation_7plus,0.4358974358974359,0.4358974358974359
raw_backtranslation,no_thinking_fp8__arxiv-10035,576e1d1a7a5d04977a3ea5472092f893edc8b9cd3f962da42c568548c54287e9,generated,21,violation_7plus,0.09684037751333607,0.0808370947886746,7,violation_7plus,0.3004115226337449,0.02880658436213992,17,violation_7plus,0.4358974358974359,0.4358974358974359
guarded_backtranslation,no_thinking_fp8__arxiv-10035,576e1d1a7a5d04977a3ea5472092f893edc8b9cd3f962da42c568548c54287e9,generated,22,violation_7plus,0.16919642857142858,0.13660714285714284,7,violation_7plus,0.3004115226337449,0.02880658436213992,17,violation_7plus,0.4358974358974359,0.4358974358974359
original,no_thinking_fp8__arxiv-10023,2e0938c2a41926f92e2466e0544b029849f927591ee0d8767ffd9ecbc103db18,generated,25,violation_7plus,0.06804572672836146,0.051714752313554706,8,violation_7plus,0.1306122448979592,0.0326530612244898,5,within_5,0.0,0.0
raw_backtranslation,no_thinking_fp8__arxiv-10023,2e0938c2a41926f92e2466e0544b029849f927591ee0d8767ffd9ecbc103db18,generated,16,violation_7plus,0.03939075630252101,0.029936974789915968,8,violation_7plus,0.1306122448979592,0.0326530612244898,5,within_5,0.0,0.0
guarded_backtranslation,no_thinking_fp8__arxiv-10023,2e0938c2a41926f92e2466e0544b029849f927591ee0d8767ffd9ecbc103db18,generated,25,violation_7plus,0.057297297297297295,0.04756756756756757,8,violation_7plus,0.1306122448979592,0.0326530612244898,5,within_5,0.0,0.0
original,no_thinking_fp8__arxiv-10040,82667fc126300ebcdfcd41e1d482add7d0306db9ccf1f24ee5893398882f0f5d,generated,14,violation_7plus,0.14761684405367886,0.11985192040721888,10,violation_7plus,0.34146341463414637,0.1951219512195122,6,borderline_6,0.3076923076923077,0.0
raw_backtranslation,no_thinking_fp8__arxiv-10040,82667fc126300ebcdfcd41e1d482add7d0306db9ccf1f24ee5893398882f0f5d,generated,13,violation_7plus,0.04409171075837742,0.036155202821869487,10,violation_7plus,0.34146341463414637,0.1951219512195122,6,borderline_6,0.3076923076923077,0.0
guarded_backtranslation,no_thinking_fp8__arxiv-10040,82667fc126300ebcdfcd41e1d482add7d0306db9ccf1f24ee5893398882f0f5d,generated,14,violation_7plus,0.10899182561307902,0.08719346049046321,10,violation_7plus,0.34146341463414637,0.1951219512195122,6,borderline_6,0.3076923076923077,0.0
original,no_thinking_fp8__arxiv-100022,849f8fb357f0e0f5725b4fadd1192d05ee4562e6f85d70db7fe0c514b144989b,generated,13,violation_7plus,0.1331168831168831,0.11038961038961038,9,violation_7plus,0.45390070921985815,0.2978723404255319,12,violation_7plus,0.6571428571428571,0.6571428571428571
raw_backtranslation,no_thinking_fp8__arxiv-100022,849f8fb357f0e0f5725b4fadd1192d05ee4562e6f85d70db7fe0c514b144989b,generated,8,violation_7plus,0.023955147808358817,0.011722731906218144,9,violation_7plus,0.45390070921985815,0.2978723404255319,12,violation_7plus,0.6571428571428571,0.6571428571428571
guarded_backtranslation,no_thinking_fp8__arxiv-100022,849f8fb357f0e0f5725b4fadd1192d05ee4562e6f85d70db7fe0c514b144989b,generated,13,violation_7plus,0.055381400208986416,0.042842215256008356,9,violation_7plus,0.45390070921985815,0.2978723404255319,12,violation_7plus,0.6571428571428571,0.6571428571428571
original,no_thinking_fp8__arxiv-100005,c99c8ef8d540f2442ee1cc38b65eb306ffc9147b2f33ae5af536c20bbfcef5df,generated,9,violation_7plus,0.06107341147439852,0.024059222702035782,5,within_5,0.0,0.0,19,violation_7plus,0.5588235294117647,0.5588235294117647
raw_backtranslation,no_thinking_fp8__arxiv-100005,c99c8ef8d540f2442ee1cc38b65eb306ffc9147b2f33ae5af536c20bbfcef5df,generated,7,violation_7plus,0.014854426619132501,0.0041592394533571005,5,within_5,0.0,0.0,19,violation_7plus,0.5588235294117647,0.5588235294117647
guarded_backtranslation,no_thinking_fp8__arxiv-100005,c99c8ef8d540f2442ee1cc38b65eb306ffc9147b2f33ae5af536c20bbfcef5df,generated,9,violation_7plus,0.04592774035517452,0.023882424984690752,5,within_5,0.0,0.0,19,violation_7plus,0.5588235294117647,0.5588235294117647
original,no_thinking_fp8__arxiv-100002,48161c34c18da95667d55f6acd365bca2bfb5ca5f2e07486f24e2b5e80788de4,generated,10,violation_7plus,0.05099337748344371,0.0390728476821192,7,violation_7plus,0.06770833333333333,0.036458333333333336,14,violation_7plus,0.42424242424242425,0.42424242424242425
raw_backtranslation,no_thinking_fp8__arxiv-100002,48161c34c18da95667d55f6acd365bca2bfb5ca5f2e07486f24e2b5e80788de4,generated,10,violation_7plus,0.024025974025974027,0.015584415584415584,7,violation_7plus,0.06770833333333333,0.036458333333333336,14,violation_7plus,0.42424242424242425,0.42424242424242425
guarded_backtranslation,no_thinking_fp8__arxiv-100002,48161c34c18da95667d55f6acd365bca2bfb5ca5f2e07486f24e2b5e80788de4,generated,10,violation_7plus,0.04221635883905013,0.03430079155672823,7,violation_7plus,0.06770833333333333,0.036458333333333336,14,violation_7plus,0.42424242424242425,0.42424242424242425
original,no_thinking_fp8__arxiv-100013,a09d3a64f663c1d4bba2d15747baec32ba117644925ac104850214037c68ac77,generated,20,violation_7plus,0.19518190757128812,0.147984267453294,5,within_5,0.0,0.0,11,violation_7plus,0.25,0.25
raw_backtranslation,no_thinking_fp8__arxiv-100013,a09d3a64f663c1d4bba2d15747baec32ba117644925ac104850214037c68ac77,generated,20,violation_7plus,0.05659516202647193,0.028297581013235967,5,within_5,0.0,0.0,11,violation_7plus,0.25,0.25
guarded_backtranslation,no_thinking_fp8__arxiv-100013,a09d3a64f663c1d4bba2d15747baec32ba117644925ac104850214037c68ac77,generated,20,violation_7plus,0.1247628083491461,0.0967741935483871,5,within_5,0.0,0.0,11,violation_7plus,0.25,0.25
original,no_thinking_fp8__arxiv-100003,98ecac623691281924734347b65ae77ea7b06a53e2f3e0ef1c2288b0401412d2,generated,15,violation_7plus,0.06917293233082707,0.05112781954887218,10,violation_7plus,0.43,0.31,11,violation_7plus,0.36666666666666664,0.36666666666666664
raw_backtranslation,no_thinking_fp8__arxiv-100003,98ecac623691281924734347b65ae77ea7b06a53e2f3e0ef1c2288b0401412d2,generated,8,violation_7plus,0.01708984375,0.01123046875,10,violation_7plus,0.43,0.31,11,violation_7plus,0.36666666666666664,0.36666666666666664
guarded_backtranslation,no_thinking_fp8__arxiv-100003,98ecac623691281924734347b65ae77ea7b06a53e2f3e0ef1c2288b0401412d2,generated,13,violation_7plus,0.04129793510324484,0.035398230088495575,10,violation_7plus,0.43,0.31,11,violation_7plus,0.36666666666666664,0.36666666666666664
original,no_thinking_fp8__arxiv-100028,df0eed742fa165138e0bd4fa631c1a11933277b0bf57cf1ae9e4f5e3128c0688,generated,18,violation_7plus,0.18403990024937655,0.13615960099750624,6,borderline_6,0.02575107296137339,0.0,13,violation_7plus,0.7349397590361446,0.7349397590361446
raw_backtranslation,no_thinking_fp8__arxiv-100028,df0eed742fa165138e0bd4fa631c1a11933277b0bf57cf1ae9e4f5e3128c0688,generated,10,violation_7plus,0.03412809724170173,0.025712949976624593,6,borderline_6,0.02575107296137339,0.0,13,violation_7plus,0.7349397590361446,0.7349397590361446
guarded_backtranslation,no_thinking_fp8__arxiv-100028,df0eed742fa165138e0bd4fa631c1a11933277b0bf57cf1ae9e4f5e3128c0688,generated,18,violation_7plus,0.10610465116279069,0.08284883720930232,6,borderline_6,0.02575107296137339,0.0,13,violation_7plus,0.7349397590361446,0.7349397590361446
original,no_thinking_fp8__arxiv-100047,5008943785a879dff3b825b0b1f76d681e559f718a5a5cf88b79d1fdc8ef85a9,generated,17,violation_7plus,0.1360759493670886,0.07515822784810126,8,violation_7plus,0.2073732718894009,0.06912442396313365,14,violation_7plus,0.5,0.5
raw_backtranslation,no_thinking_fp8__arxiv-100047,5008943785a879dff3b825b0b1f76d681e559f718a5a5cf88b79d1fdc8ef85a9,generated,8,violation_7plus,0.05712109672505712,0.025894897182025894,8,violation_7plus,0.2073732718894009,0.06912442396313365,14,violation_7plus,0.5,0.5
guarded_backtranslation,no_thinking_fp8__arxiv-100047,5008943785a879dff3b825b0b1f76d681e559f718a5a5cf88b79d1fdc8ef85a9,generated,12,violation_7plus,0.07716289945440374,0.04053000779423227,8,violation_7plus,0.2073732718894009,0.06912442396313365,14,violation_7plus,0.5,0.5
original,no_thinking_fp8__arxiv-100029,805aff9ab8daa1e0ba72c8611b3a1cf73e83cdcc2507cb1cf9b8cceb3ca4bc50,generated,16,violation_7plus,0.23222748815165878,0.1814488828706838,5,within_5,0.0,0.0,12,violation_7plus,0.2111111111111111,0.2111111111111111
raw_backtranslation,no_thinking_fp8__arxiv-100029,805aff9ab8daa1e0ba72c8611b3a1cf73e83cdcc2507cb1cf9b8cceb3ca4bc50,generated,10,violation_7plus,0.07151741293532338,0.043532338308457715,5,within_5,0.0,0.0,12,violation_7plus,0.2111111111111111,0.2111111111111111
guarded_backtranslation,no_thinking_fp8__arxiv-100029,805aff9ab8daa1e0ba72c8611b3a1cf73e83cdcc2507cb1cf9b8cceb3ca4bc50,generated,14,violation_7plus,0.14444444444444443,0.11503267973856209,5,within_5,0.0,0.0,12,violation_7plus,0.2111111111111111,0.2111111111111111
original,no_thinking_fp8__arxiv-100009,50c1e8ac081aeeac1db401611a6a7ad2dd62bb1a91d0f5826fc0e5a99c9806f5,generated,20,violation_7plus,0.3030674846625767,0.2294478527607362,7,violation_7plus,0.1016260162601626,0.028455284552845527,12,violation_7plus,0.5714285714285714,0.5714285714285714
raw_backtranslation,no_thinking_fp8__arxiv-100009,50c1e8ac081aeeac1db401611a6a7ad2dd62bb1a91d0f5826fc0e5a99c9806f5,generated,11,violation_7plus,0.0988235294117647,0.060588235294117644,7,violation_7plus,0.1016260162601626,0.028455284552845527,12,violation_7plus,0.5714285714285714,0.5714285714285714
guarded_backtranslation,no_thinking_fp8__arxiv-100009,50c1e8ac081aeeac1db401611a6a7ad2dd62bb1a91d0f5826fc0e5a99c9806f5,generated,20,violation_7plus,0.2518248175182482,0.19343065693430658,7,violation_7plus,0.1016260162601626,0.028455284552845527,12,violation_7plus,0.5714285714285714,0.5714285714285714
original,no_thinking_fp8__arxiv-100036,92aae2b55db58f528280e5898ac540696eb179c2f5db27eed035ef6775edb4e4,generated,13,violation_7plus,0.09048257372654156,0.03820375335120643,6,borderline_6,0.09045226130653267,0.0,13,violation_7plus,0.3333333333333333,0.3333333333333333
raw_backtranslation,no_thinking_fp8__arxiv-100036,92aae2b55db58f528280e5898ac540696eb179c2f5db27eed035ef6775edb4e4,generated,14,violation_7plus,0.03400503778337532,0.022670025188916875,6,borderline_6,0.09045226130653267,0.0,13,violation_7plus,0.3333333333333333,0.3333333333333333
guarded_backtranslation,no_thinking_fp8__arxiv-100036,92aae2b55db58f528280e5898ac540696eb179c2f5db27eed035ef6775edb4e4,generated,13,violation_7plus,0.06270411495754409,0.031352057478772045,6,borderline_6,0.09045226130653267,0.0,13,violation_7plus,0.3333333333333333,0.3333333333333333
original,no_thinking_fp8__arxiv-500031,26128d1d0622a6266f5a2de1b96b53a1f15de0e79b2ece9f0dbb18fa2e1aecaa,generated,17,violation_7plus,0.10454115421002838,0.07332071901608325,10,violation_7plus,0.2674772036474164,0.23100303951367782,6,borderline_6,0.3157894736842105,0.0
raw_backtranslation,no_thinking_fp8__arxiv-500031,26128d1d0622a6266f5a2de1b96b53a1f15de0e79b2ece9f0dbb18fa2e1aecaa,generated,8,violation_7plus,0.02473021582733813,0.01393884892086331,10,violation_7plus,0.2674772036474164,0.23100303951367782,6,borderline_6,0.3157894736842105,0.0
guarded_backtranslation,no_thinking_fp8__arxiv-500031,26128d1d0622a6266f5a2de1b96b53a1f15de0e79b2ece9f0dbb18fa2e1aecaa,generated,17,violation_7plus,0.07706592386258125,0.051996285979572884,10,violation_7plus,0.2674772036474164,0.23100303951367782,6,borderline_6,0.3157894736842105,0.0
original,no_thinking_fp8__arxiv-500027,b665fc66e1cb91a50fcc5a4ed005b97e5e1f1e8b98558ac2502d4cfc41ac193f,generated,14,violation_7plus,0.09338786639400136,0.06884798909338787,4,within_5,0.0,0.0,11,violation_7plus,0.5806451612903226,0.5806451612903226
raw_backtranslation,no_thinking_fp8__arxiv-500027,b665fc66e1cb91a50fcc5a4ed005b97e5e1f1e8b98558ac2502d4cfc41ac193f,generated,12,violation_7plus,0.025889967637540454,0.018122977346278317,4,within_5,0.0,0.0,11,violation_7plus,0.5806451612903226,0.5806451612903226
guarded_backtranslation,no_thinking_fp8__arxiv-500027,b665fc66e1cb91a50fcc5a4ed005b97e5e1f1e8b98558ac2502d4cfc41ac193f,generated,14,violation_7plus,0.04808959156785244,0.04018445322793149,4,within_5,0.0,0.0,11,violation_7plus,0.5806451612903226,0.5806451612903226
original,no_thinking_fp8__arxiv-500010,a3e79e376c3caf7997a3ef0aec9fc03cc1cdcf5886a5fa5887fc80a022b0b1ef,generated,21,violation_7plus,0.17699115044247787,0.1415929203539823,11,violation_7plus,0.41106719367588934,0.17391304347826086,8,violation_7plus,0.5384615384615384,0.3076923076923077
raw_backtranslation,no_thinking_fp8__arxiv-500010,a3e79e376c3caf7997a3ef0aec9fc03cc1cdcf5886a5fa5887fc80a022b0b1ef,generated,12,violation_7plus,0.07207837648705388,0.055283414975507345,11,violation_7plus,0.41106719367588934,0.17391304347826086,8,violation_7plus,0.5384615384615384,0.3076923076923077
guarded_backtranslation,no_thinking_fp8__arxiv-500010,a3e79e376c3caf7997a3ef0aec9fc03cc1cdcf5886a5fa5887fc80a022b0b1ef,generated,21,violation_7plus,0.1272595806218366,0.11424439624005785,11,violation_7plus,0.41106719367588934,0.17391304347826086,8,violation_7plus,0.5384615384615384,0.3076923076923077
original,no_thinking_fp8__arxiv-500028,081560f8dd75126479ea817a0aad4ef1f7c90b9becafc12485cc1ef16eb40dc7,generated,23,violation_7plus,0.1254390366281987,0.10135474159558455,6,borderline_6,0.04395604395604396,0.0,12,violation_7plus,0.27906976744186046,0.27906976744186046
raw_backtranslation,no_thinking_fp8__arxiv-500028,081560f8dd75126479ea817a0aad4ef1f7c90b9becafc12485cc1ef16eb40dc7,generated,9,violation_7plus,0.03497843794920939,0.014853857211308098,6,borderline_6,0.04395604395604396,0.0,12,violation_7plus,0.27906976744186046,0.27906976744186046
guarded_backtranslation,no_thinking_fp8__arxiv-500028,081560f8dd75126479ea817a0aad4ef1f7c90b9becafc12485cc1ef16eb40dc7,generated,23,violation_7plus,0.10515873015873016,0.0873015873015873,6,borderline_6,0.04395604395604396,0.0,12,violation_7plus,0.27906976744186046,0.27906976744186046
original,no_thinking_fp8__arxiv-500009,21535e0a8bab103ef820a0175907f93de3d4252149ec393b8005af9d8050e457,generated,16,violation_7plus,0.13317043372021992,0.09651802076970067,5,within_5,0.0,0.0,11,violation_7plus,0.33695652173913043,0.20652173913043478
raw_backtranslation,no_thinking_fp8__arxiv-500009,21535e0a8bab103ef820a0175907f93de3d4252149ec393b8005af9d8050e457,generated,10,violation_7plus,0.04498269896193772,0.02768166089965398,5,within_5,0.0,0.0,11,violation_7plus,0.33695652173913043,0.20652173913043478
guarded_backtranslation,no_thinking_fp8__arxiv-500009,21535e0a8bab103ef820a0175907f93de3d4252149ec393b8005af9d8050e457,generated,16,violation_7plus,0.09469240048250904,0.06936067551266586,5,within_5,0.0,0.0,11,violation_7plus,0.33695652173913043,0.20652173913043478
original,no_thinking_fp8__arxiv-500000,6912cbedf8f04208025ba08266b821d48303208ffaece7c2b95c447a34e58896,generated,15,violation_7plus,0.12340619307832422,0.07604735883424409,9,violation_7plus,0.08433734939759036,0.03614457831325301,9,violation_7plus,0.6428571428571429,0.6428571428571429
raw_backtranslation,no_thinking_fp8__arxiv-500000,6912cbedf8f04208025ba08266b821d48303208ffaece7c2b95c447a34e58896,generated,13,violation_7plus,0.045771578029642546,0.02964254577157803,9,violation_7plus,0.08433734939759036,0.03614457831325301,9,violation_7plus,0.6428571428571429,0.6428571428571429
guarded_backtranslation,no_thinking_fp8__arxiv-500000,6912cbedf8f04208025ba08266b821d48303208ffaece7c2b95c447a34e58896,generated,15,violation_7plus,0.09131803868645974,0.06342780026990553,9,violation_7plus,0.08433734939759036,0.03614457831325301,9,violation_7plus,0.6428571428571429,0.6428571428571429
original,no_thinking_fp8__arxiv-500043,5395e7bceb485d4a9d02119c58850809aa9a6b719e5777744ca5bd0dcbacbc79,generated,15,violation_7plus,0.1295754026354319,0.09443631039531479,6,borderline_6,0.031088082901554404,0.0,10,violation_7plus,0.38461538461538464,0.38461538461538464
raw_backtranslation,no_thinking_fp8__arxiv-500043,5395e7bceb485d4a9d02119c58850809aa9a6b719e5777744ca5bd0dcbacbc79,generated,9,violation_7plus,0.05349500713266762,0.02781740370898716,6,borderline_6,0.031088082901554404,0.0,10,violation_7plus,0.38461538461538464,0.38461538461538464
guarded_backtranslation,no_thinking_fp8__arxiv-500043,5395e7bceb485d4a9d02119c58850809aa9a6b719e5777744ca5bd0dcbacbc79,generated,15,violation_7plus,0.11842105263157894,0.08771929824561403,6,borderline_6,0.031088082901554404,0.0,10,violation_7plus,0.38461538461538464,0.38461538461538464
original,no_thinking_fp8__arxiv-500047,fcff490a64b2456f6c33424fb8d3c475d4f6fb19c9718bdd608d8cb06844c31b,generated,19,violation_7plus,0.0600627521290901,0.03585835948005379,6,borderline_6,0.10495626822157435,0.0,9,violation_7plus,0.3103448275862069,0.3103448275862069
raw_backtranslation,no_thinking_fp8__arxiv-500047,fcff490a64b2456f6c33424fb8d3c475d4f6fb19c9718bdd608d8cb06844c31b,generated,8,violation_7plus,0.01216333622936577,0.0069504778453518675,6,borderline_6,0.10495626822157435,0.0,9,violation_7plus,0.3103448275862069,0.3103448275862069
guarded_backtranslation,no_thinking_fp8__arxiv-500047,fcff490a64b2456f6c33424fb8d3c475d4f6fb19c9718bdd608d8cb06844c31b,generated,19,violation_7plus,0.023276240667545016,0.015371102327624066,6,borderline_6,0.10495626822157435,0.0,9,violation_7plus,0.3103448275862069,0.3103448275862069
original,no_thinking_fp8__arxiv-500036,29d9c187ebc8397560f4d9b30bccb3efe0ad2e824bcda7cc6ea9d1dde565d8a6,generated,9,violation_7plus,0.04640633842671194,0.022637238256932653,6,borderline_6,0.0861244019138756,0.0,9,violation_7plus,0.3,0.3
raw_backtranslation,no_thinking_fp8__arxiv-500036,29d9c187ebc8397560f4d9b30bccb3efe0ad2e824bcda7cc6ea9d1dde565d8a6,generated,8,violation_7plus,0.026360067302299495,0.012899607403252944,6,borderline_6,0.0861244019138756,0.0,9,violation_7plus,0.3,0.3
guarded_backtranslation,no_thinking_fp8__arxiv-500036,29d9c187ebc8397560f4d9b30bccb3efe0ad2e824bcda7cc6ea9d1dde565d8a6,generated,9,violation_7plus,0.04640633842671194,0.022637238256932653,6,borderline_6,0.0861244019138756,0.0,9,violation_7plus,0.3,0.3
original,no_thinking_fp8__arxiv-500030,b5889e3e8fb1883fb09a26e1e0a3c1857839a889bd31c95b9c3e95a930a8c804,generated,17,violation_7plus,0.1273100616016427,0.10677618069815195,4,within_5,0.0,0.0,7,violation_7plus,0.2413793103448276,0.2413793103448276
raw_backtranslation,no_thinking_fp8__arxiv-500030,b5889e3e8fb1883fb09a26e1e0a3c1857839a889bd31c95b9c3e95a930a8c804,generated,10,violation_7plus,0.031491002570694086,0.027634961439588688,4,within_5,0.0,0.0,7,violation_7plus,0.2413793103448276,0.2413793103448276
guarded_backtranslation,no_thinking_fp8__arxiv-500030,b5889e3e8fb1883fb09a26e1e0a3c1857839a889bd31c95b9c3e95a930a8c804,generated,17,violation_7plus,0.05850706119704102,0.04640215198386012,4,within_5,0.0,0.0,7,violation_7plus,0.2413793103448276,0.2413793103448276
original,no_thinking_fp8__arxiv-1000004,17d72cf5012a446db91cee13599eb989610d1f655e1baf57d7fb98691bd0f20f,generated,32,violation_7plus,0.22864889290555807,0.1798463624039765,9,violation_7plus,0.26480836236933797,0.05574912891986063,12,violation_7plus,0.3333333333333333,0.3333333333333333
raw_backtranslation,no_thinking_fp8__arxiv-1000004,17d72cf5012a446db91cee13599eb989610d1f655e1baf57d7fb98691bd0f20f,generated,11,violation_7plus,0.06514522821576764,0.04273858921161826,9,violation_7plus,0.26480836236933797,0.05574912891986063,12,violation_7plus,0.3333333333333333,0.3333333333333333
guarded_backtranslation,no_thinking_fp8__arxiv-1000004,17d72cf5012a446db91cee13599eb989610d1f655e1baf57d7fb98691bd0f20f,generated,23,violation_7plus,0.10861099091302466,0.07485936823885764,9,violation_7plus,0.26480836236933797,0.05574912891986063,12,violation_7plus,0.3333333333333333,0.3333333333333333
original,no_thinking_fp8__arxiv-1000037,755fec684fcd75ff65b30b7913aa52f89c97f586ad8268ada81e9061329c82ad,generated,23,violation_7plus,0.2576396206533193,0.22286617492096944,8,violation_7plus,0.050724637681159424,0.028985507246376812,9,violation_7plus,0.25,0.25
raw_backtranslation,no_thinking_fp8__arxiv-1000037,755fec684fcd75ff65b30b7913aa52f89c97f586ad8268ada81e9061329c82ad,generated,13,violation_7plus,0.06824925816023739,0.05341246290801187,8,violation_7plus,0.050724637681159424,0.028985507246376812,9,violation_7plus,0.25,0.25
guarded_backtranslation,no_thinking_fp8__arxiv-1000037,755fec684fcd75ff65b30b7913aa52f89c97f586ad8268ada81e9061329c82ad,generated,23,violation_7plus,0.22309299895506793,0.1980146290491118,8,violation_7plus,0.050724637681159424,0.028985507246376812,9,violation_7plus,0.25,0.25
original,no_thinking_fp8__arxiv-1000013,5883b007b76782e8c6cf78987394168c6022487c81122a403f4a2b4ca8940ca7,generated,13,violation_7plus,0.1537313432835821,0.11990049751243781,5,within_5,0.0,0.0,7,violation_7plus,0.2413793103448276,0.2413793103448276
raw_backtranslation,no_thinking_fp8__arxiv-1000013,5883b007b76782e8c6cf78987394168c6022487c81122a403f4a2b4ca8940ca7,generated,8,violation_7plus,0.033501606241395136,0.01698026617714548,5,within_5,0.0,0.0,7,violation_7plus,0.2413793103448276,0.2413793103448276
guarded_backtranslation,no_thinking_fp8__arxiv-1000013,5883b007b76782e8c6cf78987394168c6022487c81122a403f4a2b4ca8940ca7,generated,13,violation_7plus,0.1083864639529181,0.08484551250613045,5,within_5,0.0,0.0,7,violation_7plus,0.2413793103448276,0.2413793103448276
original,no_thinking_fp8__arxiv-1000041,83257df2ae2813b5e8b11ee8aafef662ef858be938ea333bae7f7e44fcd56b78,generated,13,violation_7plus,0.18485237483953787,0.12708600770218229,3,within_5,0.0,0.0,7,violation_7plus,0.1891891891891892,0.1891891891891892
raw_backtranslation,no_thinking_fp8__arxiv-1000041,83257df2ae2813b5e8b11ee8aafef662ef858be938ea333bae7f7e44fcd56b78,generated,13,violation_7plus,0.08392434988179669,0.05200945626477541,3,within_5,0.0,0.0,7,violation_7plus,0.1891891891891892,0.1891891891891892
guarded_backtranslation,no_thinking_fp8__arxiv-1000041,83257df2ae2813b5e8b11ee8aafef662ef858be938ea333bae7f7e44fcd56b78,generated,13,violation_7plus,0.13059701492537312,0.08955223880597014,3,within_5,0.0,0.0,7,violation_7plus,0.1891891891891892,0.1891891891891892
original,no_thinking_fp8__arxiv-1000016,895157f678d1f98628533078c0ff15f6dfccc12ebb1d01affd68efeb091022b8,generated,13,violation_7plus,0.13099808061420345,0.09261036468330135,6,borderline_6,0.12552301255230125,0.0,6,borderline_6,0.2,0.0
raw_backtranslation,no_thinking_fp8__arxiv-1000016,895157f678d1f98628533078c0ff15f6dfccc12ebb1d01affd68efeb091022b8,generated,10,violation_7plus,0.05568233683249658,0.035600182565038795,6,borderline_6,0.12552301255230125,0.0,6,borderline_6,0.2,0.0
guarded_backtranslation,no_thinking_fp8__arxiv-1000016,895157f678d1f98628533078c0ff15f6dfccc12ebb1d01affd68efeb091022b8,generated,13,violation_7plus,0.08587517597372125,0.0652275926794932,6,borderline_6,0.12552301255230125,0.0,6,borderline_6,0.2,0.0
original,no_thinking_fp8__arxiv-1000035,1f0cd82fa179996cf6211f5cafa614d12406a9b9ad999aea9e5c982c6e9ebd7a,generated,15,violation_7plus,0.20599250936329588,0.16639914392723382,6,borderline_6,0.1038961038961039,0.0,4,within_5,0.0,0.0
raw_backtranslation,no_thinking_fp8__arxiv-1000035,1f0cd82fa179996cf6211f5cafa614d12406a9b9ad999aea9e5c982c6e9ebd7a,generated,15,violation_7plus,0.07185332011892963,0.05401387512388504,6,borderline_6,0.1038961038961039,0.0,4,within_5,0.0,0.0
guarded_backtranslation,no_thinking_fp8__arxiv-1000035,1f0cd82fa179996cf6211f5cafa614d12406a9b9ad999aea9e5c982c6e9ebd7a,generated,15,violation_7plus,0.15312984997413348,0.12415933781686497,6,borderline_6,0.1038961038961039,0.0,4,within_5,0.0,0.0
original,no_thinking_fp8__arxiv-1000024,599bf9c0cb59667f6e1d97602cff49892b150a1a768b407d89b5a4a15d83b103,generated,18,violation_7plus,0.1360332294911734,0.09241952232606439,6,borderline_6,0.07086614173228346,0.0,11,violation_7plus,0.28205128205128205,0.28205128205128205
raw_backtranslation,no_thinking_fp8__arxiv-1000024,599bf9c0cb59667f6e1d97602cff49892b150a1a768b407d89b5a4a15d83b103,generated,8,violation_7plus,0.012844909609895337,0.007136060894386299,6,borderline_6,0.07086614173228346,0.0,11,violation_7plus,0.28205128205128205,0.28205128205128205
guarded_backtranslation,no_thinking_fp8__arxiv-1000024,599bf9c0cb59667f6e1d97602cff49892b150a1a768b407d89b5a4a15d83b103,generated,14,violation_7plus,0.06159238858287431,0.03755633450175263,6,borderline_6,0.07086614173228346,0.0,11,violation_7plus,0.28205128205128205,0.28205128205128205
original,no_thinking_fp8__arxiv-1000038,1d94ea2f41736241eee87a5cf9912c731985b0db95c2bd110a04f9caee97a949,generated,13,violation_7plus,0.08096013018714401,0.05655004068348251,6,borderline_6,0.061016949152542375,0.0,10,violation_7plus,0.32,0.2
raw_backtranslation,no_thinking_fp8__arxiv-1000038,1d94ea2f41736241eee87a5cf9912c731985b0db95c2bd110a04f9caee97a949,generated,14,violation_7plus,0.021513638109873223,0.016519400691509797,6,borderline_6,0.061016949152542375,0.0,10,violation_7plus,0.32,0.2
guarded_backtranslation,no_thinking_fp8__arxiv-1000038,1d94ea2f41736241eee87a5cf9912c731985b0db95c2bd110a04f9caee97a949,generated,13,violation_7plus,0.05145592341443957,0.03470283207020343,6,borderline_6,0.061016949152542375,0.0,10,violation_7plus,0.32,0.2
original,no_thinking_fp8__arxiv-1000040,a673a3a82861713ab0ba826f13508772952a2099f33c04c2a149062ac687db61,generated,13,violation_7plus,0.11940298507462686,0.09529276693455797,6,borderline_6,0.03333333333333333,0.0,9,violation_7plus,0.36,0.36
raw_backtranslation,no_thinking_fp8__arxiv-1000040,a673a3a82861713ab0ba826f13508772952a2099f33c04c2a149062ac687db61,generated,10,violation_7plus,0.03530060672917816,0.0253723110865968,6,borderline_6,0.03333333333333333,0.0,9,violation_7plus,0.36,0.36
guarded_backtranslation,no_thinking_fp8__arxiv-1000040,a673a3a82861713ab0ba826f13508772952a2099f33c04c2a149062ac687db61,generated,13,violation_7plus,0.05191873589164785,0.034988713318284424,6,borderline_6,0.03333333333333333,0.0,9,violation_7plus,0.36,0.36
original,no_thinking_fp8__arxiv-1000021,bbd7b9c7bf14b8204fd51f7d0ec0ffb2c6fd246c6f7e3fb9721251f0aec47019,generated,20,violation_7plus,0.15467625899280577,0.11151079136690648,5,within_5,0.0,0.0,7,violation_7plus,0.23333333333333334,0.23333333333333334
raw_backtranslation,no_thinking_fp8__arxiv-1000021,bbd7b9c7bf14b8204fd51f7d0ec0ffb2c6fd246c6f7e3fb9721251f0aec47019,generated,13,violation_7plus,0.04031083050024284,0.014084507042253521,5,within_5,0.0,0.0,7,violation_7plus,0.23333333333333334,0.23333333333333334
guarded_backtranslation,no_thinking_fp8__arxiv-1000021,bbd7b9c7bf14b8204fd51f7d0ec0ffb2c6fd246c6f7e3fb9721251f0aec47019,generated,20,violation_7plus,0.06838453914767097,0.05054509415262636,5,within_5,0.0,0.0,7,violation_7plus,0.23333333333333334,0.23333333333333334
original,no_thinking_fp8__bethgelab-125,a313ac394757590d277b3d77643cb08a1e94d16cda563a2bc487e49d750aa0d1,generated,9,violation_7plus,0.09365889212827988,0.061224489795918366,4,within_5,0.0,0.0,8,violation_7plus,0.32558139534883723,0.18604651162790697
raw_backtranslation,no_thinking_fp8__bethgelab-125,a313ac394757590d277b3d77643cb08a1e94d16cda563a2bc487e49d750aa0d1,generated,11,violation_7plus,0.04066985645933014,0.032467532467532464,4,within_5,0.0,0.0,8,violation_7plus,0.32558139534883723,0.18604651162790697
guarded_backtranslation,no_thinking_fp8__bethgelab-125,a313ac394757590d277b3d77643cb08a1e94d16cda563a2bc487e49d750aa0d1,generated,9,violation_7plus,0.0667618707604427,0.04141378079257408,4,within_5,0.0,0.0,8,violation_7plus,0.32558139534883723,0.18604651162790697
original,no_thinking_fp8__bethgelab-102,1b3d72a8d054071cfc4bad937f01f5f0897ced27d1c4395ad1998a289462c389,generated,10,violation_7plus,0.09200209095661264,0.06377417668583377,7,violation_7plus,0.07063197026022305,0.026022304832713755,11,violation_7plus,0.5428571428571428,0.5428571428571428
raw_backtranslation,no_thinking_fp8__bethgelab-102,1b3d72a8d054071cfc4bad937f01f5f0897ced27d1c4395ad1998a289462c389,generated,7,violation_7plus,0.006519558676028084,0.003510531594784353,7,violation_7plus,0.07063197026022305,0.026022304832713755,11,violation_7plus,0.5428571428571428,0.5428571428571428
guarded_backtranslation,no_thinking_fp8__bethgelab-102,1b3d72a8d054071cfc4bad937f01f5f0897ced27d1c4395ad1998a289462c389,generated,10,violation_7plus,0.056981519507186856,0.044661190965092405,7,violation_7plus,0.07063197026022305,0.026022304832713755,11,violation_7plus,0.5428571428571428,0.5428571428571428
original,no_thinking_fp8__bethgelab-108,8382aaa516e833b298550d2e4d635f2b9fe7fb3e7ef6f38443f47fa7701ecb8f,generated,15,violation_7plus,0.10798362333674513,0.05885363357215967,5,within_5,0.0,0.0,11,violation_7plus,0.6666666666666666,0.6666666666666666
raw_backtranslation,no_thinking_fp8__bethgelab-108,8382aaa516e833b298550d2e4d635f2b9fe7fb3e7ef6f38443f47fa7701ecb8f,generated,10,violation_7plus,0.0413625304136253,0.023844282238442822,5,within_5,0.0,0.0,11,violation_7plus,0.6666666666666666,0.6666666666666666
guarded_backtranslation,no_thinking_fp8__bethgelab-108,8382aaa516e833b298550d2e4d635f2b9fe7fb3e7ef6f38443f47fa7701ecb8f,generated,15,violation_7plus,0.06356356356356356,0.03953953953953954,5,within_5,0.0,0.0,11,violation_7plus,0.6666666666666666,0.6666666666666666
original,no_thinking_fp8__bethgelab-116,3d4b94daaf8192a969e7bcbe5118f4693b483bd98733e657e1665b619f32809f,generated,18,violation_7plus,0.2075368651010377,0.15510649918077554,6,borderline_6,0.02702702702702703,0.0,13,violation_7plus,0.41304347826086957,0.2826086956521739
raw_backtranslation,no_thinking_fp8__bethgelab-116,3d4b94daaf8192a969e7bcbe5118f4693b483bd98733e657e1665b619f32809f,generated,13,violation_7plus,0.05960591133004926,0.03891625615763547,6,borderline_6,0.02702702702702703,0.0,13,violation_7plus,0.41304347826086957,0.2826086956521739
guarded_backtranslation,no_thinking_fp8__bethgelab-116,3d4b94daaf8192a969e7bcbe5118f4693b483bd98733e657e1665b619f32809f,generated,16,violation_7plus,0.16144708423326135,0.12580993520518358,6,borderline_6,0.02702702702702703,0.0,13,violation_7plus,0.41304347826086957,0.2826086956521739
original,no_thinking_fp8__bethgelab-128,1a480e5fcb0ae03c15bc9631db3dd30b1acc16364655c063171f180297692852,generated,24,violation_7plus,0.19104609929078015,0.1671099290780142,5,within_5,0.0,0.0,11,violation_7plus,0.5862068965517241,0.3793103448275862
raw_backtranslation,no_thinking_fp8__bethgelab-128,1a480e5fcb0ae03c15bc9631db3dd30b1acc16364655c063171f180297692852,generated,9,violation_7plus,0.023770491803278688,0.023770491803278688,5,within_5,0.0,0.0,11,violation_7plus,0.5862068965517241,0.3793103448275862
guarded_backtranslation,no_thinking_fp8__bethgelab-128,1a480e5fcb0ae03c15bc9631db3dd30b1acc16364655c063171f180297692852,generated,16,violation_7plus,0.08611228366399325,0.07598142676234698,5,within_5,0.0,0.0,11,violation_7plus,0.5862068965517241,0.3793103448275862
original,no_thinking_fp8__bethgelab-146,652ad4ed5affc62698e2c395d4c32c9181dc6c617e96278277aef11508225f9a,generated,15,violation_7plus,0.12180320762895536,0.1035977459904638,15,violation_7plus,0.4357298474945534,0.2788671023965142,21,violation_7plus,0.7021276595744681,0.7021276595744681
raw_backtranslation,no_thinking_fp8__bethgelab-146,652ad4ed5affc62698e2c395d4c32c9181dc6c617e96278277aef11508225f9a,generated,13,violation_7plus,0.0395503746877602,0.027060782681099085,15,violation_7plus,0.4357298474945534,0.2788671023965142,21,violation_7plus,0.7021276595744681,0.7021276595744681
guarded_backtranslation,no_thinking_fp8__bethgelab-146,652ad4ed5affc62698e2c395d4c32c9181dc6c617e96278277aef11508225f9a,generated,15,violation_7plus,0.05626057529610829,0.043570219966159056,15,violation_7plus,0.4357298474945534,0.2788671023965142,21,violation_7plus,0.7021276595744681,0.7021276595744681
original,no_thinking_fp8__bethgelab-112,fd503644a165f9bc44ed1d8e0b01741c9a7a31567f0ed9ff46878c83c3d718d7,generated,10,violation_7plus,0.1111111111111111,0.06606606606606606,5,within_5,0.0,0.0,28,violation_7plus,0.7735849056603774,0.7735849056603774
raw_backtranslation,no_thinking_fp8__bethgelab-112,fd503644a165f9bc44ed1d8e0b01741c9a7a31567f0ed9ff46878c83c3d718d7,generated,10,violation_7plus,0.030967127203430204,0.008099094807050978,5,within_5,0.0,0.0,28,violation_7plus,0.7735849056603774,0.7735849056603774
guarded_backtranslation,no_thinking_fp8__bethgelab-112,fd503644a165f9bc44ed1d8e0b01741c9a7a31567f0ed9ff46878c83c3d718d7,generated,9,violation_7plus,0.053405193532582065,0.021068103870651642,5,within_5,0.0,0.0,28,violation_7plus,0.7735849056603774,0.7735849056603774
original,no_thinking_fp8__bethgelab-142,830533425e592db6ae69cda4bfdb7398a3102bbfa4953317c0543f0bf6970206,generated,20,violation_7plus,0.095260663507109,0.07819905213270142,6,borderline_6,0.07453416149068323,0.0,15,violation_7plus,0.43103448275862066,0.43103448275862066
raw_backtranslation,no_thinking_fp8__bethgelab-142,830533425e592db6ae69cda4bfdb7398a3102bbfa4953317c0543f0bf6970206,generated,11,violation_7plus,0.025617977528089888,0.01752808988764045,6,borderline_6,0.07453416149068323,0.0,15,violation_7plus,0.43103448275862066,0.43103448275862066
guarded_backtranslation,no_thinking_fp8__bethgelab-142,830533425e592db6ae69cda4bfdb7398a3102bbfa4953317c0543f0bf6970206,generated,20,violation_7plus,0.07928268050967438,0.06795658329400661,6,borderline_6,0.07453416149068323,0.0,15,violation_7plus,0.43103448275862066,0.43103448275862066
original,no_thinking_fp8__bethgelab-122,bd6e5c628a12f9f4d83f4e3b0b6cb632a31e625a05a4d8ed7cd768b4fc24bd0e,generated,23,violation_7plus,0.11464723926380369,0.09087423312883436,7,violation_7plus,0.06775067750677506,0.018970189701897018,25,violation_7plus,0.6428571428571429,0.6428571428571429
raw_backtranslation,no_thinking_fp8__bethgelab-122,bd6e5c628a12f9f4d83f4e3b0b6cb632a31e625a05a4d8ed7cd768b4fc24bd0e,generated,14,violation_7plus,0.03822124219037119,0.024990812201396546,7,violation_7plus,0.06775067750677506,0.018970189701897018,25,violation_7plus,0.6428571428571429,0.6428571428571429
guarded_backtranslation,no_thinking_fp8__bethgelab-122,bd6e5c628a12f9f4d83f4e3b0b6cb632a31e625a05a4d8ed7cd768b4fc24bd0e,generated,23,violation_7plus,0.09114977307110439,0.06996974281391831,7,violation_7plus,0.06775067750677506,0.018970189701897018,25,violation_7plus,0.6428571428571429,0.6428571428571429
original,no_thinking_fp8__bethgelab-105,d1ec0b551238dc7b332ba8c3fe0cb88f73a421e70e4d348a65a49b63bf7de3bb,generated,13,violation_7plus,0.08630527817403709,0.05848787446504993,11,violation_7plus,0.28442028985507245,0.21920289855072464,15,violation_7plus,0.22058823529411764,0.22058823529411764
raw_backtranslation,no_thinking_fp8__bethgelab-105,d1ec0b551238dc7b332ba8c3fe0cb88f73a421e70e4d348a65a49b63bf7de3bb,generated,11,violation_7plus,0.032781228433402344,0.026570048309178744,11,violation_7plus,0.28442028985507245,0.21920289855072464,15,violation_7plus,0.22058823529411764,0.22058823529411764
guarded_backtranslation,no_thinking_fp8__bethgelab-105,d1ec0b551238dc7b332ba8c3fe0cb88f73a421e70e4d348a65a49b63bf7de3bb,generated,13,violation_7plus,0.05948609644491376,0.03836677226328757,11,violation_7plus,0.28442028985507245,0.21920289855072464,15,violation_7plus,0.22058823529411764,0.22058823529411764
original,no_thinking_fp8__bethgelab-10033,a58b679a718676aea497bc154517ef17871f3042d404c64fabe61cd28da57afc,generated,13,violation_7plus,0.11383928571428571,0.08705357142857142,5,within_5,0.0,0.0,18,violation_7plus,0.7368421052631579,0.7368421052631579
raw_backtranslation,no_thinking_fp8__bethgelab-10033,a58b679a718676aea497bc154517ef17871f3042d404c64fabe61cd28da57afc,generated,12,violation_7plus,0.05148619957537155,0.03556263269639066,5,within_5,0.0,0.0,18,violation_7plus,0.7368421052631579,0.7368421052631579
guarded_backtranslation,no_thinking_fp8__bethgelab-10033,a58b679a718676aea497bc154517ef17871f3042d404c64fabe61cd28da57afc,generated,12,violation_7plus,0.07975797579757976,0.05665566556655666,5,within_5,0.0,0.0,18,violation_7plus,0.7368421052631579,0.7368421052631579
original,no_thinking_fp8__bethgelab-10019,3fab7067baa7f63946ebe47561ff1d1ce3e60d0971119fc5f58ab5c877f3b5c9,generated,17,violation_7plus,0.13035921205098494,0.09501738122827347,5,within_5,0.0,0.0,20,violation_7plus,0.4878048780487805,0.4878048780487805
raw_backtranslation,no_thinking_fp8__bethgelab-10019,3fab7067baa7f63946ebe47561ff1d1ce3e60d0971119fc5f58ab5c877f3b5c9,generated,11,violation_7plus,0.04514073287307488,0.031332979288369624,5,within_5,0.0,0.0,20,violation_7plus,0.4878048780487805,0.4878048780487805
guarded_backtranslation,no_thinking_fp8__bethgelab-10019,3fab7067baa7f63946ebe47561ff1d1ce3e60d0971119fc5f58ab5c877f3b5c9,generated,13,violation_7plus,0.09369676320272573,0.06246450880181715,5,within_5,0.0,0.0,20,violation_7plus,0.4878048780487805,0.4878048780487805
original,no_thinking_fp8__bethgelab-10028,9ddc1a36ea8172f808bf6608f3c41614f8c1a4ec2635523217fd26b9377a546a,generated,13,violation_7plus,0.056070826306914,0.040893760539629,11,violation_7plus,0.07112970711297072,0.04602510460251046,19,violation_7plus,0.3877551020408163,0.3877551020408163
raw_backtranslation,no_thinking_fp8__bethgelab-10028,9ddc1a36ea8172f808bf6608f3c41614f8c1a4ec2635523217fd26b9377a546a,generated,10,violation_7plus,0.016346546791990192,0.011442582754393135,11,violation_7plus,0.07112970711297072,0.04602510460251046,19,violation_7plus,0.3877551020408163,0.3877551020408163
guarded_backtranslation,no_thinking_fp8__bethgelab-10028,9ddc1a36ea8172f808bf6608f3c41614f8c1a4ec2635523217fd26b9377a546a,generated,13,violation_7plus,0.035416666666666666,0.025416666666666667,11,violation_7plus,0.07112970711297072,0.04602510460251046,19,violation_7plus,0.3877551020408163,0.3877551020408163
original,no_thinking_fp8__bethgelab-10021,2446e0dd5be16da1204fedf141879b6bdebf78065b128fc9678b60c6503d9536,generated,13,violation_7plus,0.13106796116504854,0.10194174757281553,6,borderline_6,0.023076923076923078,0.0,24,violation_7plus,0.6545454545454545,0.6545454545454545
raw_backtranslation,no_thinking_fp8__bethgelab-10021,2446e0dd5be16da1204fedf141879b6bdebf78065b128fc9678b60c6503d9536,generated,7,violation_7plus,0.031914893617021274,0.010638297872340425,6,borderline_6,0.023076923076923078,0.0,24,violation_7plus,0.6545454545454545,0.6545454545454545
guarded_backtranslation,no_thinking_fp8__bethgelab-10021,2446e0dd5be16da1204fedf141879b6bdebf78065b128fc9678b60c6503d9536,generated,11,violation_7plus,0.07631160572337042,0.06041335453100159,6,borderline_6,0.023076923076923078,0.0,24,violation_7plus,0.6545454545454545,0.6545454545454545
original,no_thinking_fp8__bethgelab-10004,532e636d9c400b73e899230f07b83f2e3d63e833cdff05dfcaf20da104624d78,generated,20,violation_7plus,0.11182108626198083,0.08626198083067092,5,within_5,0.0,0.0,16,violation_7plus,0.6857142857142857,0.6857142857142857
raw_backtranslation,no_thinking_fp8__bethgelab-10004,532e636d9c400b73e899230f07b83f2e3d63e833cdff05dfcaf20da104624d78,generated,8,violation_7plus,0.03363914373088685,0.01834862385321101,5,within_5,0.0,0.0,16,violation_7plus,0.6857142857142857,0.6857142857142857
guarded_backtranslation,no_thinking_fp8__bethgelab-10004,532e636d9c400b73e899230f07b83f2e3d63e833cdff05dfcaf20da104624d78,generated,20,violation_7plus,0.07269874476987448,0.06014644351464435,5,within_5,0.0,0.0,16,violation_7plus,0.6857142857142857,0.6857142857142857
original,no_thinking_fp8__bethgelab-10047,f0be139b8205277b5f62dc4345c48427d0280afe402b478627635231c0a90071,generated,14,violation_7plus,0.1406025824964132,0.10616929698708752,7,violation_7plus,0.03365384615384615,0.03365384615384615,12,violation_7plus,0.47619047619047616,0.47619047619047616
raw_backtranslation,no_thinking_fp8__bethgelab-10047,f0be139b8205277b5f62dc4345c48427d0280afe402b478627635231c0a90071,generated,10,violation_7plus,0.03819918144611187,0.034106412005457026,7,violation_7plus,0.03365384615384615,0.03365384615384615,12,violation_7plus,0.47619047619047616,0.47619047619047616
guarded_backtranslation,no_thinking_fp8__bethgelab-10047,f0be139b8205277b5f62dc4345c48427d0280afe402b478627635231c0a90071,generated,11,violation_7plus,0.07152777777777777,0.06319444444444444,7,violation_7plus,0.03365384615384615,0.03365384615384615,12,violation_7plus,0.47619047619047616,0.47619047619047616
original,no_thinking_fp8__bethgelab-10013,e463ec5d1757c1fef5033ed44eafb650345ebd9f4b11f8f485ea18b3146d9bc9,generated,16,violation_7plus,0.1266607617360496,0.09477413640389726,6,borderline_6,0.07142857142857142,0.0,47,violation_7plus,0.8181818181818182,0.8181818181818182
raw_backtranslation,no_thinking_fp8__bethgelab-10013,e463ec5d1757c1fef5033ed44eafb650345ebd9f4b11f8f485ea18b3146d9bc9,generated,10,violation_7plus,0.027974947807933193,0.022964509394572025,6,borderline_6,0.07142857142857142,0.0,47,violation_7plus,0.8181818181818182,0.8181818181818182
guarded_backtranslation,no_thinking_fp8__bethgelab-10013,e463ec5d1757c1fef5033ed44eafb650345ebd9f4b11f8f485ea18b3146d9bc9,generated,16,violation_7plus,0.08254105445116681,0.05920484010371651,6,borderline_6,0.07142857142857142,0.0,47,violation_7plus,0.8181818181818182,0.8181818181818182
original,no_thinking_fp8__bethgelab-10038,239b0964b4ee281617cec4a7344b292c5dd05cdc1e07db933a2e9df7fecd52fb,generated,19,violation_7plus,0.2967445742904841,0.24624373956594323,6,borderline_6,0.041237113402061855,0.0,10,violation_7plus,0.2631578947368421,0.2631578947368421
raw_backtranslation,no_thinking_fp8__bethgelab-10038,239b0964b4ee281617cec4a7344b292c5dd05cdc1e07db933a2e9df7fecd52fb,generated,10,violation_7plus,0.0656906906906907,0.02702702702702703,6,borderline_6,0.041237113402061855,0.0,10,violation_7plus,0.2631578947368421,0.2631578947368421
guarded_backtranslation,no_thinking_fp8__bethgelab-10038,239b0964b4ee281617cec4a7344b292c5dd05cdc1e07db933a2e9df7fecd52fb,generated,19,violation_7plus,0.19089456869009586,0.15455271565495207,6,borderline_6,0.041237113402061855,0.0,10,violation_7plus,0.2631578947368421,0.2631578947368421
original,no_thinking_fp8__bethgelab-10000,7fcd8ad1ec13aa789ceccd25ade8944690a8825a63727038dada658417498a13,generated,16,violation_7plus,0.1734982332155477,0.13109540636042402,6,borderline_6,0.036923076923076927,0.0,12,violation_7plus,0.42857142857142855,0.2857142857142857
raw_backtranslation,no_thinking_fp8__bethgelab-10000,7fcd8ad1ec13aa789ceccd25ade8944690a8825a63727038dada658417498a13,generated,15,violation_7plus,0.04776119402985075,0.025870646766169153,6,borderline_6,0.036923076923076927,0.0,12,violation_7plus,0.42857142857142855,0.2857142857142857
guarded_backtranslation,no_thinking_fp8__bethgelab-10000,7fcd8ad1ec13aa789ceccd25ade8944690a8825a63727038dada658417498a13,generated,16,violation_7plus,0.09825402259500171,0.06949674768914756,6,borderline_6,0.036923076923076927,0.0,12,violation_7plus,0.42857142857142855,0.2857142857142857
original,no_thinking_fp8__bethgelab-10003,e7cd528ba416b11b6aab2a6fd81b6328a5833daeb921827420f580cb236ca865,generated,20,violation_7plus,0.195697796432319,0.12959076600209862,5,within_5,0.0,0.0,14,violation_7plus,0.6666666666666666,0.6666666666666666
raw_backtranslation,no_thinking_fp8__bethgelab-10003,e7cd528ba416b11b6aab2a6fd81b6328a5833daeb921827420f580cb236ca865,generated,12,violation_7plus,0.06929740134744947,0.04331087584215592,5,within_5,0.0,0.0,14,violation_7plus,0.6666666666666666,0.6666666666666666
guarded_backtranslation,no_thinking_fp8__bethgelab-10003,e7cd528ba416b11b6aab2a6fd81b6328a5833daeb921827420f580cb236ca865,generated,20,violation_7plus,0.13116420945602442,0.0945602440264362,5,within_5,0.0,0.0,14,violation_7plus,0.6666666666666666,0.6666666666666666
original,no_thinking_fp8__bethgelab-50039,de19c655db485aa34b7e3387b03aa09cf54da16447b5294399730fc5c45d9003,generated,19,violation_7plus,0.215929203539823,0.17168141592920355,6,borderline_6,0.019672131147540985,0.0,16,violation_7plus,0.44666666666666666,0.4066666666666667
raw_backtranslation,no_thinking_fp8__bethgelab-50039,de19c655db485aa34b7e3387b03aa09cf54da16447b5294399730fc5c45d9003,generated,11,violation_7plus,0.06850961538461539,0.046875,6,borderline_6,0.019672131147540985,0.0,16,violation_7plus,0.44666666666666666,0.4066666666666667
guarded_backtranslation,no_thinking_fp8__bethgelab-50039,de19c655db485aa34b7e3387b03aa09cf54da16447b5294399730fc5c45d9003,generated,19,violation_7plus,0.16065292096219932,0.140893470790378,6,borderline_6,0.019672131147540985,0.0,16,violation_7plus,0.44666666666666666,0.4066666666666667
original,no_thinking_fp8__bethgelab-50043,1e2798147c40faee951910206bf47fa2d91c8860b90000f30454b227d6994df2,generated,25,violation_7plus,0.1883219358232509,0.15675960021041557,6,borderline_6,0.05787781350482315,0.0,12,violation_7plus,0.41379310344827586,0.41379310344827586
raw_backtranslation,no_thinking_fp8__bethgelab-50043,1e2798147c40faee951910206bf47fa2d91c8860b90000f30454b227d6994df2,generated,7,violation_7plus,0.03042008691453404,0.010140028971511348,6,borderline_6,0.05787781350482315,0.0,12,violation_7plus,0.41379310344827586,0.41379310344827586
guarded_backtranslation,no_thinking_fp8__bethgelab-50043,1e2798147c40faee951910206bf47fa2d91c8860b90000f30454b227d6994df2,generated,25,violation_7plus,0.15356773526370218,0.12564632885211996,6,borderline_6,0.05787781350482315,0.0,12,violation_7plus,0.41379310344827586,0.41379310344827586
original,no_thinking_fp8__bethgelab-50033,bf799d730709e4d61998cf1d6c35cf9885ada8045ad414d9e196fb4bf044922a,generated,13,violation_7plus,0.18345323741007194,0.15422661870503598,6,borderline_6,0.014184397163120567,0.0,15,violation_7plus,0.16853932584269662,0.16853932584269662
raw_backtranslation,no_thinking_fp8__bethgelab-50033,bf799d730709e4d61998cf1d6c35cf9885ada8045ad414d9e196fb4bf044922a,generated,10,violation_7plus,0.03336113427856547,0.030859049207673062,6,borderline_6,0.014184397163120567,0.0,15,violation_7plus,0.16853932584269662,0.16853932584269662
guarded_backtranslation,no_thinking_fp8__bethgelab-50033,bf799d730709e4d61998cf1d6c35cf9885ada8045ad414d9e196fb4bf044922a,generated,13,violation_7plus,0.09165942658557776,0.078627280625543,6,borderline_6,0.014184397163120567,0.0,15,violation_7plus,0.16853932584269662,0.16853932584269662
original,no_thinking_fp8__bethgelab-50037,56b77fff220a3b085f018b829126cd45b79cd9032f37052faf9f086717e16629,generated,18,violation_7plus,0.12089481199428843,0.08043788672060924,5,within_5,0.0,0.0,6,borderline_6,0.5217391304347826,0.0
raw_backtranslation,no_thinking_fp8__bethgelab-50037,56b77fff220a3b085f018b829126cd45b79cd9032f37052faf9f086717e16629,generated,18,violation_7plus,0.05082478823004904,0.03611234953187695,5,within_5,0.0,0.0,6,borderline_6,0.5217391304347826,0.0
guarded_backtranslation,no_thinking_fp8__bethgelab-50037,56b77fff220a3b085f018b829126cd45b79cd9032f37052faf9f086717e16629,generated,18,violation_7plus,0.07944572748267899,0.06235565819861432,5,within_5,0.0,0.0,6,borderline_6,0.5217391304347826,0.0
original,no_thinking_fp8__bethgelab-50047,9d6e795b20211d71799050c9282d0c0b9c3838aa8232d78b803accb410b2d33d,generated,16,violation_7plus,0.15436565364206464,0.12445730824891461,8,violation_7plus,0.05,0.05,17,violation_7plus,0.37777777777777777,0.37777777777777777
raw_backtranslation,no_thinking_fp8__bethgelab-50047,9d6e795b20211d71799050c9282d0c0b9c3838aa8232d78b803accb410b2d33d,generated,7,violation_7plus,0.011499336576735958,0.006191950464396285,8,violation_7plus,0.05,0.05,17,violation_7plus,0.37777777777777777,0.37777777777777777
guarded_backtranslation,no_thinking_fp8__bethgelab-50047,9d6e795b20211d71799050c9282d0c0b9c3838aa8232d78b803accb410b2d33d,generated,16,violation_7plus,0.09133709981167608,0.07627118644067797,8,violation_7plus,0.05,0.05,17,violation_7plus,0.37777777777777777,0.37777777777777777
original,no_thinking_fp8__bethgelab-50013,5873692a5abcd2765669d5fab7979f848ab9682d042126b679e3e670e9745efa,generated,17,violation_7plus,0.1175115207373272,0.0967741935483871,6,borderline_6,0.029850746268656716,0.0,9,violation_7plus,0.4146341463414634,0.4146341463414634
raw_backtranslation,no_thinking_fp8__bethgelab-50013,5873692a5abcd2765669d5fab7979f848ab9682d042126b679e3e670e9745efa,generated,12,violation_7plus,0.037817396002161,0.028092922744462453,6,borderline_6,0.029850746268656716,0.0,9,violation_7plus,0.4146341463414634,0.4146341463414634
guarded_backtranslation,no_thinking_fp8__bethgelab-50013,5873692a5abcd2765669d5fab7979f848ab9682d042126b679e3e670e9745efa,generated,17,violation_7plus,0.07495835646862854,0.05830094392004442,6,borderline_6,0.029850746268656716,0.0,9,violation_7plus,0.4146341463414634,0.4146341463414634
original,no_thinking_fp8__bethgelab-50009,fdf2c95a141e744682aad8f94ea8783a5514e7033960d29fa2961bf8be3a3068,generated,22,violation_7plus,0.20433751270755676,0.15825144018976617,7,violation_7plus,0.014736842105263158,0.014736842105263158,16,violation_7plus,0.5652173913043478,0.5652173913043478
raw_backtranslation,no_thinking_fp8__bethgelab-50009,fdf2c95a141e744682aad8f94ea8783a5514e7033960d29fa2961bf8be3a3068,generated,10,violation_7plus,0.04293921983671001,0.026610220743876624,7,violation_7plus,0.014736842105263158,0.014736842105263158,16,violation_7plus,0.5652173913043478,0.5652173913043478
guarded_backtranslation,no_thinking_fp8__bethgelab-50009,fdf2c95a141e744682aad8f94ea8783a5514e7033960d29fa2961bf8be3a3068,generated,22,violation_7plus,0.13669990350595046,0.10453522032807977,7,violation_7plus,0.014736842105263158,0.014736842105263158,16,violation_7plus,0.5652173913043478,0.5652173913043478
original,no_thinking_fp8__bethgelab-50015,0bf9b205e3a6d1c88f5d9b2acfe868ac55f05e758fba034533eae6c292c1adee,generated,24,violation_7plus,0.22087132725430597,0.1661600810536981,4,within_5,0.0,0.0,14,violation_7plus,0.7419354838709677,0.7419354838709677
raw_backtranslation,no_thinking_fp8__bethgelab-50015,0bf9b205e3a6d1c88f5d9b2acfe868ac55f05e758fba034533eae6c292c1adee,generated,9,violation_7plus,0.04710820895522388,0.021921641791044777,4,within_5,0.0,0.0,14,violation_7plus,0.7419354838709677,0.7419354838709677
guarded_backtranslation,no_thinking_fp8__bethgelab-50015,0bf9b205e3a6d1c88f5d9b2acfe868ac55f05e758fba034533eae6c292c1adee,generated,24,violation_7plus,0.14503441494591937,0.11553588987217306,4,within_5,0.0,0.0,14,violation_7plus,0.7419354838709677,0.7419354838709677
original,no_thinking_fp8__bethgelab-50024,74ce4c9a8bb66ed76aa0bcf2719b37c2f45118dfc537ed9a1a7429457fac9b78,generated,14,violation_7plus,0.15411106328024107,0.11838140335772708,5,within_5,0.0,0.0,15,violation_7plus,0.2631578947368421,0.2631578947368421
raw_backtranslation,no_thinking_fp8__bethgelab-50024,74ce4c9a8bb66ed76aa0bcf2719b37c2f45118dfc537ed9a1a7429457fac9b78,generated,9,violation_7plus,0.05182567726737338,0.03297997644287397,5,within_5,0.0,0.0,15,violation_7plus,0.2631578947368421,0.2631578947368421
guarded_backtranslation,no_thinking_fp8__bethgelab-50024,74ce4c9a8bb66ed76aa0bcf2719b37c2f45118dfc537ed9a1a7429457fac9b78,generated,14,violation_7plus,0.11371237458193979,0.09155518394648829,5,within_5,0.0,0.0,15,violation_7plus,0.2631578947368421,0.2631578947368421
original,no_thinking_fp8__bethgelab-50028,67b0f14459545eb0cb90ba33ad7dd4e3e7288a9289fa58f9000ee9ffb9d945e1,generated,13,violation_7plus,0.1390154968094804,0.10209662716499544,9,violation_7plus,0.3,0.07894736842105263,12,violation_7plus,0.42857142857142855,0.42857142857142855
raw_backtranslation,no_thinking_fp8__bethgelab-50028,67b0f14459545eb0cb90ba33ad7dd4e3e7288a9289fa58f9000ee9ffb9d945e1,generated,8,violation_7plus,0.02771855010660981,0.012366737739872069,9,violation_7plus,0.3,0.07894736842105263,12,violation_7plus,0.42857142857142855,0.42857142857142855
guarded_backtranslation,no_thinking_fp8__bethgelab-50028,67b0f14459545eb0cb90ba33ad7dd4e3e7288a9289fa58f9000ee9ffb9d945e1,generated,13,violation_7plus,0.06359649122807018,0.04429824561403509,9,violation_7plus,0.3,0.07894736842105263,12,violation_7plus,0.42857142857142855,0.42857142857142855
original,no_thinking_fp8__bethgelab-100037,475da814ff8aee7689b47bcfab425741f38e34a74e4e6dbfca2d6ed825526487,generated,19,violation_7plus,0.12646484375,0.09130859375,6,borderline_6,0.02531645569620253,0.0,29,violation_7plus,0.5178571428571429,0.5178571428571429
raw_backtranslation,no_thinking_fp8__bethgelab-100037,475da814ff8aee7689b47bcfab425741f38e34a74e4e6dbfca2d6ed825526487,generated,8,violation_7plus,0.03633141338059371,0.02303943287549845,6,borderline_6,0.02531645569620253,0.0,29,violation_7plus,0.5178571428571429,0.5178571428571429
guarded_backtranslation,no_thinking_fp8__bethgelab-100037,475da814ff8aee7689b47bcfab425741f38e34a74e4e6dbfca2d6ed825526487,generated,19,violation_7plus,0.09418548774627583,0.071119654012494,6,borderline_6,0.02531645569620253,0.0,29,violation_7plus,0.5178571428571429,0.5178571428571429
original,no_thinking_fp8__bethgelab-100048,894ece07744c3dff9486aad1b6536dbe0bef2872acbdf6fa5c7a027af65b2b72,generated,12,violation_7plus,0.07673267326732673,0.043316831683168314,11,violation_7plus,0.3910761154855643,0.28083989501312334,18,violation_7plus,0.45588235294117646,0.45588235294117646
raw_backtranslation,no_thinking_fp8__bethgelab-100048,894ece07744c3dff9486aad1b6536dbe0bef2872acbdf6fa5c7a027af65b2b72,generated,10,violation_7plus,0.011052937754508435,0.011052937754508435,11,violation_7plus,0.3910761154855643,0.28083989501312334,18,violation_7plus,0.45588235294117646,0.45588235294117646
guarded_backtranslation,no_thinking_fp8__bethgelab-100048,894ece07744c3dff9486aad1b6536dbe0bef2872acbdf6fa5c7a027af65b2b72,generated,12,violation_7plus,0.034918723660445516,0.016857314870559904,11,violation_7plus,0.3910761154855643,0.28083989501312334,18,violation_7plus,0.45588235294117646,0.45588235294117646
original,no_thinking_fp8__bethgelab-100002,9cfd749620877169e7af30ce0e929738eab4d6b0c917acbbc6b9983017bb5044,generated,16,violation_7plus,0.21544209215442092,0.1780821917808219,5,within_5,0.0,0.0,11,violation_7plus,0.22,0.22
raw_backtranslation,no_thinking_fp8__bethgelab-100002,9cfd749620877169e7af30ce0e929738eab4d6b0c917acbbc6b9983017bb5044,generated,11,violation_7plus,0.06670500287521564,0.039102932719954,5,within_5,0.0,0.0,11,violation_7plus,0.22,0.22
guarded_backtranslation,no_thinking_fp8__bethgelab-100002,9cfd749620877169e7af30ce0e929738eab4d6b0c917acbbc6b9983017bb5044,generated,14,violation_7plus,0.1125670041691483,0.08397855866587255,5,within_5,0.0,0.0,11,violation_7plus,0.22,0.22
original,no_thinking_fp8__bethgelab-100001,1dad06f32bca0d6bab2e043a9a5f11a944b26effd7412130afeace3d9f30574c,generated,17,violation_7plus,0.17803660565723795,0.14254021075984472,5,within_5,0.0,0.0,18,violation_7plus,0.42857142857142855,0.42857142857142855
raw_backtranslation,no_thinking_fp8__bethgelab-100001,1dad06f32bca0d6bab2e043a9a5f11a944b26effd7412130afeace3d9f30574c,generated,16,violation_7plus,0.04270109235352532,0.022840119165839126,5,within_5,0.0,0.0,18,violation_7plus,0.42857142857142855,0.42857142857142855
guarded_backtranslation,no_thinking_fp8__bethgelab-100001,1dad06f32bca0d6bab2e043a9a5f11a944b26effd7412130afeace3d9f30574c,generated,17,violation_7plus,0.09686003193187866,0.07237892496008515,5,within_5,0.0,0.0,18,violation_7plus,0.42857142857142855,0.42857142857142855
original,no_thinking_fp8__bethgelab-100003,191f8cffbe90985061b6946db049ff8f556f014bb0268187a365732f60fc01eb,generated,16,violation_7plus,0.15687276443536025,0.10781808891159939,3,within_5,0.0,0.0,18,violation_7plus,0.375,0.375
raw_backtranslation,no_thinking_fp8__bethgelab-100003,191f8cffbe90985061b6946db049ff8f556f014bb0268187a365732f60fc01eb,generated,9,violation_7plus,0.02197802197802198,0.01098901098901099,3,within_5,0.0,0.0,18,violation_7plus,0.375,0.375
guarded_backtranslation,no_thinking_fp8__bethgelab-100003,191f8cffbe90985061b6946db049ff8f556f014bb0268187a365732f60fc01eb,generated,11,violation_7plus,0.06056338028169014,0.04647887323943662,3,within_5,0.0,0.0,18,violation_7plus,0.375,0.375
original,no_thinking_fp8__bethgelab-100040,baacd8ccf76122818d147f4282a2a0720bbbbe1b1352bdfd10d8d2a97abbf7f0,generated,20,violation_7plus,0.17297297297297298,0.12756756756756757,6,borderline_6,0.025,0.0,38,violation_7plus,0.8135593220338984,0.8135593220338984
raw_backtranslation,no_thinking_fp8__bethgelab-100040,baacd8ccf76122818d147f4282a2a0720bbbbe1b1352bdfd10d8d2a97abbf7f0,generated,11,violation_7plus,0.047596153846153844,0.03317307692307692,6,borderline_6,0.025,0.0,38,violation_7plus,0.8135593220338984,0.8135593220338984
guarded_backtranslation,no_thinking_fp8__bethgelab-100040,baacd8ccf76122818d147f4282a2a0720bbbbe1b1352bdfd10d8d2a97abbf7f0,generated,20,violation_7plus,0.08949220713926596,0.07440925087983911,6,borderline_6,0.025,0.0,38,violation_7plus,0.8135593220338984,0.8135593220338984
original,no_thinking_fp8__bethgelab-100027,d0a94ffc1733d8e398e0d039e28cff7e4b6cb5d0c12246b1bea4712d3ea0c6ac,generated,14,violation_7plus,0.1211671612265084,0.08852621167161226,6,borderline_6,0.02608695652173913,0.0,24,violation_7plus,0.35514018691588783,0.35514018691588783
raw_backtranslation,no_thinking_fp8__bethgelab-100027,d0a94ffc1733d8e398e0d039e28cff7e4b6cb5d0c12246b1bea4712d3ea0c6ac,generated,9,violation_7plus,0.029981549815498155,0.021678966789667898,6,borderline_6,0.02608695652173913,0.0,24,violation_7plus,0.35514018691588783,0.35514018691588783
guarded_backtranslation,no_thinking_fp8__bethgelab-100027,d0a94ffc1733d8e398e0d039e28cff7e4b6cb5d0c12246b1bea4712d3ea0c6ac,generated,11,violation_7plus,0.06903163950143816,0.046021093000958774,6,borderline_6,0.02608695652173913,0.0,24,violation_7plus,0.35514018691588783,0.35514018691588783
original,no_thinking_fp8__bethgelab-100026,76809edc3a81a1b01bf93be36eb56d891fdab656023bbf75ddf1a39e60d592f2,generated,13,violation_7plus,0.11745334796926454,0.0845225027442371,6,borderline_6,0.023255813953488372,0.0,15,violation_7plus,0.5,0.5
raw_backtranslation,no_thinking_fp8__bethgelab-100026,76809edc3a81a1b01bf93be36eb56d891fdab656023bbf75ddf1a39e60d592f2,generated,10,violation_7plus,0.04217185028993147,0.020031628887717447,6,borderline_6,0.023255813953488372,0.0,15,violation_7plus,0.5,0.5
guarded_backtranslation,no_thinking_fp8__bethgelab-100026,76809edc3a81a1b01bf93be36eb56d891fdab656023bbf75ddf1a39e60d592f2,generated,13,violation_7plus,0.0822065981611682,0.06273661438615467,6,borderline_6,0.023255813953488372,0.0,15,violation_7plus,0.5,0.5
original,no_thinking_fp8__bethgelab-100015,b2c521e823368d1812a8d64440899ae15551afa85a6d1109d734898ee3b5a08f,generated,17,violation_7plus,0.17451403887688985,0.12267818574514039,9,violation_7plus,0.13800904977375567,0.083710407239819,14,violation_7plus,0.1414141414141414,0.1414141414141414
raw_backtranslation,no_thinking_fp8__bethgelab-100015,b2c521e823368d1812a8d64440899ae15551afa85a6d1109d734898ee3b5a08f,generated,9,violation_7plus,0.03676183026984748,0.01798983183418068,9,violation_7plus,0.13800904977375567,0.083710407239819,14,violation_7plus,0.1414141414141414,0.1414141414141414
guarded_backtranslation,no_thinking_fp8__bethgelab-100015,b2c521e823368d1812a8d64440899ae15551afa85a6d1109d734898ee3b5a08f,generated,17,violation_7plus,0.08506308506308506,0.0582010582010582,9,violation_7plus,0.13800904977375567,0.083710407239819,14,violation_7plus,0.1414141414141414,0.1414141414141414
original,no_thinking_fp8__bethgelab-200048,868744c1a1f5d91dd97bfb5ee1697b8b7bfdd53298d0e513d7c45b76472ec6d7,generated,16,violation_7plus,0.15394853593611357,0.10603371783496007,12,violation_7plus,0.30275229357798167,0.20642201834862386,18,violation_7plus,0.225,0.225
raw_backtranslation,no_thinking_fp8__bethgelab-200048,868744c1a1f5d91dd97bfb5ee1697b8b7bfdd53298d0e513d7c45b76472ec6d7,generated,11,violation_7plus,0.052083333333333336,0.029246794871794872,12,violation_7plus,0.30275229357798167,0.20642201834862386,18,violation_7plus,0.225,0.225
guarded_backtranslation,no_thinking_fp8__bethgelab-200048,868744c1a1f5d91dd97bfb5ee1697b8b7bfdd53298d0e513d7c45b76472ec6d7,generated,16,violation_7plus,0.10212765957446808,0.07659574468085106,12,violation_7plus,0.30275229357798167,0.20642201834862386,18,violation_7plus,0.225,0.225
original,no_thinking_fp8__bethgelab-200024,88a116c99d1eea1a867a05ba40ecabf52cfe821203f2034181a21d74d59d63c8,generated,14,violation_7plus,0.12668743509865005,0.10488058151609553,11,violation_7plus,0.26153846153846155,0.23076923076923078,45,violation_7plus,0.7536231884057971,0.7536231884057971
raw_backtranslation,no_thinking_fp8__bethgelab-200024,88a116c99d1eea1a867a05ba40ecabf52cfe821203f2034181a21d74d59d63c8,generated,10,violation_7plus,0.01724941724941725,0.011655011655011656,11,violation_7plus,0.26153846153846155,0.23076923076923078,45,violation_7plus,0.7536231884057971,0.7536231884057971
guarded_backtranslation,no_thinking_fp8__bethgelab-200024,88a116c99d1eea1a867a05ba40ecabf52cfe821203f2034181a21d74d59d63c8,generated,14,violation_7plus,0.09299948901379662,0.07766990291262135,11,violation_7plus,0.26153846153846155,0.23076923076923078,45,violation_7plus,0.7536231884057971,0.7536231884057971
original,no_thinking_fp8__bethgelab-200047,f4bd42a8da057cea05f258f7ffd5ed924b47d6381a7e6b2b4a5a5795c6c9aaba,generated,17,violation_7plus,0.237788513150832,0.1846484165324745,5,within_5,0.0,0.0,13,violation_7plus,0.29545454545454547,0.29545454545454547
raw_backtranslation,no_thinking_fp8__bethgelab-200047,f4bd42a8da057cea05f258f7ffd5ed924b47d6381a7e6b2b4a5a5795c6c9aaba,generated,17,violation_7plus,0.10437017994858612,0.07197943444730077,5,within_5,0.0,0.0,13,violation_7plus,0.29545454545454547,0.29545454545454547
guarded_backtranslation,no_thinking_fp8__bethgelab-200047,f4bd42a8da057cea05f258f7ffd5ed924b47d6381a7e6b2b4a5a5795c6c9aaba,generated,17,violation_7plus,0.1716851558372953,0.1415742208135235,5,within_5,0.0,0.0,13,violation_7plus,0.29545454545454547,0.29545454545454547
original,no_thinking_fp8__bethgelab-200042,a995598c9dc8909ce7b487753c1ee613113c93393e7f9297e629c21751490704,generated,18,violation_7plus,0.22018348623853212,0.17737003058103976,5,within_5,0.0,0.0,17,violation_7plus,0.2361111111111111,0.2361111111111111
raw_backtranslation,no_thinking_fp8__bethgelab-200042,a995598c9dc8909ce7b487753c1ee613113c93393e7f9297e629c21751490704,generated,13,violation_7plus,0.0703306939916162,0.047973917093619006,5,within_5,0.0,0.0,17,violation_7plus,0.2361111111111111,0.2361111111111111
guarded_backtranslation,no_thinking_fp8__bethgelab-200042,a995598c9dc8909ce7b487753c1ee613113c93393e7f9297e629c21751490704,generated,18,violation_7plus,0.14697265625,0.12646484375,5,within_5,0.0,0.0,17,violation_7plus,0.2361111111111111,0.2361111111111111
original,no_thinking_fp8__bethgelab-200004,d7535eed5d733ab833691ced999c404380d4967457d1ed8b9198f1296b8dab6f,generated,16,violation_7plus,0.12616566099835436,0.07350521119034559,4,within_5,0.0,0.0,22,violation_7plus,0.5514705882352942,0.5514705882352942
raw_backtranslation,no_thinking_fp8__bethgelab-200004,d7535eed5d733ab833691ced999c404380d4967457d1ed8b9198f1296b8dab6f,generated,8,violation_7plus,0.03759398496240601,0.022556390977443608,4,within_5,0.0,0.0,22,violation_7plus,0.5514705882352942,0.5514705882352942
guarded_backtranslation,no_thinking_fp8__bethgelab-200004,d7535eed5d733ab833691ced999c404380d4967457d1ed8b9198f1296b8dab6f,generated,16,violation_7plus,0.06555671175858481,0.046826222684703434,4,within_5,0.0,0.0,22,violation_7plus,0.5514705882352942,0.5514705882352942
original,no_thinking_fp8__bethgelab-200021,aa7c3ced0095dfd12cb4e186f48684b79bc4bba351a31f42602b16e434d00d21,generated,20,violation_7plus,0.2947976878612717,0.250206440957886,5,within_5,0.0,0.0,14,violation_7plus,0.175,0.175
raw_backtranslation,no_thinking_fp8__bethgelab-200021,aa7c3ced0095dfd12cb4e186f48684b79bc4bba351a31f42602b16e434d00d21,generated,13,violation_7plus,0.10062661260597125,0.07408772576483598,5,within_5,0.0,0.0,14,violation_7plus,0.175,0.175
guarded_backtranslation,no_thinking_fp8__bethgelab-200021,aa7c3ced0095dfd12cb4e186f48684b79bc4bba351a31f42602b16e434d00d21,generated,20,violation_7plus,0.18777120315581855,0.15226824457593688,5,within_5,0.0,0.0,14,violation_7plus,0.175,0.175
original,no_thinking_fp8__bethgelab-200016,218b16eeb02da5827f5c0724d2d42f966ee250105fe6b2da4daabaee84f52ef5,generated,27,violation_7plus,0.2909356725146199,0.22660818713450293,5,within_5,0.0,0.0,15,violation_7plus,0.36585365853658536,0.36585365853658536
raw_backtranslation,no_thinking_fp8__bethgelab-200016,218b16eeb02da5827f5c0724d2d42f966ee250105fe6b2da4daabaee84f52ef5,generated,10,violation_7plus,0.041396103896103896,0.01948051948051948,5,within_5,0.0,0.0,15,violation_7plus,0.36585365853658536,0.36585365853658536
guarded_backtranslation,no_thinking_fp8__bethgelab-200016,218b16eeb02da5827f5c0724d2d42f966ee250105fe6b2da4daabaee84f52ef5,generated,27,violation_7plus,0.16988764044943822,0.12943820224719102,5,within_5,0.0,0.0,15,violation_7plus,0.36585365853658536,0.36585365853658536
original,no_thinking_fp8__bethgelab-200019,e049827f21769b52fbc4a147774761c10e8dbacc20474376debb2a0a64b649d5,generated,16,violation_7plus,0.12627169359664872,0.10113704368641532,8,violation_7plus,0.07662835249042145,0.03065134099616858,19,violation_7plus,0.7368421052631579,0.7368421052631579
raw_backtranslation,no_thinking_fp8__bethgelab-200019,e049827f21769b52fbc4a147774761c10e8dbacc20474376debb2a0a64b649d5,generated,8,violation_7plus,0.03011712214166202,0.016731734523145567,8,violation_7plus,0.07662835249042145,0.03065134099616858,19,violation_7plus,0.7368421052631579,0.7368421052631579
guarded_backtranslation,no_thinking_fp8__bethgelab-200019,e049827f21769b52fbc4a147774761c10e8dbacc20474376debb2a0a64b649d5,generated,16,violation_7plus,0.08294117647058824,0.05823529411764706,8,violation_7plus,0.07662835249042145,0.03065134099616858,19,violation_7plus,0.7368421052631579,0.7368421052631579
original,no_thinking_merged__arxiv-121,d3a694eff94f3b4b16cb0b402152cc9c29d7beea9452d1d41f2e94d279cf97fc,generated,26,violation_7plus,0.3743283582089552,0.3205970149253731,6,borderline_6,0.031413612565445025,0.0,13,violation_7plus,0.4482758620689655,0.4482758620689655
raw_backtranslation,no_thinking_merged__arxiv-121,d3a694eff94f3b4b16cb0b402152cc9c29d7beea9452d1d41f2e94d279cf97fc,generated,12,violation_7plus,0.07516339869281045,0.04656862745098039,6,borderline_6,0.031413612565445025,0.0,13,violation_7plus,0.4482758620689655,0.4482758620689655
guarded_backtranslation,no_thinking_merged__arxiv-121,d3a694eff94f3b4b16cb0b402152cc9c29d7beea9452d1d41f2e94d279cf97fc,generated,26,violation_7plus,0.2541101817132968,0.22468993366022497,6,borderline_6,0.031413612565445025,0.0,13,violation_7plus,0.4482758620689655,0.4482758620689655
original,no_thinking_merged__arxiv-126,1930d76ba55aeb0001455f2343b31339a7ebd4c1eaa1881c3cc97bef9f4572d8,generated,26,violation_7plus,0.14935897435897436,0.11858974358974358,6,borderline_6,0.0759493670886076,0.0,11,violation_7plus,0.44,0.44
raw_backtranslation,no_thinking_merged__arxiv-126,1930d76ba55aeb0001455f2343b31339a7ebd4c1eaa1881c3cc97bef9f4572d8,generated,7,violation_7plus,0.027980535279805353,0.0170316301703163,6,borderline_6,0.0759493670886076,0.0,11,violation_7plus,0.44,0.44
guarded_backtranslation,no_thinking_merged__arxiv-126,1930d76ba55aeb0001455f2343b31339a7ebd4c1eaa1881c3cc97bef9f4572d8,generated,11,violation_7plus,0.06207324643078833,0.05090006207324643,6,borderline_6,0.0759493670886076,0.0,11,violation_7plus,0.44,0.44
original,no_thinking_merged__arxiv-107,0cd232f1e6f19c1c792956fba6b6706d8bea94915ea3ed46590d6db698f415ec,generated,16,violation_7plus,0.23534840793724043,0.19104753114905398,4,within_5,0.0,0.0,12,violation_7plus,0.6551724137931034,0.6551724137931034
raw_backtranslation,no_thinking_merged__arxiv-107,0cd232f1e6f19c1c792956fba6b6706d8bea94915ea3ed46590d6db698f415ec,generated,10,violation_7plus,0.03894523326572008,0.01947261663286004,4,within_5,0.0,0.0,12,violation_7plus,0.6551724137931034,0.6551724137931034
guarded_backtranslation,no_thinking_merged__arxiv-107,0cd232f1e6f19c1c792956fba6b6706d8bea94915ea3ed46590d6db698f415ec,generated,16,violation_7plus,0.1713381555153707,0.141500904159132,4,within_5,0.0,0.0,12,violation_7plus,0.6551724137931034,0.6551724137931034
original,no_thinking_merged__arxiv-102,0c59df13d1c8367c898c64adf0337dbe33ef3a348ba4acfd31151d353d722102,generated,9,violation_7plus,0.06262104583602324,0.051000645577792124,7,violation_7plus,0.03804347826086957,0.03804347826086957,6,borderline_6,0.075,0.0
raw_backtranslation,no_thinking_merged__arxiv-102,0c59df13d1c8367c898c64adf0337dbe33ef3a348ba4acfd31151d353d722102,generated,9,violation_7plus,0.044472681067344345,0.025412960609911054,7,violation_7plus,0.03804347826086957,0.03804347826086957,6,borderline_6,0.075,0.0
guarded_backtranslation,no_thinking_merged__arxiv-102,0c59df13d1c8367c898c64adf0337dbe33ef3a348ba4acfd31151d353d722102,generated,9,violation_7plus,0.0532051282051282,0.04551282051282051,7,violation_7plus,0.03804347826086957,0.03804347826086957,6,borderline_6,0.075,0.0
original,no_thinking_merged__arxiv-136,675c74bc3e304a4e6d1d06fd23fa795e5096b7bc80ba498817dfc0d663e7a07e,generated,19,violation_7plus,0.23315259488768397,0.21378776142525174,5,within_5,0.0,0.0,8,violation_7plus,0.4,0.4
raw_backtranslation,no_thinking_merged__arxiv-136,675c74bc3e304a4e6d1d06fd23fa795e5096b7bc80ba498817dfc0d663e7a07e,generated,12,violation_7plus,0.03890489913544669,0.0345821325648415,5,within_5,0.0,0.0,8,violation_7plus,0.4,0.4
guarded_backtranslation,no_thinking_merged__arxiv-136,675c74bc3e304a4e6d1d06fd23fa795e5096b7bc80ba498817dfc0d663e7a07e,generated,19,violation_7plus,0.20367534456355282,0.18453292496171517,5,within_5,0.0,0.0,8,violation_7plus,0.4,0.4
original,no_thinking_merged__arxiv-149,f45fbb1a667f04eaf047241d43a42805720ec0b274912115cad01d051ceff4d0,generated,10,violation_7plus,0.050381679389312976,0.0366412213740458,4,within_5,0.0,0.0,6,borderline_6,0.20689655172413793,0.0
raw_backtranslation,no_thinking_merged__arxiv-149,f45fbb1a667f04eaf047241d43a42805720ec0b274912115cad01d051ceff4d0,generated,8,violation_7plus,0.019490254872563718,0.005997001499250375,4,within_5,0.0,0.0,6,borderline_6,0.20689655172413793,0.0
guarded_backtranslation,no_thinking_merged__arxiv-149,f45fbb1a667f04eaf047241d43a42805720ec0b274912115cad01d051ceff4d0,generated,10,violation_7plus,0.035034272658035034,0.025894897182025894,4,within_5,0.0,0.0,6,borderline_6,0.20689655172413793,0.0
original,no_thinking_merged__arxiv-105,a5125841febadab67901bd0b1697be29074d729a764def41ec6ee04627b65c60,generated,18,violation_7plus,0.20256111757857975,0.16880093131548313,7,violation_7plus,0.08520179372197309,0.03139013452914798,11,violation_7plus,0.44,0.44
raw_backtranslation,no_thinking_merged__arxiv-105,a5125841febadab67901bd0b1697be29074d729a764def41ec6ee04627b65c60,generated,13,violation_7plus,0.059988992845349476,0.040176114474408366,7,violation_7plus,0.08520179372197309,0.03139013452914798,11,violation_7plus,0.44,0.44
guarded_backtranslation,no_thinking_merged__arxiv-105,a5125841febadab67901bd0b1697be29074d729a764def41ec6ee04627b65c60,generated,15,violation_7plus,0.13885714285714285,0.11371428571428571,7,violation_7plus,0.08520179372197309,0.03139013452914798,11,violation_7plus,0.44,0.44
original,no_thinking_merged__arxiv-115,42a1ca2ea10daa973bd16846721085d97a9ffe654e95422012ca5159ba4e4b5d,generated,18,violation_7plus,0.08427973699940228,0.052002390914524806,7,violation_7plus,0.14979757085020243,0.02834008097165992,13,violation_7plus,0.43333333333333335,0.43333333333333335
raw_backtranslation,no_thinking_merged__arxiv-115,42a1ca2ea10daa973bd16846721085d97a9ffe654e95422012ca5159ba4e4b5d,generated,9,violation_7plus,0.0207492795389049,0.0138328530259366,7,violation_7plus,0.14979757085020243,0.02834008097165992,13,violation_7plus,0.43333333333333335,0.43333333333333335
guarded_backtranslation,no_thinking_merged__arxiv-115,42a1ca2ea10daa973bd16846721085d97a9ffe654e95422012ca5159ba4e4b5d,generated,18,violation_7plus,0.04706565950029053,0.03660662405578152,7,violation_7plus,0.14979757085020243,0.02834008097165992,13,violation_7plus,0.43333333333333335,0.43333333333333335
original,no_thinking_merged__arxiv-109,efc50660ddd10578ac93db24ab78998d80637d2a0e59f77a07d910d3fc627bd3,generated,23,violation_7plus,0.12730142030510258,0.09573908469226723,7,violation_7plus,0.07916666666666666,0.029166666666666667,16,violation_7plus,0.2318840579710145,0.2318840579710145
raw_backtranslation,no_thinking_merged__arxiv-109,efc50660ddd10578ac93db24ab78998d80637d2a0e59f77a07d910d3fc627bd3,generated,10,violation_7plus,0.043413912185495805,0.028613714849531326,7,violation_7plus,0.07916666666666666,0.029166666666666667,16,violation_7plus,0.2318840579710145,0.2318840579710145
guarded_backtranslation,no_thinking_merged__arxiv-109,efc50660ddd10578ac93db24ab78998d80637d2a0e59f77a07d910d3fc627bd3,generated,23,violation_7plus,0.08806963645673323,0.06656426011264721,7,violation_7plus,0.07916666666666666,0.029166666666666667,16,violation_7plus,0.2318840579710145,0.2318840579710145
original,no_thinking_merged__arxiv-140,60d9760b31c6d22c99e9bd030affca4a6c991004c5b68c4be05b0afcb39308d4,generated,15,violation_7plus,0.12881993417959567,0.07804419370004702,10,violation_7plus,0.33153638814016173,0.2183288409703504,6,borderline_6,0.10434782608695652,0.0
raw_backtranslation,no_thinking_merged__arxiv-140,60d9760b31c6d22c99e9bd030affca4a6c991004c5b68c4be05b0afcb39308d4,generated,14,violation_7plus,0.03108348134991119,0.020426287744227355,10,violation_7plus,0.33153638814016173,0.2183288409703504,6,borderline_6,0.10434782608695652,0.0
guarded_backtranslation,no_thinking_merged__arxiv-140,60d9760b31c6d22c99e9bd030affca4a6c991004c5b68c4be05b0afcb39308d4,generated,15,violation_7plus,0.058823529411764705,0.036935704514363885,10,violation_7plus,0.33153638814016173,0.2183288409703504,6,borderline_6,0.10434782608695652,0.0
original,no_thinking_merged__arxiv-10033,0ab4201a9ac28ed2854d07b9664a6dbb22ed10afdbb21ce3e4e96927a50d1667,generated,18,violation_7plus,0.1594274432379072,0.12981243830207306,4,within_5,0.0,0.0,9,violation_7plus,0.25,0.25
raw_backtranslation,no_thinking_merged__arxiv-10033,0ab4201a9ac28ed2854d07b9664a6dbb22ed10afdbb21ce3e4e96927a50d1667,generated,8,violation_7plus,0.029261495587552252,0.006967022758941012,4,within_5,0.0,0.0,9,violation_7plus,0.25,0.25
guarded_backtranslation,no_thinking_merged__arxiv-10033,0ab4201a9ac28ed2854d07b9664a6dbb22ed10afdbb21ce3e4e96927a50d1667,generated,18,violation_7plus,0.11251826595226498,0.09206039941548953,4,within_5,0.0,0.0,9,violation_7plus,0.25,0.25
original,no_thinking_merged__arxiv-10019,e417f9d8113e4f9e3d4d71d407c61db9b570026bd9f7b6668fc1e8c16d596cf1,generated,19,violation_7plus,0.15305598356445815,0.09655880842321521,5,within_5,0.0,0.0,10,violation_7plus,0.4166666666666667,0.4166666666666667
raw_backtranslation,no_thinking_merged__arxiv-10019,e417f9d8113e4f9e3d4d71d407c61db9b570026bd9f7b6668fc1e8c16d596cf1,generated,13,violation_7plus,0.050095419847328244,0.030057251908396948,5,within_5,0.0,0.0,10,violation_7plus,0.4166666666666667,0.4166666666666667
guarded_backtranslation,no_thinking_merged__arxiv-10019,e417f9d8113e4f9e3d4d71d407c61db9b570026bd9f7b6668fc1e8c16d596cf1,generated,19,violation_7plus,0.08665338645418327,0.05876494023904383,5,within_5,0.0,0.0,10,violation_7plus,0.4166666666666667,0.4166666666666667
original,no_thinking_merged__arxiv-10021,45486df054ce4e8cb8f4e3990eef1766b9bdc7b2e85e15db69e9ddb8f396c118,generated,17,violation_7plus,0.263533361309274,0.2102391942929081,4,within_5,0.0,0.0,11,violation_7plus,0.5882352941176471,0.5882352941176471
raw_backtranslation,no_thinking_merged__arxiv-10021,45486df054ce4e8cb8f4e3990eef1766b9bdc7b2e85e15db69e9ddb8f396c118,generated,10,violation_7plus,0.05736782902137233,0.04161979752530934,4,within_5,0.0,0.0,11,violation_7plus,0.5882352941176471,0.5882352941176471
guarded_backtranslation,no_thinking_merged__arxiv-10021,45486df054ce4e8cb8f4e3990eef1766b9bdc7b2e85e15db69e9ddb8f396c118,generated,17,violation_7plus,0.1915504511894996,0.15176374077112387,4,within_5,0.0,0.0,11,violation_7plus,0.5882352941176471,0.5882352941176471
original,no_thinking_merged__arxiv-10024,53e0b1725cb5a75993acc2d9a053ebfbccabab6198d7da1c710d31441855428c,generated,17,violation_7plus,0.23432343234323433,0.2,5,within_5,0.0,0.0,9,violation_7plus,0.3,0.3
raw_backtranslation,no_thinking_merged__arxiv-10024,53e0b1725cb5a75993acc2d9a053ebfbccabab6198d7da1c710d31441855428c,generated,13,violation_7plus,0.06408706166868199,0.056831922611850064,5,within_5,0.0,0.0,9,violation_7plus,0.3,0.3
guarded_backtranslation,no_thinking_merged__arxiv-10024,53e0b1725cb5a75993acc2d9a053ebfbccabab6198d7da1c710d31441855428c,generated,17,violation_7plus,0.16903225806451613,0.14967741935483872,5,within_5,0.0,0.0,9,violation_7plus,0.3,0.3
original,no_thinking_merged__arxiv-10047,d9ebb43f108cf77cf2a314ef4344f7dc8ec16aed525065dc3c64ebe64506ee96,generated,12,violation_7plus,0.14573396926338103,0.11552729199788023,6,borderline_6,0.03571428571428571,0.0,13,violation_7plus,0.75,0.75
raw_backtranslation,no_thinking_merged__arxiv-10047,d9ebb43f108cf77cf2a314ef4344f7dc8ec16aed525065dc3c64ebe64506ee96,generated,11,violation_7plus,0.05493951612903226,0.027721774193548387,6,borderline_6,0.03571428571428571,0.0,13,violation_7plus,0.75,0.75
guarded_backtranslation,no_thinking_merged__arxiv-10047,d9ebb43f108cf77cf2a314ef4344f7dc8ec16aed525065dc3c64ebe64506ee96,generated,12,violation_7plus,0.11524358302776323,0.08852802514405447,6,borderline_6,0.03571428571428571,0.0,13,violation_7plus,0.75,0.75
original,no_thinking_merged__arxiv-10038,24a37c6b6db0ee62ff090f572c9194655408da9a292e549fdc74619fc8b81100,generated,8,violation_7plus,0.1346578366445916,0.07450331125827815,5,within_5,0.0,0.0,6,borderline_6,0.21428571428571427,0.0
raw_backtranslation,no_thinking_merged__arxiv-10038,24a37c6b6db0ee62ff090f572c9194655408da9a292e549fdc74619fc8b81100,generated,9,violation_7plus,0.07260201377848437,0.02755696873343932,5,within_5,0.0,0.0,6,borderline_6,0.21428571428571427,0.0
guarded_backtranslation,no_thinking_merged__arxiv-10038,24a37c6b6db0ee62ff090f572c9194655408da9a292e549fdc74619fc8b81100,generated,8,violation_7plus,0.0921409214092141,0.05257452574525745,5,within_5,0.0,0.0,6,borderline_6,0.21428571428571427,0.0
original,no_thinking_merged__arxiv-10037,4742c32509e14797f67241eafe278edcd5977dac8bc1a7f17e82b40cfc01c37c,generated,19,violation_7plus,0.18046912398276688,0.13451412158927717,9,violation_7plus,0.2012012012012012,0.1111111111111111,12,violation_7plus,0.18461538461538463,0.18461538461538463
raw_backtranslation,no_thinking_merged__arxiv-10037,4742c32509e14797f67241eafe278edcd5977dac8bc1a7f17e82b40cfc01c37c,generated,12,violation_7plus,0.0388646288209607,0.02314410480349345,9,violation_7plus,0.2012012012012012,0.1111111111111111,12,violation_7plus,0.18461538461538463,0.18461538461538463
guarded_backtranslation,no_thinking_merged__arxiv-10037,4742c32509e14797f67241eafe278edcd5977dac8bc1a7f17e82b40cfc01c37c,generated,19,violation_7plus,0.11213235294117647,0.0900735294117647,9,violation_7plus,0.2012012012012012,0.1111111111111111,12,violation_7plus,0.18461538461538463,0.18461538461538463
original,no_thinking_merged__arxiv-10035,576e1d1a7a5d04977a3ea5472092f893edc8b9cd3f962da42c568548c54287e9,generated,11,violation_7plus,0.12749445676274945,0.0770509977827051,5,within_5,0.0,0.0,17,violation_7plus,0.4358974358974359,0.4358974358974359
raw_backtranslation,no_thinking_merged__arxiv-10035,576e1d1a7a5d04977a3ea5472092f893edc8b9cd3f962da42c568548c54287e9,generated,10,violation_7plus,0.03458799593082401,0.01627670396744659,5,within_5,0.0,0.0,17,violation_7plus,0.4358974358974359,0.4358974358974359
guarded_backtranslation,no_thinking_merged__arxiv-10035,576e1d1a7a5d04977a3ea5472092f893edc8b9cd3f962da42c568548c54287e9,generated,11,violation_7plus,0.10359869138495092,0.06379498364231188,5,within_5,0.0,0.0,17,violation_7plus,0.4358974358974359,0.4358974358974359
original,no_thinking_merged__arxiv-10023,2e0938c2a41926f92e2466e0544b029849f927591ee0d8767ffd9ecbc103db18,generated,15,violation_7plus,0.08270158511371468,0.053756030323914544,5,within_5,0.0,0.0,5,within_5,0.0,0.0
raw_backtranslation,no_thinking_merged__arxiv-10023,2e0938c2a41926f92e2466e0544b029849f927591ee0d8767ffd9ecbc103db18,generated,13,violation_7plus,0.04417670682730924,0.028112449799196786,5,within_5,0.0,0.0,5,within_5,0.0,0.0
guarded_backtranslation,no_thinking_merged__arxiv-10023,2e0938c2a41926f92e2466e0544b029849f927591ee0d8767ffd9ecbc103db18,generated,15,violation_7plus,0.06872852233676977,0.048109965635738834,5,within_5,0.0,0.0,5,within_5,0.0,0.0
original,no_thinking_merged__arxiv-10040,82667fc126300ebcdfcd41e1d482add7d0306db9ccf1f24ee5893398882f0f5d,generated,14,violation_7plus,0.17890772128060264,0.1553672316384181,9,violation_7plus,0.04950495049504951,0.0297029702970297,11,violation_7plus,0.6888888888888889,0.5555555555555556
raw_backtranslation,no_thinking_merged__arxiv-10040,82667fc126300ebcdfcd41e1d482add7d0306db9ccf1f24ee5893398882f0f5d,generated,13,violation_7plus,0.04282560706401766,0.024282560706401765,9,violation_7plus,0.04950495049504951,0.0297029702970297,11,violation_7plus,0.6888888888888889,0.5555555555555556
guarded_backtranslation,no_thinking_merged__arxiv-10040,82667fc126300ebcdfcd41e1d482add7d0306db9ccf1f24ee5893398882f0f5d,generated,13,violation_7plus,0.1345083487940631,0.11966604823747681,9,violation_7plus,0.04950495049504951,0.0297029702970297,11,violation_7plus,0.6888888888888889,0.5555555555555556
original,no_thinking_merged__arxiv-100022,849f8fb357f0e0f5725b4fadd1192d05ee4562e6f85d70db7fe0c514b144989b,generated,17,violation_7plus,0.1278561011181332,0.10743801652892562,13,violation_7plus,0.5854166666666667,0.46041666666666664,12,violation_7plus,0.6571428571428571,0.6571428571428571
raw_backtranslation,no_thinking_merged__arxiv-100022,849f8fb357f0e0f5725b4fadd1192d05ee4562e6f85d70db7fe0c514b144989b,generated,10,violation_7plus,0.045581395348837206,0.037209302325581395,13,violation_7plus,0.5854166666666667,0.46041666666666664,12,violation_7plus,0.6571428571428571,0.6571428571428571
guarded_backtranslation,no_thinking_merged__arxiv-100022,849f8fb357f0e0f5725b4fadd1192d05ee4562e6f85d70db7fe0c514b144989b,generated,17,violation_7plus,0.07633949739212897,0.06211474632527264,13,violation_7plus,0.5854166666666667,0.46041666666666664,12,violation_7plus,0.6571428571428571,0.6571428571428571
original,no_thinking_merged__arxiv-100005,c99c8ef8d540f2442ee1cc38b65eb306ffc9147b2f33ae5af536c20bbfcef5df,generated,11,violation_7plus,0.04237867395762133,0.0177717019822283,8,violation_7plus,0.3348623853211009,0.19724770642201836,19,violation_7plus,0.5757575757575758,0.5757575757575758
raw_backtranslation,no_thinking_merged__arxiv-100005,c99c8ef8d540f2442ee1cc38b65eb306ffc9147b2f33ae5af536c20bbfcef5df,generated,11,violation_7plus,0.02889784946236559,0.016801075268817203,8,violation_7plus,0.3348623853211009,0.19724770642201836,19,violation_7plus,0.5757575757575758,0.5757575757575758
guarded_backtranslation,no_thinking_merged__arxiv-100005,c99c8ef8d540f2442ee1cc38b65eb306ffc9147b2f33ae5af536c20bbfcef5df,generated,11,violation_7plus,0.02979011509817197,0.017603249830737983,8,violation_7plus,0.3348623853211009,0.19724770642201836,19,violation_7plus,0.5757575757575758,0.5757575757575758
original,no_thinking_merged__arxiv-100002,48161c34c18da95667d55f6acd365bca2bfb5ca5f2e07486f24e2b5e80788de4,generated,12,violation_7plus,0.045641025641025644,0.03948717948717949,10,violation_7plus,0.22054380664652568,0.18429003021148035,14,violation_7plus,0.1917808219178082,0.1917808219178082
raw_backtranslation,no_thinking_merged__arxiv-100002,48161c34c18da95667d55f6acd365bca2bfb5ca5f2e07486f24e2b5e80788de4,generated,10,violation_7plus,0.02459839357429719,0.012048192771084338,10,violation_7plus,0.22054380664652568,0.18429003021148035,14,violation_7plus,0.1917808219178082,0.1917808219178082
guarded_backtranslation,no_thinking_merged__arxiv-100002,48161c34c18da95667d55f6acd365bca2bfb5ca5f2e07486f24e2b5e80788de4,generated,12,violation_7plus,0.03153611393692777,0.028484231943031537,10,violation_7plus,0.22054380664652568,0.18429003021148035,14,violation_7plus,0.1917808219178082,0.1917808219178082
original,no_thinking_merged__arxiv-100013,a09d3a64f663c1d4bba2d15747baec32ba117644925ac104850214037c68ac77,generated,15,violation_7plus,0.1917562724014337,0.09543010752688172,6,borderline_6,0.05970149253731343,0.0,11,violation_7plus,0.4782608695652174,0.4782608695652174
raw_backtranslation,no_thinking_merged__arxiv-100013,a09d3a64f663c1d4bba2d15747baec32ba117644925ac104850214037c68ac77,generated,8,violation_7plus,0.04349577124446234,0.020942408376963352,6,borderline_6,0.05970149253731343,0.0,11,violation_7plus,0.4782608695652174,0.4782608695652174
guarded_backtranslation,no_thinking_merged__arxiv-100013,a09d3a64f663c1d4bba2d15747baec32ba117644925ac104850214037c68ac77,generated,15,violation_7plus,0.12446535500427716,0.07142857142857142,6,borderline_6,0.05970149253731343,0.0,11,violation_7plus,0.4782608695652174,0.4782608695652174
original,no_thinking_merged__arxiv-100003,98ecac623691281924734347b65ae77ea7b06a53e2f3e0ef1c2288b0401412d2,generated,10,violation_7plus,0.08074123097286565,0.04897418927862343,7,violation_7plus,0.09961685823754789,0.05363984674329502,11,violation_7plus,0.3333333333333333,0.3333333333333333
raw_backtranslation,no_thinking_merged__arxiv-100003,98ecac623691281924734347b65ae77ea7b06a53e2f3e0ef1c2288b0401412d2,generated,9,violation_7plus,0.017329910141206675,0.005776636713735558,7,violation_7plus,0.09961685823754789,0.05363984674329502,11,violation_7plus,0.3333333333333333,0.3333333333333333
guarded_backtranslation,no_thinking_merged__arxiv-100003,98ecac623691281924734347b65ae77ea7b06a53e2f3e0ef1c2288b0401412d2,generated,9,violation_7plus,0.0502283105022831,0.03065883887801696,7,violation_7plus,0.09961685823754789,0.05363984674329502,11,violation_7plus,0.3333333333333333,0.3333333333333333
original,no_thinking_merged__arxiv-100028,df0eed742fa165138e0bd4fa631c1a11933277b0bf57cf1ae9e4f5e3128c0688,generated,18,violation_7plus,0.18812785388127853,0.13470319634703196,8,violation_7plus,0.16569767441860464,0.0436046511627907,13,violation_7plus,0.7349397590361446,0.7349397590361446
raw_backtranslation,no_thinking_merged__arxiv-100028,df0eed742fa165138e0bd4fa631c1a11933277b0bf57cf1ae9e4f5e3128c0688,generated,10,violation_7plus,0.035623409669211195,0.020356234096692113,8,violation_7plus,0.16569767441860464,0.0436046511627907,13,violation_7plus,0.7349397590361446,0.7349397590361446
guarded_backtranslation,no_thinking_merged__arxiv-100028,df0eed742fa165138e0bd4fa631c1a11933277b0bf57cf1ae9e4f5e3128c0688,generated,17,violation_7plus,0.1274027715690657,0.08717031738936075,8,violation_7plus,0.16569767441860464,0.0436046511627907,13,violation_7plus,0.7349397590361446,0.7349397590361446
original,no_thinking_merged__arxiv-100047,5008943785a879dff3b825b0b1f76d681e559f718a5a5cf88b79d1fdc8ef85a9,generated,12,violation_7plus,0.1819632881085395,0.10853950518754989,5,within_5,0.0,0.0,14,violation_7plus,0.5384615384615384,0.5384615384615384
raw_backtranslation,no_thinking_merged__arxiv-100047,5008943785a879dff3b825b0b1f76d681e559f718a5a5cf88b79d1fdc8ef85a9,generated,11,violation_7plus,0.10854503464203233,0.06389530408006158,5,within_5,0.0,0.0,14,violation_7plus,0.5384615384615384,0.5384615384615384
guarded_backtranslation,no_thinking_merged__arxiv-100047,5008943785a879dff3b825b0b1f76d681e559f718a5a5cf88b79d1fdc8ef85a9,generated,12,violation_7plus,0.13238770685579196,0.07407407407407407,5,within_5,0.0,0.0,14,violation_7plus,0.5384615384615384,0.5384615384615384
original,no_thinking_merged__arxiv-100029,805aff9ab8daa1e0ba72c8611b3a1cf73e83cdcc2507cb1cf9b8cceb3ca4bc50,generated,17,violation_7plus,0.1859737006887915,0.14464621164683783,4,within_5,0.0,0.0,5,within_5,0.0,0.0
raw_backtranslation,no_thinking_merged__arxiv-100029,805aff9ab8daa1e0ba72c8611b3a1cf73e83cdcc2507cb1cf9b8cceb3ca4bc50,generated,12,violation_7plus,0.0768782760629004,0.052417006406523005,4,within_5,0.0,0.0,5,within_5,0.0,0.0
guarded_backtranslation,no_thinking_merged__arxiv-100029,805aff9ab8daa1e0ba72c8611b3a1cf73e83cdcc2507cb1cf9b8cceb3ca4bc50,generated,17,violation_7plus,0.12851897184822522,0.11015911872705018,4,within_5,0.0,0.0,5,within_5,0.0,0.0
original,no_thinking_merged__arxiv-100009,50c1e8ac081aeeac1db401611a6a7ad2dd62bb1a91d0f5826fc0e5a99c9806f5,generated,34,violation_7plus,0.25440481306403095,0.18908465835840138,5,within_5,0.0,0.0,12,violation_7plus,0.4266666666666667,0.3466666666666667
raw_backtranslation,no_thinking_merged__arxiv-100009,50c1e8ac081aeeac1db401611a6a7ad2dd62bb1a91d0f5826fc0e5a99c9806f5,generated,15,violation_7plus,0.09646569646569647,0.04074844074844075,5,within_5,0.0,0.0,12,violation_7plus,0.4266666666666667,0.3466666666666667
guarded_backtranslation,no_thinking_merged__arxiv-100009,50c1e8ac081aeeac1db401611a6a7ad2dd62bb1a91d0f5826fc0e5a99c9806f5,generated,34,violation_7plus,0.19786324786324785,0.15128205128205127,5,within_5,0.0,0.0,12,violation_7plus,0.4266666666666667,0.3466666666666667
original,no_thinking_merged__arxiv-100036,92aae2b55db58f528280e5898ac540696eb179c2f5db27eed035ef6775edb4e4,generated,14,violation_7plus,0.08864468864468865,0.05787545787545788,7,violation_7plus,0.3474903474903475,0.16216216216216217,13,violation_7plus,0.3333333333333333,0.3333333333333333
raw_backtranslation,no_thinking_merged__arxiv-100036,92aae2b55db58f528280e5898ac540696eb179c2f5db27eed035ef6775edb4e4,generated,10,violation_7plus,0.02094972067039106,0.012569832402234637,7,violation_7plus,0.3474903474903475,0.16216216216216217,13,violation_7plus,0.3333333333333333,0.3333333333333333
guarded_backtranslation,no_thinking_merged__arxiv-100036,92aae2b55db58f528280e5898ac540696eb179c2f5db27eed035ef6775edb4e4,generated,14,violation_7plus,0.039631988676574664,0.02689313517338995,7,violation_7plus,0.3474903474903475,0.16216216216216217,13,violation_7plus,0.3333333333333333,0.3333333333333333
original,no_thinking_merged__arxiv-500031,26128d1d0622a6266f5a2de1b96b53a1f15de0e79b2ece9f0dbb18fa2e1aecaa,generated,7,violation_7plus,0.03662138216184288,0.008269344359125812,6,borderline_6,0.0782608695652174,0.0,6,borderline_6,0.25,0.0
raw_backtranslation,no_thinking_merged__arxiv-500031,26128d1d0622a6266f5a2de1b96b53a1f15de0e79b2ece9f0dbb18fa2e1aecaa,generated,8,violation_7plus,0.011500862564692352,0.004600345025876941,6,borderline_6,0.0782608695652174,0.0,6,borderline_6,0.25,0.0
guarded_backtranslation,no_thinking_merged__arxiv-500031,26128d1d0622a6266f5a2de1b96b53a1f15de0e79b2ece9f0dbb18fa2e1aecaa,generated,7,violation_7plus,0.01795020266357846,0.004053271569195136,6,borderline_6,0.0782608695652174,0.0,6,borderline_6,0.25,0.0
original,no_thinking_merged__arxiv-500027,b665fc66e1cb91a50fcc5a4ed005b97e5e1f1e8b98558ac2502d4cfc41ac193f,generated,9,violation_7plus,0.03806451612903226,0.02258064516129032,8,violation_7plus,0.28292682926829266,0.1073170731707317,11,violation_7plus,0.5806451612903226,0.5806451612903226
raw_backtranslation,no_thinking_merged__arxiv-500027,b665fc66e1cb91a50fcc5a4ed005b97e5e1f1e8b98558ac2502d4cfc41ac193f,generated,9,violation_7plus,0.013100436681222707,0.0056144728633811605,8,violation_7plus,0.28292682926829266,0.1073170731707317,11,violation_7plus,0.5806451612903226,0.5806451612903226
guarded_backtranslation,no_thinking_merged__arxiv-500027,b665fc66e1cb91a50fcc5a4ed005b97e5e1f1e8b98558ac2502d4cfc41ac193f,generated,9,violation_7plus,0.022123893805309734,0.010745891276864728,8,violation_7plus,0.28292682926829266,0.1073170731707317,11,violation_7plus,0.5806451612903226,0.5806451612903226
original,no_thinking_merged__arxiv-500010,a3e79e376c3caf7997a3ef0aec9fc03cc1cdcf5886a5fa5887fc80a022b0b1ef,generated,12,violation_7plus,0.15177398160315375,0.10446780551905388,7,violation_7plus,0.13297872340425532,0.03723404255319149,8,violation_7plus,0.6086956521739131,0.34782608695652173
raw_backtranslation,no_thinking_merged__arxiv-500010,a3e79e376c3caf7997a3ef0aec9fc03cc1cdcf5886a5fa5887fc80a022b0b1ef,generated,9,violation_7plus,0.0666247642991829,0.0251414204902577,7,violation_7plus,0.13297872340425532,0.03723404255319149,8,violation_7plus,0.6086956521739131,0.34782608695652173
guarded_backtranslation,no_thinking_merged__arxiv-500010,a3e79e376c3caf7997a3ef0aec9fc03cc1cdcf5886a5fa5887fc80a022b0b1ef,generated,12,violation_7plus,0.1203883495145631,0.07378640776699029,7,violation_7plus,0.13297872340425532,0.03723404255319149,8,violation_7plus,0.6086956521739131,0.34782608695652173
original,no_thinking_merged__arxiv-500028,081560f8dd75126479ea817a0aad4ef1f7c90b9becafc12485cc1ef16eb40dc7,generated,14,violation_7plus,0.08886389201349831,0.05174353205849269,6,borderline_6,0.05429864253393665,0.0,12,violation_7plus,0.5217391304347826,0.5217391304347826
raw_backtranslation,no_thinking_merged__arxiv-500028,081560f8dd75126479ea817a0aad4ef1f7c90b9becafc12485cc1ef16eb40dc7,generated,6,borderline_6,0.019469983775013522,0.0,6,borderline_6,0.05429864253393665,0.0,12,violation_7plus,0.5217391304347826,0.5217391304347826
guarded_backtranslation,no_thinking_merged__arxiv-500028,081560f8dd75126479ea817a0aad4ef1f7c90b9becafc12485cc1ef16eb40dc7,generated,14,violation_7plus,0.049416990560799554,0.029428095502498614,6,borderline_6,0.05429864253393665,0.0,12,violation_7plus,0.5217391304347826,0.5217391304347826
original,no_thinking_merged__arxiv-500009,21535e0a8bab103ef820a0175907f93de3d4252149ec393b8005af9d8050e457,generated,18,violation_7plus,0.19573727707698999,0.16963897346672466,5,within_5,0.0,0.0,11,violation_7plus,0.4235294117647059,0.21176470588235294
raw_backtranslation,no_thinking_merged__arxiv-500009,21535e0a8bab103ef820a0175907f93de3d4252149ec393b8005af9d8050e457,generated,11,violation_7plus,0.05246422893481717,0.03815580286168521,5,within_5,0.0,0.0,11,violation_7plus,0.4235294117647059,0.21176470588235294
guarded_backtranslation,no_thinking_merged__arxiv-500009,21535e0a8bab103ef820a0175907f93de3d4252149ec393b8005af9d8050e457,generated,18,violation_7plus,0.13237774030354132,0.11467116357504216,5,within_5,0.0,0.0,11,violation_7plus,0.4235294117647059,0.21176470588235294
original,no_thinking_merged__arxiv-500000,6912cbedf8f04208025ba08266b821d48303208ffaece7c2b95c447a34e58896,generated,15,violation_7plus,0.10184746565608717,0.06584557081951682,10,violation_7plus,0.23310810810810811,0.19256756756756757,9,violation_7plus,0.6923076923076923,0.6923076923076923
raw_backtranslation,no_thinking_merged__arxiv-500000,6912cbedf8f04208025ba08266b821d48303208ffaece7c2b95c447a34e58896,generated,11,violation_7plus,0.033952014486192846,0.023087369850611137,10,violation_7plus,0.23310810810810811,0.19256756756756757,9,violation_7plus,0.6923076923076923,0.6923076923076923
guarded_backtranslation,no_thinking_merged__arxiv-500000,6912cbedf8f04208025ba08266b821d48303208ffaece7c2b95c447a34e58896,generated,15,violation_7plus,0.0742296918767507,0.055088702147525676,10,violation_7plus,0.23310810810810811,0.19256756756756757,9,violation_7plus,0.6923076923076923,0.6923076923076923
original,no_thinking_merged__arxiv-500043,5395e7bceb485d4a9d02119c58850809aa9a6b719e5777744ca5bd0dcbacbc79,generated,18,violation_7plus,0.12165178571428571,0.07700892857142858,10,violation_7plus,0.45790554414784396,0.3470225872689938,10,violation_7plus,0.2777777777777778,0.2777777777777778
raw_backtranslation,no_thinking_merged__arxiv-500043,5395e7bceb485d4a9d02119c58850809aa9a6b719e5777744ca5bd0dcbacbc79,generated,16,violation_7plus,0.07026143790849673,0.04084967320261438,10,violation_7plus,0.45790554414784396,0.3470225872689938,10,violation_7plus,0.2777777777777778,0.2777777777777778
guarded_backtranslation,no_thinking_merged__arxiv-500043,5395e7bceb485d4a9d02119c58850809aa9a6b719e5777744ca5bd0dcbacbc79,generated,18,violation_7plus,0.10350584307178631,0.06566499721758487,10,violation_7plus,0.45790554414784396,0.3470225872689938,10,violation_7plus,0.2777777777777778,0.2777777777777778
original,no_thinking_merged__arxiv-500047,fcff490a64b2456f6c33424fb8d3c475d4f6fb19c9718bdd608d8cb06844c31b,generated,13,violation_7plus,0.09018890920170627,0.07190737355271176,7,violation_7plus,0.06529209621993128,0.024054982817869417,9,violation_7plus,0.10714285714285714,0.10714285714285714
raw_backtranslation,no_thinking_merged__arxiv-500047,fcff490a64b2456f6c33424fb8d3c475d4f6fb19c9718bdd608d8cb06844c31b,generated,8,violation_7plus,0.008284023668639054,0.004733727810650888,7,violation_7plus,0.06529209621993128,0.024054982817869417,9,violation_7plus,0.10714285714285714,0.10714285714285714
guarded_backtranslation,no_thinking_merged__arxiv-500047,fcff490a64b2456f6c33424fb8d3c475d4f6fb19c9718bdd608d8cb06844c31b,generated,13,violation_7plus,0.0357355568790947,0.02858844550327576,7,violation_7plus,0.06529209621993128,0.024054982817869417,9,violation_7plus,0.10714285714285714,0.10714285714285714
original,no_thinking_merged__arxiv-500036,29d9c187ebc8397560f4d9b30bccb3efe0ad2e824bcda7cc6ea9d1dde565d8a6,generated,9,violation_7plus,0.07036059806508356,0.03342128408091469,5,within_5,0.0,0.0,9,violation_7plus,0.3103448275862069,0.3103448275862069
raw_backtranslation,no_thinking_merged__arxiv-500036,29d9c187ebc8397560f4d9b30bccb3efe0ad2e824bcda7cc6ea9d1dde565d8a6,generated,8,violation_7plus,0.017766497461928935,0.012690355329949238,5,within_5,0.0,0.0,9,violation_7plus,0.3103448275862069,0.3103448275862069
guarded_backtranslation,no_thinking_merged__arxiv-500036,29d9c187ebc8397560f4d9b30bccb3efe0ad2e824bcda7cc6ea9d1dde565d8a6,generated,9,violation_7plus,0.04141501294219154,0.02070750647109577,5,within_5,0.0,0.0,9,violation_7plus,0.3103448275862069,0.3103448275862069
original,no_thinking_merged__arxiv-500030,b5889e3e8fb1883fb09a26e1e0a3c1857839a889bd31c95b9c3e95a930a8c804,generated,15,violation_7plus,0.12549407114624506,0.0983201581027668,6,borderline_6,0.024291497975708502,0.0,7,violation_7plus,0.22580645161290322,0.22580645161290322
raw_backtranslation,no_thinking_merged__arxiv-500030,b5889e3e8fb1883fb09a26e1e0a3c1857839a889bd31c95b9c3e95a930a8c804,generated,8,violation_7plus,0.019626168224299065,0.014018691588785047,6,borderline_6,0.024291497975708502,0.0,7,violation_7plus,0.22580645161290322,0.22580645161290322
guarded_backtranslation,no_thinking_merged__arxiv-500030,b5889e3e8fb1883fb09a26e1e0a3c1857839a889bd31c95b9c3e95a930a8c804,generated,12,violation_7plus,0.05074198180947822,0.044997606510292006,6,borderline_6,0.024291497975708502,0.0,7,violation_7plus,0.22580645161290322,0.22580645161290322
original,no_thinking_merged__arxiv-1000004,17d72cf5012a446db91cee13599eb989610d1f655e1baf57d7fb98691bd0f20f,generated,19,violation_7plus,0.3077837195484254,0.24598930481283424,6,borderline_6,0.1214574898785425,0.0,12,violation_7plus,0.36363636363636365,0.36363636363636365
raw_backtranslation,no_thinking_merged__arxiv-1000004,17d72cf5012a446db91cee13599eb989610d1f655e1baf57d7fb98691bd0f20f,generated,11,violation_7plus,0.046948356807511735,0.027125717266562335,6,borderline_6,0.1214574898785425,0.0,12,violation_7plus,0.36363636363636365,0.36363636363636365
guarded_backtranslation,no_thinking_merged__arxiv-1000004,17d72cf5012a446db91cee13599eb989610d1f655e1baf57d7fb98691bd0f20f,generated,19,violation_7plus,0.1312636165577342,0.10403050108932461,6,borderline_6,0.1214574898785425,0.0,12,violation_7plus,0.36363636363636365,0.36363636363636365
original,no_thinking_merged__arxiv-1000037,755fec684fcd75ff65b30b7913aa52f89c97f586ad8268ada81e9061329c82ad,generated,14,violation_7plus,0.16470588235294117,0.13669467787114845,7,violation_7plus,0.05416666666666667,0.029166666666666667,9,violation_7plus,0.21428571428571427,0.21428571428571427
raw_backtranslation,no_thinking_merged__arxiv-1000037,755fec684fcd75ff65b30b7913aa52f89c97f586ad8268ada81e9061329c82ad,generated,8,violation_7plus,0.047058823529411764,0.04385026737967915,7,violation_7plus,0.05416666666666667,0.029166666666666667,9,violation_7plus,0.21428571428571427,0.21428571428571427
guarded_backtranslation,no_thinking_merged__arxiv-1000037,755fec684fcd75ff65b30b7913aa52f89c97f586ad8268ada81e9061329c82ad,generated,14,violation_7plus,0.11589403973509933,0.10264900662251655,7,violation_7plus,0.05416666666666667,0.029166666666666667,9,violation_7plus,0.21428571428571427,0.21428571428571427
original,no_thinking_merged__arxiv-1000013,5883b007b76782e8c6cf78987394168c6022487c81122a403f4a2b4ca8940ca7,generated,15,violation_7plus,0.1441937259218492,0.11832691249312052,5,within_5,0.0,0.0,7,violation_7plus,0.21875,0.21875
raw_backtranslation,no_thinking_merged__arxiv-1000013,5883b007b76782e8c6cf78987394168c6022487c81122a403f4a2b4ca8940ca7,generated,10,violation_7plus,0.02900051786639047,0.01294665976178146,5,within_5,0.0,0.0,7,violation_7plus,0.21875,0.21875
guarded_backtranslation,no_thinking_merged__arxiv-1000013,5883b007b76782e8c6cf78987394168c6022487c81122a403f4a2b4ca8940ca7,generated,15,violation_7plus,0.0942380183091007,0.078082929456112,5,within_5,0.0,0.0,7,violation_7plus,0.21875,0.21875
original,no_thinking_merged__arxiv-1000041,83257df2ae2813b5e8b11ee8aafef662ef858be938ea333bae7f7e44fcd56b78,generated,13,violation_7plus,0.1297071129707113,0.099581589958159,4,within_5,0.0,0.0,7,violation_7plus,0.1891891891891892,0.1891891891891892
raw_backtranslation,no_thinking_merged__arxiv-1000041,83257df2ae2813b5e8b11ee8aafef662ef858be938ea333bae7f7e44fcd56b78,generated,13,violation_7plus,0.03821656050955414,0.028662420382165606,4,within_5,0.0,0.0,7,violation_7plus,0.1891891891891892,0.1891891891891892
guarded_backtranslation,no_thinking_merged__arxiv-1000041,83257df2ae2813b5e8b11ee8aafef662ef858be938ea333bae7f7e44fcd56b78,generated,13,violation_7plus,0.06224737267582862,0.05254648342764753,4,within_5,0.0,0.0,7,violation_7plus,0.1891891891891892,0.1891891891891892
original,no_thinking_merged__arxiv-1000016,895157f678d1f98628533078c0ff15f6dfccc12ebb1d01affd68efeb091022b8,generated,15,violation_7plus,0.17157825802226587,0.12115258677144729,5,within_5,0.0,0.0,6,borderline_6,0.24,0.0
raw_backtranslation,no_thinking_merged__arxiv-1000016,895157f678d1f98628533078c0ff15f6dfccc12ebb1d01affd68efeb091022b8,generated,9,violation_7plus,0.05781448538754765,0.042566709021601014,5,within_5,0.0,0.0,6,borderline_6,0.24,0.0
guarded_backtranslation,no_thinking_merged__arxiv-1000016,895157f678d1f98628533078c0ff15f6dfccc12ebb1d01affd68efeb091022b8,generated,12,violation_7plus,0.11593264248704663,0.08160621761658031,5,within_5,0.0,0.0,6,borderline_6,0.24,0.0
original,no_thinking_merged__arxiv-1000035,1f0cd82fa179996cf6211f5cafa614d12406a9b9ad999aea9e5c982c6e9ebd7a,generated,15,violation_7plus,0.24749558043606365,0.20801414260459636,4,within_5,0.0,0.0,4,within_5,0.0,0.0
raw_backtranslation,no_thinking_merged__arxiv-1000035,1f0cd82fa179996cf6211f5cafa614d12406a9b9ad999aea9e5c982c6e9ebd7a,generated,15,violation_7plus,0.09857612267250822,0.08214676889375684,4,within_5,0.0,0.0,4,within_5,0.0,0.0
guarded_backtranslation,no_thinking_merged__arxiv-1000035,1f0cd82fa179996cf6211f5cafa614d12406a9b9ad999aea9e5c982c6e9ebd7a,generated,15,violation_7plus,0.20291545189504373,0.17784256559766765,4,within_5,0.0,0.0,4,within_5,0.0,0.0
original,no_thinking_merged__arxiv-1000024,599bf9c0cb59667f6e1d97602cff49892b150a1a768b407d89b5a4a15d83b103,generated,15,violation_7plus,0.20368574199806014,0.1513094083414161,6,borderline_6,0.05063291139240506,0.0,11,violation_7plus,0.3333333333333333,0.3333333333333333
raw_backtranslation,no_thinking_merged__arxiv-1000024,599bf9c0cb59667f6e1d97602cff49892b150a1a768b407d89b5a4a15d83b103,generated,11,violation_7plus,0.037669732807709154,0.032413491020586944,6,borderline_6,0.05063291139240506,0.0,11,violation_7plus,0.3333333333333333,0.3333333333333333
guarded_backtranslation,no_thinking_merged__arxiv-1000024,599bf9c0cb59667f6e1d97602cff49892b150a1a768b407d89b5a4a15d83b103,generated,15,violation_7plus,0.11580882352941177,0.08547794117647059,6,borderline_6,0.05063291139240506,0.0,11,violation_7plus,0.3333333333333333,0.3333333333333333
original,no_thinking_merged__arxiv-1000038,1d94ea2f41736241eee87a5cf9912c731985b0db95c2bd110a04f9caee97a949,generated,11,violation_7plus,0.08278647147905098,0.04644119131751641,6,borderline_6,0.04428044280442804,0.0,10,violation_7plus,0.6666666666666666,0.4166666666666667
raw_backtranslation,no_thinking_merged__arxiv-1000038,1d94ea2f41736241eee87a5cf9912c731985b0db95c2bd110a04f9caee97a949,generated,12,violation_7plus,0.020105313547151747,0.010052656773575874,6,borderline_6,0.04428044280442804,0.0,10,violation_7plus,0.6666666666666666,0.4166666666666667
guarded_backtranslation,no_thinking_merged__arxiv-1000038,1d94ea2f41736241eee87a5cf9912c731985b0db95c2bd110a04f9caee97a949,generated,11,violation_7plus,0.056023797719385225,0.029251363411006447,6,borderline_6,0.04428044280442804,0.0,10,violation_7plus,0.6666666666666666,0.4166666666666667
original,no_thinking_merged__arxiv-1000040,a673a3a82861713ab0ba826f13508772952a2099f33c04c2a149062ac687db61,generated,16,violation_7plus,0.18711276332094176,0.17224287484510534,4,within_5,0.0,0.0,9,violation_7plus,0.36,0.36
raw_backtranslation,no_thinking_merged__arxiv-1000040,a673a3a82861713ab0ba826f13508772952a2099f33c04c2a149062ac687db61,generated,13,violation_7plus,0.06367924528301887,0.049528301886792456,4,within_5,0.0,0.0,9,violation_7plus,0.36,0.36
guarded_backtranslation,no_thinking_merged__arxiv-1000040,a673a3a82861713ab0ba826f13508772952a2099f33c04c2a149062ac687db61,generated,16,violation_7plus,0.10066707095209218,0.09702850212249849,4,within_5,0.0,0.0,9,violation_7plus,0.36,0.36
original,no_thinking_merged__arxiv-1000021,bbd7b9c7bf14b8204fd51f7d0ec0ffb2c6fd246c6f7e3fb9721251f0aec47019,generated,30,violation_7plus,0.1704081632653061,0.12755102040816327,4,within_5,0.0,0.0,7,violation_7plus,0.19444444444444445,0.19444444444444445
raw_backtranslation,no_thinking_merged__arxiv-1000021,bbd7b9c7bf14b8204fd51f7d0ec0ffb2c6fd246c6f7e3fb9721251f0aec47019,generated,16,violation_7plus,0.052886948083454635,0.041242115477923336,4,within_5,0.0,0.0,7,violation_7plus,0.19444444444444445,0.19444444444444445
guarded_backtranslation,no_thinking_merged__arxiv-1000021,bbd7b9c7bf14b8204fd51f7d0ec0ffb2c6fd246c6f7e3fb9721251f0aec47019,generated,30,violation_7plus,0.10465698547821732,0.08062093139709564,4,within_5,0.0,0.0,7,violation_7plus,0.19444444444444445,0.19444444444444445
original,no_thinking_merged__bethgelab-125,a313ac394757590d277b3d77643cb08a1e94d16cda563a2bc487e49d750aa0d1,generated,12,violation_7plus,0.08125,0.050416666666666665,11,violation_7plus,0.11764705882352941,0.06951871657754011,8,violation_7plus,0.12612612612612611,0.07207207207207207
raw_backtranslation,no_thinking_merged__bethgelab-125,a313ac394757590d277b3d77643cb08a1e94d16cda563a2bc487e49d750aa0d1,generated,8,violation_7plus,0.03579952267303103,0.011933174224343675,11,violation_7plus,0.11764705882352941,0.06951871657754011,8,violation_7plus,0.12612612612612611,0.07207207207207207
guarded_backtranslation,no_thinking_merged__bethgelab-125,a313ac394757590d277b3d77643cb08a1e94d16cda563a2bc487e49d750aa0d1,generated,12,violation_7plus,0.06677727084197428,0.04355039402737453,11,violation_7plus,0.11764705882352941,0.06951871657754011,8,violation_7plus,0.12612612612612611,0.07207207207207207
original,no_thinking_merged__bethgelab-102,1b3d72a8d054071cfc4bad937f01f5f0897ced27d1c4395ad1998a289462c389,generated,10,violation_7plus,0.09391932570740517,0.0650210716435882,7,violation_7plus,0.17982456140350878,0.15350877192982457,11,violation_7plus,0.59375,0.59375
raw_backtranslation,no_thinking_merged__bethgelab-102,1b3d72a8d054071cfc4bad937f01f5f0897ced27d1c4395ad1998a289462c389,generated,7,violation_7plus,0.018028169014084508,0.007887323943661971,7,violation_7plus,0.17982456140350878,0.15350877192982457,11,violation_7plus,0.59375,0.59375
guarded_backtranslation,no_thinking_merged__bethgelab-102,1b3d72a8d054071cfc4bad937f01f5f0897ced27d1c4395ad1998a289462c389,generated,10,violation_7plus,0.030424799081515498,0.0269804822043628,7,violation_7plus,0.17982456140350878,0.15350877192982457,11,violation_7plus,0.59375,0.59375
original,no_thinking_merged__bethgelab-108,8382aaa516e833b298550d2e4d635f2b9fe7fb3e7ef6f38443f47fa7701ecb8f,generated,16,violation_7plus,0.10242825607064018,0.06269315673289183,6,borderline_6,0.022388059701492536,0.0,11,violation_7plus,0.3548387096774194,0.3548387096774194
raw_backtranslation,no_thinking_merged__bethgelab-108,8382aaa516e833b298550d2e4d635f2b9fe7fb3e7ef6f38443f47fa7701ecb8f,generated,8,violation_7plus,0.025391451544646636,0.012695725772323318,6,borderline_6,0.022388059701492536,0.0,11,violation_7plus,0.3548387096774194,0.3548387096774194
guarded_backtranslation,no_thinking_merged__bethgelab-108,8382aaa516e833b298550d2e4d635f2b9fe7fb3e7ef6f38443f47fa7701ecb8f,generated,16,violation_7plus,0.07186147186147186,0.04329004329004329,6,borderline_6,0.022388059701492536,0.0,11,violation_7plus,0.3548387096774194,0.3548387096774194
original,no_thinking_merged__bethgelab-116,3d4b94daaf8192a969e7bcbe5118f4693b483bd98733e657e1665b619f32809f,generated,12,violation_7plus,0.13802816901408452,0.09746478873239436,5,within_5,0.0,0.0,13,violation_7plus,0.4523809523809524,0.30952380952380953
raw_backtranslation,no_thinking_merged__bethgelab-116,3d4b94daaf8192a969e7bcbe5118f4693b483bd98733e657e1665b619f32809f,generated,12,violation_7plus,0.052328623757195186,0.020931449502878074,5,within_5,0.0,0.0,13,violation_7plus,0.4523809523809524,0.30952380952380953
guarded_backtranslation,no_thinking_merged__bethgelab-116,3d4b94daaf8192a969e7bcbe5118f4693b483bd98733e657e1665b619f32809f,generated,12,violation_7plus,0.08361018826135105,0.06699889258028793,5,within_5,0.0,0.0,13,violation_7plus,0.4523809523809524,0.30952380952380953
original,no_thinking_merged__bethgelab-128,1a480e5fcb0ae03c15bc9631db3dd30b1acc16364655c063171f180297692852,generated,20,violation_7plus,0.23765071956437184,0.19797744068455853,4,within_5,0.0,0.0,11,violation_7plus,0.19767441860465115,0.12790697674418605
raw_backtranslation,no_thinking_merged__bethgelab-128,1a480e5fcb0ae03c15bc9631db3dd30b1acc16364655c063171f180297692852,generated,16,violation_7plus,0.061027837259100645,0.05246252676659529,4,within_5,0.0,0.0,11,violation_7plus,0.19767441860465115,0.12790697674418605
guarded_backtranslation,no_thinking_merged__bethgelab-128,1a480e5fcb0ae03c15bc9631db3dd30b1acc16364655c063171f180297692852,generated,20,violation_7plus,0.1286031042128603,0.10421286031042129,4,within_5,0.0,0.0,11,violation_7plus,0.19767441860465115,0.12790697674418605
original,no_thinking_merged__bethgelab-146,652ad4ed5affc62698e2c395d4c32c9181dc6c617e96278277aef11508225f9a,generated,13,violation_7plus,0.09449135504624046,0.0607157217531162,10,violation_7plus,0.5120481927710844,0.28313253012048195,21,violation_7plus,0.6470588235294118,0.6470588235294118
raw_backtranslation,no_thinking_merged__bethgelab-146,652ad4ed5affc62698e2c395d4c32c9181dc6c617e96278277aef11508225f9a,generated,11,violation_7plus,0.028191072826938137,0.014095536413469069,10,violation_7plus,0.5120481927710844,0.28313253012048195,21,violation_7plus,0.6470588235294118,0.6470588235294118
guarded_backtranslation,no_thinking_merged__bethgelab-146,652ad4ed5affc62698e2c395d4c32c9181dc6c617e96278277aef11508225f9a,generated,13,violation_7plus,0.04648390941597139,0.029797377830750895,10,violation_7plus,0.5120481927710844,0.28313253012048195,21,violation_7plus,0.6470588235294118,0.6470588235294118
original,no_thinking_merged__bethgelab-112,fd503644a165f9bc44ed1d8e0b01741c9a7a31567f0ed9ff46878c83c3d718d7,generated,18,violation_7plus,0.24056813138038172,0.18375499334221038,4,within_5,0.0,0.0,28,violation_7plus,0.7735849056603774,0.7735849056603774
raw_backtranslation,no_thinking_merged__bethgelab-112,fd503644a165f9bc44ed1d8e0b01741c9a7a31567f0ed9ff46878c83c3d718d7,generated,15,violation_7plus,0.07206477732793522,0.05020242914979757,4,within_5,0.0,0.0,28,violation_7plus,0.7735849056603774,0.7735849056603774
guarded_backtranslation,no_thinking_merged__bethgelab-112,fd503644a165f9bc44ed1d8e0b01741c9a7a31567f0ed9ff46878c83c3d718d7,generated,18,violation_7plus,0.15834400341442595,0.12249253094323517,4,within_5,0.0,0.0,28,violation_7plus,0.7735849056603774,0.7735849056603774
original,no_thinking_merged__bethgelab-142,830533425e592db6ae69cda4bfdb7398a3102bbfa4953317c0543f0bf6970206,generated,20,violation_7plus,0.10087517273146016,0.06771073238139107,4,within_5,0.0,0.0,15,violation_7plus,0.4032258064516129,0.4032258064516129
raw_backtranslation,no_thinking_merged__bethgelab-142,830533425e592db6ae69cda4bfdb7398a3102bbfa4953317c0543f0bf6970206,generated,10,violation_7plus,0.026052974381241857,0.015631784628745114,4,within_5,0.0,0.0,15,violation_7plus,0.4032258064516129,0.4032258064516129
guarded_backtranslation,no_thinking_merged__bethgelab-142,830533425e592db6ae69cda4bfdb7398a3102bbfa4953317c0543f0bf6970206,generated,20,violation_7plus,0.06974637681159421,0.050724637681159424,4,within_5,0.0,0.0,15,violation_7plus,0.4032258064516129,0.4032258064516129
original,no_thinking_merged__bethgelab-122,bd6e5c628a12f9f4d83f4e3b0b6cb632a31e625a05a4d8ed7cd768b4fc24bd0e,generated,14,violation_7plus,0.0917186108637578,0.05699020480854853,7,violation_7plus,0.0220125786163522,0.0220125786163522,25,violation_7plus,0.7058823529411765,0.7058823529411765
raw_backtranslation,no_thinking_merged__bethgelab-122,bd6e5c628a12f9f4d83f4e3b0b6cb632a31e625a05a4d8ed7cd768b4fc24bd0e,generated,12,violation_7plus,0.05122777307366638,0.0283657917019475,7,violation_7plus,0.0220125786163522,0.0220125786163522,25,violation_7plus,0.7058823529411765,0.7058823529411765
guarded_backtranslation,no_thinking_merged__bethgelab-122,bd6e5c628a12f9f4d83f4e3b0b6cb632a31e625a05a4d8ed7cd768b4fc24bd0e,generated,14,violation_7plus,0.07685512367491167,0.05035335689045936,7,violation_7plus,0.0220125786163522,0.0220125786163522,25,violation_7plus,0.7058823529411765,0.7058823529411765
original,no_thinking_merged__bethgelab-105,d1ec0b551238dc7b332ba8c3fe0cb88f73a421e70e4d348a65a49b63bf7de3bb,generated,14,violation_7plus,0.13927048792041685,0.1222169587873046,4,within_5,0.0,0.0,15,violation_7plus,0.45454545454545453,0.45454545454545453
raw_backtranslation,no_thinking_merged__bethgelab-105,d1ec0b551238dc7b332ba8c3fe0cb88f73a421e70e4d348a65a49b63bf7de3bb,generated,11,violation_7plus,0.052775250227479524,0.04185623293903549,4,within_5,0.0,0.0,15,violation_7plus,0.45454545454545453,0.45454545454545453
guarded_backtranslation,no_thinking_merged__bethgelab-105,d1ec0b551238dc7b332ba8c3fe0cb88f73a421e70e4d348a65a49b63bf7de3bb,generated,14,violation_7plus,0.0931098696461825,0.08193668528864059,4,within_5,0.0,0.0,15,violation_7plus,0.45454545454545453,0.45454545454545453
original,no_thinking_merged__bethgelab-10033,a58b679a718676aea497bc154517ef17871f3042d404c64fabe61cd28da57afc,generated,16,violation_7plus,0.12545018007202882,0.09663865546218488,5,within_5,0.0,0.0,18,violation_7plus,0.7368421052631579,0.7368421052631579
raw_backtranslation,no_thinking_merged__bethgelab-10033,a58b679a718676aea497bc154517ef17871f3042d404c64fabe61cd28da57afc,generated,16,violation_7plus,0.06034968979131416,0.050197405527354765,5,within_5,0.0,0.0,18,violation_7plus,0.7368421052631579,0.7368421052631579
guarded_backtranslation,no_thinking_merged__bethgelab-10033,a58b679a718676aea497bc154517ef17871f3042d404c64fabe61cd28da57afc,generated,16,violation_7plus,0.08695652173913043,0.06580493537015276,5,within_5,0.0,0.0,18,violation_7plus,0.7368421052631579,0.7368421052631579
original,no_thinking_merged__bethgelab-10019,3fab7067baa7f63946ebe47561ff1d1ce3e60d0971119fc5f58ab5c877f3b5c9,generated,15,violation_7plus,0.1400757166035695,0.08112493239588967,7,violation_7plus,0.08445945945945946,0.02364864864864865,7,violation_7plus,0.19444444444444445,0.19444444444444445
raw_backtranslation,no_thinking_merged__bethgelab-10019,3fab7067baa7f63946ebe47561ff1d1ce3e60d0971119fc5f58ab5c877f3b5c9,generated,9,violation_7plus,0.04141104294478527,0.019938650306748466,7,violation_7plus,0.08445945945945946,0.02364864864864865,7,violation_7plus,0.19444444444444445,0.19444444444444445
guarded_backtranslation,no_thinking_merged__bethgelab-10019,3fab7067baa7f63946ebe47561ff1d1ce3e60d0971119fc5f58ab5c877f3b5c9,generated,15,violation_7plus,0.08276225619399051,0.05113336847654191,7,violation_7plus,0.08445945945945946,0.02364864864864865,7,violation_7plus,0.19444444444444445,0.19444444444444445
original,no_thinking_merged__bethgelab-10028,9ddc1a36ea8172f808bf6608f3c41614f8c1a4ec2635523217fd26b9377a546a,generated,22,violation_7plus,0.11558219178082192,0.08732876712328767,12,violation_7plus,0.21220159151193635,0.14854111405835543,12,violation_7plus,0.1188118811881188,0.1188118811881188
raw_backtranslation,no_thinking_merged__bethgelab-10028,9ddc1a36ea8172f808bf6608f3c41614f8c1a4ec2635523217fd26b9377a546a,generated,9,violation_7plus,0.02744776730848013,0.020893076607947564,12,violation_7plus,0.21220159151193635,0.14854111405835543,12,violation_7plus,0.1188118811881188,0.1188118811881188
guarded_backtranslation,no_thinking_merged__bethgelab-10028,9ddc1a36ea8172f808bf6608f3c41614f8c1a4ec2635523217fd26b9377a546a,generated,22,violation_7plus,0.09228187919463088,0.0796979865771812,12,violation_7plus,0.21220159151193635,0.14854111405835543,12,violation_7plus,0.1188118811881188,0.1188118811881188
original,no_thinking_merged__bethgelab-10021,2446e0dd5be16da1204fedf141879b6bdebf78065b128fc9678b60c6503d9536,generated,14,violation_7plus,0.21814671814671815,0.18725868725868725,5,within_5,0.0,0.0,24,violation_7plus,0.7346938775510204,0.7346938775510204
raw_backtranslation,no_thinking_merged__bethgelab-10021,2446e0dd5be16da1204fedf141879b6bdebf78065b128fc9678b60c6503d9536,generated,9,violation_7plus,0.05555555555555555,0.03724053724053724,5,within_5,0.0,0.0,24,violation_7plus,0.7346938775510204,0.7346938775510204
guarded_backtranslation,no_thinking_merged__bethgelab-10021,2446e0dd5be16da1204fedf141879b6bdebf78065b128fc9678b60c6503d9536,generated,14,violation_7plus,0.135202492211838,0.10903426791277258,5,within_5,0.0,0.0,24,violation_7plus,0.7346938775510204,0.7346938775510204
original,no_thinking_merged__bethgelab-10004,532e636d9c400b73e899230f07b83f2e3d63e833cdff05dfcaf20da104624d78,generated,18,violation_7plus,0.12148217636022514,0.09052532833020638,6,borderline_6,0.0375,0.0,16,violation_7plus,0.6857142857142857,0.6857142857142857
raw_backtranslation,no_thinking_merged__bethgelab-10004,532e636d9c400b73e899230f07b83f2e3d63e833cdff05dfcaf20da104624d78,generated,8,violation_7plus,0.03776978417266187,0.01618705035971223,6,borderline_6,0.0375,0.0,16,violation_7plus,0.6857142857142857,0.6857142857142857
guarded_backtranslation,no_thinking_merged__bethgelab-10004,532e636d9c400b73e899230f07b83f2e3d63e833cdff05dfcaf20da104624d78,generated,18,violation_7plus,0.06952117863720074,0.05847145488029466,6,borderline_6,0.0375,0.0,16,violation_7plus,0.6857142857142857,0.6857142857142857
original,no_thinking_merged__bethgelab-10047,f0be139b8205277b5f62dc4345c48427d0280afe402b478627635231c0a90071,generated,25,violation_7plus,0.11402946828955797,0.08327994875080078,5,within_5,0.0,0.0,12,violation_7plus,0.7407407407407407,0.7407407407407407
raw_backtranslation,no_thinking_merged__bethgelab-10047,f0be139b8205277b5f62dc4345c48427d0280afe402b478627635231c0a90071,generated,25,violation_7plus,0.06111111111111111,0.03518518518518519,5,within_5,0.0,0.0,12,violation_7plus,0.7407407407407407,0.7407407407407407
guarded_backtranslation,no_thinking_merged__bethgelab-10047,f0be139b8205277b5f62dc4345c48427d0280afe402b478627635231c0a90071,generated,25,violation_7plus,0.08789808917197452,0.06496815286624204,5,within_5,0.0,0.0,12,violation_7plus,0.7407407407407407,0.7407407407407407
original,no_thinking_merged__bethgelab-10013,e463ec5d1757c1fef5033ed44eafb650345ebd9f4b11f8f485ea18b3146d9bc9,generated,16,violation_7plus,0.20225927918235612,0.1441635287789134,5,within_5,0.0,0.0,47,violation_7plus,0.8181818181818182,0.8181818181818182
raw_backtranslation,no_thinking_merged__bethgelab-10013,e463ec5d1757c1fef5033ed44eafb650345ebd9f4b11f8f485ea18b3146d9bc9,generated,9,violation_7plus,0.042907622412922765,0.024734982332155476,5,within_5,0.0,0.0,47,violation_7plus,0.8181818181818182,0.8181818181818182
guarded_backtranslation,no_thinking_merged__bethgelab-10013,e463ec5d1757c1fef5033ed44eafb650345ebd9f4b11f8f485ea18b3146d9bc9,generated,16,violation_7plus,0.13948610382800208,0.1017304667016256,5,within_5,0.0,0.0,47,violation_7plus,0.8181818181818182,0.8181818181818182
original,no_thinking_merged__bethgelab-10038,239b0964b4ee281617cec4a7344b292c5dd05cdc1e07db933a2e9df7fecd52fb,generated,16,violation_7plus,0.12449071978270711,0.08646446355817111,8,violation_7plus,0.2867132867132867,0.06643356643356643,10,violation_7plus,0.2857142857142857,0.2857142857142857
raw_backtranslation,no_thinking_merged__bethgelab-10038,239b0964b4ee281617cec4a7344b292c5dd05cdc1e07db933a2e9df7fecd52fb,generated,10,violation_7plus,0.01934651762682717,0.016766981943250214,8,violation_7plus,0.2867132867132867,0.06643356643356643,10,violation_7plus,0.2857142857142857,0.2857142857142857
guarded_backtranslation,no_thinking_merged__bethgelab-10038,239b0964b4ee281617cec4a7344b292c5dd05cdc1e07db933a2e9df7fecd52fb,generated,12,violation_7plus,0.06804214223002635,0.04433713784021071,8,violation_7plus,0.2867132867132867,0.06643356643356643,10,violation_7plus,0.2857142857142857,0.2857142857142857
original,no_thinking_merged__bethgelab-10000,7fcd8ad1ec13aa789ceccd25ade8944690a8825a63727038dada658417498a13,generated,14,violation_7plus,0.12667304015296368,0.10659655831739961,5,within_5,0.0,0.0,12,violation_7plus,0.42857142857142855,0.2857142857142857
raw_backtranslation,no_thinking_merged__bethgelab-10000,7fcd8ad1ec13aa789ceccd25ade8944690a8825a63727038dada658417498a13,generated,10,violation_7plus,0.03654636820465966,0.022384650525354044,5,within_5,0.0,0.0,12,violation_7plus,0.42857142857142855,0.2857142857142857
guarded_backtranslation,no_thinking_merged__bethgelab-10000,7fcd8ad1ec13aa789ceccd25ade8944690a8825a63727038dada658417498a13,generated,12,violation_7plus,0.07136194029850747,0.060167910447761194,5,within_5,0.0,0.0,12,violation_7plus,0.42857142857142855,0.2857142857142857
original,no_thinking_merged__bethgelab-10003,e7cd528ba416b11b6aab2a6fd81b6328a5833daeb921827420f580cb236ca865,generated,17,violation_7plus,0.1541501976284585,0.11462450592885376,8,violation_7plus,0.3344947735191638,0.1254355400696864,14,violation_7plus,0.6470588235294118,0.6470588235294118
raw_backtranslation,no_thinking_merged__bethgelab-10003,e7cd528ba416b11b6aab2a6fd81b6328a5833daeb921827420f580cb236ca865,generated,17,violation_7plus,0.05105105105105105,0.05105105105105105,8,violation_7plus,0.3344947735191638,0.1254355400696864,14,violation_7plus,0.6470588235294118,0.6470588235294118
guarded_backtranslation,no_thinking_merged__bethgelab-10003,e7cd528ba416b11b6aab2a6fd81b6328a5833daeb921827420f580cb236ca865,generated,17,violation_7plus,0.08744534665833854,0.07245471580262336,8,violation_7plus,0.3344947735191638,0.1254355400696864,14,violation_7plus,0.6470588235294118,0.6470588235294118
original,no_thinking_merged__bethgelab-50039,de19c655db485aa34b7e3387b03aa09cf54da16447b5294399730fc5c45d9003,generated,26,violation_7plus,0.3140428976123027,0.2743828409550789,4,within_5,0.0,0.0,13,violation_7plus,0.3333333333333333,0.3333333333333333
raw_backtranslation,no_thinking_merged__bethgelab-50039,de19c655db485aa34b7e3387b03aa09cf54da16447b5294399730fc5c45d9003,generated,13,violation_7plus,0.10476524176594254,0.07288016818500351,4,within_5,0.0,0.0,13,violation_7plus,0.3333333333333333,0.3333333333333333
guarded_backtranslation,no_thinking_merged__bethgelab-50039,de19c655db485aa34b7e3387b03aa09cf54da16447b5294399730fc5c45d9003,generated,26,violation_7plus,0.24852536374360992,0.21942587495084545,4,within_5,0.0,0.0,13,violation_7plus,0.3333333333333333,0.3333333333333333
original,no_thinking_merged__bethgelab-50043,1e2798147c40faee951910206bf47fa2d91c8860b90000f30454b227d6994df2,generated,14,violation_7plus,0.17497168742921856,0.12061155152887883,6,borderline_6,0.0995850622406639,0.0,12,violation_7plus,0.41379310344827586,0.41379310344827586
raw_backtranslation,no_thinking_merged__bethgelab-50043,1e2798147c40faee951910206bf47fa2d91c8860b90000f30454b227d6994df2,generated,7,violation_7plus,0.019141231246766685,0.0036213140196585617,6,borderline_6,0.0995850622406639,0.0,12,violation_7plus,0.41379310344827586,0.41379310344827586
guarded_backtranslation,no_thinking_merged__bethgelab-50043,1e2798147c40faee951910206bf47fa2d91c8860b90000f30454b227d6994df2,generated,12,violation_7plus,0.11044286495352652,0.07435757244395845,6,borderline_6,0.0995850622406639,0.0,12,violation_7plus,0.41379310344827586,0.41379310344827586
original,no_thinking_merged__bethgelab-50033,bf799d730709e4d61998cf1d6c35cf9885ada8045ad414d9e196fb4bf044922a,generated,14,violation_7plus,0.14695695200395845,0.1024245423057892,6,borderline_6,0.04591836734693878,0.0,15,violation_7plus,0.18292682926829268,0.18292682926829268
raw_backtranslation,no_thinking_merged__bethgelab-50033,bf799d730709e4d61998cf1d6c35cf9885ada8045ad414d9e196fb4bf044922a,generated,10,violation_7plus,0.028703703703703703,0.017592592592592594,6,borderline_6,0.04591836734693878,0.0,15,violation_7plus,0.18292682926829268,0.18292682926829268
guarded_backtranslation,no_thinking_merged__bethgelab-50033,bf799d730709e4d61998cf1d6c35cf9885ada8045ad414d9e196fb4bf044922a,generated,13,violation_7plus,0.07177033492822966,0.045933014354066985,6,borderline_6,0.04591836734693878,0.0,15,violation_7plus,0.18292682926829268,0.18292682926829268
original,no_thinking_merged__bethgelab-50037,56b77fff220a3b085f018b829126cd45b79cd9032f37052faf9f086717e16629,generated,18,violation_7plus,0.11969111969111969,0.08204633204633205,5,within_5,0.0,0.0,6,borderline_6,0.5454545454545454,0.0
raw_backtranslation,no_thinking_merged__bethgelab-50037,56b77fff220a3b085f018b829126cd45b79cd9032f37052faf9f086717e16629,generated,14,violation_7plus,0.04755434782608696,0.03940217391304348,5,within_5,0.0,0.0,6,borderline_6,0.5454545454545454,0.0
guarded_backtranslation,no_thinking_merged__bethgelab-50037,56b77fff220a3b085f018b829126cd45b79cd9032f37052faf9f086717e16629,generated,18,violation_7plus,0.08041140719962599,0.06077606358111267,5,within_5,0.0,0.0,6,borderline_6,0.5454545454545454,0.0
original,no_thinking_merged__bethgelab-50047,9d6e795b20211d71799050c9282d0c0b9c3838aa8232d78b803accb410b2d33d,generated,17,violation_7plus,0.1947780678851175,0.17806788511749347,16,violation_7plus,0.13011152416356878,0.08550185873605948,17,violation_7plus,0.37777777777777777,0.37777777777777777
raw_backtranslation,no_thinking_merged__bethgelab-50047,9d6e795b20211d71799050c9282d0c0b9c3838aa8232d78b803accb410b2d33d,generated,9,violation_7plus,0.025749063670411985,0.01451310861423221,16,violation_7plus,0.13011152416356878,0.08550185873605948,17,violation_7plus,0.37777777777777777,0.37777777777777777
guarded_backtranslation,no_thinking_merged__bethgelab-50047,9d6e795b20211d71799050c9282d0c0b9c3838aa8232d78b803accb410b2d33d,generated,17,violation_7plus,0.08880118401578688,0.07893438579181056,16,violation_7plus,0.13011152416356878,0.08550185873605948,17,violation_7plus,0.37777777777777777,0.37777777777777777
original,no_thinking_merged__bethgelab-50013,5873692a5abcd2765669d5fab7979f848ab9682d042126b679e3e670e9745efa,generated,17,violation_7plus,0.10147689375893283,0.06098141972367794,5,within_5,0.0,0.0,9,violation_7plus,0.4146341463414634,0.4146341463414634
raw_backtranslation,no_thinking_merged__bethgelab-50013,5873692a5abcd2765669d5fab7979f848ab9682d042126b679e3e670e9745efa,generated,12,violation_7plus,0.03280141843971631,0.008865248226950355,5,within_5,0.0,0.0,9,violation_7plus,0.4146341463414634,0.4146341463414634
guarded_backtranslation,no_thinking_merged__bethgelab-50013,5873692a5abcd2765669d5fab7979f848ab9682d042126b679e3e670e9745efa,generated,17,violation_7plus,0.0651077487391105,0.0343878954607978,5,within_5,0.0,0.0,9,violation_7plus,0.4146341463414634,0.4146341463414634
original,no_thinking_merged__bethgelab-50009,fdf2c95a141e744682aad8f94ea8783a5514e7033960d29fa2961bf8be3a3068,generated,14,violation_7plus,0.27452830188679245,0.21509433962264152,4,within_5,0.0,0.0,16,violation_7plus,0.639344262295082,0.639344262295082
raw_backtranslation,no_thinking_merged__bethgelab-50009,fdf2c95a141e744682aad8f94ea8783a5514e7033960d29fa2961bf8be3a3068,generated,12,violation_7plus,0.037914691943127965,0.02843601895734597,4,within_5,0.0,0.0,16,violation_7plus,0.639344262295082,0.639344262295082
guarded_backtranslation,no_thinking_merged__bethgelab-50009,fdf2c95a141e744682aad8f94ea8783a5514e7033960d29fa2961bf8be3a3068,generated,14,violation_7plus,0.17798085291557877,0.14926022628372498,4,within_5,0.0,0.0,16,violation_7plus,0.639344262295082,0.639344262295082
original,no_thinking_merged__bethgelab-50015,0bf9b205e3a6d1c88f5d9b2acfe868ac55f05e758fba034533eae6c292c1adee,generated,25,violation_7plus,0.20833333333333334,0.18055555555555555,8,violation_7plus,0.2188679245283019,0.06037735849056604,14,violation_7plus,0.7419354838709677,0.7419354838709677
raw_backtranslation,no_thinking_merged__bethgelab-50015,0bf9b205e3a6d1c88f5d9b2acfe868ac55f05e758fba034533eae6c292c1adee,generated,11,violation_7plus,0.047644829453167295,0.018408229561451002,8,violation_7plus,0.2188679245283019,0.06037735849056604,14,violation_7plus,0.7419354838709677,0.7419354838709677
guarded_backtranslation,no_thinking_merged__bethgelab-50015,0bf9b205e3a6d1c88f5d9b2acfe868ac55f05e758fba034533eae6c292c1adee,generated,18,violation_7plus,0.11073446327683616,0.09717514124293786,8,violation_7plus,0.2188679245283019,0.06037735849056604,14,violation_7plus,0.7419354838709677,0.7419354838709677
original,no_thinking_merged__bethgelab-50024,74ce4c9a8bb66ed76aa0bcf2719b37c2f45118dfc537ed9a1a7429457fac9b78,generated,22,violation_7plus,0.25492831541218636,0.22580645161290322,6,borderline_6,0.022813688212927757,0.0,15,violation_7plus,0.2542372881355932,0.2542372881355932
raw_backtranslation,no_thinking_merged__bethgelab-50024,74ce4c9a8bb66ed76aa0bcf2719b37c2f45118dfc537ed9a1a7429457fac9b78,generated,13,violation_7plus,0.07471490365709792,0.04640188753440818,6,borderline_6,0.022813688212927757,0.0,15,violation_7plus,0.2542372881355932,0.2542372881355932
guarded_backtranslation,no_thinking_merged__bethgelab-50024,74ce4c9a8bb66ed76aa0bcf2719b37c2f45118dfc537ed9a1a7429457fac9b78,generated,17,violation_7plus,0.16567036720751493,0.14816396242527755,6,borderline_6,0.022813688212927757,0.0,15,violation_7plus,0.2542372881355932,0.2542372881355932
original,no_thinking_merged__bethgelab-50028,67b0f14459545eb0cb90ba33ad7dd4e3e7288a9289fa58f9000ee9ffb9d945e1,generated,12,violation_7plus,0.10668380462724936,0.0702656383890317,9,violation_7plus,0.1557377049180328,0.02459016393442623,12,violation_7plus,0.42857142857142855,0.42857142857142855
raw_backtranslation,no_thinking_merged__bethgelab-50028,67b0f14459545eb0cb90ba33ad7dd4e3e7288a9289fa58f9000ee9ffb9d945e1,generated,8,violation_7plus,0.024829795754905886,0.01762114537444934,9,violation_7plus,0.1557377049180328,0.02459016393442623,12,violation_7plus,0.42857142857142855,0.42857142857142855
guarded_backtranslation,no_thinking_merged__bethgelab-50028,67b0f14459545eb0cb90ba33ad7dd4e3e7288a9289fa58f9000ee9ffb9d945e1,generated,12,violation_7plus,0.05134575569358178,0.03602484472049689,9,violation_7plus,0.1557377049180328,0.02459016393442623,12,violation_7plus,0.42857142857142855,0.42857142857142855
original,no_thinking_merged__bethgelab-100037,475da814ff8aee7689b47bcfab425741f38e34a74e4e6dbfca2d6ed825526487,generated,15,violation_7plus,0.18106995884773663,0.12815990593768373,6,borderline_6,0.02702702702702703,0.0,29,violation_7plus,0.5370370370370371,0.5370370370370371
raw_backtranslation,no_thinking_merged__bethgelab-100037,475da814ff8aee7689b47bcfab425741f38e34a74e4e6dbfca2d6ed825526487,generated,14,violation_7plus,0.05005268703898841,0.015279241306638568,6,borderline_6,0.02702702702702703,0.0,29,violation_7plus,0.5370370370370371,0.5370370370370371
guarded_backtranslation,no_thinking_merged__bethgelab-100037,475da814ff8aee7689b47bcfab425741f38e34a74e4e6dbfca2d6ed825526487,generated,15,violation_7plus,0.11571185479296653,0.07146908678389109,6,borderline_6,0.02702702702702703,0.0,29,violation_7plus,0.5370370370370371,0.5370370370370371
original,no_thinking_merged__bethgelab-100048,894ece07744c3dff9486aad1b6536dbe0bef2872acbdf6fa5c7a027af65b2b72,generated,15,violation_7plus,0.1472457627118644,0.125,9,violation_7plus,0.09540636042402827,0.03180212014134275,18,violation_7plus,0.7380952380952381,0.7380952380952381
raw_backtranslation,no_thinking_merged__bethgelab-100048,894ece07744c3dff9486aad1b6536dbe0bef2872acbdf6fa5c7a027af65b2b72,generated,13,violation_7plus,0.02564102564102564,0.01972386587771203,9,violation_7plus,0.09540636042402827,0.03180212014134275,18,violation_7plus,0.7380952380952381,0.7380952380952381
guarded_backtranslation,no_thinking_merged__bethgelab-100048,894ece07744c3dff9486aad1b6536dbe0bef2872acbdf6fa5c7a027af65b2b72,generated,15,violation_7plus,0.08204334365325078,0.06656346749226007,9,violation_7plus,0.09540636042402827,0.03180212014134275,18,violation_7plus,0.7380952380952381,0.7380952380952381
original,no_thinking_merged__bethgelab-100002,9cfd749620877169e7af30ce0e929738eab4d6b0c917acbbc6b9983017bb5044,generated,18,violation_7plus,0.16310160427807488,0.11818181818181818,7,violation_7plus,0.18562874251497005,0.041916167664670656,11,violation_7plus,0.19642857142857142,0.19642857142857142
raw_backtranslation,no_thinking_merged__bethgelab-100002,9cfd749620877169e7af30ce0e929738eab4d6b0c917acbbc6b9983017bb5044,generated,11,violation_7plus,0.07196029776674938,0.04466501240694789,7,violation_7plus,0.18562874251497005,0.041916167664670656,11,violation_7plus,0.19642857142857142,0.19642857142857142
guarded_backtranslation,no_thinking_merged__bethgelab-100002,9cfd749620877169e7af30ce0e929738eab4d6b0c917acbbc6b9983017bb5044,generated,18,violation_7plus,0.11186264308012488,0.08688865764828303,7,violation_7plus,0.18562874251497005,0.041916167664670656,11,violation_7plus,0.19642857142857142,0.19642857142857142
original,no_thinking_merged__bethgelab-100001,1dad06f32bca0d6bab2e043a9a5f11a944b26effd7412130afeace3d9f30574c,generated,21,violation_7plus,0.1653012048192771,0.11903614457831325,6,borderline_6,0.02564102564102564,0.0,18,violation_7plus,0.45,0.45
raw_backtranslation,no_thinking_merged__bethgelab-100001,1dad06f32bca0d6bab2e043a9a5f11a944b26effd7412130afeace3d9f30574c,generated,14,violation_7plus,0.053228621291448515,0.030541012216404886,6,borderline_6,0.02564102564102564,0.0,18,violation_7plus,0.45,0.45
guarded_backtranslation,no_thinking_merged__bethgelab-100001,1dad06f32bca0d6bab2e043a9a5f11a944b26effd7412130afeace3d9f30574c,generated,14,violation_7plus,0.1034965034965035,0.07552447552447553,6,borderline_6,0.02564102564102564,0.0,18,violation_7plus,0.45,0.45
original,no_thinking_merged__bethgelab-100003,191f8cffbe90985061b6946db049ff8f556f014bb0268187a365732f60fc01eb,generated,19,violation_7plus,0.21940071102082276,0.17673946165566276,5,within_5,0.0,0.0,18,violation_7plus,0.34615384615384615,0.34615384615384615
raw_backtranslation,no_thinking_merged__bethgelab-100003,191f8cffbe90985061b6946db049ff8f556f014bb0268187a365732f60fc01eb,generated,10,violation_7plus,0.035555555555555556,0.027555555555555555,5,within_5,0.0,0.0,18,violation_7plus,0.34615384615384615,0.34615384615384615
guarded_backtranslation,no_thinking_merged__bethgelab-100003,191f8cffbe90985061b6946db049ff8f556f014bb0268187a365732f60fc01eb,generated,19,violation_7plus,0.0944022770398482,0.08301707779886149,5,within_5,0.0,0.0,18,violation_7plus,0.34615384615384615,0.34615384615384615
original,no_thinking_merged__bethgelab-100040,baacd8ccf76122818d147f4282a2a0720bbbbe1b1352bdfd10d8d2a97abbf7f0,generated,11,violation_7plus,0.1167095115681234,0.08894601542416453,6,borderline_6,0.022813688212927757,0.0,38,violation_7plus,0.8421052631578947,0.8421052631578947
raw_backtranslation,no_thinking_merged__bethgelab-100040,baacd8ccf76122818d147f4282a2a0720bbbbe1b1352bdfd10d8d2a97abbf7f0,generated,8,violation_7plus,0.02707749766573296,0.01027077497665733,6,borderline_6,0.022813688212927757,0.0,38,violation_7plus,0.8421052631578947,0.8421052631578947
guarded_backtranslation,no_thinking_merged__bethgelab-100040,baacd8ccf76122818d147f4282a2a0720bbbbe1b1352bdfd10d8d2a97abbf7f0,generated,11,violation_7plus,0.06610754810064134,0.051307350764676865,6,borderline_6,0.022813688212927757,0.0,38,violation_7plus,0.8421052631578947,0.8421052631578947
original,no_thinking_merged__bethgelab-100027,d0a94ffc1733d8e398e0d039e28cff7e4b6cb5d0c12246b1bea4712d3ea0c6ac,generated,16,violation_7plus,0.3131478450627387,0.24822695035460993,5,within_5,0.0,0.0,24,violation_7plus,0.7307692307692307,0.7307692307692307
raw_backtranslation,no_thinking_merged__bethgelab-100027,d0a94ffc1733d8e398e0d039e28cff7e4b6cb5d0c12246b1bea4712d3ea0c6ac,generated,11,violation_7plus,0.058823529411764705,0.04725992961287079,5,within_5,0.0,0.0,24,violation_7plus,0.7307692307692307,0.7307692307692307
guarded_backtranslation,no_thinking_merged__bethgelab-100027,d0a94ffc1733d8e398e0d039e28cff7e4b6cb5d0c12246b1bea4712d3ea0c6ac,generated,15,violation_7plus,0.14785788923719959,0.11703239289446186,5,within_5,0.0,0.0,24,violation_7plus,0.7307692307692307,0.7307692307692307
original,no_thinking_merged__bethgelab-100026,76809edc3a81a1b01bf93be36eb56d891fdab656023bbf75ddf1a39e60d592f2,generated,16,violation_7plus,0.17875920084121977,0.13144058885383805,6,borderline_6,0.019933554817275746,0.0,15,violation_7plus,0.3125,0.3125
raw_backtranslation,no_thinking_merged__bethgelab-100026,76809edc3a81a1b01bf93be36eb56d891fdab656023bbf75ddf1a39e60d592f2,generated,14,violation_7plus,0.07543424317617867,0.04218362282878412,6,borderline_6,0.019933554817275746,0.0,15,violation_7plus,0.3125,0.3125
guarded_backtranslation,no_thinking_merged__bethgelab-100026,76809edc3a81a1b01bf93be36eb56d891fdab656023bbf75ddf1a39e60d592f2,generated,16,violation_7plus,0.11082606464853771,0.08004104669061057,6,borderline_6,0.019933554817275746,0.0,15,violation_7plus,0.3125,0.3125
original,no_thinking_merged__bethgelab-100015,b2c521e823368d1812a8d64440899ae15551afa85a6d1109d734898ee3b5a08f,generated,12,violation_7plus,0.12296416938110749,0.08876221498371335,7,violation_7plus,0.022292993630573247,0.022292993630573247,14,violation_7plus,0.16666666666666666,0.16666666666666666
raw_backtranslation,no_thinking_merged__bethgelab-100015,b2c521e823368d1812a8d64440899ae15551afa85a6d1109d734898ee3b5a08f,generated,12,violation_7plus,0.0343380389164441,0.02518122853872568,7,violation_7plus,0.022292993630573247,0.022292993630573247,14,violation_7plus,0.16666666666666666,0.16666666666666666
guarded_backtranslation,no_thinking_merged__bethgelab-100015,b2c521e823368d1812a8d64440899ae15551afa85a6d1109d734898ee3b5a08f,generated,12,violation_7plus,0.07312252964426877,0.05177865612648221,7,violation_7plus,0.022292993630573247,0.022292993630573247,14,violation_7plus,0.16666666666666666,0.16666666666666666
original,no_thinking_merged__bethgelab-200048,868744c1a1f5d91dd97bfb5ee1697b8b7bfdd53298d0e513d7c45b76472ec6d7,generated,20,violation_7plus,0.2107843137254902,0.15784313725490196,5,within_5,0.0,0.0,25,violation_7plus,0.35714285714285715,0.35714285714285715
raw_backtranslation,no_thinking_merged__bethgelab-200048,868744c1a1f5d91dd97bfb5ee1697b8b7bfdd53298d0e513d7c45b76472ec6d7,generated,9,violation_7plus,0.05565142364106989,0.019413287316652286,5,within_5,0.0,0.0,25,violation_7plus,0.35714285714285715,0.35714285714285715
guarded_backtranslation,no_thinking_merged__bethgelab-200048,868744c1a1f5d91dd97bfb5ee1697b8b7bfdd53298d0e513d7c45b76472ec6d7,generated,20,violation_7plus,0.15056818181818182,0.12215909090909091,5,within_5,0.0,0.0,25,violation_7plus,0.35714285714285715,0.35714285714285715
original,no_thinking_merged__bethgelab-200024,88a116c99d1eea1a867a05ba40ecabf52cfe821203f2034181a21d74d59d63c8,generated,18,violation_7plus,0.2290400972053463,0.1755771567436209,5,within_5,0.0,0.0,45,violation_7plus,0.7323943661971831,0.7323943661971831
raw_backtranslation,no_thinking_merged__bethgelab-200024,88a116c99d1eea1a867a05ba40ecabf52cfe821203f2034181a21d74d59d63c8,generated,8,violation_7plus,0.0163265306122449,0.004081632653061225,5,within_5,0.0,0.0,45,violation_7plus,0.7323943661971831,0.7323943661971831
guarded_backtranslation,no_thinking_merged__bethgelab-200024,88a116c99d1eea1a867a05ba40ecabf52cfe821203f2034181a21d74d59d63c8,generated,18,violation_7plus,0.1308516638465877,0.10377890580936266,5,within_5,0.0,0.0,45,violation_7plus,0.7323943661971831,0.7323943661971831
original,no_thinking_merged__bethgelab-200047,f4bd42a8da057cea05f258f7ffd5ed924b47d6381a7e6b2b4a5a5795c6c9aaba,generated,19,violation_7plus,0.14591078066914498,0.12360594795539033,8,violation_7plus,0.23270440251572327,0.13836477987421383,13,violation_7plus,0.3023255813953488,0.3023255813953488
raw_backtranslation,no_thinking_merged__bethgelab-200047,f4bd42a8da057cea05f258f7ffd5ed924b47d6381a7e6b2b4a5a5795c6c9aaba,generated,11,violation_7plus,0.06440071556350627,0.04830053667262969,8,violation_7plus,0.23270440251572327,0.13836477987421383,13,violation_7plus,0.3023255813953488,0.3023255813953488
guarded_backtranslation,no_thinking_merged__bethgelab-200047,f4bd42a8da057cea05f258f7ffd5ed924b47d6381a7e6b2b4a5a5795c6c9aaba,generated,19,violation_7plus,0.09812012838147639,0.08436497019715727,8,violation_7plus,0.23270440251572327,0.13836477987421383,13,violation_7plus,0.3023255813953488,0.3023255813953488
original,no_thinking_merged__bethgelab-200042,a995598c9dc8909ce7b487753c1ee613113c93393e7f9297e629c21751490704,generated,19,violation_7plus,0.2897755610972569,0.22394014962593517,4,within_5,0.0,0.0,17,violation_7plus,0.425,0.425
raw_backtranslation,no_thinking_merged__bethgelab-200042,a995598c9dc8909ce7b487753c1ee613113c93393e7f9297e629c21751490704,generated,13,violation_7plus,0.0896800360522758,0.0626408292023434,4,within_5,0.0,0.0,17,violation_7plus,0.425,0.425
guarded_backtranslation,no_thinking_merged__bethgelab-200042,a995598c9dc8909ce7b487753c1ee613113c93393e7f9297e629c21751490704,generated,19,violation_7plus,0.21879518072289156,0.17542168674698796,4,within_5,0.0,0.0,17,violation_7plus,0.425,0.425
original,no_thinking_merged__bethgelab-200004,d7535eed5d733ab833691ced999c404380d4967457d1ed8b9198f1296b8dab6f,generated,13,violation_7plus,0.08980716253443526,0.06005509641873278,5,within_5,0.0,0.0,8,violation_7plus,0.1951219512195122,0.1951219512195122
raw_backtranslation,no_thinking_merged__bethgelab-200004,d7535eed5d733ab833691ced999c404380d4967457d1ed8b9198f1296b8dab6f,generated,8,violation_7plus,0.03207150368033649,0.019453207150368034,5,within_5,0.0,0.0,8,violation_7plus,0.1951219512195122,0.1951219512195122
guarded_backtranslation,no_thinking_merged__bethgelab-200004,d7535eed5d733ab833691ced999c404380d4967457d1ed8b9198f1296b8dab6f,generated,9,violation_7plus,0.0625,0.04633620689655173,5,within_5,0.0,0.0,8,violation_7plus,0.1951219512195122,0.1951219512195122
original,no_thinking_merged__bethgelab-200021,aa7c3ced0095dfd12cb4e186f48684b79bc4bba351a31f42602b16e434d00d21,generated,25,violation_7plus,0.2113237639553429,0.14513556618819776,7,violation_7plus,0.023728813559322035,0.023728813559322035,14,violation_7plus,0.14583333333333334,0.14583333333333334
raw_backtranslation,no_thinking_merged__bethgelab-200021,aa7c3ced0095dfd12cb4e186f48684b79bc4bba351a31f42602b16e434d00d21,generated,12,violation_7plus,0.059749552772808585,0.03398926654740608,7,violation_7plus,0.023728813559322035,0.023728813559322035,14,violation_7plus,0.14583333333333334,0.14583333333333334
guarded_backtranslation,no_thinking_merged__bethgelab-200021,aa7c3ced0095dfd12cb4e186f48684b79bc4bba351a31f42602b16e434d00d21,generated,25,violation_7plus,0.124282982791587,0.07762906309751434,7,violation_7plus,0.023728813559322035,0.023728813559322035,14,violation_7plus,0.14583333333333334,0.14583333333333334
original,no_thinking_merged__bethgelab-200016,218b16eeb02da5827f5c0724d2d42f966ee250105fe6b2da4daabaee84f52ef5,generated,14,violation_7plus,0.22977178423236513,0.1654564315352697,5,within_5,0.0,0.0,15,violation_7plus,0.36585365853658536,0.36585365853658536
raw_backtranslation,no_thinking_merged__bethgelab-200016,218b16eeb02da5827f5c0724d2d42f966ee250105fe6b2da4daabaee84f52ef5,generated,6,borderline_6,0.02356020942408377,0.0,5,within_5,0.0,0.0,15,violation_7plus,0.36585365853658536,0.36585365853658536
guarded_backtranslation,no_thinking_merged__bethgelab-200016,218b16eeb02da5827f5c0724d2d42f966ee250105fe6b2da4daabaee84f52ef5,generated,14,violation_7plus,0.14997533300444005,0.10409472126295018,5,within_5,0.0,0.0,15,violation_7plus,0.36585365853658536,0.36585365853658536
original,no_thinking_merged__bethgelab-200019,e049827f21769b52fbc4a147774761c10e8dbacc20474376debb2a0a64b649d5,generated,11,violation_7plus,0.07049608355091384,0.0422976501305483,7,violation_7plus,0.050980392156862744,0.027450980392156862,19,violation_7plus,0.7368421052631579,0.7368421052631579
raw_backtranslation,no_thinking_merged__bethgelab-200019,e049827f21769b52fbc4a147774761c10e8dbacc20474376debb2a0a64b649d5,generated,11,violation_7plus,0.03151575787893947,0.016508254127063533,7,violation_7plus,0.050980392156862744,0.027450980392156862,19,violation_7plus,0.7368421052631579,0.7368421052631579
guarded_backtranslation,no_thinking_merged__bethgelab-200019,e049827f21769b52fbc4a147774761c10e8dbacc20474376debb2a0a64b649d5,generated,11,violation_7plus,0.05268595041322314,0.030991735537190084,7,violation_7plus,0.050980392156862744,0.027450980392156862,19,violation_7plus,0.7368421052631579,0.7368421052631579
original,no_thinking_matched__arxiv-10038,24a37c6b6db0ee62ff090f572c9194655408da9a292e549fdc74619fc8b81100,generated,13,violation_7plus,0.13196069255966308,0.07908282639213851,4,within_5,0.0,0.0,6,borderline_6,0.21428571428571427,0.0
raw_backtranslation,no_thinking_matched__arxiv-10038,24a37c6b6db0ee62ff090f572c9194655408da9a292e549fdc74619fc8b81100,generated,12,violation_7plus,0.07827260458839407,0.03913630229419703,4,within_5,0.0,0.0,6,borderline_6,0.21428571428571427,0.0
guarded_backtranslation,no_thinking_matched__arxiv-10038,24a37c6b6db0ee62ff090f572c9194655408da9a292e549fdc74619fc8b81100,generated,13,violation_7plus,0.10611677479147359,0.06487488415199258,4,within_5,0.0,0.0,6,borderline_6,0.21428571428571427,0.0
original,no_thinking_matched__arxiv-1000016,895157f678d1f98628533078c0ff15f6dfccc12ebb1d01affd68efeb091022b8,generated,14,violation_7plus,0.14300464636035107,0.10273618998451213,7,violation_7plus,0.10491803278688525,0.04590163934426229,6,borderline_6,0.24,0.0
raw_backtranslation,no_thinking_matched__arxiv-1000016,895157f678d1f98628533078c0ff15f6dfccc12ebb1d01affd68efeb091022b8,generated,8,violation_7plus,0.04253214638971316,0.021760633036597428,7,violation_7plus,0.10491803278688525,0.04590163934426229,6,borderline_6,0.24,0.0
guarded_backtranslation,no_thinking_matched__arxiv-1000016,895157f678d1f98628533078c0ff15f6dfccc12ebb1d01affd68efeb091022b8,generated,14,violation_7plus,0.09146341463414634,0.06707317073170732,7,violation_7plus,0.10491803278688525,0.04590163934426229,6,borderline_6,0.24,0.0
original,no_thinking_matched__arxiv-1000037,755fec684fcd75ff65b30b7913aa52f89c97f586ad8268ada81e9061329c82ad,generated,22,violation_7plus,0.1406423034330011,0.13344407530454042,4,within_5,0.0,0.0,9,violation_7plus,0.17307692307692307,0.17307692307692307
raw_backtranslation,no_thinking_matched__arxiv-1000037,755fec684fcd75ff65b30b7913aa52f89c97f586ad8268ada81e9061329c82ad,generated,8,violation_7plus,0.03902439024390244,0.01951219512195122,4,within_5,0.0,0.0,9,violation_7plus,0.17307692307692307,0.17307692307692307
guarded_backtranslation,no_thinking_matched__arxiv-1000037,755fec684fcd75ff65b30b7913aa52f89c97f586ad8268ada81e9061329c82ad,generated,22,violation_7plus,0.11147721032399781,0.11147721032399781,4,within_5,0.0,0.0,9,violation_7plus,0.17307692307692307,0.17307692307692307
original,no_thinking_matched__arxiv-10019,e417f9d8113e4f9e3d4d71d407c61db9b570026bd9f7b6668fc1e8c16d596cf1,generated,9,violation_7plus,0.046511627906976744,0.026427061310782242,10,violation_7plus,0.43137254901960786,0.38095238095238093,10,violation_7plus,0.13333333333333333,0.13333333333333333
raw_backtranslation,no_thinking_matched__arxiv-10019,e417f9d8113e4f9e3d4d71d407c61db9b570026bd9f7b6668fc1e8c16d596cf1,generated,9,violation_7plus,0.02262210796915167,0.015424164524421594,10,violation_7plus,0.43137254901960786,0.38095238095238093,10,violation_7plus,0.13333333333333333,0.13333333333333333
guarded_backtranslation,no_thinking_matched__arxiv-10019,e417f9d8113e4f9e3d4d71d407c61db9b570026bd9f7b6668fc1e8c16d596cf1,generated,9,violation_7plus,0.02702702702702703,0.016632016632016633,10,violation_7plus,0.43137254901960786,0.38095238095238093,10,violation_7plus,0.13333333333333333,0.13333333333333333
original,no_thinking_matched__bethgelab-128,1a480e5fcb0ae03c15bc9631db3dd30b1acc16364655c063171f180297692852,generated,16,violation_7plus,0.14971209213051823,0.10940499040307101,11,violation_7plus,0.4105504587155963,0.30045871559633025,11,violation_7plus,0.5862068965517241,0.3793103448275862
raw_backtranslation,no_thinking_matched__bethgelab-128,1a480e5fcb0ae03c15bc9631db3dd30b1acc16364655c063171f180297692852,generated,17,violation_7plus,0.02656461053579469,0.021161638901395767,11,violation_7plus,0.4105504587155963,0.30045871559633025,11,violation_7plus,0.5862068965517241,0.3793103448275862
guarded_backtranslation,no_thinking_matched__bethgelab-128,1a480e5fcb0ae03c15bc9631db3dd30b1acc16364655c063171f180297692852,generated,15,violation_7plus,0.07136237256719184,0.051899907321594066,11,violation_7plus,0.4105504587155963,0.30045871559633025,11,violation_7plus,0.5862068965517241,0.3793103448275862
original,no_thinking_matched__bethgelab-50037,56b77fff220a3b085f018b829126cd45b79cd9032f37052faf9f086717e16629,generated,23,violation_7plus,0.15463510848126233,0.11439842209072978,11,violation_7plus,0.5642276422764227,0.34959349593495936,6,borderline_6,0.5714285714285714,0.0
raw_backtranslation,no_thinking_matched__bethgelab-50037,56b77fff220a3b085f018b829126cd45b79cd9032f37052faf9f086717e16629,generated,20,violation_7plus,0.053631284916201116,0.04022346368715084,11,violation_7plus,0.5642276422764227,0.34959349593495936,6,borderline_6,0.5714285714285714,0.0
guarded_backtranslation,no_thinking_matched__bethgelab-50037,56b77fff220a3b085f018b829126cd45b79cd9032f37052faf9f086717e16629,generated,23,violation_7plus,0.09965371296652559,0.07887649095806079,11,violation_7plus,0.5642276422764227,0.34959349593495936,6,borderline_6,0.5714285714285714,0.0
